run_id,timestamp,family,regime,m,n,aspect,seed,blas_threads,method,tmin_s,tmed_s,tci_low_s,tci_high_s,alloc_bytes,residual,orthogonality
20260310_213519,2026-03-10T21:35:19.470,gaussian,square,64,64,1.000000,20260310,1,bsqr_full,4.6917000000000005e-5,4.95205e-5,4.7295125e-5,7.33545e-5,70448,5.03033793517063e-16,6.120340120179768e-15
20260310_213519,2026-03-10T21:35:19.470,gaussian,square,64,64,1.000000,20260310,1,dgeqp3,2.7708000000000003e-5,2.8104500000000002e-5,2.7731100000000003e-5,4.16125e-5,84864,5.666198486817479e-16,6.7452487783902275e-15
20260310_213519,2026-03-10T21:35:19.470,gaussian,square,128,128,1.000000,20260310,1,bsqr_full,0.000274167,0.00028981250000000003,0.00027424702500000004,0.00030102557500000005,271408,6.686181351629145e-16,1.0800755521907212e-14
20260310_213519,2026-03-10T21:35:19.470,gaussian,square,128,128,1.000000,20260310,1,dgeqp3,0.00017495800000000001,0.0001813335,0.00017541642500000003,0.00020899032500000002,330176,7.422948244323313e-16,1.137342473976692e-14
20260310_213519,2026-03-10T21:35:19.470,gaussian,square,256,256,1.000000,20260310,1,bsqr_full,0.0029017500000000002,0.0029344585,0.002902196875,0.0029870115500000003,1065776,8.77250742749407e-16,1.970500250811095e-14
20260310_213519,2026-03-10T21:35:19.470,gaussian,square,256,256,1.000000,20260310,1,dgeqp3,0.001307666,0.0013628750000000002,0.0013155838,0.001486163875,1151360,9.386055379847242e-16,2.0572568270262202e-14
20260310_213519,2026-03-10T21:35:19.470,gaussian,square,384,384,1.000000,20260310,1,bsqr_full,0.007350375,0.007563770500000001,0.007356734375,0.008146130675,2384688,1.0441139129947714e-15,2.93692546122203e-14
20260310_213519,2026-03-10T21:35:19.470,gaussian,square,384,384,1.000000,20260310,1,dgeqp3,0.0028862500000000004,0.0031577080000000004,0.0029412156250000006,0.0032372207750000002,2496896,1.1028640212024972e-15,2.9944355287335726e-14
20260310_213519,2026-03-10T21:35:19.470,gaussian,square,512,512,1.000000,20260310,1,bsqr_full,0.015929958,0.0163046245,0.015955670775,0.0175829197,4227920,1.1800323721507858e-15,3.773235386091771e-14
20260310_213519,2026-03-10T21:35:19.470,gaussian,square,512,512,1.000000,20260310,1,dgeqp3,0.005778084,0.0060185,0.005786322175000001,0.006496660175,4366720,1.2318358110178975e-15,3.853507660245813e-14
20260310_213519,2026-03-10T21:35:19.470,gaussian,short_wide,32,64,2.000000,20260310,1,bsqr_full,2.1875e-5,2.2625e-5,2.1886275e-5,3.455735e-5,37424,4.698806541423732e-16,3.180617772234104e-15
20260310_213519,2026-03-10T21:35:19.470,gaussian,short_wide,32,64,2.000000,20260310,1,dgeqp3,1.2916000000000001e-5,1.33125e-5,1.2927825000000002e-5,2.4040624999999997e-5,51840,5.273985607645884e-16,3.693271196396323e-15
20260310_213519,2026-03-10T21:35:19.470,gaussian,short_wide,32,128,4.000000,20260310,1,bsqr_full,4.3167e-5,4.7396000000000005e-5,4.3178550000000004e-5,6.487499999999999e-5,74000,4.750614029832647e-16,2.8920398485172468e-15
20260310_213519,2026-03-10T21:35:19.470,gaussian,short_wide,32,128,4.000000,20260310,1,dgeqp3,2.2125000000000002e-5,2.3041500000000003e-5,2.2148100000000002e-5,3.2516e-5,132768,6.475844923147124e-16,3.811723006756609e-15
20260310_213519,2026-03-10T21:35:19.470,gaussian,short_wide,32,256,8.000000,20260310,1,bsqr_full,8.9583e-5,9.33335e-5,8.9605825e-5,0.00010314702499999999,146480,5.26441292515532e-16,3.194378615032572e-15
20260310_213519,2026-03-10T21:35:19.470,gaussian,short_wide,32,256,8.000000,20260310,1,dgeqp3,4.1958e-5,4.4395500000000005e-5,4.2049849999999995e-5,5.7632850000000005e-5,232064,5.352615253229133e-16,3.0611839047459906e-15
20260310_213519,2026-03-10T21:35:19.470,gaussian,short_wide,32,320,10.000000,20260310,1,bsqr_full,0.00011795800000000001,0.00012564650000000002,0.00011806140000000001,0.000140417525,215600,6.128535644257156e-16,3.552429125621249e-15
20260310_213519,2026-03-10T21:35:19.470,gaussian,short_wide,32,320,10.000000,20260310,1,dgeqp3,5.1958000000000006e-5,5.87705e-5,5.2473900000000006e-5,6.5485475e-5,298112,5.607794408833608e-16,2.979056128643505e-15
20260310_213519,2026-03-10T21:35:19.470,gaussian,short_wide,64,128,2.000000,20260310,1,bsqr_full,0.00010979200000000001,0.000114604,0.00010991795000000001,0.000129575575,139792,6.333058150522548e-16,6.171289394907295e-15
20260310_213519,2026-03-10T21:35:19.470,gaussian,short_wide,64,128,2.000000,20260310,1,dgeqp3,5.7958e-5,6.53755e-5,5.8083950000000005e-5,7.305777500000001e-5,198560,6.832772172365391e-16,6.334439772255617e-15
20260310_213519,2026-03-10T21:35:19.470,gaussian,short_wide,64,256,4.000000,20260310,1,bsqr_full,0.000299042,0.0003105625,0.000299729225,0.000331382775,277808,6.828564340587373e-16,6.02352954277965e-15
20260310_213519,2026-03-10T21:35:19.470,gaussian,short_wide,64,256,4.000000,20260310,1,dgeqp3,0.000132625,0.0001481455,0.00013263655,0.000171527175,363392,7.298178480879663e-16,6.2331589142131435e-15
20260310_213519,2026-03-10T21:35:19.470,gaussian,short_wide,64,512,8.000000,20260310,1,bsqr_full,0.000849083,0.0008803125,0.0008491402,0.000944844975,554288,6.924716340209659e-16,6.115753404827552e-15
20260310_213519,2026-03-10T21:35:19.470,gaussian,short_wide,64,512,8.000000,20260310,1,dgeqp3,0.000408042,0.0004285,0.00041074607500000005,0.00043135000000000005,693120,7.74188419007738e-16,6.353066077127915e-15
20260310_213519,2026-03-10T21:35:19.470,gaussian,short_wide,64,640,10.000000,20260310,1,bsqr_full,0.0012716250000000002,0.001294875,0.0012752803000000003,0.0013727704999999999,692528,7.071260057902255e-16,6.068792252469506e-15
20260310_213519,2026-03-10T21:35:19.470,gaussian,short_wide,64,640,10.000000,20260310,1,dgeqp3,0.000531084,0.0005586665,0.0005336846750000001,0.0006295322000000001,857984,7.733084959244496e-16,6.149259832286083e-15
20260310_213519,2026-03-10T21:35:19.470,gaussian,short_wide,128,256,2.000000,20260310,1,bsqr_full,0.001113333,0.001165521,0.001115292375,0.0012546976750000003,540496,7.844812805091723e-16,1.0447576153721297e-14
20260310_213519,2026-03-10T21:35:19.470,gaussian,short_wide,128,256,2.000000,20260310,1,dgeqp3,0.0006040840000000001,0.0006202085000000001,0.0006059056000000001,0.0006367224500000001,626080,9.073803642740834e-16,1.1258180171455982e-14
20260310_213519,2026-03-10T21:35:19.470,gaussian,short_wide,128,512,4.000000,20260310,1,bsqr_full,0.002833959,0.0031137915,0.00287849745,0.003188273625,1079120,8.550045280815424e-16,1.071732658517498e-14
20260310_213519,2026-03-10T21:35:19.470,gaussian,short_wide,128,512,4.000000,20260310,1,dgeqp3,0.001410084,0.001575334,0.00141700465,0.00165074295,1217952,9.647575613504381e-16,1.1331008903724139e-14
20260310_213519,2026-03-10T21:35:19.470,gaussian,short_wide,128,1024,8.000000,20260310,1,bsqr_full,0.005495458,0.005726333,0.0055119008,0.005835985475,2156368,8.694728409417369e-16,1.0749502861738854e-14
20260310_213519,2026-03-10T21:35:19.470,gaussian,short_wide,128,1024,8.000000,20260310,1,dgeqp3,0.002232125,0.002349583,0.0022501487750000004,0.002584911125,2401696,9.411617536575362e-16,1.1181302364980589e-14
20260310_213519,2026-03-10T21:35:19.470,gaussian,short_wide,128,1280,10.000000,20260310,1,bsqr_full,0.006677541,0.007045000500000001,0.006731647525,0.007446912500000001,2694992,8.986969492341306e-16,1.1356503844603612e-14
20260310_213519,2026-03-10T21:35:19.470,gaussian,short_wide,128,1280,10.000000,20260310,1,dgeqp3,0.0028102920000000003,0.0030891670000000003,0.002848127325,0.00331113205,2993568,9.113879825794314e-16,1.0740554317984834e-14
20260310_213519,2026-03-10T21:35:19.470,gaussian,short_wide,256,512,2.000000,20260310,1,bsqr_full,0.007628875,0.007773875,0.007631086550000001,0.0080715258,2128688,1.035339247825873e-15,1.9974764394532136e-14
20260310_213519,2026-03-10T21:35:19.470,gaussian,short_wide,256,512,2.000000,20260310,1,dgeqp3,0.0031169580000000004,0.003167875,0.0031191239000000004,0.00321962145,2267520,1.1061125581379996e-15,2.049291092624453e-14
20260310_213519,2026-03-10T21:35:19.470,gaussian,short_wide,256,1024,4.000000,20260310,1,bsqr_full,0.014268625,0.0145604375,0.014289043750000001,0.0166072689,4254512,1.0886854946854279e-15,1.986697869417394e-14
20260310_213519,2026-03-10T21:35:19.470,gaussian,short_wide,256,1024,4.000000,20260310,1,dgeqp3,0.00581425,0.0060417085,0.0058384728250000005,0.0072882133000000005,4499840,1.1776405491313287e-15,2.0552115056505677e-14
20260310_213519,2026-03-10T21:35:19.470,gaussian,short_wide,256,2048,8.000000,20260310,1,bsqr_full,0.025333458000000003,0.026146229,0.025378798625000004,0.029828161125000002,8506160,1.1418018564306042e-15,2.017444963717558e-14
20260310_213519,2026-03-10T21:35:19.470,gaussian,short_wide,256,2048,8.000000,20260310,1,dgeqp3,0.010950541000000001,0.0114348955,0.0109988266,0.012100634950000001,8997248,1.2120495498912797e-15,2.0187776031330084e-14
20260310_213519,2026-03-10T21:35:19.470,gaussian,short_wide,256,2560,10.000000,20260310,1,bsqr_full,0.031692667,0.0321119585,0.031721301375000004,0.035312217375,10631984,1.1458156996131496e-15,2.0144867175807798e-14
20260310_213519,2026-03-10T21:35:19.470,gaussian,short_wide,256,2560,10.000000,20260310,1,dgeqp3,0.013070042,0.014014937500000001,0.01316168575,0.014385137125,11229568,1.2158849470978192e-15,2.0224025786065793e-14
20260310_213519,2026-03-10T21:35:19.470,gaussian,short_wide,512,1024,2.000000,20260310,1,bsqr_full,0.036674541000000005,0.03835,0.036942803775000005,0.05166484295,8450896,1.3949229985381802e-15,3.810093293593582e-14
20260310_213519,2026-03-10T21:35:19.470,gaussian,short_wide,512,1024,2.000000,20260310,1,dgeqp3,0.013277292000000001,0.0135700205,0.0133071295,0.014395819050000001,8696192,1.4626702819321972e-15,3.8860971286930806e-14
20260310_213519,2026-03-10T21:35:19.470,gaussian,short_wide,512,2048,4.000000,20260310,1,bsqr_full,0.073888625,0.0757403955,0.07405894157500001,0.07779694810000001,16896848,1.4957360705758979e-15,3.8085444991506977e-14
20260310_213519,2026-03-10T21:35:19.470,gaussian,short_wide,512,2048,4.000000,20260310,1,dgeqp3,0.027391791000000002,0.028046354500000002,0.027431425375000002,0.0301435439,17387904,1.5601333097642303e-15,3.843630342014119e-14
20260310_213519,2026-03-10T21:35:19.470,gaussian,short_wide,512,4096,8.000000,20260310,1,bsqr_full,0.270911625,0.2784010415,0.2714975928,0.29255893925,33788752,1.5447488644265385e-15,3.837783073701415e-14
20260310_213519,2026-03-10T21:35:19.470,gaussian,short_wide,512,4096,8.000000,20260310,1,dgeqp3,0.078912542,0.107367812,0.079624047025,0.11171181520000001,34738560,1.6228964501132258e-15,3.874050870843523e-14
20260310_213519,2026-03-10T21:35:19.470,gaussian,short_wide,512,5120,10.000000,20260310,1,bsqr_full,0.45520729200000004,0.463918584,0.45551719825000003,0.47186164625000004,42406736,1.5460585513538474e-15,3.8060877803994966e-14
20260310_213519,2026-03-10T21:35:19.470,gaussian,short_wide,512,5120,10.000000,20260310,1,dgeqp3,0.171831167,0.1736300205,0.171946964825,0.17922567012500001,43422080,1.6220634764219517e-15,3.847738485894324e-14
20260310_213519,2026-03-10T21:35:19.470,ill_conditioned,square,64,64,1.000000,20260310,1,bsqr_full,5.0709000000000005e-5,5.2021e-5,5.072027500000001e-5,8.669919999999999e-5,70448,4.449013907595209e-16,6.4184414645614935e-15
20260310_213519,2026-03-10T21:35:19.470,ill_conditioned,square,64,64,1.000000,20260310,1,dgeqp3,3.0042e-5,3.0354500000000002e-5,3.008765e-5,4.3608999999999995e-5,84864,4.609625957863963e-16,6.263608920773319e-15
20260310_213519,2026-03-10T21:35:19.470,ill_conditioned,square,128,128,1.000000,20260310,1,bsqr_full,0.00028625,0.00029597900000000003,0.00028735,0.000319746875,271408,5.341165831498178e-16,1.0721568556671318e-14
20260310_213519,2026-03-10T21:35:19.470,ill_conditioned,square,128,128,1.000000,20260310,1,dgeqp3,0.00017475000000000002,0.0001859165,0.000176090625,0.00021560625,330176,5.874978681531595e-16,1.0800747738698454e-14
20260310_213519,2026-03-10T21:35:19.470,ill_conditioned,square,256,256,1.000000,20260310,1,bsqr_full,0.002834917,0.0028875420000000003,0.0028389729750000004,0.0030239215,1065776,6.506449361568783e-16,2.011528003827265e-14
20260310_213519,2026-03-10T21:35:19.470,ill_conditioned,square,256,256,1.000000,20260310,1,dgeqp3,0.001517125,0.0015904795,0.0015321812500000002,0.001638195275,1151360,7.130324204168857e-16,1.97974935722153e-14
20260310_213519,2026-03-10T21:35:19.470,ill_conditioned,square,384,384,1.000000,20260310,1,bsqr_full,0.007315375000000001,0.0075853535,0.007318995925,0.007802367950000001,2384688,7.903038333267477e-16,2.9241742426155433e-14
20260310_213519,2026-03-10T21:35:19.470,ill_conditioned,square,384,384,1.000000,20260310,1,dgeqp3,0.003170958,0.0034854795000000003,0.00321695175,0.0035439345250000004,2496896,8.095159300337582e-16,2.9661339427226835e-14
20260310_213519,2026-03-10T21:35:19.470,ill_conditioned,square,512,512,1.000000,20260310,1,bsqr_full,0.015498833000000002,0.0158614165,0.015513465200000002,0.018118566850000004,4227920,8.505127162361573e-16,3.780358174623284e-14
20260310_213519,2026-03-10T21:35:19.470,ill_conditioned,square,512,512,1.000000,20260310,1,dgeqp3,0.007069042,0.007272749500000001,0.007079950425,0.008818109675,4366720,9.21308782685871e-16,3.833533347696419e-14
20260310_213519,2026-03-10T21:35:19.470,ill_conditioned,short_wide,32,64,2.000000,20260310,1,bsqr_full,2.4333000000000002e-5,2.4770500000000003e-5,2.4344550000000004e-5,4.0414099999999996e-5,37424,3.221111236781005e-16,2.94137807234308e-15
20260310_213519,2026-03-10T21:35:19.470,ill_conditioned,short_wide,32,64,2.000000,20260310,1,dgeqp3,1.3333000000000001e-5,1.35205e-5,1.3333000000000001e-5,2.3868899999999998e-5,51840,3.0994257526104265e-16,3.161783335107325e-15
20260310_213519,2026-03-10T21:35:19.470,ill_conditioned,short_wide,32,128,4.000000,20260310,1,bsqr_full,4.6250000000000006e-5,4.6833500000000005e-5,4.6284375e-5,6.64367e-5,74000,3.0802750307509937e-16,3.1305714524682752e-15
20260310_213519,2026-03-10T21:35:19.470,ill_conditioned,short_wide,32,128,4.000000,20260310,1,dgeqp3,2.4291000000000002e-5,2.48125e-5,2.4291275e-5,3.78928e-5,132768,3.135248433344453e-16,3.2069792898259485e-15
20260310_213519,2026-03-10T21:35:19.470,ill_conditioned,short_wide,32,256,8.000000,20260310,1,bsqr_full,9.416700000000001e-5,9.725e-5,9.43045e-5,0.000121344175,146480,4.472119550803895e-16,2.9929962233693825e-15
20260310_213519,2026-03-10T21:35:19.470,ill_conditioned,short_wide,32,256,8.000000,20260310,1,dgeqp3,5.2083e-5,5.6562500000000006e-5,5.254142500000001e-5,7.024782499999999e-5,232064,4.4130719768292627e-16,3.1112570440109666e-15
20260310_213519,2026-03-10T21:35:19.470,ill_conditioned,short_wide,32,320,10.000000,20260310,1,bsqr_full,0.000133167,0.00013825,0.0001335564,0.00016216235,215600,3.272277639572165e-16,2.971328403950566e-15
20260310_213519,2026-03-10T21:35:19.470,ill_conditioned,short_wide,32,320,10.000000,20260310,1,dgeqp3,6.383300000000001e-5,6.585400000000001e-5,6.386737500000001e-5,8.4660325e-5,298112,5.306089943031449e-16,3.452439631952134e-15
20260310_213519,2026-03-10T21:35:19.470,ill_conditioned,short_wide,64,128,2.000000,20260310,1,bsqr_full,0.000115333,0.000116583,0.00011541330000000001,0.000133859375,139792,4.521901687126054e-16,5.7649743437428416e-15
20260310_213519,2026-03-10T21:35:19.470,ill_conditioned,short_wide,64,128,2.000000,20260310,1,dgeqp3,6.2666e-5,6.33125e-5,6.270065e-5,7.9959525e-5,198560,4.245919578781878e-16,6.471723249199834e-15
20260310_213519,2026-03-10T21:35:19.470,ill_conditioned,short_wide,64,256,4.000000,20260310,1,bsqr_full,0.000299709,0.0003128335,0.00030162245,0.0003317428,277808,6.494630391100627e-16,6.526507934131514e-15
20260310_213519,2026-03-10T21:35:19.470,ill_conditioned,short_wide,64,256,4.000000,20260310,1,dgeqp3,0.000134833,0.000137396,0.000134878925,0.00015744957500000002,363392,6.814814383317726e-16,6.1008077372562166e-15
20260310_213519,2026-03-10T21:35:19.470,ill_conditioned,short_wide,64,512,8.000000,20260310,1,bsqr_full,0.000876792,0.0009005625000000001,0.0008820511,0.00094600625,554288,5.222536361650213e-16,6.2475140692954625e-15
20260310_213519,2026-03-10T21:35:19.470,ill_conditioned,short_wide,64,512,8.000000,20260310,1,dgeqp3,0.000411709,0.0004341875,0.00041371402500000004,0.00045336620000000004,693120,4.545868746334843e-16,6.430041807702196e-15
20260310_213519,2026-03-10T21:35:19.470,ill_conditioned,short_wide,64,640,10.000000,20260310,1,bsqr_full,0.0012820420000000002,0.0013151455000000002,0.0012847460750000002,0.00136961235,692528,6.075522671376223e-16,6.4240552944315024e-15
20260310_213519,2026-03-10T21:35:19.470,ill_conditioned,short_wide,64,640,10.000000,20260310,1,dgeqp3,0.0005695,0.0005879375,0.0005699125000000001,0.00061814405,857984,5.47395879098972e-16,6.244902073671301e-15
20260310_213519,2026-03-10T21:35:19.470,ill_conditioned,short_wide,128,256,2.000000,20260310,1,bsqr_full,0.001144375,0.00116025,0.00114518845,0.0012326040750000001,540496,6.04285253673361e-16,1.0324105113072719e-14
20260310_213519,2026-03-10T21:35:19.470,ill_conditioned,short_wide,128,256,2.000000,20260310,1,dgeqp3,0.000599625,0.0006202295000000001,0.000600896875,0.000668060975,626080,5.845018721518854e-16,1.1283980246422476e-14
20260310_213519,2026-03-10T21:35:19.470,ill_conditioned,short_wide,128,512,4.000000,20260310,1,bsqr_full,0.003047791,0.003119375,0.0030593069000000002,0.00316414745,1079120,6.521147702188496e-16,1.0875119933673605e-14
20260310_213519,2026-03-10T21:35:19.470,ill_conditioned,short_wide,128,512,4.000000,20260310,1,dgeqp3,0.0014216250000000001,0.0015493545000000001,0.0014270447000000002,0.001625469325,1217952,7.527456852572146e-16,1.1300603676884122e-14
20260310_213519,2026-03-10T21:35:19.470,ill_conditioned,short_wide,128,1024,8.000000,20260310,1,bsqr_full,0.005510125,0.0056558125,0.005512978125000001,0.005783230300000001,2156368,6.179106410911623e-16,1.0658409995032913e-14
20260310_213519,2026-03-10T21:35:19.470,ill_conditioned,short_wide,128,1024,8.000000,20260310,1,dgeqp3,0.002437667,0.002680646,0.002460239825,0.0028384303,2401696,6.71255838723544e-16,1.0803209881450636e-14
20260310_213519,2026-03-10T21:35:19.470,ill_conditioned,short_wide,128,1280,10.000000,20260310,1,bsqr_full,0.0066274590000000005,0.006803167000000001,0.006636121225,0.007482586400000001,2694992,6.221101294029332e-16,1.052551598206836e-14
20260310_213519,2026-03-10T21:35:19.470,ill_conditioned,short_wide,128,1280,10.000000,20260310,1,dgeqp3,0.002981459,0.0031591875,0.002984793375,0.0037305909999999997,2993568,7.216800708928059e-16,1.1303891829102012e-14
20260310_213519,2026-03-10T21:35:19.470,ill_conditioned,short_wide,256,512,2.000000,20260310,1,bsqr_full,0.007646750000000001,0.0077469165,0.007647139400000001,0.007966114825,2128688,7.645380334581172e-16,1.9960124035979265e-14
20260310_213519,2026-03-10T21:35:19.470,ill_conditioned,short_wide,256,512,2.000000,20260310,1,dgeqp3,0.0035075830000000003,0.0035545835000000002,0.0035108714500000004,0.0036738625,2267520,8.537745641342891e-16,2.0754605956034548e-14
20260310_213519,2026-03-10T21:35:19.470,ill_conditioned,short_wide,256,1024,4.000000,20260310,1,bsqr_full,0.014134625000000001,0.0145379375,0.014151972825000001,0.019309964675,4254512,8.017186274248727e-16,1.9973249717907112e-14
20260310_213519,2026-03-10T21:35:19.470,ill_conditioned,short_wide,256,1024,4.000000,20260310,1,dgeqp3,0.006937166000000001,0.007123625000000001,0.0069512828500000005,0.008777521875,4499840,8.900907051189964e-16,2.0414808008500122e-14
20260310_213519,2026-03-10T21:35:19.470,ill_conditioned,short_wide,256,2048,8.000000,20260310,1,bsqr_full,0.025478208000000002,0.0262245205,0.02549230175,0.02910724005,8506160,8.124451450310971e-16,1.965117618551894e-14
20260310_213519,2026-03-10T21:35:19.470,ill_conditioned,short_wide,256,2048,8.000000,20260310,1,dgeqp3,0.014406500000000001,0.014724771000000001,0.014409628125,0.015961925650000004,8997248,9.146123790014102e-16,2.0625306482651764e-14
20260310_213519,2026-03-10T21:35:19.470,ill_conditioned,short_wide,256,2560,10.000000,20260310,1,bsqr_full,0.031977375,0.0324778545,0.031978211275,0.03523085705,10631984,8.2128020237891e-16,2.0143263429641757e-14
20260310_213519,2026-03-10T21:35:19.470,ill_conditioned,short_wide,256,2560,10.000000,20260310,1,dgeqp3,0.017758417000000002,0.0180633125,0.017791199200000003,0.018930881825000002,11229568,9.232669665310006e-16,2.0484101630028475e-14
20260310_213519,2026-03-10T21:35:19.470,ill_conditioned,short_wide,512,1024,2.000000,20260310,1,bsqr_full,0.037325292,0.038081104000000005,0.037469632625000006,0.043181911125,8450896,1.0241146025649078e-15,3.797576671807655e-14
20260310_213519,2026-03-10T21:35:19.470,ill_conditioned,short_wide,512,1024,2.000000,20260310,1,dgeqp3,0.018352375,0.019631604,0.018443560325,0.0319490769,8696192,1.0592061488618104e-15,3.840072672983919e-14
20260310_213519,2026-03-10T21:35:19.470,ill_conditioned,short_wide,512,2048,4.000000,20260310,1,bsqr_full,0.08131595800000001,0.083730604,0.08138799672500001,0.08865499360000001,16896848,1.0793459275495152e-15,3.798181677993842e-14
20260310_213519,2026-03-10T21:35:19.470,ill_conditioned,short_wide,512,2048,4.000000,20260310,1,dgeqp3,0.037369125,0.0387717505,0.037383402175000004,0.04052887537500001,17387904,1.1510810439530265e-15,3.852774041126248e-14
20260310_213519,2026-03-10T21:35:19.470,ill_conditioned,short_wide,512,4096,8.000000,20260310,1,bsqr_full,0.277251458,0.286605771,0.277737153925,0.29750299222500004,33788752,1.122255340722795e-15,3.799591563293185e-14
20260310_213519,2026-03-10T21:35:19.470,ill_conditioned,short_wide,512,4096,8.000000,20260310,1,dgeqp3,0.10112975,0.1091653125,0.1020761053,0.14043194862500002,34738560,1.1768496838881972e-15,3.85768285205547e-14
20260310_213519,2026-03-10T21:35:19.470,ill_conditioned,short_wide,512,5120,10.000000,20260310,1,bsqr_full,0.46995212500000005,0.47259212500000003,0.470035823,0.48796486499999997,42406736,1.1098566203610138e-15,3.7865297879385813e-14
20260310_213519,2026-03-10T21:35:19.470,ill_conditioned,short_wide,512,5120,10.000000,20260310,1,dgeqp3,0.205811333,0.20829935400000002,0.20600877172499998,0.21209751642500002,43422080,1.1755325843749627e-15,3.876472509164444e-14
20260310_213519,2026-03-10T21:35:19.470,orthonormal_rows,square,64,64,1.000000,20260310,1,bsqr_full,4.8375000000000004e-5,5.0062500000000004e-5,4.8478125e-5,7.185705e-5,70448,5.861736482260076e-16,5.8807135294419466e-15
20260310_213519,2026-03-10T21:35:19.470,orthonormal_rows,square,64,64,1.000000,20260310,1,dgeqp3,2.9792000000000002e-5,3.0229e-5,2.9803550000000004e-5,4.257064999999999e-5,84864,6.618802333478871e-16,6.331072905783192e-15
20260310_213519,2026-03-10T21:35:19.470,orthonormal_rows,square,128,128,1.000000,20260310,1,bsqr_full,0.00029016700000000003,0.0003092915,0.0002902242,0.00033545465,271408,7.4456395900401e-16,1.0597883063454071e-14
20260310_213519,2026-03-10T21:35:19.470,orthonormal_rows,square,128,128,1.000000,20260310,1,dgeqp3,0.00017395800000000002,0.0001807915,0.000173992375,0.000192096725,330176,8.557210150687745e-16,1.0958859624315797e-14
20260310_213519,2026-03-10T21:35:19.470,orthonormal_rows,square,256,256,1.000000,20260310,1,bsqr_full,0.002828334,0.002876125,0.002829227475,0.002999528425,1065776,9.585192912377787e-16,1.9492994055253526e-14
20260310_213519,2026-03-10T21:35:19.470,orthonormal_rows,square,256,256,1.000000,20260310,1,dgeqp3,0.0013075410000000002,0.0014753335,0.0013183234750000002,0.00153060705,1151360,1.0308245208937303e-15,2.0361319870839337e-14
20260310_213519,2026-03-10T21:35:19.470,orthonormal_rows,square,384,384,1.000000,20260310,1,bsqr_full,0.0073125,0.007657396,0.0073369178,0.00786306525,2384688,1.1394548920014404e-15,2.9140629475315305e-14
20260310_213519,2026-03-10T21:35:19.470,orthonormal_rows,square,384,384,1.000000,20260310,1,dgeqp3,0.0027982080000000004,0.003032396,0.002802333,0.003171048775,2496896,1.198382281294901e-15,2.944734402754078e-14
20260310_213519,2026-03-10T21:35:19.470,orthonormal_rows,square,512,512,1.000000,20260310,1,bsqr_full,0.015523333,0.015954604,0.015568799575,0.01928756345,4227920,1.2962812987491303e-15,3.805330200955859e-14
20260310_213519,2026-03-10T21:35:19.470,orthonormal_rows,square,512,512,1.000000,20260310,1,dgeqp3,0.005618792,0.005864271000000001,0.0056203045,0.008692030449999999,4366720,1.3517483919246883e-15,3.874422038606708e-14
20260310_213519,2026-03-10T21:35:19.470,orthonormal_rows,short_wide,32,64,2.000000,20260310,1,bsqr_full,2.3334e-5,2.425e-5,2.337965e-5,3.85516e-5,37424,5.229522770062563e-16,3.1948738767555877e-15
20260310_213519,2026-03-10T21:35:19.470,orthonormal_rows,short_wide,32,64,2.000000,20260310,1,dgeqp3,1.2833e-5,1.3083000000000002e-5,1.2855825e-5,2.3485324999999995e-5,51840,5.453099148214502e-16,2.970298943968337e-15
20260310_213519,2026-03-10T21:35:19.470,orthonormal_rows,short_wide,32,128,4.000000,20260310,1,bsqr_full,4.4792e-5,4.7000000000000004e-5,4.4963874999999996e-5,6.52769e-5,74000,5.922701565289484e-16,3.543473570537575e-15
20260310_213519,2026-03-10T21:35:19.470,orthonormal_rows,short_wide,32,128,4.000000,20260310,1,dgeqp3,2.3208000000000002e-5,2.4021000000000003e-5,2.3276750000000004e-5,3.476845e-5,132768,5.502676282328864e-16,3.10888807948432e-15
20260310_213519,2026-03-10T21:35:19.470,orthonormal_rows,short_wide,32,256,8.000000,20260310,1,bsqr_full,9.1292e-5,9.270800000000001e-5,9.1429225e-5,0.00010978925,146480,5.4644911223717235e-16,3.038927903511318e-15
20260310_213519,2026-03-10T21:35:19.470,orthonormal_rows,short_wide,32,256,8.000000,20260310,1,dgeqp3,4.4333000000000004e-5,4.8396e-5,4.4768325000000005e-5,5.6902825e-5,232064,6.349686229797781e-16,3.7644457270303574e-15
20260310_213519,2026-03-10T21:35:19.470,orthonormal_rows,short_wide,32,320,10.000000,20260310,1,bsqr_full,0.000123792,0.000125458,0.00012386047500000002,0.00014259942500000002,215600,5.099168886522913e-16,2.897778832135926e-15
20260310_213519,2026-03-10T21:35:19.470,orthonormal_rows,short_wide,32,320,10.000000,20260310,1,dgeqp3,5.4709e-5,5.8250000000000006e-5,5.475465e-5,6.94189e-5,298112,6.393030166296132e-16,3.4909345102100197e-15
20260310_213519,2026-03-10T21:35:19.470,orthonormal_rows,short_wide,64,128,2.000000,20260310,1,bsqr_full,0.000115958,0.00011781250000000001,0.00011607267500000001,0.000131701225,139792,6.579084608092626e-16,6.046730994906331e-15
20260310_213519,2026-03-10T21:35:19.470,orthonormal_rows,short_wide,64,128,2.000000,20260310,1,dgeqp3,6.3625e-5,6.5646e-5,6.3625e-5,7.486955e-5,198560,7.682472285457276e-16,6.72977107987403e-15
20260310_213519,2026-03-10T21:35:19.470,orthonormal_rows,short_wide,64,256,4.000000,20260310,1,bsqr_full,0.00031191700000000004,0.00031645850000000005,0.0003122492,0.0003320447,277808,6.979594454041794e-16,6.4140717059148974e-15
20260310_213519,2026-03-10T21:35:19.470,orthonormal_rows,short_wide,64,256,4.000000,20260310,1,dgeqp3,0.00013208300000000002,0.00013791700000000001,0.00013215202500000003,0.00014856249999999999,363392,7.56520340693795e-16,6.346967285868866e-15
20260310_213519,2026-03-10T21:35:19.470,orthonormal_rows,short_wide,64,512,8.000000,20260310,1,bsqr_full,0.000866792,0.0008746250000000001,0.0008668492,0.0009396061,554288,7.388319946980621e-16,6.282655532336337e-15
20260310_213519,2026-03-10T21:35:19.470,orthonormal_rows,short_wide,64,512,8.000000,20260310,1,dgeqp3,0.000411041,0.000421604,0.00041336722499999996,0.00048783125,693120,7.971907035605323e-16,6.683035149244319e-15
20260310_213519,2026-03-10T21:35:19.470,orthonormal_rows,short_wide,64,640,10.000000,20260310,1,bsqr_full,0.001264542,0.0012858960000000001,0.0012658367,0.0013528111250000001,692528,7.174379155084714e-16,6.209628362008873e-15
20260310_213519,2026-03-10T21:35:19.470,orthonormal_rows,short_wide,64,640,10.000000,20260310,1,dgeqp3,0.0005495830000000001,0.0005691455,0.000550683,0.000617920925,857984,7.825263003539637e-16,6.085603583613787e-15
20260310_213519,2026-03-10T21:35:19.470,orthonormal_rows,short_wide,128,256,2.000000,20260310,1,bsqr_full,0.001149959,0.0011631665000000002,0.00115118495,0.0012314231000000002,540496,8.395054333809558e-16,1.0527412285585612e-14
20260310_213519,2026-03-10T21:35:19.470,orthonormal_rows,short_wide,128,256,2.000000,20260310,1,dgeqp3,0.00061175,0.0006191035,0.00061184185,0.000681458,626080,9.329815579912067e-16,1.0828885011438264e-14
20260310_213519,2026-03-10T21:35:19.470,orthonormal_rows,short_wide,128,512,4.000000,20260310,1,bsqr_full,0.002873792,0.0030498545,0.00289468045,0.0031241525500000002,1079120,8.698371690413206e-16,1.0496764083973252e-14
20260310_213519,2026-03-10T21:35:19.470,orthonormal_rows,short_wide,128,512,4.000000,20260310,1,dgeqp3,0.0014363330000000001,0.001605604,0.0014656436000000002,0.0017535947,1217952,9.702767517531856e-16,1.0972015982778148e-14
20260310_213519,2026-03-10T21:35:19.470,orthonormal_rows,short_wide,128,1024,8.000000,20260310,1,bsqr_full,0.005535583,0.005648396,0.005543603925,0.00608402855,2156368,8.970604510872343e-16,1.0821097741602073e-14
20260310_213519,2026-03-10T21:35:19.470,orthonormal_rows,short_wide,128,1024,8.000000,20260310,1,dgeqp3,0.002399125,0.0025648330000000003,0.0024017947000000003,0.0028938902,2401696,9.620139070042109e-16,1.145563381410992e-14
20260310_213519,2026-03-10T21:35:19.470,orthonormal_rows,short_wide,128,1280,10.000000,20260310,1,bsqr_full,0.006382041000000001,0.0067785835,0.006431907850000001,0.007454652175000001,2694992,8.782263864559515e-16,1.0380623285194885e-14
20260310_213519,2026-03-10T21:35:19.470,orthonormal_rows,short_wide,128,1280,10.000000,20260310,1,dgeqp3,0.002884292,0.0030919790000000003,0.0029031295,0.0035618392499999997,2993568,9.448548790797445e-16,1.1189452242435731e-14
20260310_213519,2026-03-10T21:35:19.470,orthonormal_rows,short_wide,256,512,2.000000,20260310,1,bsqr_full,0.007640875,0.0076986665000000004,0.007642674049999999,0.0078907723,2128688,1.1008233860797208e-15,2.0034962781554602e-14
20260310_213519,2026-03-10T21:35:19.470,orthonormal_rows,short_wide,256,512,2.000000,20260310,1,dgeqp3,0.003067667,0.0031081665,0.003070966725,0.00316126155,2267520,1.177405273796417e-15,2.0609291211341937e-14
20260310_213519,2026-03-10T21:35:19.470,orthonormal_rows,short_wide,256,1024,4.000000,20260310,1,bsqr_full,0.014151875000000001,0.014477812500000001,0.014178813450000001,0.01767145095,4254512,1.1277293571005147e-15,1.9944328589586015e-14
20260310_213519,2026-03-10T21:35:19.470,orthonormal_rows,short_wide,256,1024,4.000000,20260310,1,dgeqp3,0.005619375,0.005842896,0.005634878125,0.008440896875,4499840,1.20435475282947e-15,1.9908652022315682e-14
20260310_213519,2026-03-10T21:35:19.470,orthonormal_rows,short_wide,256,2048,8.000000,20260310,1,bsqr_full,0.025386584,0.025752041500000003,0.02540752965,0.02856096955,8506160,1.1508760246626854e-15,2.007674343820677e-14
20260310_213519,2026-03-10T21:35:19.470,orthonormal_rows,short_wide,256,2048,8.000000,20260310,1,dgeqp3,0.011030833,0.0114879375,0.0110974061,0.013288404075,8997248,1.2236065852991844e-15,2.0425354060588413e-14
20260310_213519,2026-03-10T21:35:19.470,orthonormal_rows,short_wide,256,2560,10.000000,20260310,1,bsqr_full,0.031463500000000005,0.032138375000000004,0.031473869700000004,0.034831278125000004,10631984,1.1520070740074563e-15,2.0209805244198826e-14
20260310_213519,2026-03-10T21:35:19.470,orthonormal_rows,short_wide,256,2560,10.000000,20260310,1,dgeqp3,0.013897375,0.0142521455,0.013904318749999998,0.015248675000000001,11229568,1.2315071863779652e-15,2.0028085064905678e-14
20260310_213519,2026-03-10T21:35:19.470,orthonormal_rows,short_wide,512,1024,2.000000,20260310,1,bsqr_full,0.037172250000000004,0.0377314585,0.037195533425,0.040355458275000006,8450896,1.4783297619794766e-15,3.7990126397794705e-14
20260310_213519,2026-03-10T21:35:19.470,orthonormal_rows,short_wide,512,1024,2.000000,20260310,1,dgeqp3,0.013264792000000001,0.0136234995,0.013268847975000001,0.014957545925,8696192,1.551097941221059e-15,3.8543412004236824e-14
20260310_213519,2026-03-10T21:35:19.470,orthonormal_rows,short_wide,512,2048,4.000000,20260310,1,bsqr_full,0.07349462500000001,0.0748033335,0.073640432475,0.07795006192500001,16896848,1.5365805974348455e-15,3.7873805898159846e-14
20260310_213519,2026-03-10T21:35:19.470,orthonormal_rows,short_wide,512,2048,4.000000,20260310,1,dgeqp3,0.027511292000000003,0.028157187500000003,0.027543627325,0.030030391575000003,17387904,1.6005429994848368e-15,3.842878828195773e-14
20260310_213519,2026-03-10T21:35:19.470,orthonormal_rows,short_wide,512,4096,8.000000,20260310,1,bsqr_full,0.267141375,0.2919154995,0.26902664905,0.35971021562500005,33788752,1.5527336245635174e-15,3.778041903927202e-14
20260310_213519,2026-03-10T21:35:19.470,orthonormal_rows,short_wide,512,4096,8.000000,20260310,1,dgeqp3,0.09130587500000001,0.1104129585,0.09175639375,0.11684399440000001,34738560,1.6274700298112258e-15,3.8350060607070936e-14
20260310_213519,2026-03-10T21:35:19.470,orthonormal_rows,short_wide,512,5120,10.000000,20260310,1,bsqr_full,0.48138375000000005,0.49367895900000003,0.48217510425000004,0.50137384375,42406736,1.5601047877350429e-15,3.783451947296907e-14
20260310_213519,2026-03-10T21:35:19.470,orthonormal_rows,short_wide,512,5120,10.000000,20260310,1,dgeqp3,0.17911300000000002,0.18160468800000001,0.17915860407500003,0.186769695125,43422080,1.6288604369711758e-15,3.853594149714813e-14
20260310_213519,2026-03-10T21:35:19.470,gaussian,square,64,64,1.000000,20260311,1,bsqr_full,4.9083000000000004e-5,5.0541500000000004e-5,4.9140475e-5,6.926955e-5,70448,5.173036916822481e-16,6.135141110529283e-15
20260310_213519,2026-03-10T21:35:19.470,gaussian,square,64,64,1.000000,20260311,1,dgeqp3,3.0375000000000003e-5,3.0875000000000005e-5,3.0432200000000003e-5,4.3837350000000005e-5,84864,6.178813812713318e-16,6.800849759511058e-15
20260310_213519,2026-03-10T21:35:19.470,gaussian,square,128,128,1.000000,20260311,1,bsqr_full,0.000282,0.000290458,0.00028303125,0.0003103511,271408,6.755000885421311e-16,1.0778053237041686e-14
20260310_213519,2026-03-10T21:35:19.470,gaussian,square,128,128,1.000000,20260311,1,dgeqp3,0.000174333,0.00018164600000000002,0.000175227025,0.000190914675,330176,7.322030187546923e-16,1.0919553349202372e-14
20260310_213519,2026-03-10T21:35:19.470,gaussian,square,256,256,1.000000,20260311,1,bsqr_full,0.002843083,0.0028924375,0.0028455351750000003,0.002979348475,1065776,8.774146511400388e-16,1.9803035724803173e-14
20260310_213519,2026-03-10T21:35:19.470,gaussian,square,256,256,1.000000,20260311,1,dgeqp3,0.0013073330000000001,0.001480792,0.0013159614000000002,0.0014912504250000002,1151360,9.33456043186498e-16,2.0433269593760602e-14
20260310_213519,2026-03-10T21:35:19.470,gaussian,square,384,384,1.000000,20260311,1,bsqr_full,0.007251833,0.007561812500000001,0.00729014985,0.0080861162,2384688,1.0441447001660396e-15,2.9231900502664684e-14
20260310_213519,2026-03-10T21:35:19.470,gaussian,square,384,384,1.000000,20260311,1,dgeqp3,0.002771583,0.0030606045000000004,0.0028024861250000002,0.003189135325,2496896,1.0931840840153979e-15,2.978563838141321e-14
20260310_213519,2026-03-10T21:35:19.470,gaussian,square,512,512,1.000000,20260311,1,bsqr_full,0.015732833,0.016131666500000003,0.015756483,0.0193466186,4227920,1.1828424777387299e-15,3.807118054142417e-14
20260310_213519,2026-03-10T21:35:19.470,gaussian,square,512,512,1.000000,20260311,1,dgeqp3,0.005751125,0.005887375,0.005765883425,0.008801683,4366720,1.2232033880122052e-15,3.8194821790485803e-14
20260310_213519,2026-03-10T21:35:19.470,gaussian,short_wide,32,64,2.000000,20260311,1,bsqr_full,2.3916000000000003e-5,2.4500000000000003e-5,2.3950650000000004e-5,4.07027e-5,37424,4.721582348275617e-16,3.0840980061099282e-15
20260310_213519,2026-03-10T21:35:19.470,gaussian,short_wide,32,64,2.000000,20260311,1,dgeqp3,1.3166e-5,1.4000500000000001e-5,1.323475e-5,2.5614824999999996e-5,51840,4.855701569432252e-16,2.9648937157391024e-15
20260310_213519,2026-03-10T21:35:19.470,gaussian,short_wide,32,128,4.000000,20260311,1,bsqr_full,4.5333e-5,4.5708500000000005e-5,4.5333275e-5,5.942245e-5,74000,5.204650197628865e-16,3.0389662831814307e-15
20260310_213519,2026-03-10T21:35:19.470,gaussian,short_wide,32,128,4.000000,20260311,1,dgeqp3,2.4208000000000003e-5,2.48125e-5,2.4242650000000004e-5,3.5551375e-5,132768,4.688560385229229e-16,2.9513085585140335e-15
20260310_213519,2026-03-10T21:35:19.470,gaussian,short_wide,32,256,8.000000,20260311,1,bsqr_full,9.8084e-5,9.972900000000001e-5,9.817557500000001e-5,0.000115240625,146480,5.185648036103805e-16,3.1176190896912845e-15
20260310_213519,2026-03-10T21:35:19.470,gaussian,short_wide,32,256,8.000000,20260311,1,dgeqp3,4.4500000000000004e-5,4.83955e-5,4.451155e-5,5.8696575e-5,232064,5.667673491184646e-16,3.3669407981374167e-15
20260310_213519,2026-03-10T21:35:19.470,gaussian,short_wide,32,320,10.000000,20260311,1,bsqr_full,0.00012100000000000001,0.000123542,0.00012104592500000001,0.000156933425,215600,5.531193928631543e-16,3.267577330812575e-15
20260310_213519,2026-03-10T21:35:19.470,gaussian,short_wide,32,320,10.000000,20260311,1,dgeqp3,6.066700000000001e-5,6.1375e-5,6.067855e-5,7.44545e-5,298112,6.399949295691565e-16,3.627884401090841e-15
20260310_213519,2026-03-10T21:35:19.470,gaussian,short_wide,64,128,2.000000,20260311,1,bsqr_full,0.00011795800000000001,0.0001258545,0.00011816425,0.0001368367,139792,6.033929672578217e-16,6.041104123381279e-15
20260310_213519,2026-03-10T21:35:19.470,gaussian,short_wide,64,128,2.000000,20260311,1,dgeqp3,6.1042e-5,6.1833e-5,6.114485e-5,7.4366725e-5,198560,6.8930611440657915e-16,6.6912381879045375e-15
20260310_213519,2026-03-10T21:35:19.470,gaussian,short_wide,64,256,4.000000,20260311,1,bsqr_full,0.00030737500000000003,0.00031718750000000003,0.0003081197,0.00033807035,277808,6.656769391855949e-16,6.224893120676347e-15
20260310_213519,2026-03-10T21:35:19.470,gaussian,short_wide,64,256,4.000000,20260311,1,dgeqp3,0.000134583,0.00015293700000000002,0.00013591234999999998,0.00017484265,363392,7.336992598859456e-16,6.44817860425458e-15
20260310_213519,2026-03-10T21:35:19.470,gaussian,short_wide,64,512,8.000000,20260311,1,bsqr_full,0.000883834,0.0008921665000000001,0.0008855412,0.000961324625,554288,6.998066494056216e-16,6.17859648914341e-15
20260310_213519,2026-03-10T21:35:19.470,gaussian,short_wide,64,512,8.000000,20260311,1,dgeqp3,0.000418333,0.0004277295,0.00041850515000000006,0.00044454550000000003,693120,7.726057226492427e-16,6.295616132078718e-15
20260310_213519,2026-03-10T21:35:19.470,gaussian,short_wide,64,640,10.000000,20260311,1,bsqr_full,0.0012737500000000001,0.0013054585000000002,0.0012796625000000002,0.00142011715,692528,7.231396220497438e-16,6.276900924551139e-15
20260310_213519,2026-03-10T21:35:19.470,gaussian,short_wide,64,640,10.000000,20260311,1,dgeqp3,0.000566416,0.000576229,0.000566931625,0.0006288181,857984,7.389781355295713e-16,6.036978057500461e-15
20260310_213519,2026-03-10T21:35:19.470,gaussian,short_wide,128,256,2.000000,20260311,1,bsqr_full,0.001146708,0.001167333,0.001147441425,0.001272675375,540496,7.796482675678341e-16,1.0712092993398736e-14
20260310_213519,2026-03-10T21:35:19.470,gaussian,short_wide,128,256,2.000000,20260311,1,dgeqp3,0.0006057500000000001,0.0006238335,0.000607239675,0.000707679075,626080,8.915658048740946e-16,1.1433054369064875e-14
20260310_213519,2026-03-10T21:35:19.470,gaussian,short_wide,128,512,4.000000,20260311,1,bsqr_full,0.002919,0.003125208,0.0029263106000000003,0.0033265729750000003,1079120,8.564052229170906e-16,1.0666414390987067e-14
20260310_213519,2026-03-10T21:35:19.470,gaussian,short_wide,128,512,4.000000,20260311,1,dgeqp3,0.001338792,0.001591687,0.0013491617,0.0019480107499999998,1217952,9.415786924817925e-16,1.1025797329471923e-14
20260310_213519,2026-03-10T21:35:19.470,gaussian,short_wide,128,1024,8.000000,20260311,1,bsqr_full,0.005398875,0.005653000500000001,0.005410172825,0.0060707053,2156368,8.769010611420552e-16,1.084055980750701e-14
20260310_213519,2026-03-10T21:35:19.470,gaussian,short_wide,128,1024,8.000000,20260311,1,dgeqp3,0.002359541,0.0026566875,0.0023841194000000002,0.0027762782750000003,2401696,9.387585414930366e-16,1.1022850949439968e-14
20260310_213519,2026-03-10T21:35:19.470,gaussian,short_wide,128,1280,10.000000,20260311,1,bsqr_full,0.006531542,0.0068110415,0.006552522025000001,0.0073954990500000005,2694992,8.543866247279505e-16,1.0463471641390634e-14
20260310_213519,2026-03-10T21:35:19.470,gaussian,short_wide,128,1280,10.000000,20260311,1,dgeqp3,0.002892375,0.0031858125000000003,0.0029173197,0.0037025039250000004,2993568,9.173323139866617e-16,1.110592650364663e-14
20260310_213519,2026-03-10T21:35:19.470,gaussian,short_wide,256,512,2.000000,20260311,1,bsqr_full,0.007582833000000001,0.0076925000000000006,0.007585204875,0.007853093750000002,2128688,1.0369544977133518e-15,2.0164807224432507e-14
20260310_213519,2026-03-10T21:35:19.470,gaussian,short_wide,256,512,2.000000,20260311,1,dgeqp3,0.00303775,0.0031327705,0.0030379105999999998,0.003311467375,2267520,1.1003532528478169e-15,2.034679484373663e-14
20260310_213519,2026-03-10T21:35:19.470,gaussian,short_wide,256,1024,4.000000,20260311,1,bsqr_full,0.014170583,0.0146438125,0.014215236125,0.018021892525,4254512,1.0988659826127582e-15,2.0134928332989543e-14
20260310_213519,2026-03-10T21:35:19.470,gaussian,short_wide,256,1024,4.000000,20260311,1,dgeqp3,0.005778958000000001,0.005953812500000001,0.005788285175,0.007281297674999999,4499840,1.1764220414291368e-15,2.0379194111934658e-14
20260310_213519,2026-03-10T21:35:19.470,gaussian,short_wide,256,2048,8.000000,20260311,1,bsqr_full,0.025547625,0.026317812500000003,0.025573555300000002,0.02866690995,8506160,1.1249800901410136e-15,2.0046175017280823e-14
20260310_213519,2026-03-10T21:35:19.470,gaussian,short_wide,256,2048,8.000000,20260311,1,dgeqp3,0.011097125000000001,0.0114074585,0.011106750000000002,0.012646505450000001,8997248,1.2168819949945756e-15,2.0516294270278645e-14
20260310_213519,2026-03-10T21:35:19.470,gaussian,short_wide,256,2560,10.000000,20260311,1,bsqr_full,0.032036542,0.0325651665,0.032046751375,0.0347589125,10631984,1.128362537472259e-15,1.957630714874569e-14
20260310_213519,2026-03-10T21:35:19.470,gaussian,short_wide,256,2560,10.000000,20260311,1,dgeqp3,0.013282792000000002,0.014093375000000002,0.013305089825000001,0.015374588450000002,11229568,1.2087644500148388e-15,1.9927995498170387e-14
20260310_213519,2026-03-10T21:35:19.470,gaussian,short_wide,512,1024,2.000000,20260311,1,bsqr_full,0.03756575,0.038386250000000004,0.037568775,0.0418842045,8450896,1.3944488462884876e-15,3.804816022288379e-14
20260310_213519,2026-03-10T21:35:19.470,gaussian,short_wide,512,1024,2.000000,20260311,1,dgeqp3,0.013100084000000001,0.013719125,0.013166828425,0.01499095625,8696192,1.4601539849274413e-15,3.8495579529573875e-14
20260310_213519,2026-03-10T21:35:19.470,gaussian,short_wide,512,2048,4.000000,20260311,1,bsqr_full,0.074163875,0.0767445415,0.074437534375,0.07981776307499999,16896848,1.4921220515821086e-15,3.802558111314427e-14
20260310_213519,2026-03-10T21:35:19.470,gaussian,short_wide,512,2048,4.000000,20260311,1,dgeqp3,0.027651375000000002,0.0283431045,0.027720101900000002,0.030423670275000002,17387904,1.56740949580817e-15,3.8579505991622895e-14
20260310_213519,2026-03-10T21:35:19.470,gaussian,short_wide,512,4096,8.000000,20260311,1,bsqr_full,0.279189375,0.2819313545,0.27936448125,0.29647086440000003,33788752,1.538471990539998e-15,3.784516369049045e-14
20260310_213519,2026-03-10T21:35:19.470,gaussian,short_wide,512,4096,8.000000,20260311,1,dgeqp3,0.085353333,0.09342402100000001,0.085901992375,0.120425522675,34738560,1.6059610493055525e-15,3.835857031154008e-14
20260310_213519,2026-03-10T21:35:19.470,gaussian,short_wide,512,5120,10.000000,20260311,1,bsqr_full,0.483205584,0.511069709,0.484631980725,0.5467067106750001,42406736,1.5396704282584031e-15,3.774133547436129e-14
20260310_213519,2026-03-10T21:35:19.470,gaussian,short_wide,512,5120,10.000000,20260311,1,dgeqp3,0.17663029200000002,0.178565729,0.17673405857500002,0.1844243564,43422080,1.6161905972703395e-15,3.8333296630186834e-14
20260310_213519,2026-03-10T21:35:19.470,ill_conditioned,square,64,64,1.000000,20260311,1,bsqr_full,4.8e-5,4.9917e-5,4.8091575000000004e-5,6.6347975e-5,70448,5.286126989251922e-16,6.277659168419315e-15
20260310_213519,2026-03-10T21:35:19.470,ill_conditioned,square,64,64,1.000000,20260311,1,dgeqp3,3.0041000000000003e-5,3.0396000000000002e-5,3.0064100000000002e-5,4.31215e-5,84864,5.114382565648819e-16,6.084843294766368e-15
20260310_213519,2026-03-10T21:35:19.470,ill_conditioned,square,128,128,1.000000,20260311,1,bsqr_full,0.00029266700000000004,0.00030214550000000004,0.000292689825,0.000320437925,271408,5.892089392155649e-16,1.0516947416912535e-14
20260310_213519,2026-03-10T21:35:19.470,ill_conditioned,square,128,128,1.000000,20260311,1,dgeqp3,0.000179416,0.000185021,0.00017942754999999999,0.00020889470000000002,330176,6.382014027591902e-16,1.1256084008694144e-14
20260310_213519,2026-03-10T21:35:19.470,ill_conditioned,square,256,256,1.000000,20260311,1,bsqr_full,0.002839541,0.0028878750000000003,0.00284012565,0.0029642460750000004,1065776,6.283456660654835e-16,2.0170895213850846e-14
20260310_213519,2026-03-10T21:35:19.470,ill_conditioned,square,256,256,1.000000,20260311,1,dgeqp3,0.001519792,0.0016228125000000001,0.001533083575,0.0016524478250000002,1151360,7.6579149581333935e-16,2.0706255439455134e-14
20260310_213519,2026-03-10T21:35:19.470,ill_conditioned,square,384,384,1.000000,20260311,1,bsqr_full,0.007269625,0.0074998750000000005,0.0072798572,0.008396188875,2384688,7.485070142896129e-16,2.942126381250166e-14
20260310_213519,2026-03-10T21:35:19.470,ill_conditioned,square,384,384,1.000000,20260311,1,dgeqp3,0.0032465420000000003,0.0033612710000000003,0.003253050425,0.0034584892500000002,2496896,8.53616120737391e-16,2.956094756611397e-14
20260310_213519,2026-03-10T21:35:19.470,ill_conditioned,square,512,512,1.000000,20260311,1,bsqr_full,0.015437000000000001,0.015888041500000002,0.015444482200000002,0.017753022825,4227920,8.627568043218854e-16,3.778953571992884e-14
20260310_213519,2026-03-10T21:35:19.470,ill_conditioned,square,512,512,1.000000,20260311,1,dgeqp3,0.006972750000000001,0.0070668125,0.006978685600000001,0.008035341425,4366720,9.30019998890456e-16,3.8321856957256103e-14
20260310_213519,2026-03-10T21:35:19.470,ill_conditioned,short_wide,32,64,2.000000,20260311,1,bsqr_full,2.3958e-5,2.4500000000000003e-5,2.4038300000000003e-5,4.102245e-5,37424,3.0212176201456655e-16,3.1902669794383553e-15
20260310_213519,2026-03-10T21:35:19.470,ill_conditioned,short_wide,32,64,2.000000,20260311,1,dgeqp3,1.3125e-5,1.36875e-5,1.3216575e-5,2.8196224999999998e-5,51840,3.565866851446855e-16,3.572424980033094e-15
20260310_213519,2026-03-10T21:35:19.470,ill_conditioned,short_wide,32,128,4.000000,20260311,1,bsqr_full,4.7167000000000004e-5,4.76045e-5,4.7201375000000003e-5,6.659919999999999e-5,74000,5.621602843957216e-16,3.0108915192722368e-15
20260310_213519,2026-03-10T21:35:19.470,ill_conditioned,short_wide,32,128,4.000000,20260311,1,dgeqp3,2.4958e-5,2.5479e-5,2.50152e-5,4.041112499999999e-5,132768,3.333334255424249e-16,3.2553833454060593e-15
20260310_213519,2026-03-10T21:35:19.470,ill_conditioned,short_wide,32,256,8.000000,20260311,1,bsqr_full,9.412500000000001e-5,9.82085e-5,9.417065000000002e-5,0.0001145045,146480,4.91936317350992e-16,3.0497538266695322e-15
20260310_213519,2026-03-10T21:35:19.470,ill_conditioned,short_wide,32,256,8.000000,20260311,1,dgeqp3,4.7458000000000005e-5,4.8125000000000004e-5,4.7458000000000005e-5,7.255202499999999e-5,232064,3.459105593196854e-16,4.053353496922131e-15
20260310_213519,2026-03-10T21:35:19.470,ill_conditioned,short_wide,32,320,10.000000,20260311,1,bsqr_full,0.00012404200000000002,0.0001270205,0.00012424825,0.00014448315000000002,215600,4.607440942344085e-16,3.5209200670831833e-15
20260310_213519,2026-03-10T21:35:19.470,ill_conditioned,short_wide,32,320,10.000000,20260311,1,dgeqp3,6.3416e-5,6.4917e-5,6.3416275e-5,8.4e-5,298112,5.439317127831248e-16,3.2261061937252006e-15
20260310_213519,2026-03-10T21:35:19.470,ill_conditioned,short_wide,64,128,2.000000,20260311,1,bsqr_full,0.000118708,0.00012406250000000001,0.000118937075,0.00014580625,139792,4.209474873973048e-16,6.143168486472344e-15
20260310_213519,2026-03-10T21:35:19.470,ill_conditioned,short_wide,64,128,2.000000,20260311,1,dgeqp3,6.270800000000001e-5,6.660450000000001e-5,6.271955e-5,9.1659375e-5,198560,4.3172249181479195e-16,6.278531927738671e-15
20260310_213519,2026-03-10T21:35:19.470,ill_conditioned,short_wide,64,256,4.000000,20260311,1,bsqr_full,0.00030175000000000004,0.000313854,0.00030417907500000004,0.00033287405,277808,6.81982950742254e-16,6.121119744311426e-15
20260310_213519,2026-03-10T21:35:19.470,ill_conditioned,short_wide,64,256,4.000000,20260311,1,dgeqp3,0.00014054100000000002,0.00014412500000000002,0.00014073597500000002,0.00017577244999999997,363392,6.73572139741364e-16,6.382600452706119e-15
20260310_213519,2026-03-10T21:35:19.470,ill_conditioned,short_wide,64,512,8.000000,20260311,1,bsqr_full,0.0008916670000000001,0.000916667,0.000892675425,0.000973396075,554288,4.789484268753291e-16,6.301771628588968e-15
20260310_213519,2026-03-10T21:35:19.470,ill_conditioned,short_wide,64,512,8.000000,20260311,1,dgeqp3,0.000416708,0.00042958350000000005,0.000418633,0.00044557595,693120,4.831063229378297e-16,6.708900565806991e-15
20260310_213519,2026-03-10T21:35:19.470,ill_conditioned,short_wide,64,640,10.000000,20260311,1,bsqr_full,0.001267375,0.001308146,0.0012680165750000002,0.0014541675250000002,692528,5.38217991069285e-16,6.171783939204382e-15
20260310_213519,2026-03-10T21:35:19.470,ill_conditioned,short_wide,64,640,10.000000,20260311,1,dgeqp3,0.0005862500000000001,0.000598875,0.0005866509500000001,0.0006583000000000001,857984,7.791610171549047e-16,6.815970934518871e-15
20260310_213519,2026-03-10T21:35:19.470,ill_conditioned,short_wide,128,256,2.000000,20260311,1,bsqr_full,0.0011545840000000002,0.0011843125,0.0011567837250000001,0.001252114675,540496,5.758858425634859e-16,1.1075535593022722e-14
20260310_213519,2026-03-10T21:35:19.470,ill_conditioned,short_wide,128,256,2.000000,20260311,1,dgeqp3,0.000608459,0.0006298755000000001,0.000609650575,0.00072051685,626080,6.846968017174957e-16,1.116891186372472e-14
20260310_213519,2026-03-10T21:35:19.470,ill_conditioned,short_wide,128,512,4.000000,20260311,1,bsqr_full,0.0028975420000000003,0.003107354,0.00291403045,0.0031993210750000003,1079120,8.34751765087104e-16,1.0586847847260084e-14
20260310_213519,2026-03-10T21:35:19.470,ill_conditioned,short_wide,128,512,4.000000,20260311,1,dgeqp3,0.001430084,0.001631667,0.0014306912000000003,0.0017191072000000002,1217952,8.525057487868943e-16,1.1569297228455726e-14
20260310_213519,2026-03-10T21:35:19.470,ill_conditioned,short_wide,128,1024,8.000000,20260311,1,bsqr_full,0.0055875000000000005,0.0057322915,0.005588634375,0.0060003706500000005,2156368,6.680787082075982e-16,1.0625910121045472e-14
20260310_213519,2026-03-10T21:35:19.470,ill_conditioned,short_wide,128,1024,8.000000,20260311,1,dgeqp3,0.0024539590000000003,0.0026253125,0.0024606390250000005,0.002866640925,2401696,7.934346916392415e-16,1.0958129409250587e-14
20260310_213519,2026-03-10T21:35:19.470,ill_conditioned,short_wide,128,1280,10.000000,20260311,1,bsqr_full,0.006647166,0.006847438000000001,0.0066569516000000006,0.007473452975000001,2694992,6.63963428797615e-16,1.0981425758455866e-14
20260310_213519,2026-03-10T21:35:19.470,ill_conditioned,short_wide,128,1280,10.000000,20260311,1,dgeqp3,0.0029468330000000003,0.0032535205000000004,0.00298096765,0.0036025064000000002,2993568,6.779641241409356e-16,1.1163023341679354e-14
20260310_213519,2026-03-10T21:35:19.470,ill_conditioned,short_wide,256,512,2.000000,20260311,1,bsqr_full,0.0077115000000000005,0.0079198125,0.007711751900000001,0.008138598625000002,2128688,7.471895911903222e-16,2.0032507995292625e-14
20260310_213519,2026-03-10T21:35:19.470,ill_conditioned,short_wide,256,512,2.000000,20260311,1,dgeqp3,0.0035549580000000004,0.0035980625,0.00355598925,0.003833440625,2267520,9.22986527442781e-16,2.0095262533162698e-14
20260310_213519,2026-03-10T21:35:19.470,ill_conditioned,short_wide,256,1024,4.000000,20260311,1,bsqr_full,0.014094541,0.014864625000000001,0.014208139100000001,0.017867816050000002,4254512,8.157465286176279e-16,1.9588873266855623e-14
20260310_213519,2026-03-10T21:35:19.470,ill_conditioned,short_wide,256,1024,4.000000,20260311,1,dgeqp3,0.006852667000000001,0.007022208,0.00685609295,0.00853275095,4499840,9.088333811756767e-16,2.0550630096723562e-14
20260310_213519,2026-03-10T21:35:19.470,ill_conditioned,short_wide,256,2048,8.000000,20260311,1,bsqr_full,0.025414375000000003,0.026299521500000003,0.025510567525000003,0.029220477550000002,8506160,8.109507979288719e-16,1.99145721949627e-14
20260310_213519,2026-03-10T21:35:19.470,ill_conditioned,short_wide,256,2048,8.000000,20260311,1,dgeqp3,0.014293750000000001,0.014545166500000001,0.0143200697,0.0156750447,8997248,9.085737034600433e-16,2.0098096585149952e-14
20260310_213519,2026-03-10T21:35:19.470,ill_conditioned,short_wide,256,2560,10.000000,20260311,1,bsqr_full,0.031873834000000004,0.0326785625,0.031952575575,0.034225595925000005,10631984,8.191230929930381e-16,1.9675557321513174e-14
20260310_213519,2026-03-10T21:35:19.470,ill_conditioned,short_wide,256,2560,10.000000,20260311,1,dgeqp3,0.0174755,0.017712270500000002,0.017479040625,0.019125235600000002,11229568,8.882503617848934e-16,2.016758408929319e-14
20260310_213519,2026-03-10T21:35:19.470,ill_conditioned,short_wide,512,1024,2.000000,20260311,1,bsqr_full,0.037497625,0.038745770500000005,0.037507284375000005,0.041691049050000005,8450896,9.910021098886873e-16,3.7832915664549566e-14
20260310_213519,2026-03-10T21:35:19.470,ill_conditioned,short_wide,512,1024,2.000000,20260311,1,dgeqp3,0.017279041000000002,0.017482083000000002,0.017298978775,0.01892894295,8696192,1.0784365093878825e-15,3.8391642091615076e-14
20260310_213519,2026-03-10T21:35:19.470,ill_conditioned,short_wide,512,2048,4.000000,20260311,1,bsqr_full,0.075032792,0.07757362450000001,0.0753917242,0.088235395925,16896848,1.113199152446359e-15,3.7940039434577875e-14
20260310_213519,2026-03-10T21:35:19.470,ill_conditioned,short_wide,512,2048,4.000000,20260311,1,dgeqp3,0.036885708,0.037474333000000006,0.03693747675,0.03934978655,17387904,1.1415957325505108e-15,3.847749883116848e-14
20260310_213519,2026-03-10T21:35:19.470,ill_conditioned,short_wide,512,4096,8.000000,20260311,1,bsqr_full,0.281898916,0.284263313,0.282105498475,0.3025335537,33788752,1.1277022478202964e-15,3.810249797958597e-14
20260310_213519,2026-03-10T21:35:19.470,ill_conditioned,short_wide,512,4096,8.000000,20260311,1,dgeqp3,0.104481291,0.110537646,0.104907415325,0.119514070925,34738560,1.1649795973320512e-15,3.843902337165004e-14
20260310_213519,2026-03-10T21:35:19.470,ill_conditioned,short_wide,512,5120,10.000000,20260311,1,bsqr_full,0.482079166,0.484991541,0.48215054125,0.49830796874999994,42406736,1.1077594322948835e-15,3.7945088833271275e-14
20260310_213519,2026-03-10T21:35:19.470,ill_conditioned,short_wide,512,5120,10.000000,20260311,1,dgeqp3,0.209671458,0.21295439600000002,0.21018204142500002,0.21804253110000002,43422080,1.2070489315563395e-15,3.8413840110274917e-14
20260310_213519,2026-03-10T21:35:19.470,orthonormal_rows,square,64,64,1.000000,20260311,1,bsqr_full,4.7792000000000006e-5,4.9167000000000005e-5,4.78492e-5,6.887500000000001e-5,70448,5.713397428931336e-16,5.841344586281179e-15
20260310_213519,2026-03-10T21:35:19.470,orthonormal_rows,square,64,64,1.000000,20260311,1,dgeqp3,3.0375000000000003e-5,3.0979500000000004e-5,3.0409375000000006e-5,4.757362499999999e-5,84864,6.435170130070734e-16,5.934696003751828e-15
20260310_213519,2026-03-10T21:35:19.470,orthonormal_rows,square,128,128,1.000000,20260311,1,bsqr_full,0.00028954100000000004,0.0003045205,0.00028965567500000006,0.000329729875,271408,7.372736430991507e-16,1.074105915236045e-14
20260310_213519,2026-03-10T21:35:19.470,orthonormal_rows,square,128,128,1.000000,20260311,1,dgeqp3,0.000176042,0.0001860625,0.000176179225,0.000227003125,330176,8.424472168150655e-16,1.0774098906796106e-14
20260310_213519,2026-03-10T21:35:19.470,orthonormal_rows,square,256,256,1.000000,20260311,1,bsqr_full,0.0028454580000000004,0.0028628545000000004,0.00284750895,0.002986928925,1065776,9.656677527764356e-16,1.957651107930202e-14
20260310_213519,2026-03-10T21:35:19.470,orthonormal_rows,square,256,256,1.000000,20260311,1,dgeqp3,0.0012919580000000002,0.0014591875000000002,0.0013011476750000002,0.001522522825,1151360,1.0429970701674189e-15,2.050415997638423e-14
20260310_213519,2026-03-10T21:35:19.470,orthonormal_rows,square,384,384,1.000000,20260311,1,bsqr_full,0.007262542,0.0075836875,0.007270070125,0.007915740475,2384688,1.1357784853491932e-15,2.88844316877189e-14
20260310_213519,2026-03-10T21:35:19.470,orthonormal_rows,square,384,384,1.000000,20260311,1,dgeqp3,0.0028540830000000003,0.0030836455,0.002859010175,0.0031638367000000004,2496896,1.2037965678512888e-15,2.953648696003133e-14
20260310_213519,2026-03-10T21:35:19.470,orthonormal_rows,square,512,512,1.000000,20260311,1,bsqr_full,0.015485500000000001,0.0160275,0.015543341850000001,0.01860856155,4227920,1.2963255621151522e-15,3.810911626103002e-14
20260310_213519,2026-03-10T21:35:19.470,orthonormal_rows,square,512,512,1.000000,20260311,1,dgeqp3,0.0057601250000000005,0.005903042000000001,0.005767343750000001,0.007120253700000001,4366720,1.3365636345258136e-15,3.861382733278542e-14
20260310_213519,2026-03-10T21:35:19.470,orthonormal_rows,short_wide,32,64,2.000000,20260311,1,bsqr_full,2.3708e-5,2.4354e-5,2.3753925e-5,4.238574999999999e-5,37424,5.307952866995226e-16,3.4653820112384303e-15
20260310_213519,2026-03-10T21:35:19.470,orthonormal_rows,short_wide,32,64,2.000000,20260311,1,dgeqp3,1.3375000000000002e-5,1.3895500000000001e-5,1.3386550000000001e-5,3.0115775e-5,51840,5.431948299842899e-16,3.3778497817297033e-15
20260310_213519,2026-03-10T21:35:19.470,orthonormal_rows,short_wide,32,128,4.000000,20260311,1,bsqr_full,4.5208000000000005e-5,4.6021000000000005e-5,4.5253925e-5,6.30061e-5,74000,5.098284105784076e-16,3.0513830866141223e-15
20260310_213519,2026-03-10T21:35:19.470,orthonormal_rows,short_wide,32,128,4.000000,20260311,1,dgeqp3,2.4292e-5,2.4604e-5,2.4303275e-5,3.76928e-5,132768,5.006635167172065e-16,2.8910391654029295e-15
20260310_213519,2026-03-10T21:35:19.470,orthonormal_rows,short_wide,32,256,8.000000,20260311,1,bsqr_full,9.483400000000001e-5,9.59585e-5,9.491402500000001e-5,0.000115635475,146480,4.885606646457454e-16,2.735460172177063e-15
20260310_213519,2026-03-10T21:35:19.470,orthonormal_rows,short_wide,32,256,8.000000,20260311,1,dgeqp3,4.4958000000000006e-5,4.76875e-5,4.5038300000000005e-5,5.846265e-5,232064,5.742004025114865e-16,3.0980322783011592e-15
20260310_213519,2026-03-10T21:35:19.470,orthonormal_rows,short_wide,32,320,10.000000,20260311,1,bsqr_full,0.000126833,0.0001315,0.00012685609999999999,0.00014418467500000001,215600,5.229681543333295e-16,2.8875913153838157e-15
20260310_213519,2026-03-10T21:35:19.470,orthonormal_rows,short_wide,32,320,10.000000,20260311,1,dgeqp3,5.5541e-5,6.041650000000001e-5,5.5575375e-5,6.9496575e-5,298112,6.096728764401901e-16,3.637710258550941e-15
20260310_213519,2026-03-10T21:35:19.470,orthonormal_rows,short_wide,64,128,2.000000,20260311,1,bsqr_full,0.000118584,0.0001205835,0.000118744325,0.00013886779999999999,139792,6.644360805404199e-16,5.83279242833805e-15
20260310_213519,2026-03-10T21:35:19.470,orthonormal_rows,short_wide,64,128,2.000000,20260311,1,dgeqp3,6.258300000000001e-5,6.2854e-5,6.2583275e-5,7.87697e-5,198560,7.419933575072213e-16,6.61288159615419e-15
20260310_213519,2026-03-10T21:35:19.470,orthonormal_rows,short_wide,64,256,4.000000,20260311,1,bsqr_full,0.000311209,0.00031768700000000004,0.00031173590000000003,0.00033649905000000005,277808,6.845172085544546e-16,5.961693126624648e-15
20260310_213519,2026-03-10T21:35:19.470,orthonormal_rows,short_wide,64,256,4.000000,20260311,1,dgeqp3,0.00013475,0.000142625,0.00013508247500000002,0.00016476112500000002,363392,7.768469092115086e-16,6.329326546007845e-15
20260310_213519,2026-03-10T21:35:19.470,orthonormal_rows,short_wide,64,512,8.000000,20260311,1,bsqr_full,0.0008721250000000001,0.0008918335,0.000873740625,0.0013778156249999998,554288,7.185700140308613e-16,6.104810430931639e-15
20260310_213519,2026-03-10T21:35:19.470,orthonormal_rows,short_wide,64,512,8.000000,20260311,1,dgeqp3,0.000420875,0.0004257295,0.000420955025,0.00044541955,693120,7.990152755432911e-16,6.45469976013012e-15
20260310_213519,2026-03-10T21:35:19.470,orthonormal_rows,short_wide,64,640,10.000000,20260311,1,bsqr_full,0.0012876670000000002,0.001337396,0.0012886638750000002,0.001750277975,692528,7.438148130217267e-16,6.207270280894508e-15
20260310_213519,2026-03-10T21:35:19.470,orthonormal_rows,short_wide,64,640,10.000000,20260311,1,dgeqp3,0.0005470830000000001,0.0005894580000000001,0.000552296725,0.0006204017500000001,857984,8.025721598816301e-16,6.36081409565031e-15
20260310_213519,2026-03-10T21:35:19.470,orthonormal_rows,short_wide,128,256,2.000000,20260311,1,bsqr_full,0.0011447500000000002,0.001176416,0.0011467553000000003,0.00123434215,540496,8.349405868397724e-16,1.0421179151825863e-14
20260310_213519,2026-03-10T21:35:19.470,orthonormal_rows,short_wide,128,256,2.000000,20260311,1,dgeqp3,0.0006045,0.0006199375,0.0006062646749999999,0.0006370251500000001,626080,9.536945077004151e-16,1.1171481988544365e-14
20260310_213519,2026-03-10T21:35:19.470,orthonormal_rows,short_wide,128,512,4.000000,20260311,1,bsqr_full,0.003003542,0.003121729,0.003014794175,0.0036132734750000004,1079120,8.819065854356855e-16,1.0803292358806448e-14
20260310_213519,2026-03-10T21:35:19.470,orthonormal_rows,short_wide,128,512,4.000000,20260311,1,dgeqp3,0.0014370000000000001,0.001619208,0.0014702519,0.001862027975,1217952,9.663646561507455e-16,1.0927139055145701e-14
20260310_213519,2026-03-10T21:35:19.470,orthonormal_rows,short_wide,128,1024,8.000000,20260311,1,bsqr_full,0.005513542000000001,0.0056212910000000005,0.005516933575000001,0.0059691902,2156368,8.658597480272449e-16,1.0462052529734556e-14
20260310_213519,2026-03-10T21:35:19.470,orthonormal_rows,short_wide,128,1024,8.000000,20260311,1,dgeqp3,0.0023705,0.0025523335,0.0023718062500000005,0.003226424425,2401696,9.36737387129817e-16,1.0962650183038587e-14
20260310_213519,2026-03-10T21:35:19.470,orthonormal_rows,short_wide,128,1280,10.000000,20260311,1,bsqr_full,0.006607125,0.0067828335,0.006608958425,0.007601910025,2694992,8.771659735029927e-16,1.0716820015594779e-14
20260310_213519,2026-03-10T21:35:19.470,orthonormal_rows,short_wide,128,1280,10.000000,20260311,1,dgeqp3,0.0030406250000000004,0.0032046665000000003,0.0030707834250000006,0.003752671075,2993568,9.262215368645637e-16,1.0827360574483933e-14
20260310_213519,2026-03-10T21:35:19.470,orthonormal_rows,short_wide,256,512,2.000000,20260311,1,bsqr_full,0.007695667000000001,0.007909187500000001,0.007719030450000001,0.00810489005,2128688,1.0962359775977696e-15,1.9958062638899554e-14
20260310_213519,2026-03-10T21:35:19.470,orthonormal_rows,short_wide,256,512,2.000000,20260311,1,dgeqp3,0.0030532080000000004,0.0031147915,0.0030589489000000004,0.003354026375,2267520,1.1856831012037004e-15,2.0384707505091446e-14
20260310_213519,2026-03-10T21:35:19.470,orthonormal_rows,short_wide,256,1024,4.000000,20260311,1,bsqr_full,0.014483792,0.014881166500000001,0.01450187325,0.018510223625000002,4254512,1.123647272315909e-15,1.9819950492812345e-14
20260310_213519,2026-03-10T21:35:19.470,orthonormal_rows,short_wide,256,1024,4.000000,20260311,1,dgeqp3,0.0055515420000000005,0.005875792,0.005584472975000001,0.007563494049999999,4499840,1.2129465950214619e-15,2.0481046295871887e-14
20260310_213519,2026-03-10T21:35:19.470,orthonormal_rows,short_wide,256,2048,8.000000,20260311,1,bsqr_full,0.025637417000000003,0.026317437500000002,0.0257049064,0.029192209375,8506160,1.1580663263184638e-15,2.01597467847316e-14
20260310_213519,2026-03-10T21:35:19.470,orthonormal_rows,short_wide,256,2048,8.000000,20260311,1,dgeqp3,0.011506334,0.011946083000000001,0.0115083734,0.012684707775,8997248,1.2335415579570937e-15,2.021501131461118e-14
20260310_213519,2026-03-10T21:35:19.470,orthonormal_rows,short_wide,256,2560,10.000000,20260311,1,bsqr_full,0.031671084,0.0329101245,0.031840655875,0.03645380435,10631984,1.1521040735739789e-15,2.0051840207865417e-14
20260310_213519,2026-03-10T21:35:19.470,orthonormal_rows,short_wide,256,2560,10.000000,20260311,1,dgeqp3,0.013092209,0.0142178535,0.013114483725,0.014773954875000002,11229568,1.216161226865179e-15,1.9941931450961737e-14
20260310_213519,2026-03-10T21:35:19.470,orthonormal_rows,short_wide,512,1024,2.000000,20260311,1,bsqr_full,0.037723625000000004,0.038702104,0.037841817800000004,0.042794652825,8450896,1.4771809787803038e-15,3.778311310250996e-14
20260310_213519,2026-03-10T21:35:19.470,orthonormal_rows,short_wide,512,1024,2.000000,20260311,1,dgeqp3,0.013420584000000001,0.013757354000000001,0.0134375306,0.015294003775,8696192,1.5429815480646574e-15,3.8357676599761715e-14
20260310_213519,2026-03-10T21:35:19.470,orthonormal_rows,short_wide,512,2048,4.000000,20260311,1,bsqr_full,0.07548200000000001,0.077212083,0.07552389185000001,0.081052403925,16896848,1.5325244739559865e-15,3.797026838663832e-14
20260310_213519,2026-03-10T21:35:19.470,orthonormal_rows,short_wide,512,2048,4.000000,20260311,1,dgeqp3,0.027557041,0.0285138545,0.027561005950000002,0.030792072300000004,17387904,1.5954916994264844e-15,3.8315435083225263e-14
20260310_213519,2026-03-10T21:35:19.470,orthonormal_rows,short_wide,512,4096,8.000000,20260311,1,bsqr_full,0.279334,0.28479393750000004,0.279508407475,0.289375577825,33788752,1.564947322933912e-15,3.804199018350925e-14
20260310_213519,2026-03-10T21:35:19.470,orthonormal_rows,short_wide,512,4096,8.000000,20260311,1,dgeqp3,0.08495991700000001,0.09199639600000001,0.08557497732500001,0.104654768175,34738560,1.6344854566186573e-15,3.861833160716533e-14
20260310_213519,2026-03-10T21:35:19.470,orthonormal_rows,short_wide,512,5120,10.000000,20260311,1,bsqr_full,0.480984791,0.48536245800000005,0.48169475975000003,0.5195437915,42406736,1.5720422996293653e-15,3.8111144852281356e-14
20260310_213519,2026-03-10T21:35:19.470,orthonormal_rows,short_wide,512,5120,10.000000,20260311,1,dgeqp3,0.17917791600000002,0.181438854,0.17935854535,0.19369941875000002,43422080,1.6331233947533745e-15,3.805561553868724e-14
20260310_213519,2026-03-10T21:35:19.470,gaussian,square,64,64,1.000000,20260310,8,bsqr_full,5.0708e-5,5.2041500000000006e-5,5.077675e-5,7.513182499999999e-5,70448,5.03033793517063e-16,6.120340120179768e-15
20260310_213519,2026-03-10T21:35:19.470,gaussian,square,64,64,1.000000,20260310,8,dgeqp3,2.9708e-5,3.0042e-5,2.9719550000000002e-5,4.3752975e-5,84864,5.666198486817479e-16,6.7452487783902275e-15
20260310_213519,2026-03-10T21:35:19.470,gaussian,square,128,128,1.000000,20260310,8,bsqr_full,0.00028645900000000003,0.00031175,0.00028713495000000003,0.00038813735,271408,6.686181351629145e-16,1.0800755521907212e-14
20260310_213519,2026-03-10T21:35:19.470,gaussian,square,128,128,1.000000,20260310,8,dgeqp3,0.00017350000000000002,0.00018270850000000002,0.000174840625,0.00018975640000000002,330176,7.422948244323313e-16,1.137342473976692e-14
20260310_213519,2026-03-10T21:35:19.470,gaussian,square,256,256,1.000000,20260310,8,bsqr_full,0.0028579160000000003,0.0029224370000000004,0.0028604141,0.003056942375,1065776,8.77250742749407e-16,1.970500250811095e-14
20260310_213519,2026-03-10T21:35:19.470,gaussian,square,256,256,1.000000,20260310,8,dgeqp3,0.001371583,0.0014799795000000001,0.00137552485,0.0015206173750000002,1151360,9.386055379847242e-16,2.0572568270262202e-14
20260310_213519,2026-03-10T21:35:19.470,gaussian,square,384,384,1.000000,20260310,8,bsqr_full,0.007231375000000001,0.007518625,0.007267182475000002,0.008165189675,2384688,1.0441139129947714e-15,2.93692546122203e-14
20260310_213519,2026-03-10T21:35:19.470,gaussian,square,384,384,1.000000,20260310,8,dgeqp3,0.0028715000000000004,0.003116437,0.002917596875,0.003179192,2496896,1.1028640212024972e-15,2.9944355287335726e-14
20260310_213519,2026-03-10T21:35:19.470,gaussian,square,512,512,1.000000,20260310,8,bsqr_full,0.015615500000000001,0.0160104165,0.015620575950000002,0.01944603845,4227920,1.1800323721507858e-15,3.773235386091771e-14
20260310_213519,2026-03-10T21:35:19.470,gaussian,square,512,512,1.000000,20260310,8,dgeqp3,0.005766125,0.0059653335,0.005784813725000001,0.0072900868499999995,4366720,1.2318358110178975e-15,3.853507660245813e-14
20260310_213519,2026-03-10T21:35:19.470,gaussian,short_wide,32,64,2.000000,20260310,8,bsqr_full,2.4750000000000002e-5,2.5771e-5,2.4807200000000002e-5,4.122755e-5,37424,4.698806541423732e-16,3.180617772234104e-15
20260310_213519,2026-03-10T21:35:19.470,gaussian,short_wide,32,64,2.000000,20260310,8,dgeqp3,1.3042000000000002e-5,1.33335e-5,1.3042000000000002e-5,2.3290775e-5,51840,5.273985607645884e-16,3.693271196396323e-15
20260310_213519,2026-03-10T21:35:19.470,gaussian,short_wide,32,128,4.000000,20260310,8,bsqr_full,4.55e-5,4.5854000000000005e-5,4.5522825e-5,6.4161275e-5,74000,4.750614029832647e-16,2.8920398485172468e-15
20260310_213519,2026-03-10T21:35:19.470,gaussian,short_wide,32,128,4.000000,20260310,8,dgeqp3,2.4625000000000002e-5,2.6209000000000003e-5,2.4670925000000003e-5,5.21311e-5,132768,6.475844923147124e-16,3.811723006756609e-15
20260310_213519,2026-03-10T21:35:19.470,gaussian,short_wide,32,256,8.000000,20260310,8,bsqr_full,9.187500000000001e-5,9.6167e-5,9.220720000000001e-5,0.000110794175,146480,5.26441292515532e-16,3.194378615032572e-15
20260310_213519,2026-03-10T21:35:19.470,gaussian,short_wide,32,256,8.000000,20260310,8,dgeqp3,4.6791e-5,4.9521e-5,4.7410025000000004e-5,5.7767e-5,232064,5.352615253229133e-16,3.0611839047459906e-15
20260310_213519,2026-03-10T21:35:19.470,gaussian,short_wide,32,320,10.000000,20260310,8,bsqr_full,0.000126375,0.0001443755,0.000129365625,0.000188915625,215600,6.128535644257156e-16,3.552429125621249e-15
20260310_213519,2026-03-10T21:35:19.470,gaussian,short_wide,32,320,10.000000,20260310,8,dgeqp3,5.5833000000000006e-5,5.9250500000000005e-5,5.5902025e-5,6.7355025e-5,298112,5.607794408833608e-16,2.979056128643505e-15
20260310_213519,2026-03-10T21:35:19.470,gaussian,short_wide,64,128,2.000000,20260310,8,bsqr_full,0.00011408300000000001,0.0001162705,0.00011414047500000001,0.00014175975000000002,139792,6.333058150522548e-16,6.171289394907295e-15
20260310_213519,2026-03-10T21:35:19.470,gaussian,short_wide,64,128,2.000000,20260310,8,dgeqp3,6.1541e-5,6.4021e-5,6.1575375e-5,8.185000000000001e-5,198560,6.832772172365391e-16,6.334439772255617e-15
20260310_213519,2026-03-10T21:35:19.470,gaussian,short_wide,64,256,4.000000,20260310,8,bsqr_full,0.00031020900000000004,0.000316729,0.00031055275,0.000329160975,277808,6.828564340587373e-16,6.02352954277965e-15
20260310_213519,2026-03-10T21:35:19.470,gaussian,short_wide,64,256,4.000000,20260310,8,dgeqp3,0.000131125,0.000138813,0.00013115937500000002,0.00014809345,363392,7.298178480879663e-16,6.2331589142131435e-15
20260310_213519,2026-03-10T21:35:19.470,gaussian,short_wide,64,512,8.000000,20260310,8,bsqr_full,0.000870916,0.0009023125,0.00087246315,0.0010417279750000001,554288,6.924716340209659e-16,6.115753404827552e-15
20260310_213519,2026-03-10T21:35:19.470,gaussian,short_wide,64,512,8.000000,20260310,8,dgeqp3,0.000418375,0.0004373755,0.000418558425,0.00046952435000000004,693120,7.74188419007738e-16,6.353066077127915e-15
20260310_213519,2026-03-10T21:35:19.470,gaussian,short_wide,64,640,10.000000,20260310,8,bsqr_full,0.0012699170000000002,0.0012809795000000002,0.001270065775,0.0014654963,692528,7.071260057902255e-16,6.068792252469506e-15
20260310_213519,2026-03-10T21:35:19.470,gaussian,short_wide,64,640,10.000000,20260310,8,dgeqp3,0.000551584,0.0005785,0.0005523859,0.000660501225,857984,7.733084959244496e-16,6.149259832286083e-15
20260310_213519,2026-03-10T21:35:19.470,gaussian,short_wide,128,256,2.000000,20260310,8,bsqr_full,0.001142875,0.0011588335000000001,0.00114415815,0.0013097080000000001,540496,7.844812805091723e-16,1.0447576153721297e-14
20260310_213519,2026-03-10T21:35:19.470,gaussian,short_wide,128,256,2.000000,20260310,8,dgeqp3,0.000608083,0.0006335005,0.000608277975,0.0007818170000000001,626080,9.073803642740834e-16,1.1258180171455982e-14
20260310_213519,2026-03-10T21:35:19.470,gaussian,short_wide,128,512,4.000000,20260310,8,bsqr_full,0.002923333,0.00309425,0.002929108,0.0033648644,1079120,8.550045280815424e-16,1.071732658517498e-14
20260310_213519,2026-03-10T21:35:19.470,gaussian,short_wide,128,512,4.000000,20260310,8,dgeqp3,0.0013962500000000001,0.0015890420000000001,0.0014089,0.0017818785500000002,1217952,9.647575613504381e-16,1.1331008903724139e-14
20260310_213519,2026-03-10T21:35:19.470,gaussian,short_wide,128,1024,8.000000,20260310,8,bsqr_full,0.005614166,0.005761833,0.005617340325,0.006038245125,2156368,8.694728409417369e-16,1.0749502861738854e-14
20260310_213519,2026-03-10T21:35:19.470,gaussian,short_wide,128,1024,8.000000,20260310,8,dgeqp3,0.0023748750000000002,0.0025412705,0.0023771437500000004,0.0031828345250000003,2401696,9.411617536575362e-16,1.1181302364980589e-14
20260310_213519,2026-03-10T21:35:19.470,gaussian,short_wide,128,1280,10.000000,20260310,8,bsqr_full,0.00673475,0.0071111460000000005,0.0067463228250000005,0.007772928125,2694992,8.986969492341306e-16,1.1356503844603612e-14
20260310_213519,2026-03-10T21:35:19.470,gaussian,short_wide,128,1280,10.000000,20260310,8,dgeqp3,0.002955959,0.0032130210000000004,0.0029561193250000005,0.0036283968750000003,2993568,9.113879825794314e-16,1.0740554317984834e-14
20260310_213519,2026-03-10T21:35:19.470,gaussian,short_wide,256,512,2.000000,20260310,8,bsqr_full,0.007678333000000001,0.0077980415,0.007679455825000001,0.00817714105,2128688,1.035339247825873e-15,1.9974764394532136e-14
20260310_213519,2026-03-10T21:35:19.470,gaussian,short_wide,256,512,2.000000,20260310,8,dgeqp3,0.0030787920000000003,0.003122146,0.0030856670000000003,0.0033173453500000005,2267520,1.1061125581379996e-15,2.049291092624453e-14
20260310_213519,2026-03-10T21:35:19.470,gaussian,short_wide,256,1024,4.000000,20260310,8,bsqr_full,0.014503458,0.015108146000000001,0.01452065705,0.019482966275,4254512,1.0886854946854279e-15,1.986697869417394e-14
20260310_213519,2026-03-10T21:35:19.470,gaussian,short_wide,256,1024,4.000000,20260310,8,dgeqp3,0.005744916,0.006019333500000001,0.005767844125,0.006651309375000001,4499840,1.1776405491313287e-15,2.0552115056505677e-14
20260310_213519,2026-03-10T21:35:19.470,gaussian,short_wide,256,2048,8.000000,20260310,8,bsqr_full,0.025961750000000002,0.027476396,0.0259861447,0.02963405175,8506160,1.1418018564306042e-15,2.017444963717558e-14
20260310_213519,2026-03-10T21:35:19.470,gaussian,short_wide,256,2048,8.000000,20260310,8,dgeqp3,0.010736375000000001,0.012009021,0.010899404075,0.013335656675000002,8997248,1.2120495498912797e-15,2.0187776031330084e-14
20260310_213519,2026-03-10T21:35:19.470,gaussian,short_wide,256,2560,10.000000,20260310,8,bsqr_full,0.031727042000000004,0.032845188000000004,0.0318674867,0.035342843750000005,10631984,1.1458156996131496e-15,2.0144867175807798e-14
20260310_213519,2026-03-10T21:35:19.470,gaussian,short_wide,256,2560,10.000000,20260310,8,dgeqp3,0.014239708,0.015816,0.014340277975,0.032194655025,11229568,1.2158849470978192e-15,2.0224025786065793e-14
20260310_213519,2026-03-10T21:35:19.470,gaussian,short_wide,512,1024,2.000000,20260310,8,bsqr_full,0.03770975,0.041503187500000004,0.037717048775000005,0.050972496075000005,8450896,1.3949229985381802e-15,3.810093293593582e-14
20260310_213519,2026-03-10T21:35:19.470,gaussian,short_wide,512,1024,2.000000,20260310,8,dgeqp3,0.013419625000000001,0.013941354000000001,0.013426752175,0.015745858425000002,8696192,1.4626702819321972e-15,3.8860971286930806e-14
20260310_213519,2026-03-10T21:35:19.470,gaussian,short_wide,512,2048,4.000000,20260310,8,bsqr_full,0.07499775,0.08307025,0.07573273315,0.09176936185000001,16896848,1.4957360705758979e-15,3.8085444991506977e-14
20260310_213519,2026-03-10T21:35:19.470,gaussian,short_wide,512,2048,4.000000,20260310,8,dgeqp3,0.027866875000000003,0.028906125,0.027921554075,0.030439660175,17387904,1.5601333097642303e-15,3.843630342014119e-14
20260310_213519,2026-03-10T21:35:19.470,gaussian,short_wide,512,4096,8.000000,20260310,8,bsqr_full,0.27823179200000003,0.280805104,0.27873554607500006,0.28805818125000004,33788752,1.5447488644265385e-15,3.837783073701415e-14
20260310_213519,2026-03-10T21:35:19.470,gaussian,short_wide,512,4096,8.000000,20260310,8,dgeqp3,0.08734283400000001,0.088980208,0.08735805057500001,0.09540081917500001,34738560,1.6228964501132258e-15,3.874050870843523e-14
20260310_213519,2026-03-10T21:35:19.470,gaussian,short_wide,512,5120,10.000000,20260310,8,bsqr_full,0.481607167,0.48330004200000004,0.48163299000000004,0.48658898975,42406736,1.5460585513538474e-15,3.8060877803994966e-14
20260310_213519,2026-03-10T21:35:19.470,gaussian,short_wide,512,5120,10.000000,20260310,8,dgeqp3,0.17958875000000002,0.18183575000000002,0.179636439675,0.19366685449999999,43422080,1.6220634764219517e-15,3.847738485894324e-14
20260310_213519,2026-03-10T21:35:19.470,ill_conditioned,square,64,64,1.000000,20260310,8,bsqr_full,4.9667000000000004e-5,5.0354000000000006e-5,4.971265e-5,8.3240475e-5,70448,4.449013907595209e-16,6.4184414645614935e-15
20260310_213519,2026-03-10T21:35:19.470,ill_conditioned,square,64,64,1.000000,20260310,8,dgeqp3,2.9875e-5,3.01455e-5,2.98981e-5,4.24758e-5,84864,4.609625957863963e-16,6.263608920773319e-15
20260310_213519,2026-03-10T21:35:19.470,ill_conditioned,square,128,128,1.000000,20260310,8,bsqr_full,0.000288,0.00029306300000000004,0.0002880572,0.000314451525,271408,5.341165831498178e-16,1.0721568556671318e-14
20260310_213519,2026-03-10T21:35:19.470,ill_conditioned,square,128,128,1.000000,20260310,8,dgeqp3,0.000174334,0.0001815215,0.000175089975,0.00019488982500000002,330176,5.874978681531595e-16,1.0800747738698454e-14
20260310_213519,2026-03-10T21:35:19.470,ill_conditioned,square,256,256,1.000000,20260310,8,bsqr_full,0.0028645420000000003,0.00291725,0.0028658138750000004,0.0030890031250000003,1065776,6.506449361568783e-16,2.011528003827265e-14
20260310_213519,2026-03-10T21:35:19.470,ill_conditioned,square,256,256,1.000000,20260310,8,dgeqp3,0.001550416,0.0015828745000000001,0.0015521119249999999,0.001617130825,1151360,7.130324204168857e-16,1.97974935722153e-14
20260310_213519,2026-03-10T21:35:19.470,ill_conditioned,square,384,384,1.000000,20260310,8,bsqr_full,0.007359750000000001,0.007625146,0.007398903125000001,0.008205850150000001,2384688,7.903038333267477e-16,2.9241742426155433e-14
20260310_213519,2026-03-10T21:35:19.470,ill_conditioned,square,384,384,1.000000,20260310,8,dgeqp3,0.003161334,0.0034412915,0.0031643471750000002,0.0035800959250000004,2496896,8.095159300337582e-16,2.9661339427226835e-14
20260310_213519,2026-03-10T21:35:19.470,ill_conditioned,square,512,512,1.000000,20260310,8,bsqr_full,0.015839375,0.016159125,0.015843717799999997,0.018991564825,4227920,8.505127162361573e-16,3.780358174623284e-14
20260310_213519,2026-03-10T21:35:19.470,ill_conditioned,square,512,512,1.000000,20260310,8,dgeqp3,0.0072050000000000005,0.0072537295,0.007210202175,0.008706106250000002,4366720,9.21308782685871e-16,3.833533347696419e-14
20260310_213519,2026-03-10T21:35:19.470,ill_conditioned,short_wide,32,64,2.000000,20260310,8,bsqr_full,2.4417e-5,2.4666500000000002e-5,2.4439825e-5,4.2826524999999996e-5,37424,3.221111236781005e-16,2.94137807234308e-15
20260310_213519,2026-03-10T21:35:19.470,ill_conditioned,short_wide,32,64,2.000000,20260310,8,dgeqp3,1.3500000000000001e-5,1.3729e-5,1.3522825e-5,2.718044999999999e-5,51840,3.0994257526104265e-16,3.161783335107325e-15
20260310_213519,2026-03-10T21:35:19.470,ill_conditioned,short_wide,32,128,4.000000,20260310,8,bsqr_full,4.6625e-5,4.69375e-5,4.6670925e-5,6.87928e-5,74000,3.0802750307509937e-16,3.1305714524682752e-15
20260310_213519,2026-03-10T21:35:19.470,ill_conditioned,short_wide,32,128,4.000000,20260310,8,dgeqp3,2.4458000000000002e-5,2.5020500000000002e-5,2.4492375e-5,4.157419999999999e-5,132768,3.135248433344453e-16,3.2069792898259485e-15
20260310_213519,2026-03-10T21:35:19.470,ill_conditioned,short_wide,32,256,8.000000,20260310,8,bsqr_full,9.4833e-5,9.62085e-5,9.4867375e-5,0.00011707854999999999,146480,4.472119550803895e-16,2.9929962233693825e-15
20260310_213519,2026-03-10T21:35:19.470,ill_conditioned,short_wide,32,256,8.000000,20260310,8,dgeqp3,5.2917e-5,5.527100000000001e-5,5.2997025e-5,8.65463e-5,232064,4.4130719768292627e-16,3.1112570440109666e-15
20260310_213519,2026-03-10T21:35:19.470,ill_conditioned,short_wide,32,320,10.000000,20260310,8,bsqr_full,0.000126959,0.00014347950000000002,0.0001280359,0.000244858,215600,3.272277639572165e-16,2.971328403950566e-15
20260310_213519,2026-03-10T21:35:19.470,ill_conditioned,short_wide,32,320,10.000000,20260310,8,dgeqp3,6.158300000000001e-5,6.46665e-5,6.1984225e-5,8.4478275e-5,298112,5.306089943031449e-16,3.452439631952134e-15
20260310_213519,2026-03-10T21:35:19.470,ill_conditioned,short_wide,64,128,2.000000,20260310,8,bsqr_full,0.00011625,0.00012141650000000001,0.00011628437500000002,0.000136872825,139792,4.521901687126054e-16,5.7649743437428416e-15
20260310_213519,2026-03-10T21:35:19.470,ill_conditioned,short_wide,64,128,2.000000,20260310,8,dgeqp3,6.2958e-5,6.385450000000001e-5,6.2958e-5,7.9375e-5,198560,4.245919578781878e-16,6.471723249199834e-15
20260310_213519,2026-03-10T21:35:19.470,ill_conditioned,short_wide,64,256,4.000000,20260310,8,bsqr_full,0.000308083,0.00031633350000000003,0.000308266425,0.0003485625,277808,6.494630391100627e-16,6.526507934131514e-15
20260310_213519,2026-03-10T21:35:19.470,ill_conditioned,short_wide,64,256,4.000000,20260310,8,dgeqp3,0.00013525,0.000148104,0.00013526155000000002,0.000162396875,363392,6.814814383317726e-16,6.1008077372562166e-15
20260310_213519,2026-03-10T21:35:19.470,ill_conditioned,short_wide,64,512,8.000000,20260310,8,bsqr_full,0.0008932500000000001,0.0009116455,0.000893696875,0.001005791425,554288,5.222536361650213e-16,6.2475140692954625e-15
20260310_213519,2026-03-10T21:35:19.470,ill_conditioned,short_wide,64,512,8.000000,20260310,8,dgeqp3,0.00042625000000000003,0.00044629200000000004,0.000426433425,0.0005621939,693120,4.545868746334843e-16,6.430041807702196e-15
20260310_213519,2026-03-10T21:35:19.470,ill_conditioned,short_wide,64,640,10.000000,20260310,8,bsqr_full,0.0012765410000000002,0.0013372500000000001,0.0012783172250000001,0.001478881625,692528,6.075522671376223e-16,6.4240552944315024e-15
20260310_213519,2026-03-10T21:35:19.470,ill_conditioned,short_wide,64,640,10.000000,20260310,8,dgeqp3,0.000575875,0.000603083,0.000576528125,0.000669672675,857984,5.47395879098972e-16,6.244902073671301e-15
20260310_213519,2026-03-10T21:35:19.470,ill_conditioned,short_wide,128,256,2.000000,20260310,8,bsqr_full,0.001139417,0.0011567505000000002,0.001139978275,0.0012818148250000002,540496,6.04285253673361e-16,1.0324105113072719e-14
20260310_213519,2026-03-10T21:35:19.470,ill_conditioned,short_wide,128,256,2.000000,20260310,8,dgeqp3,0.000609667,0.0006237710000000001,0.0006100564,0.0006573569,626080,5.845018721518854e-16,1.1283980246422476e-14
20260310_213519,2026-03-10T21:35:19.470,ill_conditioned,short_wide,128,512,4.000000,20260310,8,bsqr_full,0.002913291,0.003121542,0.00291839005,0.0033780369250000003,1079120,6.521147702188496e-16,1.0875119933673605e-14
20260310_213519,2026-03-10T21:35:19.470,ill_conditioned,short_wide,128,512,4.000000,20260310,8,dgeqp3,0.001490416,0.0016291045,0.0015023785000000001,0.0020434249999999998,1217952,7.527456852572146e-16,1.1300603676884122e-14
20260310_213519,2026-03-10T21:35:19.470,ill_conditioned,short_wide,128,1024,8.000000,20260310,8,bsqr_full,0.005554458,0.005728312500000001,0.00557990705,0.006049888725,2156368,6.179106410911623e-16,1.0658409995032913e-14
20260310_213519,2026-03-10T21:35:19.470,ill_conditioned,short_wide,128,1024,8.000000,20260310,8,dgeqp3,0.0024165000000000002,0.0026557295,0.00243931345,0.003159299425,2401696,6.71255838723544e-16,1.0803209881450636e-14
20260310_213519,2026-03-10T21:35:19.470,ill_conditioned,short_wide,128,1280,10.000000,20260310,8,bsqr_full,0.006624042,0.0068992085,0.00665017855,0.007839305825,2694992,6.221101294029332e-16,1.052551598206836e-14
20260310_213519,2026-03-10T21:35:19.470,ill_conditioned,short_wide,128,1280,10.000000,20260310,8,dgeqp3,0.0029213330000000003,0.0032165830000000003,0.0029338798750000003,0.003687942375,2993568,7.216800708928059e-16,1.1303891829102012e-14
20260310_213519,2026-03-10T21:35:19.470,ill_conditioned,short_wide,256,512,2.000000,20260310,8,bsqr_full,0.007727584000000001,0.0079426465,0.0077297034250000006,0.008182425,2128688,7.645380334581172e-16,1.9960124035979265e-14
20260310_213519,2026-03-10T21:35:19.470,ill_conditioned,short_wide,256,512,2.000000,20260310,8,dgeqp3,0.00348475,0.0035636665000000002,0.003487671875,0.0037417445500000004,2267520,8.537745641342891e-16,2.0754605956034548e-14
20260310_213519,2026-03-10T21:35:19.470,ill_conditioned,short_wide,256,1024,4.000000,20260310,8,bsqr_full,0.014418416000000002,0.014921458,0.014420879725000002,0.018387177025,4254512,8.017186274248727e-16,1.9973249717907112e-14
20260310_213519,2026-03-10T21:35:19.470,ill_conditioned,short_wide,256,1024,4.000000,20260310,8,dgeqp3,0.0070401660000000005,0.0072986875000000005,0.007053847525,0.008974039975,4499840,8.900907051189964e-16,2.0414808008500122e-14
20260310_213519,2026-03-10T21:35:19.470,ill_conditioned,short_wide,256,2048,8.000000,20260310,8,bsqr_full,0.025766125,0.026493541500000002,0.025802860325,0.029058402975,8506160,8.124451450310971e-16,1.965117618551894e-14
20260310_213519,2026-03-10T21:35:19.470,ill_conditioned,short_wide,256,2048,8.000000,20260310,8,dgeqp3,0.014454292,0.01491425,0.0144894689,0.016771260599999997,8997248,9.146123790014102e-16,2.0625306482651764e-14
20260310_213519,2026-03-10T21:35:19.470,ill_conditioned,short_wide,256,2560,10.000000,20260310,8,bsqr_full,0.031895917,0.0328206245,0.031935906400000005,0.036120157050000004,10631984,8.2128020237891e-16,2.0143263429641757e-14
20260310_213519,2026-03-10T21:35:19.470,ill_conditioned,short_wide,256,2560,10.000000,20260310,8,dgeqp3,0.018127333000000002,0.0183155415,0.01812830705,0.019138689025000002,11229568,9.232669665310006e-16,2.0484101630028475e-14
20260310_213519,2026-03-10T21:35:19.470,ill_conditioned,short_wide,512,1024,2.000000,20260310,8,bsqr_full,0.038005417,0.039096854,0.038055191725,0.04336363395000001,8450896,1.0241146025649078e-15,3.797576671807655e-14
20260310_213519,2026-03-10T21:35:19.470,ill_conditioned,short_wide,512,1024,2.000000,20260310,8,dgeqp3,0.017912459000000002,0.018255125,0.017946100300000004,0.019731094325,8696192,1.0592061488618104e-15,3.840072672983919e-14
20260310_213519,2026-03-10T21:35:19.470,ill_conditioned,short_wide,512,2048,4.000000,20260310,8,bsqr_full,0.07665100000000001,0.078272375,0.07670308940000001,0.08152745042500001,16896848,1.0793459275495152e-15,3.798181677993842e-14
20260310_213519,2026-03-10T21:35:19.470,ill_conditioned,short_wide,512,2048,4.000000,20260310,8,dgeqp3,0.037612833000000005,0.0387927915,0.03776074862500001,0.04150670705,17387904,1.1510810439530265e-15,3.852774041126248e-14
20260310_213519,2026-03-10T21:35:19.470,ill_conditioned,short_wide,512,4096,8.000000,20260310,8,bsqr_full,0.28025587500000004,0.30512062500000003,0.2813996,0.37269425159999997,33788752,1.122255340722795e-15,3.799591563293185e-14
20260310_213519,2026-03-10T21:35:19.470,ill_conditioned,short_wide,512,4096,8.000000,20260310,8,dgeqp3,0.105459625,0.11573822900000001,0.106015697825,0.12062001657500002,34738560,1.1768496838881972e-15,3.85768285205547e-14
20260310_213519,2026-03-10T21:35:19.470,ill_conditioned,short_wide,512,5120,10.000000,20260310,8,bsqr_full,0.483397375,0.48846700000000004,0.48340173950000004,0.49801154225,42406736,1.1098566203610138e-15,3.7865297879385813e-14
20260310_213519,2026-03-10T21:35:19.470,ill_conditioned,short_wide,512,5120,10.000000,20260310,8,dgeqp3,0.211322375,0.21348468750000002,0.21148762717500003,0.215761342375,43422080,1.1755325843749627e-15,3.876472509164444e-14
20260310_213519,2026-03-10T21:35:19.470,orthonormal_rows,square,64,64,1.000000,20260310,8,bsqr_full,4.8375000000000004e-5,4.91035e-5,4.8386275e-5,7.0489525e-5,70448,5.861736482260076e-16,5.8807135294419466e-15
20260310_213519,2026-03-10T21:35:19.470,orthonormal_rows,square,64,64,1.000000,20260310,8,dgeqp3,2.9791000000000003e-5,3.0396000000000002e-5,2.9814100000000003e-5,4.2241575e-5,84864,6.618802333478871e-16,6.331072905783192e-15
20260310_213519,2026-03-10T21:35:19.470,orthonormal_rows,square,128,128,1.000000,20260310,8,bsqr_full,0.000289416,0.00029837500000000003,0.00028970255000000005,0.00031493655,271408,7.4456395900401e-16,1.0597883063454071e-14
20260310_213519,2026-03-10T21:35:19.470,orthonormal_rows,square,128,128,1.000000,20260310,8,dgeqp3,0.000172625,0.0001812085,0.000174011275,0.00019406890000000002,330176,8.557210150687745e-16,1.0958859624315797e-14
20260310_213519,2026-03-10T21:35:19.470,orthonormal_rows,square,256,256,1.000000,20260310,8,bsqr_full,0.002844791,0.00290075,0.002847747525,0.0031134926500000003,1065776,9.585192912377787e-16,1.9492994055253526e-14
20260310_213519,2026-03-10T21:35:19.470,orthonormal_rows,square,256,256,1.000000,20260310,8,dgeqp3,0.001325667,0.0014725625000000001,0.001351677325,0.0016776644,1151360,1.0308245208937303e-15,2.0361319870839337e-14
20260310_213519,2026-03-10T21:35:19.470,orthonormal_rows,square,384,384,1.000000,20260310,8,bsqr_full,0.007205208,0.007512708000000001,0.007250663300000001,0.0085150939,2384688,1.1394548920014404e-15,2.9140629475315305e-14
20260310_213519,2026-03-10T21:35:19.470,orthonormal_rows,square,384,384,1.000000,20260310,8,dgeqp3,0.0028355840000000004,0.0030644170000000003,0.002854845275,0.00316983685,2496896,1.198382281294901e-15,2.944734402754078e-14
20260310_213519,2026-03-10T21:35:19.470,orthonormal_rows,square,512,512,1.000000,20260310,8,bsqr_full,0.015454958000000001,0.015992812000000002,0.015572692375000002,0.0203056598,4227920,1.2962812987491303e-15,3.805330200955859e-14
20260310_213519,2026-03-10T21:35:19.470,orthonormal_rows,square,512,512,1.000000,20260310,8,dgeqp3,0.005632459,0.005884396,0.005660795275,0.007689355449999999,4366720,1.3517483919246883e-15,3.874422038606708e-14
20260310_213519,2026-03-10T21:35:19.470,orthonormal_rows,short_wide,32,64,2.000000,20260310,8,bsqr_full,2.4834000000000003e-5,2.7125000000000002e-5,2.5063075000000002e-5,0.00011394942499999997,37424,5.229522770062563e-16,3.1948738767555877e-15
20260310_213519,2026-03-10T21:35:19.470,orthonormal_rows,short_wide,32,64,2.000000,20260310,8,dgeqp3,1.2792e-5,1.31875e-5,1.28492e-5,2.5137649999999998e-5,51840,5.453099148214502e-16,2.970298943968337e-15
20260310_213519,2026-03-10T21:35:19.470,orthonormal_rows,short_wide,32,128,4.000000,20260310,8,bsqr_full,4.4541000000000006e-5,4.575e-5,4.458692500000001e-5,6.5494325e-5,74000,5.922701565289484e-16,3.543473570537575e-15
20260310_213519,2026-03-10T21:35:19.470,orthonormal_rows,short_wide,32,128,4.000000,20260310,8,dgeqp3,2.3500000000000002e-5,2.43335e-5,2.3522825000000003e-5,4.113654999999999e-5,132768,5.502676282328864e-16,3.10888807948432e-15
20260310_213519,2026-03-10T21:35:19.470,orthonormal_rows,short_wide,32,256,8.000000,20260310,8,bsqr_full,9.429200000000001e-5,9.612450000000001e-5,9.4372025e-5,0.0001105205,146480,5.4644911223717235e-16,3.038927903511318e-15
20260310_213519,2026-03-10T21:35:19.470,orthonormal_rows,short_wide,32,256,8.000000,20260310,8,dgeqp3,4.8459000000000005e-5,5.23545e-5,4.8664975e-5,6.3167525e-5,232064,6.349686229797781e-16,3.7644457270303574e-15
20260310_213519,2026-03-10T21:35:19.470,orthonormal_rows,short_wide,32,320,10.000000,20260310,8,bsqr_full,0.00012170800000000001,0.0001360835,0.0001223614,0.000222203275,215600,5.099168886522913e-16,2.897778832135926e-15
20260310_213519,2026-03-10T21:35:19.470,orthonormal_rows,short_wide,32,320,10.000000,20260310,8,dgeqp3,5.4958000000000005e-5,5.7417e-5,5.5003925000000005e-5,6.828125e-5,298112,6.393030166296132e-16,3.4909345102100197e-15
20260310_213519,2026-03-10T21:35:19.470,orthonormal_rows,short_wide,64,128,2.000000,20260310,8,bsqr_full,0.00011345800000000001,0.00011781250000000001,0.00011390515,0.000134361925,139792,6.579084608092626e-16,6.046730994906331e-15
20260310_213519,2026-03-10T21:35:19.470,orthonormal_rows,short_wide,64,128,2.000000,20260310,8,dgeqp3,6.0417e-5,6.166650000000001e-5,6.0439825000000005e-5,7.6567225e-5,198560,7.682472285457276e-16,6.72977107987403e-15
20260310_213519,2026-03-10T21:35:19.470,orthonormal_rows,short_wide,64,256,4.000000,20260310,8,bsqr_full,0.00029958400000000004,0.000321875,0.000301428425,0.00033383720000000004,277808,6.979594454041794e-16,6.4140717059148974e-15
20260310_213519,2026-03-10T21:35:19.470,orthonormal_rows,short_wide,64,256,4.000000,20260310,8,dgeqp3,0.00013379100000000002,0.000139729,0.000133928775,0.0001766338,363392,7.56520340693795e-16,6.346967285868866e-15
20260310_213519,2026-03-10T21:35:19.470,orthonormal_rows,short_wide,64,512,8.000000,20260310,8,bsqr_full,0.000859666,0.0008812705,0.000862519125,0.000999384,554288,7.388319946980621e-16,6.282655532336337e-15
20260310_213519,2026-03-10T21:35:19.470,orthonormal_rows,short_wide,64,512,8.000000,20260310,8,dgeqp3,0.000397458,0.00041362550000000005,0.000399772675,0.0004382162,693120,7.971907035605323e-16,6.683035149244319e-15
20260310_213519,2026-03-10T21:35:19.470,orthonormal_rows,short_wide,64,640,10.000000,20260310,8,bsqr_full,0.001249709,0.001291313,0.0012537077750000001,0.0014300402,692528,7.174379155084714e-16,6.209628362008873e-15
20260310_213519,2026-03-10T21:35:19.470,orthonormal_rows,short_wide,64,640,10.000000,20260310,8,dgeqp3,0.000548208,0.0005704585,0.000549216425,0.0005926249999999999,857984,7.825263003539637e-16,6.085603583613787e-15
20260310_213519,2026-03-10T21:35:19.470,orthonormal_rows,short_wide,128,256,2.000000,20260310,8,bsqr_full,0.001141375,0.0011612500000000002,0.00114187935,0.0013111790750000001,540496,8.395054333809558e-16,1.0527412285585612e-14
20260310_213519,2026-03-10T21:35:19.470,orthonormal_rows,short_wide,128,256,2.000000,20260310,8,dgeqp3,0.0006082500000000001,0.0006156040000000001,0.000608708425,0.0007533048750000001,626080,9.329815579912067e-16,1.0828885011438264e-14
20260310_213519,2026-03-10T21:35:19.470,orthonormal_rows,short_wide,128,512,4.000000,20260310,8,bsqr_full,0.00290775,0.0031261460000000002,0.0029216718750000002,0.0033541609,1079120,8.698371690413206e-16,1.0496764083973252e-14
20260310_213519,2026-03-10T21:35:19.470,orthonormal_rows,short_wide,128,512,4.000000,20260310,8,dgeqp3,0.001412833,0.0016081045000000001,0.0014521008000000003,0.0017865295000000002,1217952,9.702767517531856e-16,1.0972015982778148e-14
20260310_213519,2026-03-10T21:35:19.470,orthonormal_rows,short_wide,128,1024,8.000000,20260310,8,bsqr_full,0.005486667000000001,0.005595229500000001,0.005488626375000001,0.005967902550000001,2156368,8.970604510872343e-16,1.0821097741602073e-14
20260310_213519,2026-03-10T21:35:19.470,orthonormal_rows,short_wide,128,1024,8.000000,20260310,8,dgeqp3,0.002425708,0.002582792,0.00243234265,0.003235659375,2401696,9.620139070042109e-16,1.145563381410992e-14
20260310_213519,2026-03-10T21:35:19.470,orthonormal_rows,short_wide,128,1280,10.000000,20260310,8,bsqr_full,0.006657292,0.0069615415000000005,0.0066636398250000005,0.0077129744250000005,2694992,8.782263864559515e-16,1.0380623285194885e-14
20260310_213519,2026-03-10T21:35:19.470,orthonormal_rows,short_wide,128,1280,10.000000,20260310,8,dgeqp3,0.0029538330000000003,0.0031125420000000003,0.002956961125,0.0038292944,2993568,9.448548790797445e-16,1.1189452242435731e-14
20260310_213519,2026-03-10T21:35:19.470,orthonormal_rows,short_wide,256,512,2.000000,20260310,8,bsqr_full,0.007602208,0.007754250000000001,0.007615797675,0.0079679697,2128688,1.1008233860797208e-15,2.0034962781554602e-14
20260310_213519,2026-03-10T21:35:19.470,orthonormal_rows,short_wide,256,512,2.000000,20260310,8,dgeqp3,0.003088958,0.003155208,0.0030961423750000003,0.003460649575,2267520,1.177405273796417e-15,2.0609291211341937e-14
20260310_213519,2026-03-10T21:35:19.470,orthonormal_rows,short_wide,256,1024,4.000000,20260310,8,bsqr_full,0.014464792,0.0148986875,0.014498318900000001,0.0188375295,4254512,1.1277293571005147e-15,1.9944328589586015e-14
20260310_213519,2026-03-10T21:35:19.470,orthonormal_rows,short_wide,256,1024,4.000000,20260310,8,dgeqp3,0.005727458,0.005888687500000001,0.0057393173750000005,0.007690111699999999,4499840,1.20435475282947e-15,1.9908652022315682e-14
20260310_213519,2026-03-10T21:35:19.470,orthonormal_rows,short_wide,256,2048,8.000000,20260310,8,bsqr_full,0.025886334,0.0261043335,0.025891112124999997,0.028983730149999998,8506160,1.1508760246626854e-15,2.007674343820677e-14
20260310_213519,2026-03-10T21:35:19.470,orthonormal_rows,short_wide,256,2048,8.000000,20260310,8,dgeqp3,0.011546250000000001,0.011799479,0.011548530025,0.012944325000000001,8997248,1.2236065852991844e-15,2.0425354060588413e-14
20260310_213519,2026-03-10T21:35:19.470,orthonormal_rows,short_wide,256,2560,10.000000,20260310,8,bsqr_full,0.031867292000000005,0.0333116875,0.031911773250000004,0.035451576525,10631984,1.1520070740074563e-15,2.0209805244198826e-14
20260310_213519,2026-03-10T21:35:19.470,orthonormal_rows,short_wide,256,2560,10.000000,20260310,8,dgeqp3,0.013703958,0.014418333,0.013794502025,0.0158684662,11229568,1.2315071863779652e-15,2.0028085064905678e-14
20260310_213519,2026-03-10T21:35:19.470,orthonormal_rows,short_wide,512,1024,2.000000,20260310,8,bsqr_full,0.038233292,0.039482187,0.038281256675,0.04246428045,8450896,1.4783297619794766e-15,3.7990126397794705e-14
20260310_213519,2026-03-10T21:35:19.470,orthonormal_rows,short_wide,512,1024,2.000000,20260310,8,dgeqp3,0.013252541000000001,0.0138896465,0.013304802550000001,0.01591600015,8696192,1.551097941221059e-15,3.8543412004236824e-14
20260310_213519,2026-03-10T21:35:19.470,orthonormal_rows,short_wide,512,2048,4.000000,20260310,8,bsqr_full,0.076996459,0.0781083125,0.077001076525,0.080959609225,16896848,1.5365805974348455e-15,3.7873805898159846e-14
20260310_213519,2026-03-10T21:35:19.470,orthonormal_rows,short_wide,512,2048,4.000000,20260310,8,dgeqp3,0.027609583,0.028452458500000003,0.027686984225000003,0.031355448475000006,17387904,1.6005429994848368e-15,3.842878828195773e-14
20260310_213519,2026-03-10T21:35:19.470,orthonormal_rows,short_wide,512,4096,8.000000,20260310,8,bsqr_full,0.280297167,0.2847915835,0.28091472515,0.31956417405000004,33788752,1.5527336245635174e-15,3.778041903927202e-14
20260310_213519,2026-03-10T21:35:19.470,orthonormal_rows,short_wide,512,4096,8.000000,20260310,8,dgeqp3,0.087182916,0.0958686665,0.08770201315,0.12237076969999999,34738560,1.6274700298112258e-15,3.8350060607070936e-14
20260310_213519,2026-03-10T21:35:19.470,orthonormal_rows,short_wide,512,5120,10.000000,20260310,8,bsqr_full,0.48399416700000003,0.5043318960000001,0.48405416707500004,0.5512381406250001,42406736,1.5601047877350429e-15,3.783451947296907e-14
20260310_213519,2026-03-10T21:35:19.470,orthonormal_rows,short_wide,512,5120,10.000000,20260310,8,dgeqp3,0.178117416,0.17951529200000002,0.178119054725,0.1830884189,43422080,1.6288604369711758e-15,3.853594149714813e-14
20260310_213519,2026-03-10T21:35:19.470,gaussian,square,64,64,1.000000,20260311,8,bsqr_full,4.9292e-5,5.0146000000000004e-5,4.9314825000000006e-5,7.013952499999999e-5,70448,5.173036916822481e-16,6.135141110529283e-15
20260310_213519,2026-03-10T21:35:19.470,gaussian,square,64,64,1.000000,20260311,8,dgeqp3,2.9875e-5,3.03125e-5,2.9886550000000003e-5,4.2656824999999996e-5,84864,6.178813812713318e-16,6.800849759511058e-15
20260310_213519,2026-03-10T21:35:19.470,gaussian,square,128,128,1.000000,20260311,8,bsqr_full,0.000286958,0.00030535450000000004,0.000289066425,0.00035368902500000003,271408,6.755000885421311e-16,1.0778053237041686e-14
20260310_213519,2026-03-10T21:35:19.470,gaussian,square,128,128,1.000000,20260311,8,dgeqp3,0.00017654200000000002,0.0001885415,0.00017679390000000002,0.000198996875,330176,7.322030187546923e-16,1.0919553349202372e-14
20260310_213519,2026-03-10T21:35:19.470,gaussian,square,256,256,1.000000,20260311,8,bsqr_full,0.0028080410000000003,0.0028826665,0.0028192703500000004,0.003057852325,1065776,8.774146511400388e-16,1.9803035724803173e-14
20260310_213519,2026-03-10T21:35:19.470,gaussian,square,256,256,1.000000,20260311,8,dgeqp3,0.0013192500000000001,0.0014699585000000001,0.00134145625,0.0015031952750000001,1151360,9.33456043186498e-16,2.0433269593760602e-14
20260310_213519,2026-03-10T21:35:19.470,gaussian,square,384,384,1.000000,20260311,8,bsqr_full,0.0073780420000000005,0.007610979,0.0073783511,0.008177133000000001,2384688,1.0441447001660396e-15,2.9231900502664684e-14
20260310_213519,2026-03-10T21:35:19.470,gaussian,square,384,384,1.000000,20260311,8,dgeqp3,0.0030719170000000004,0.0031312495,0.0030737845250000005,0.003265123625,2496896,1.0931840840153979e-15,2.978563838141321e-14
20260310_213519,2026-03-10T21:35:19.470,gaussian,square,512,512,1.000000,20260311,8,bsqr_full,0.01593775,0.016146917,0.015943731250000003,0.0194855439,4227920,1.1828424777387299e-15,3.807118054142417e-14
20260310_213519,2026-03-10T21:35:19.470,gaussian,square,512,512,1.000000,20260311,8,dgeqp3,0.00573575,0.0058769585000000004,0.005747322825000001,0.007857433725000001,4366720,1.2232033880122052e-15,3.8194821790485803e-14
20260310_213519,2026-03-10T21:35:19.470,gaussian,short_wide,32,64,2.000000,20260311,8,bsqr_full,2.375e-5,2.4417e-5,2.3772825e-5,4.350327499999999e-5,37424,4.721582348275617e-16,3.0840980061099282e-15
20260310_213519,2026-03-10T21:35:19.470,gaussian,short_wide,32,64,2.000000,20260311,8,dgeqp3,1.3041000000000001e-5,1.3292e-5,1.3064099999999999e-5,2.5303699999999996e-5,51840,4.855701569432252e-16,2.9648937157391024e-15
20260310_213519,2026-03-10T21:35:19.470,gaussian,short_wide,32,128,4.000000,20260311,8,bsqr_full,4.525e-5,4.5667e-5,4.5307200000000006e-5,6.2191725e-5,74000,5.204650197628865e-16,3.0389662831814307e-15
20260310_213519,2026-03-10T21:35:19.470,gaussian,short_wide,32,128,4.000000,20260311,8,dgeqp3,2.3584e-5,2.4667000000000003e-5,2.36984e-5,3.48109e-5,132768,4.688560385229229e-16,2.9513085585140335e-15
20260310_213519,2026-03-10T21:35:19.470,gaussian,short_wide,32,256,8.000000,20260311,8,bsqr_full,9.495800000000001e-5,9.679150000000001e-5,9.496955000000002e-5,0.00011484767499999999,146480,5.185648036103805e-16,3.1176190896912845e-15
20260310_213519,2026-03-10T21:35:19.470,gaussian,short_wide,32,256,8.000000,20260311,8,dgeqp3,4.6208e-5,5.0812e-5,4.627675e-5,6.17242e-5,232064,5.667673491184646e-16,3.3669407981374167e-15
20260310_213519,2026-03-10T21:35:19.470,gaussian,short_wide,32,320,10.000000,20260311,8,bsqr_full,0.000122666,0.00012625,0.0001226891,0.0001427436,215600,5.531193928631543e-16,3.267577330812575e-15
20260310_213519,2026-03-10T21:35:19.470,gaussian,short_wide,32,320,10.000000,20260311,8,dgeqp3,5.6458e-5,6.13125e-5,5.7523625e-5,6.9911125e-5,298112,6.399949295691565e-16,3.627884401090841e-15
20260310_213519,2026-03-10T21:35:19.470,gaussian,short_wide,64,128,2.000000,20260311,8,bsqr_full,0.00011408300000000001,0.00011872900000000001,0.000114128925,0.00014178517500000002,139792,6.033929672578217e-16,6.041104123381279e-15
20260310_213519,2026-03-10T21:35:19.470,gaussian,short_wide,64,128,2.000000,20260311,8,dgeqp3,6.2125e-5,6.797900000000001e-5,6.217065000000001e-5,8.802435000000001e-5,198560,6.8930611440657915e-16,6.6912381879045375e-15
20260310_213519,2026-03-10T21:35:19.470,gaussian,short_wide,64,256,4.000000,20260311,8,bsqr_full,0.00030250000000000003,0.00031727050000000004,0.0003038981,0.00038623845000000006,277808,6.656769391855949e-16,6.224893120676347e-15
20260310_213519,2026-03-10T21:35:19.470,gaussian,short_wide,64,256,4.000000,20260311,8,dgeqp3,0.000133334,0.00014187500000000002,0.000133814975,0.00015222485,363392,7.336992598859456e-16,6.44817860425458e-15
20260310_213519,2026-03-10T21:35:19.470,gaussian,short_wide,64,512,8.000000,20260311,8,bsqr_full,0.0008650000000000001,0.000879104,0.0008654009500000001,0.0010259378,554288,6.998066494056216e-16,6.17859648914341e-15
20260310_213519,2026-03-10T21:35:19.470,gaussian,short_wide,64,512,8.000000,20260311,8,dgeqp3,0.000400875,0.000417208,0.00040202065,0.00046530827500000004,693120,7.726057226492427e-16,6.295616132078718e-15
20260310_213519,2026-03-10T21:35:19.470,gaussian,short_wide,64,640,10.000000,20260311,8,bsqr_full,0.0012675000000000002,0.0013097085,0.0012680384500000001,0.001482435175,692528,7.231396220497438e-16,6.276900924551139e-15
20260310_213519,2026-03-10T21:35:19.470,gaussian,short_wide,64,640,10.000000,20260311,8,dgeqp3,0.0005444170000000001,0.000568417,0.000546582625,0.000711057475,857984,7.389781355295713e-16,6.036978057500461e-15
20260310_213519,2026-03-10T21:35:19.470,gaussian,short_wide,128,256,2.000000,20260311,8,bsqr_full,0.0011362920000000001,0.0011579375000000001,0.001139041725,0.001298030025,540496,7.796482675678341e-16,1.0712092993398736e-14
20260310_213519,2026-03-10T21:35:19.470,gaussian,short_wide,128,256,2.000000,20260311,8,dgeqp3,0.000601166,0.000615896,0.0006012809499999999,0.0007985789250000001,626080,8.915658048740946e-16,1.1433054369064875e-14
20260310_213519,2026-03-10T21:35:19.470,gaussian,short_wide,128,512,4.000000,20260311,8,bsqr_full,0.003066875,0.003122812,0.0030738874999999997,0.003318859375,1079120,8.564052229170906e-16,1.0666414390987067e-14
20260310_213519,2026-03-10T21:35:19.470,gaussian,short_wide,128,512,4.000000,20260311,8,dgeqp3,0.001571542,0.0016074375000000001,0.0015748992000000001,0.0019251718750000002,1217952,9.415786924817925e-16,1.1025797329471923e-14
20260310_213519,2026-03-10T21:35:19.470,gaussian,short_wide,128,1024,8.000000,20260311,8,bsqr_full,0.005361792000000001,0.005665750000000001,0.005364828550000001,0.0059559156250000005,2156368,8.769010611420552e-16,1.084055980750701e-14
20260310_213519,2026-03-10T21:35:19.470,gaussian,short_wide,128,1024,8.000000,20260311,8,dgeqp3,0.00246525,0.0025946245,0.00246977595,0.003176784375,2401696,9.387585414930366e-16,1.1022850949439968e-14
20260310_213519,2026-03-10T21:35:19.470,gaussian,short_wide,128,1280,10.000000,20260311,8,bsqr_full,0.006516666000000001,0.006749771000000001,0.006526864100000002,0.0076298236250000005,2694992,8.543866247279505e-16,1.0463471641390634e-14
20260310_213519,2026-03-10T21:35:19.470,gaussian,short_wide,128,1280,10.000000,20260311,8,dgeqp3,0.0028840410000000004,0.003112437,0.0028852213000000004,0.0037272506500000005,2993568,9.173323139866617e-16,1.110592650364663e-14
20260310_213519,2026-03-10T21:35:19.470,gaussian,short_wide,256,512,2.000000,20260311,8,bsqr_full,0.007507583000000001,0.0078868335,0.007534246725000001,0.008250140775,2128688,1.0369544977133518e-15,2.0164807224432507e-14
20260310_213519,2026-03-10T21:35:19.470,gaussian,short_wide,256,512,2.000000,20260311,8,dgeqp3,0.00307975,0.0031416670000000003,0.00308166345,0.0035862120750000006,2267520,1.1003532528478169e-15,2.034679484373663e-14
20260310_213519,2026-03-10T21:35:19.470,gaussian,short_wide,256,1024,4.000000,20260311,8,bsqr_full,0.01451725,0.014864271,0.014540235325000001,0.016539153125,4254512,1.0988659826127582e-15,2.0134928332989543e-14
20260310_213519,2026-03-10T21:35:19.470,gaussian,short_wide,256,1024,4.000000,20260311,8,dgeqp3,0.005752625,0.005911333,0.005757025000000001,0.008977826099999999,4499840,1.1764220414291368e-15,2.0379194111934658e-14
20260310_213519,2026-03-10T21:35:19.470,gaussian,short_wide,256,2048,8.000000,20260311,8,bsqr_full,0.025253125,0.026127187500000003,0.025315664675000002,0.029942289250000004,8506160,1.1249800901410136e-15,2.0046175017280823e-14
20260310_213519,2026-03-10T21:35:19.470,gaussian,short_wide,256,2048,8.000000,20260311,8,dgeqp3,0.011103875000000001,0.0116584375,0.01118506875,0.013181167225,8997248,1.2168819949945756e-15,2.0516294270278645e-14
20260310_213519,2026-03-10T21:35:19.470,gaussian,short_wide,256,2560,10.000000,20260311,8,bsqr_full,0.031454583,0.0327677085,0.031699642375,0.0359801742,10631984,1.128362537472259e-15,1.957630714874569e-14
20260310_213519,2026-03-10T21:35:19.470,gaussian,short_wide,256,2560,10.000000,20260311,8,dgeqp3,0.013514125,0.0143816045,0.013694903125,0.01538819405,11229568,1.2087644500148388e-15,1.9927995498170387e-14
20260310_213519,2026-03-10T21:35:19.470,gaussian,short_wide,512,1024,2.000000,20260311,8,bsqr_full,0.03802925,0.038877354,0.038065721875,0.04212849375,8450896,1.3944488462884876e-15,3.804816022288379e-14
20260310_213519,2026-03-10T21:35:19.470,gaussian,short_wide,512,1024,2.000000,20260311,8,dgeqp3,0.013297583,0.013686771,0.013301765475000001,0.015162169975,8696192,1.4601539849274413e-15,3.8495579529573875e-14
20260310_213519,2026-03-10T21:35:19.470,gaussian,short_wide,512,2048,4.000000,20260311,8,bsqr_full,0.075798208,0.0780124585,0.0760140027,0.080538148775,16896848,1.4921220515821086e-15,3.802558111314427e-14
20260310_213519,2026-03-10T21:35:19.470,gaussian,short_wide,512,2048,4.000000,20260311,8,dgeqp3,0.027801250000000003,0.028589042000000002,0.027866986550000004,0.029967585900000003,17387904,1.56740949580817e-15,3.8579505991622895e-14
20260310_213519,2026-03-10T21:35:19.470,gaussian,short_wide,512,4096,8.000000,20260311,8,bsqr_full,0.284651667,0.28769922950000004,0.28466271265,0.34257917065000004,33788752,1.538471990539998e-15,3.784516369049045e-14
20260310_213519,2026-03-10T21:35:19.470,gaussian,short_wide,512,4096,8.000000,20260311,8,dgeqp3,0.08621508300000001,0.0912114165,0.0865680686,0.12626801170000002,34738560,1.6059610493055525e-15,3.835857031154008e-14
20260310_213519,2026-03-10T21:35:19.470,gaussian,short_wide,512,5120,10.000000,20260311,8,bsqr_full,0.48153875,0.48597208300000005,0.48194261475000005,0.49255997925,42406736,1.5396704282584031e-15,3.774133547436129e-14
20260310_213519,2026-03-10T21:35:19.470,gaussian,short_wide,512,5120,10.000000,20260311,8,dgeqp3,0.178677584,0.18106977100000002,0.17887185995,0.209660133425,43422080,1.6161905972703395e-15,3.8333296630186834e-14
20260310_213519,2026-03-10T21:35:19.470,ill_conditioned,square,64,64,1.000000,20260311,8,bsqr_full,5.1000000000000006e-5,5.24165e-5,5.1000000000000006e-5,7.306955e-5,70448,5.286126989251922e-16,6.277659168419315e-15
20260310_213519,2026-03-10T21:35:19.470,ill_conditioned,square,64,64,1.000000,20260311,8,dgeqp3,3.1333e-5,3.4583500000000005e-5,3.1378925e-5,4.687325e-5,84864,5.114382565648819e-16,6.084843294766368e-15
20260310_213519,2026-03-10T21:35:19.470,ill_conditioned,square,128,128,1.000000,20260311,8,bsqr_full,0.000301625,0.000320688,0.000301670925,0.00040908575000000004,271408,5.892089392155649e-16,1.0516947416912535e-14
20260310_213519,2026-03-10T21:35:19.470,ill_conditioned,square,128,128,1.000000,20260311,8,dgeqp3,0.000175083,0.00018531300000000002,0.0001753811,0.0002150503,330176,6.382014027591902e-16,1.1256084008694144e-14
20260310_213519,2026-03-10T21:35:19.470,ill_conditioned,square,256,256,1.000000,20260311,8,bsqr_full,0.0028324160000000004,0.0028790210000000003,0.0028334475250000003,0.00345205015,1065776,6.283456660654835e-16,2.0170895213850846e-14
20260310_213519,2026-03-10T21:35:19.470,ill_conditioned,square,256,256,1.000000,20260311,8,dgeqp3,0.0014215,0.0014534370000000001,0.001423058425,0.0018432947000000001,1151360,7.6579149581333935e-16,2.0706255439455134e-14
20260310_213519,2026-03-10T21:35:19.470,ill_conditioned,square,384,384,1.000000,20260311,8,bsqr_full,0.0072566670000000005,0.0082572705,0.007295648250000001,0.008879426375,2384688,7.485070142896129e-16,2.942126381250166e-14
20260310_213519,2026-03-10T21:35:19.470,ill_conditioned,square,384,384,1.000000,20260311,8,dgeqp3,0.003029416,0.0031961040000000004,0.0030525047250000003,0.0035172994250000002,2496896,8.53616120737391e-16,2.956094756611397e-14
20260310_213519,2026-03-10T21:35:19.470,ill_conditioned,square,512,512,1.000000,20260311,8,bsqr_full,0.016264334000000002,0.0169633125,0.016303108725,0.019211685325000002,4227920,8.627568043218854e-16,3.778953571992884e-14
20260310_213519,2026-03-10T21:35:19.470,ill_conditioned,square,512,512,1.000000,20260311,8,dgeqp3,0.006951875000000001,0.0071733335,0.0069537540750000005,0.0086192338,4366720,9.30019998890456e-16,3.8321856957256103e-14
20260310_213519,2026-03-10T21:35:19.470,ill_conditioned,short_wide,32,64,2.000000,20260311,8,bsqr_full,2.4042e-5,2.5104000000000002e-5,2.4064825e-5,4.0892799999999996e-5,37424,3.0212176201456655e-16,3.1902669794383553e-15
20260310_213519,2026-03-10T21:35:19.470,ill_conditioned,short_wide,32,64,2.000000,20260311,8,dgeqp3,1.5875e-5,1.9083e-5,1.59553e-5,4.119359999999999e-5,51840,3.565866851446855e-16,3.572424980033094e-15
20260310_213519,2026-03-10T21:35:19.470,ill_conditioned,short_wide,32,128,4.000000,20260311,8,bsqr_full,4.8833000000000005e-5,4.9562500000000005e-5,4.8844550000000007e-5,7.141439999999999e-5,74000,5.621602843957216e-16,3.0108915192722368e-15
20260310_213519,2026-03-10T21:35:19.470,ill_conditioned,short_wide,32,128,4.000000,20260311,8,dgeqp3,2.4417e-5,2.6833500000000003e-5,2.4428550000000002e-5,4.513925e-5,132768,3.333334255424249e-16,3.2553833454060593e-15
20260310_213519,2026-03-10T21:35:19.470,ill_conditioned,short_wide,32,256,8.000000,20260311,8,bsqr_full,9.825e-5,9.9833e-5,9.8341575e-5,0.00012215625,146480,4.91936317350992e-16,3.0497538266695322e-15
20260310_213519,2026-03-10T21:35:19.470,ill_conditioned,short_wide,32,256,8.000000,20260311,8,dgeqp3,4.75e-5,5.2271e-5,4.7511275e-5,7.01984e-5,232064,3.459105593196854e-16,4.053353496922131e-15
20260310_213519,2026-03-10T21:35:19.470,ill_conditioned,short_wide,32,320,10.000000,20260311,8,bsqr_full,0.00012975,0.0001319585,0.000129761275,0.00015843845000000002,215600,4.607440942344085e-16,3.5209200670831833e-15
20260310_213519,2026-03-10T21:35:19.470,ill_conditioned,short_wide,32,320,10.000000,20260311,8,dgeqp3,6.65e-5,7.5271e-5,6.7485325e-5,0.00013009375,298112,5.439317127831248e-16,3.2261061937252006e-15
20260310_213519,2026-03-10T21:35:19.470,ill_conditioned,short_wide,64,128,2.000000,20260311,8,bsqr_full,0.00011658400000000001,0.000126771,0.00011695030000000002,0.00023095515,139792,4.209474873973048e-16,6.143168486472344e-15
20260310_213519,2026-03-10T21:35:19.470,ill_conditioned,short_wide,64,128,2.000000,20260311,8,dgeqp3,6.35e-5,6.81455e-5,6.378655e-5,8.101250000000001e-5,198560,4.3172249181479195e-16,6.278531927738671e-15
20260310_213519,2026-03-10T21:35:19.470,ill_conditioned,short_wide,64,256,4.000000,20260311,8,bsqr_full,0.000306792,0.0003248125,0.000306963875,0.000358026525,277808,6.81982950742254e-16,6.121119744311426e-15
20260310_213519,2026-03-10T21:35:19.470,ill_conditioned,short_wide,64,256,4.000000,20260311,8,dgeqp3,0.0001405,0.0001447505,0.0001409356,0.00015779905000000002,363392,6.73572139741364e-16,6.382600452706119e-15
20260310_213519,2026-03-10T21:35:19.470,ill_conditioned,short_wide,64,512,8.000000,20260311,8,bsqr_full,0.000885584,0.0009151665000000001,0.0008861452750000001,0.001078672025,554288,4.789484268753291e-16,6.301771628588968e-15
20260310_213519,2026-03-10T21:35:19.470,ill_conditioned,short_wide,64,512,8.000000,20260311,8,dgeqp3,0.00041487500000000004,0.00043281250000000004,0.00041787717500000004,0.000453328775,693120,4.831063229378297e-16,6.708900565806991e-15
20260310_213519,2026-03-10T21:35:19.470,ill_conditioned,short_wide,64,640,10.000000,20260311,8,bsqr_full,0.00128625,0.0013223335000000001,0.0012891031250000001,0.001499384375,692528,5.38217991069285e-16,6.171783939204382e-15
20260310_213519,2026-03-10T21:35:19.470,ill_conditioned,short_wide,64,640,10.000000,20260311,8,dgeqp3,0.0005789580000000001,0.000608687,0.0005799205000000001,0.0006203497000000001,857984,7.791610171549047e-16,6.815970934518871e-15
20260310_213519,2026-03-10T21:35:19.470,ill_conditioned,short_wide,128,256,2.000000,20260311,8,bsqr_full,0.001147584,0.0011771875,0.001148557775,0.001373421225,540496,5.758858425634859e-16,1.1075535593022722e-14
20260310_213519,2026-03-10T21:35:19.470,ill_conditioned,short_wide,128,256,2.000000,20260311,8,dgeqp3,0.0006199160000000001,0.000629416,0.0006205006500000001,0.0006534920000000001,626080,6.846968017174957e-16,1.116891186372472e-14
20260310_213519,2026-03-10T21:35:19.470,ill_conditioned,short_wide,128,512,4.000000,20260311,8,bsqr_full,0.0029720410000000004,0.003142521,0.0030053963,0.0032830545000000003,1079120,8.34751765087104e-16,1.0586847847260084e-14
20260310_213519,2026-03-10T21:35:19.470,ill_conditioned,short_wide,128,512,4.000000,20260311,8,dgeqp3,0.0014272500000000001,0.0016537285,0.0014456750000000002,0.0019613189,1217952,8.525057487868943e-16,1.1569297228455726e-14
20260310_213519,2026-03-10T21:35:19.470,ill_conditioned,short_wide,128,1024,8.000000,20260311,8,bsqr_full,0.005530416000000001,0.0056682495,0.005545552550000001,0.0064613978249999995,2156368,6.680787082075982e-16,1.0625910121045472e-14
20260310_213519,2026-03-10T21:35:19.470,ill_conditioned,short_wide,128,1024,8.000000,20260311,8,dgeqp3,0.0024430420000000003,0.0026175205,0.00245377855,0.003035346075,2401696,7.934346916392415e-16,1.0958129409250587e-14
20260310_213519,2026-03-10T21:35:19.470,ill_conditioned,short_wide,128,1280,10.000000,20260311,8,bsqr_full,0.0065555000000000006,0.0069334375,0.0065771103250000015,0.007764856625,2694992,6.63963428797615e-16,1.0981425758455866e-14
20260310_213519,2026-03-10T21:35:19.470,ill_conditioned,short_wide,128,1280,10.000000,20260311,8,dgeqp3,0.002863,0.0031660415000000003,0.002871685325,0.0038436893999999997,2993568,6.779641241409356e-16,1.1163023341679354e-14
20260310_213519,2026-03-10T21:35:19.470,ill_conditioned,short_wide,256,512,2.000000,20260311,8,bsqr_full,0.007522792,0.007816958,0.0075463045,0.008118942525,2128688,7.471895911903222e-16,2.0032507995292625e-14
20260310_213519,2026-03-10T21:35:19.470,ill_conditioned,short_wide,256,512,2.000000,20260311,8,dgeqp3,0.003509583,0.0036365205,0.003520342375,0.0037602770250000006,2267520,9.22986527442781e-16,2.0095262533162698e-14
20260310_213519,2026-03-10T21:35:19.470,ill_conditioned,short_wide,256,1024,4.000000,20260311,8,bsqr_full,0.014533750000000002,0.0150960415,0.01458373125,0.017888309375,4254512,8.157465286176279e-16,1.9588873266855623e-14
20260310_213519,2026-03-10T21:35:19.470,ill_conditioned,short_wide,256,1024,4.000000,20260311,8,dgeqp3,0.006898833,0.0070416875,0.006899153925000001,0.0079161928,4499840,9.088333811756767e-16,2.0550630096723562e-14
20260310_213519,2026-03-10T21:35:19.470,ill_conditioned,short_wide,256,2048,8.000000,20260311,8,bsqr_full,0.025911,0.028079104,0.0259537856,0.03257200015,8506160,8.109507979288719e-16,1.99145721949627e-14
20260310_213519,2026-03-10T21:35:19.470,ill_conditioned,short_wide,256,2048,8.000000,20260311,8,dgeqp3,0.014219,0.014300791500000002,0.014229266575000002,0.015867897175,8997248,9.085737034600433e-16,2.0098096585149952e-14
20260310_213519,2026-03-10T21:35:19.470,ill_conditioned,short_wide,256,2560,10.000000,20260311,8,bsqr_full,0.0318685,0.033250333,0.031955549050000004,0.035647096875000006,10631984,8.191230929930381e-16,1.9675557321513174e-14
20260310_213519,2026-03-10T21:35:19.470,ill_conditioned,short_wide,256,2560,10.000000,20260311,8,dgeqp3,0.017240000000000002,0.017747396000000002,0.017295916575,0.018822283000000002,11229568,8.882503617848934e-16,2.016758408929319e-14
20260310_213519,2026-03-10T21:35:19.470,ill_conditioned,short_wide,512,1024,2.000000,20260311,8,bsqr_full,0.038231083,0.039180333000000005,0.038353011125,0.0427190234,8450896,9.910021098886873e-16,3.7832915664549566e-14
20260310_213519,2026-03-10T21:35:19.470,ill_conditioned,short_wide,512,1024,2.000000,20260311,8,dgeqp3,0.017255541000000003,0.017466875,0.017259872525,0.018178141425000002,8696192,1.0784365093878825e-15,3.8391642091615076e-14
20260310_213519,2026-03-10T21:35:19.470,ill_conditioned,short_wide,512,2048,4.000000,20260311,8,bsqr_full,0.07612200000000001,0.078353146,0.07628135095000001,0.08003152675,16896848,1.113199152446359e-15,3.7940039434577875e-14
20260310_213519,2026-03-10T21:35:19.470,ill_conditioned,short_wide,512,2048,4.000000,20260311,8,dgeqp3,0.036829667,0.037503917000000005,0.0368403117,0.0397031141,17387904,1.1415957325505108e-15,3.847749883116848e-14
20260310_213519,2026-03-10T21:35:19.470,ill_conditioned,short_wide,512,4096,8.000000,20260311,8,bsqr_full,0.281704958,0.282960812,0.28172443735,0.294402879075,33788752,1.1277022478202964e-15,3.810249797958597e-14
20260310_213519,2026-03-10T21:35:19.470,ill_conditioned,short_wide,512,4096,8.000000,20260311,8,dgeqp3,0.108473625,0.11405377100000001,0.108831778125,0.121402262875,34738560,1.1649795973320512e-15,3.843902337165004e-14
20260310_213519,2026-03-10T21:35:19.470,ill_conditioned,short_wide,512,5120,10.000000,20260311,8,bsqr_full,0.480949917,0.48289845900000006,0.4811806565,0.486521604,42406736,1.1077594322948835e-15,3.7945088833271275e-14
20260310_213519,2026-03-10T21:35:19.470,ill_conditioned,short_wide,512,5120,10.000000,20260311,8,dgeqp3,0.21135062500000001,0.21333775000000002,0.2114360125,0.224285702975,43422080,1.2070489315563395e-15,3.8413840110274917e-14
20260310_213519,2026-03-10T21:35:19.470,orthonormal_rows,square,64,64,1.000000,20260311,8,bsqr_full,4.7958000000000004e-5,4.92295e-5,4.806112500000001e-5,6.778925e-5,70448,5.713397428931336e-16,5.841344586281179e-15
20260310_213519,2026-03-10T21:35:19.470,orthonormal_rows,square,64,64,1.000000,20260311,8,dgeqp3,2.9667000000000002e-5,3.0542e-5,2.9724200000000002e-5,4.247405e-5,84864,6.435170130070734e-16,5.934696003751828e-15
20260310_213519,2026-03-10T21:35:19.470,orthonormal_rows,square,128,128,1.000000,20260311,8,bsqr_full,0.00028937500000000003,0.0003005835,0.000289604075,0.000403360325,271408,7.372736430991507e-16,1.074105915236045e-14
20260310_213519,2026-03-10T21:35:19.470,orthonormal_rows,square,128,128,1.000000,20260311,8,dgeqp3,0.00017329200000000002,0.0001882505,0.00017377325000000004,0.000305958575,330176,8.424472168150655e-16,1.0774098906796106e-14
20260310_213519,2026-03-10T21:35:19.470,orthonormal_rows,square,256,256,1.000000,20260311,8,bsqr_full,0.0028310410000000003,0.0028975000000000003,0.0028347191250000002,0.0031026955,1065776,9.656677527764356e-16,1.957651107930202e-14
20260310_213519,2026-03-10T21:35:19.470,orthonormal_rows,square,256,256,1.000000,20260311,8,dgeqp3,0.0014676670000000002,0.0014934375000000002,0.001472341725,0.0015759947,1151360,1.0429970701674189e-15,2.050415997638423e-14
20260310_213519,2026-03-10T21:35:19.470,orthonormal_rows,square,384,384,1.000000,20260311,8,bsqr_full,0.007360333,0.007717375,0.00738998735,0.008256241725,2384688,1.1357784853491932e-15,2.88844316877189e-14
20260310_213519,2026-03-10T21:35:19.470,orthonormal_rows,square,384,384,1.000000,20260311,8,dgeqp3,0.0027833330000000002,0.0030969375000000003,0.0028237008,0.0032529929500000002,2496896,1.2037965678512888e-15,2.953648696003133e-14
20260310_213519,2026-03-10T21:35:19.470,orthonormal_rows,square,512,512,1.000000,20260311,8,bsqr_full,0.015833375,0.0162424585,0.0158395625,0.017969392525000003,4227920,1.2963255621151522e-15,3.810911626103002e-14
20260310_213519,2026-03-10T21:35:19.470,orthonormal_rows,square,512,512,1.000000,20260311,8,dgeqp3,0.005843958000000001,0.0059631045,0.0058481633000000005,0.007702321449999999,4366720,1.3365636345258136e-15,3.861382733278542e-14
20260310_213519,2026-03-10T21:35:19.470,orthonormal_rows,short_wide,32,64,2.000000,20260311,8,bsqr_full,2.3500000000000002e-5,2.3979000000000002e-5,2.3511550000000004e-5,3.8242149999999994e-5,37424,5.307952866995226e-16,3.4653820112384303e-15
20260310_213519,2026-03-10T21:35:19.470,orthonormal_rows,short_wide,32,64,2.000000,20260311,8,dgeqp3,1.2958e-5,1.3271e-5,1.2980825000000001e-5,2.4038874999999996e-5,51840,5.431948299842899e-16,3.3778497817297033e-15
20260310_213519,2026-03-10T21:35:19.470,orthonormal_rows,short_wide,32,128,4.000000,20260311,8,bsqr_full,4.5e-5,4.53955e-5,4.5011275000000006e-5,6.2311125e-5,74000,5.098284105784076e-16,3.0513830866141223e-15
20260310_213519,2026-03-10T21:35:19.470,orthonormal_rows,short_wide,32,128,4.000000,20260311,8,dgeqp3,2.3542000000000003e-5,2.5416500000000003e-5,2.3553275000000002e-5,3.5737199999999994e-5,132768,5.006635167172065e-16,2.8910391654029295e-15
20260310_213519,2026-03-10T21:35:19.470,orthonormal_rows,short_wide,32,256,8.000000,20260311,8,bsqr_full,9.425e-5,9.6104e-5,9.4364675e-5,0.00011373845,146480,4.885606646457454e-16,2.735460172177063e-15
20260310_213519,2026-03-10T21:35:19.470,orthonormal_rows,short_wide,32,256,8.000000,20260311,8,dgeqp3,4.4167000000000006e-5,4.4562500000000006e-5,4.4201100000000006e-5,5.6577025e-5,232064,5.742004025114865e-16,3.0980322783011592e-15
20260310_213519,2026-03-10T21:35:19.470,orthonormal_rows,short_wide,32,320,10.000000,20260311,8,bsqr_full,0.000122958,0.00012537450000000002,0.000123198625,0.0001494822,215600,5.229681543333295e-16,2.8875913153838157e-15
20260310_213519,2026-03-10T21:35:19.470,orthonormal_rows,short_wide,32,320,10.000000,20260311,8,dgeqp3,5.4625000000000006e-5,5.9562500000000004e-5,5.47625e-5,6.806809999999999e-5,298112,6.096728764401901e-16,3.637710258550941e-15
20260310_213519,2026-03-10T21:35:19.470,orthonormal_rows,short_wide,64,128,2.000000,20260311,8,bsqr_full,0.00012166700000000001,0.00013000000000000002,0.00012170110000000003,0.00017290937500000003,139792,6.644360805404199e-16,5.83279242833805e-15
20260310_213519,2026-03-10T21:35:19.470,orthonormal_rows,short_wide,64,128,2.000000,20260311,8,dgeqp3,6.9084e-5,7.11875e-5,6.924405e-5,9.884687500000001e-5,198560,7.419933575072213e-16,6.61288159615419e-15
20260310_213519,2026-03-10T21:35:19.470,orthonormal_rows,short_wide,64,256,4.000000,20260311,8,bsqr_full,0.00030779200000000004,0.000317833,0.00030842230000000003,0.000471908,277808,6.845172085544546e-16,5.961693126624648e-15
20260310_213519,2026-03-10T21:35:19.470,orthonormal_rows,short_wide,64,256,4.000000,20260311,8,dgeqp3,0.00013350000000000002,0.0001399585,0.00013359157500000002,0.000147249425,363392,7.768469092115086e-16,6.329326546007845e-15
20260310_213519,2026-03-10T21:35:19.470,orthonormal_rows,short_wide,64,512,8.000000,20260311,8,bsqr_full,0.0008666250000000001,0.0008769790000000001,0.000867129075,0.0009014748500000001,554288,7.185700140308613e-16,6.104810430931639e-15
20260310_213519,2026-03-10T21:35:19.470,orthonormal_rows,short_wide,64,512,8.000000,20260311,8,dgeqp3,0.000404583,0.00045200000000000004,0.000406943325,0.000628710025,693120,7.990152755432911e-16,6.45469976013012e-15
20260310_213519,2026-03-10T21:35:19.470,orthonormal_rows,short_wide,64,640,10.000000,20260311,8,bsqr_full,0.001262209,0.0013006875,0.0012635037,0.0014224960750000002,692528,7.438148130217267e-16,6.207270280894508e-15
20260310_213519,2026-03-10T21:35:19.470,orthonormal_rows,short_wide,64,640,10.000000,20260311,8,dgeqp3,0.000546625,0.0005665000000000001,0.0005469803000000001,0.000617084375,857984,8.025721598816301e-16,6.36081409565031e-15
20260310_213519,2026-03-10T21:35:19.470,orthonormal_rows,short_wide,128,256,2.000000,20260311,8,bsqr_full,0.001127167,0.001149646,0.0011282323500000002,0.001282340625,540496,8.349405868397724e-16,1.0421179151825863e-14
20260310_213519,2026-03-10T21:35:19.470,orthonormal_rows,short_wide,128,256,2.000000,20260311,8,dgeqp3,0.000599958,0.0006208535,0.000603143325,0.0007829061,626080,9.536945077004151e-16,1.1171481988544365e-14
20260310_213519,2026-03-10T21:35:19.470,orthonormal_rows,short_wide,128,512,4.000000,20260311,8,bsqr_full,0.0029230830000000004,0.003130729,0.0029255811000000005,0.0032231089500000002,1079120,8.819065854356855e-16,1.0803292358806448e-14
20260310_213519,2026-03-10T21:35:19.470,orthonormal_rows,short_wide,128,512,4.000000,20260311,8,dgeqp3,0.001531292,0.0016235420000000002,0.001539026375,0.001754850375,1217952,9.663646561507455e-16,1.0927139055145701e-14
20260310_213519,2026-03-10T21:35:19.470,orthonormal_rows,short_wide,128,1024,8.000000,20260311,8,bsqr_full,0.005593917,0.005691479500000001,0.0055979729750000005,0.006080548775,2156368,8.658597480272449e-16,1.0462052529734556e-14
20260310_213519,2026-03-10T21:35:19.470,orthonormal_rows,short_wide,128,1024,8.000000,20260311,8,dgeqp3,0.002350291,0.0025145835,0.002367604725,0.0032365742000000004,2401696,9.36737387129817e-16,1.0962650183038587e-14
20260310_213519,2026-03-10T21:35:19.470,orthonormal_rows,short_wide,128,1280,10.000000,20260311,8,bsqr_full,0.006522417000000001,0.006782729,0.006527527325000001,0.007454126900000001,2694992,8.771659735029927e-16,1.0716820015594779e-14
20260310_213519,2026-03-10T21:35:19.470,orthonormal_rows,short_wide,128,1280,10.000000,20260311,8,dgeqp3,0.002924292,0.0031799790000000003,0.002946292,0.0035516019,2993568,9.262215368645637e-16,1.0827360574483933e-14
20260310_213519,2026-03-10T21:35:19.470,orthonormal_rows,short_wide,256,512,2.000000,20260311,8,bsqr_full,0.0076905,0.007888396,0.007694441850000001,0.008082589099999999,2128688,1.0962359775977696e-15,1.9958062638899554e-14
20260310_213519,2026-03-10T21:35:19.470,orthonormal_rows,short_wide,256,512,2.000000,20260311,8,dgeqp3,0.0030917500000000003,0.003157562,0.0030941447000000003,0.0035562634500000004,2267520,1.1856831012037004e-15,2.0384707505091446e-14
20260310_213519,2026-03-10T21:35:19.470,orthonormal_rows,short_wide,256,1024,4.000000,20260311,8,bsqr_full,0.015384875000000001,0.0163306875,0.015471603125,0.031505860324999996,4254512,1.123647272315909e-15,1.9819950492812345e-14
20260310_213519,2026-03-10T21:35:19.470,orthonormal_rows,short_wide,256,1024,4.000000,20260311,8,dgeqp3,0.006167167,0.006911854,0.0062446367,0.00975977565,4499840,1.2129465950214619e-15,2.0481046295871887e-14
20260310_213519,2026-03-10T21:35:19.470,orthonormal_rows,short_wide,256,2048,8.000000,20260311,8,bsqr_full,0.027242625000000003,0.028672354,0.027285662500000002,0.030760343750000002,8506160,1.1580663263184638e-15,2.01597467847316e-14
20260310_213519,2026-03-10T21:35:19.470,orthonormal_rows,short_wide,256,2048,8.000000,20260311,8,dgeqp3,0.012195334,0.012741375000000001,0.012205107775000001,0.01456531955,8997248,1.2335415579570937e-15,2.021501131461118e-14
20260310_213519,2026-03-10T21:35:19.470,orthonormal_rows,short_wide,256,2560,10.000000,20260311,8,bsqr_full,0.032154459,0.0335566455,0.032167922450000004,0.037460564525000004,10631984,1.1521040735739789e-15,2.0051840207865417e-14
20260310_213519,2026-03-10T21:35:19.470,orthonormal_rows,short_wide,256,2560,10.000000,20260311,8,dgeqp3,0.013252166000000001,0.0142546035,0.013442809750000001,0.0159233761,11229568,1.216161226865179e-15,1.9941931450961737e-14
20260310_213519,2026-03-10T21:35:19.470,orthonormal_rows,short_wide,512,1024,2.000000,20260311,8,bsqr_full,0.036953833000000005,0.038869458,0.037080447675,0.041342277175,8450896,1.4771809787803038e-15,3.778311310250996e-14
20260310_213519,2026-03-10T21:35:19.470,orthonormal_rows,short_wide,512,1024,2.000000,20260311,8,dgeqp3,0.013277625000000001,0.0136649165,0.013289346875,0.014711937075,8696192,1.5429815480646574e-15,3.8357676599761715e-14
20260310_213519,2026-03-10T21:35:19.470,orthonormal_rows,short_wide,512,2048,4.000000,20260311,8,bsqr_full,0.073444334,0.0771986875,0.07427258780000001,0.08041963125,16896848,1.5325244739559865e-15,3.797026838663832e-14
20260310_213519,2026-03-10T21:35:19.470,orthonormal_rows,short_wide,512,2048,4.000000,20260311,8,dgeqp3,0.027649417000000003,0.028629604500000003,0.027789758575000004,0.030905207849999998,17387904,1.5954916994264844e-15,3.8315435083225263e-14
20260310_213519,2026-03-10T21:35:19.470,orthonormal_rows,short_wide,512,4096,8.000000,20260311,8,bsqr_full,0.283801584,0.290824896,0.2838412181,0.30287846752500003,33788752,1.564947322933912e-15,3.804199018350925e-14
20260310_213519,2026-03-10T21:35:19.470,orthonormal_rows,short_wide,512,4096,8.000000,20260311,8,dgeqp3,0.091761125,0.0954458745,0.091830402175,0.10128860842500001,34738560,1.6344854566186573e-15,3.861833160716533e-14
20260310_213519,2026-03-10T21:35:19.470,orthonormal_rows,short_wide,512,5120,10.000000,20260311,8,bsqr_full,0.47507979200000006,0.4831865,0.47552984400000003,0.50753010375,42406736,1.5720422996293653e-15,3.8111144852281356e-14
20260310_213519,2026-03-10T21:35:19.470,orthonormal_rows,short_wide,512,5120,10.000000,20260311,8,dgeqp3,0.17826787500000002,0.1795034375,0.17837467812500002,0.18158048845000002,43422080,1.6331233947533745e-15,3.805561553868724e-14
