family,m,n,k,seed,method,frob_err,spec_err,opt_frob,opt_spec,normA_fro,normA_2,time_s,maxT
gaussian,2000,2000,4,1,bsqr_rand,1.34690592143048,0.715747447162716,1.04655914977066,0.517947467923121,1.92501391343659,1,0.000168463395833333,3.08931358252731
gaussian,2000,2000,4,1,rejection_rpqr,1.37221102135171,0.736126861730567,1.04655914977066,0.517947467923121,1.92501391343659,1,0.00267194485416667,7.9636735503735
gaussian,2000,2000,4,2,bsqr_rand,1.28898744314306,0.707090041590727,1.04655914977066,0.517947467923121,1.92501391343659,1,8.93337708333333e-05,3.77124023623255
gaussian,2000,2000,4,2,rejection_rpqr,1.35612987057728,0.746660788699168,1.04655914977066,0.517947467923121,1.92501391343659,1,0.000902694854166667,5.02482123756912
gaussian,2000,2000,4,3,bsqr_rand,1.28646820572571,0.736480871838391,1.04655914977066,0.517947467923121,1.92501391343659,1,7.94582569444445e-05,3.38483036982909
gaussian,2000,2000,4,3,rejection_rpqr,1.28429725867004,0.674427300383667,1.04655914977066,0.517947467923121,1.92501391343659,1,0.000635096104166667,3.91751534797895
gaussian,2000,2000,4,4,bsqr_rand,1.33472678565087,0.692176730798648,1.04655914977066,0.517947467923121,1.92501391343659,1,8.19582569444445e-05,3.06675689701913
gaussian,2000,2000,4,4,rejection_rpqr,1.24141764839709,0.683160338312202,1.04655914977066,0.517947467923121,1.92501391343659,1,0.000453944854166667,3.56230615966504
gaussian,2000,2000,4,5,bsqr_rand,1.33146056284535,0.759686061176939,1.04655914977066,0.517947467923121,1.92501391343659,1,8.13471458333333e-05,2.53244150982351
gaussian,2000,2000,4,5,rejection_rpqr,1.33142304895511,0.720608860345339,1.04655914977066,0.517947467923121,1.92501391343659,1,0.000137199125,2.8769217065179
gaussian,2000,2000,4,6,bsqr_rand,1.27326494336575,0.670651423635489,1.04655914977066,0.517947467923121,1.92501391343659,1,7.92603402777778e-05,2.60190995474015
gaussian,2000,2000,4,6,rejection_rpqr,1.25964118665567,0.667023504961138,1.04655914977066,0.517947467923121,1.92501391343659,1,0.000173495806547619,3.18251648603431
gaussian,2000,2000,4,7,bsqr_rand,1.33867869304189,0.734495794883287,1.04655914977066,0.517947467923121,1.92501391343659,1,8.07082569444445e-05,3.13225334645962
gaussian,2000,2000,4,7,rejection_rpqr,1.34468072783269,0.697639601652611,1.04655914977066,0.517947467923121,1.92501391343659,1,0.000144344958333333,4.18445233142312
gaussian,2000,2000,4,8,bsqr_rand,1.30066916435924,0.711196672648101,1.04655914977066,0.517947467923121,1.92501391343659,1,8.19582569444445e-05,3.38663001172895
gaussian,2000,2000,4,8,rejection_rpqr,1.32798130375164,0.665955680893432,1.04655914977066,0.517947467923121,1.92501391343659,1,0.000149473002314815,5.07973145973399
gaussian,2000,2000,4,9,bsqr_rand,1.23839478174591,0.645109672438947,1.04655914977066,0.517947467923121,1.92501391343659,1,8.12304951923077e-05,2.43460141650477
gaussian,2000,2000,4,9,rejection_rpqr,1.3121218715885,0.625862859476079,1.04655914977066,0.517947467923121,1.92501391343659,1,0.000101992104166667,3.91746177463041
gaussian,2000,2000,4,10,bsqr_rand,1.28388459277939,0.630802260046373,1.04655914977066,0.517947467923121,1.92501391343659,1,7.0749556547619e-05,2.5631128733127
gaussian,2000,2000,4,10,rejection_rpqr,1.3066302775495,0.747059614748818,1.04655914977066,0.517947467923121,1.92501391343659,1,0.000114032458333333,2.49289414376955
gaussian,2000,2000,4,11,bsqr_rand,1.32092069279744,0.690914853443944,1.04655914977066,0.517947467923121,1.92501391343659,1,6.78745565476191e-05,2.89605070874419
gaussian,2000,2000,4,11,rejection_rpqr,1.41890579853775,0.736713051709821,1.04655914977066,0.517947467923121,1.92501391343659,1,0.000121898326388889,4.54229927593071
gaussian,2000,2000,4,12,bsqr_rand,1.22025843210619,0.679033338638281,1.04655914977066,0.517947467923121,1.92501391343659,1,7.10590803571429e-05,1.66310574810482
gaussian,2000,2000,4,12,rejection_rpqr,1.30313306330259,0.674610583920959,1.04655914977066,0.517947467923121,1.92501391343659,1,0.000110183770833333,3.47507611334526
gaussian,2000,2000,4,13,bsqr_rand,1.3080237816777,0.715896934715029,1.04655914977066,0.517947467923121,1.92501391343659,1,6.90494097222222e-05,3.35814837744112
gaussian,2000,2000,4,13,rejection_rpqr,1.31195394235556,0.698443429343958,1.04655914977066,0.517947467923121,1.92501391343659,1,0.000121154604166667,2.79073103103228
gaussian,2000,2000,4,14,bsqr_rand,1.256439863813,0.584804378201776,1.04655914977066,0.517947467923121,1.92501391343659,1,7.43158958333333e-05,1.95253030858512
gaussian,2000,2000,4,14,rejection_rpqr,1.28155845920989,0.691178318453001,1.04655914977066,0.517947467923121,1.92501391343659,1,0.000120022041666667,3.28712725301678
gaussian,2000,2000,4,15,bsqr_rand,1.27367493714095,0.651145626952231,1.04655914977066,0.517947467923121,1.92501391343659,1,6.78596755952381e-05,2.51677677761772
gaussian,2000,2000,4,15,rejection_rpqr,1.24009515958487,0.632866632120051,1.04655914977066,0.517947467923121,1.92501391343659,1,0.000114126208333333,1.88430158856103
gaussian,2000,2000,4,16,bsqr_rand,1.2815667026289,0.724922646452977,1.04655914977066,0.517947467923121,1.92501391343659,1,7.34756180555556e-05,2.27195310559102
gaussian,2000,2000,4,16,rejection_rpqr,1.38765530429224,0.813656112510126,1.04655914977066,0.517947467923121,1.92501391343659,1,0.000126658770833333,4.69213236030706
gaussian,2000,2000,4,17,bsqr_rand,1.28266037478298,0.637010943330864,1.04655914977066,0.517947467923121,1.92501391343659,1,6.77049136904762e-05,2.1407015816444
gaussian,2000,2000,4,17,rejection_rpqr,1.36479356373769,0.807279723527921,1.04655914977066,0.517947467923121,1.92501391343659,1,0.000125897041666667,4.1305644946572
gaussian,2000,2000,4,18,bsqr_rand,1.27199195730137,0.570437514108419,1.04655914977066,0.517947467923121,1.92501391343659,1,6.73805089285714e-05,2.15808085571368
gaussian,2000,2000,4,18,rejection_rpqr,1.33259995606401,0.738138826079221,1.04655914977066,0.517947467923121,1.92501391343659,1,0.000109979604166667,3.98985123914646
gaussian,2000,2000,4,19,bsqr_rand,1.28849374711301,0.658219392311428,1.04655914977066,0.517947467923121,1.92501391343659,1,6.79876517857143e-05,2.69643586528582
gaussian,2000,2000,4,19,rejection_rpqr,1.29157471904907,0.641106190230409,1.04655914977066,0.517947467923121,1.92501391343659,1,0.000140905270833333,2.35305055119808
gaussian,2000,2000,4,20,bsqr_rand,1.23701268697696,0.625060053155569,1.04655914977066,0.517947467923121,1.92501391343659,1,6.70938541666667e-05,2.04157114086831
gaussian,2000,2000,4,20,rejection_rpqr,1.42974292475702,0.825787740985719,1.04655914977066,0.517947467923121,1.92501391343659,1,0.000109833770833333,5.01618826569096
gaussian,2000,2000,8,1,bsqr_rand,0.924343308064573,0.481994502789258,0.628487988839153,0.268269579527973,1.92501391343659,1,8.07568680555556e-05,3.81808295488447
gaussian,2000,2000,8,1,rejection_rpqr,1.06813291691633,0.62151774229089,0.628487988839153,0.268269579527973,1.92501391343659,1,0.0001263879375,6.14727213193
gaussian,2000,2000,8,2,bsqr_rand,0.90431851630039,0.432700189166561,0.628487988839153,0.268269579527973,1.92501391343659,1,7.47978028846154e-05,2.28105638295327
gaussian,2000,2000,8,2,rejection_rpqr,0.999783085543191,0.59113683750323,0.628487988839153,0.268269579527973,1.92501391343659,1,0.000127282458333333,6.64062681753761
gaussian,2000,2000,8,3,bsqr_rand,0.895397867827261,0.440866149441102,0.628487988839153,0.268269579527973,1.92501391343659,1,7.89292131410256e-05,2.57465442678099
gaussian,2000,2000,8,3,rejection_rpqr,0.966422583154437,0.505248639196505,0.628487988839153,0.268269579527973,1.92501391343659,1,0.000125704604166667,5.73628467924023
gaussian,2000,2000,8,4,bsqr_rand,0.946695737489417,0.502205710058513,0.628487988839153,0.268269579527973,1.92501391343659,1,7.61439567307692e-05,2.80662894885625
gaussian,2000,2000,8,4,rejection_rpqr,0.851641901863847,0.398400555377308,0.628487988839153,0.268269579527973,1.92501391343659,1,0.000135766381944444,2.26814545296211
gaussian,2000,2000,8,5,bsqr_rand,0.853665415517927,0.400930620254726,0.628487988839153,0.268269579527973,1.92501391343659,1,8.07082569444445e-05,3.60613286858505
gaussian,2000,2000,8,5,rejection_rpqr,0.959607646791777,0.457849776151206,0.628487988839153,0.268269579527973,1.92501391343659,1,0.000133733901785714,3.63371384900506
gaussian,2000,2000,8,6,bsqr_rand,0.906248253293428,0.437271002223173,0.628487988839153,0.268269579527973,1.92501391343659,1,0.000132713743055556,2.61695198166462
gaussian,2000,2000,8,6,rejection_rpqr,1.02219435581422,0.57460212423891,0.628487988839153,0.268269579527973,1.92501391343659,1,0.000151096104166667,5.21907633117141
gaussian,2000,2000,8,7,bsqr_rand,0.927072642900977,0.406878303252076,0.628487988839153,0.268269579527973,1.92501391343659,1,8.94243996212121e-05,3.41742465522122
gaussian,2000,2000,8,7,rejection_rpqr,0.896042700481198,0.464767230767928,0.628487988839153,0.268269579527973,1.92501391343659,1,0.000144871,2.4741175735761
gaussian,2000,2000,8,8,bsqr_rand,0.943944750988652,0.478550523629002,0.628487988839153,0.268269579527973,1.92501391343659,1,9.35001571969697e-05,2.3885757758385
gaussian,2000,2000,8,8,rejection_rpqr,1.00118573860346,0.559012354822505,0.628487988839153,0.268269579527973,1.92501391343659,1,0.000190053520833333,10.1131839421801
gaussian,2000,2000,8,9,bsqr_rand,0.869115847511669,0.44600967804643,0.628487988839153,0.268269579527973,1.92501391343659,1,9.36587708333333e-05,2.98231100014218
gaussian,2000,2000,8,9,rejection_rpqr,0.879009972280892,0.430040644706727,0.628487988839153,0.268269579527973,1.92501391343659,1,0.000158981659722222,3.02517201443269
gaussian,2000,2000,8,10,bsqr_rand,0.83324146155506,0.35728800439511,0.628487988839153,0.268269579527973,1.92501391343659,1,0.000110116520833333,2.22247656895329
gaussian,2000,2000,8,10,rejection_rpqr,0.965818439520505,0.439881856013603,0.628487988839153,0.268269579527973,1.92501391343659,1,0.0002199294375,5.52563511211324
gaussian,2000,2000,8,11,bsqr_rand,0.940035577107703,0.423282519687334,0.628487988839153,0.268269579527973,1.92501391343659,1,0.000122834541666667,2.60483436790473
gaussian,2000,2000,8,11,rejection_rpqr,1.06216969685951,0.60179558471759,0.628487988839153,0.268269579527973,1.92501391343659,1,0.0002332863125,6.32086116743961
gaussian,2000,2000,8,12,bsqr_rand,0.933307200751389,0.475338487649558,0.628487988839153,0.268269579527973,1.92501391343659,1,0.00012683975,4.21355494116594
gaussian,2000,2000,8,12,rejection_rpqr,0.904389126069395,0.497872941718183,0.628487988839153,0.268269579527973,1.92501391343659,1,0.0002131613125,6.59451018551881
gaussian,2000,2000,8,13,bsqr_rand,0.900532471664355,0.463964238335787,0.628487988839153,0.268269579527973,1.92501391343659,1,0.000139727949404762,3.54756594653132
gaussian,2000,2000,8,13,rejection_rpqr,0.94384366175167,0.460051228587764,0.628487988839153,0.268269579527973,1.92501391343659,1,0.000229405270833333,11.1052334606247
gaussian,2000,2000,8,14,bsqr_rand,0.87710258149604,0.446069299422273,0.628487988839153,0.268269579527973,1.92501391343659,1,0.000139852949404762,2.24069701217975
gaussian,2000,2000,8,14,rejection_rpqr,0.974477708293628,0.469884407434232,0.628487988839153,0.268269579527973,1.92501391343659,1,0.000427609229166667,5.48337702683719
gaussian,2000,2000,8,15,bsqr_rand,0.941285103375196,0.443619298844296,0.628487988839153,0.268269579527973,1.92501391343659,1,0.000222578520833333,2.76914958794926
gaussian,2000,2000,8,15,rejection_rpqr,0.919336159749442,0.483719641242175,0.628487988839153,0.268269579527973,1.92501391343659,1,0.000344868743055556,2.94374861657127
gaussian,2000,2000,8,16,bsqr_rand,0.859638282439034,0.378641975397157,0.628487988839153,0.268269579527973,1.92501391343659,1,0.000224036854166667,2.41604653597913
gaussian,2000,2000,8,16,rejection_rpqr,0.893601607015648,0.434612783011553,0.628487988839153,0.268269579527973,1.92501391343659,1,0.0003576794375,3.4279141172904
gaussian,2000,2000,8,17,bsqr_rand,0.966706900879541,0.52002588641033,0.628487988839153,0.268269579527973,1.92501391343659,1,0.000215661854166667,3.66300967824133
gaussian,2000,2000,8,17,rejection_rpqr,0.953864795993552,0.546488806994095,0.628487988839153,0.268269579527973,1.92501391343659,1,0.0003530631875,2.52477172673418
gaussian,2000,2000,8,18,bsqr_rand,0.810428054115429,0.336369364142828,0.628487988839153,0.268269579527973,1.92501391343659,1,0.000239994645833333,1.97371905176099
gaussian,2000,2000,8,18,rejection_rpqr,0.941917914814883,0.466887030626882,0.628487988839153,0.268269579527973,1.92501391343659,1,0.000676368743055556,7.23322331624276
gaussian,2000,2000,8,19,bsqr_rand,0.959238634457727,0.530171732916314,0.628487988839153,0.268269579527973,1.92501391343659,1,0.000258965965277778,3.46776420604701
gaussian,2000,2000,8,19,rejection_rpqr,0.97262980893852,0.498997327128789,0.628487988839153,0.268269579527973,1.92501391343659,1,0.000541075270833333,7.04074118886914
gaussian,2000,2000,8,20,bsqr_rand,0.856592675719207,0.441253202935601,0.628487988839153,0.268269579527973,1.92501391343659,1,0.0002537550625,2.42661142482768
gaussian,2000,2000,8,20,rejection_rpqr,1.01950235805684,0.576890147943667,0.628487988839153,0.268269579527973,1.92501391343659,1,0.000399721104166667,21.3508486327108
gaussian,2000,2000,16,1,bsqr_rand,0.572736905302034,0.21908380297198,0.392337878153696,0.0973410176146864,1.92501391343659,1,0.000290900895833333,2.70793932221908
gaussian,2000,2000,16,1,rejection_rpqr,0.626073853769069,0.291877066815465,0.392337878153696,0.0973410176146864,1.92501391343659,1,0.0004635544375,2.40701676290516
gaussian,2000,2000,16,2,bsqr_rand,0.599743524644948,0.247431469349036,0.392337878153696,0.0973410176146864,1.92501391343659,1,0.000283299298611111,2.5776463892117
gaussian,2000,2000,16,2,rejection_rpqr,0.636835481342117,0.278021286094885,0.392337878153696,0.0973410176146864,1.92501391343659,1,0.000464479854166667,10.2501798930225
gaussian,2000,2000,16,3,bsqr_rand,0.587725804993733,0.243130174547064,0.392337878153696,0.0973410176146864,1.92501391343659,1,0.000243861854166667,2.95643681553371
gaussian,2000,2000,16,3,rejection_rpqr,0.652848670140793,0.294590664922778,0.392337878153696,0.0973410176146864,1.92501391343659,1,0.000425507631944444,6.38988895316319
gaussian,2000,2000,16,4,bsqr_rand,0.60301209112525,0.257494717831999,0.392337878153696,0.0973410176146864,1.92501391343659,1,0.000202503520833333,3.81551340791603
gaussian,2000,2000,16,4,rejection_rpqr,0.660359848888116,0.310651694942288,0.392337878153696,0.0973410176146864,1.92501391343659,1,0.000354979854166667,9.18441988565417
gaussian,2000,2000,16,5,bsqr_rand,0.599733182638847,0.246445077097293,0.392337878153696,0.0973410176146864,1.92501391343659,1,0.000178794159722222,2.28249177868081
gaussian,2000,2000,16,5,rejection_rpqr,0.595492749575609,0.232868624632145,0.392337878153696,0.0973410176146864,1.92501391343659,1,0.0003458800625,3.00706583846083
gaussian,2000,2000,16,6,bsqr_rand,0.576303199231621,0.23716862858784,0.392337878153696,0.0973410176146864,1.92501391343659,1,0.000179648326388889,3.68671006477455
gaussian,2000,2000,16,6,rejection_rpqr,0.582906788550504,0.250280766026714,0.392337878153696,0.0973410176146864,1.92501391343659,1,0.000234432145833333,4.14444576335208
gaussian,2000,2000,16,7,bsqr_rand,0.593502936379967,0.264672182488713,0.392337878153696,0.0973410176146864,1.92501391343659,1,0.000158266381944444,2.4296778774776
gaussian,2000,2000,16,7,rejection_rpqr,0.585763113873055,0.240726442095315,0.392337878153696,0.0973410176146864,1.92501391343659,1,0.000271952979166667,3.34550112713528
gaussian,2000,2000,16,8,bsqr_rand,0.555890883441364,0.201294512568103,0.392337878153696,0.0973410176146864,1.92501391343659,1,0.000144126758928571,2.9313386194883
gaussian,2000,2000,16,8,rejection_rpqr,0.58927136468879,0.213936676775341,0.392337878153696,0.0973410176146864,1.92501391343659,1,0.0002638451875,4.0127090457382
gaussian,2000,2000,16,9,bsqr_rand,0.585763792232801,0.259727952208652,0.392337878153696,0.0973410176146864,1.92501391343659,1,0.000148412473214286,3.45031299969136
gaussian,2000,2000,16,9,rejection_rpqr,0.586445102190526,0.22761970480381,0.392337878153696,0.0973410176146864,1.92501391343659,1,0.0002452550625,3.21202011733032
gaussian,2000,2000,16,10,bsqr_rand,0.561843876178937,0.211382689952998,0.392337878153696,0.0973410176146864,1.92501391343659,1,0.000137407458333333,2.20366313064124
gaussian,2000,2000,16,10,rejection_rpqr,0.655354570097041,0.269235140803919,0.392337878153696,0.0973410176146864,1.92501391343659,1,0.000231827979166667,4.98377611427638
gaussian,2000,2000,16,11,bsqr_rand,0.566392632983866,0.235915421012002,0.392337878153696,0.0973410176146864,1.92501391343659,1,0.000133136625,3.33368118996245
gaussian,2000,2000,16,11,rejection_rpqr,0.675215123359959,0.348340763383469,0.392337878153696,0.0973410176146864,1.92501391343659,1,0.000220713395833333,5.48865895476176
gaussian,2000,2000,16,12,bsqr_rand,0.596025404126214,0.217391973425923,0.392337878153696,0.0973410176146864,1.92501391343659,1,0.000132042875,3.16917746457492
gaussian,2000,2000,16,12,rejection_rpqr,0.647471421910801,0.295330073661312,0.392337878153696,0.0973410176146864,1.92501391343659,1,0.000215588395833333,4.05298183161723
gaussian,2000,2000,16,13,bsqr_rand,0.599750494774757,0.286121681391717,0.392337878153696,0.0973410176146864,1.92501391343659,1,0.000131001208333333,3.28313720561468
gaussian,2000,2000,16,13,rejection_rpqr,0.637913087039736,0.286074296638128,0.392337878153696,0.0973410176146864,1.92501391343659,1,0.000218103520833333,7.98556232350745
gaussian,2000,2000,16,14,bsqr_rand,0.589115262111328,0.236378859136712,0.392337878153696,0.0973410176146864,1.92501391343659,1,0.000128240791666667,2.70631842998299
gaussian,2000,2000,16,14,rejection_rpqr,0.64250658998589,0.275731919484411,0.392337878153696,0.0973410176146864,1.92501391343659,1,0.000227421729166667,26.5656062301144
gaussian,2000,2000,16,15,bsqr_rand,0.630291885041385,0.307241974740286,0.392337878153696,0.0973410176146864,1.92501391343659,1,0.00012796475,2.98724671523075
gaussian,2000,2000,16,15,rejection_rpqr,0.562136652116531,0.198629001994071,0.392337878153696,0.0973410176146864,1.92501391343659,1,0.000222369645833333,2.9234068515586
gaussian,2000,2000,16,16,bsqr_rand,0.595481522760408,0.258543546005791,0.392337878153696,0.0973410176146864,1.92501391343659,1,0.000127818916666667,2.85123619738637
gaussian,2000,2000,16,16,rejection_rpqr,0.624276819483564,0.251163860882899,0.392337878153696,0.0973410176146864,1.92501391343659,1,0.0002280451875,15.320094388041
gaussian,2000,2000,16,17,bsqr_rand,0.572470306033784,0.212228150089767,0.392337878153696,0.0973410176146864,1.92501391343659,1,0.000129584541666667,2.18846638068696
gaussian,2000,2000,16,17,rejection_rpqr,0.608027566506247,0.280463324980456,0.392337878153696,0.0973410176146864,1.92501391343659,1,0.000213878520833333,6.61345763934386
gaussian,2000,2000,16,18,bsqr_rand,0.581546235240644,0.230754414724022,0.392337878153696,0.0973410176146864,1.92501391343659,1,0.000122281520833333,3.21144092306635
gaussian,2000,2000,16,18,rejection_rpqr,0.63568499156433,0.283907957991588,0.392337878153696,0.0973410176146864,1.92501391343659,1,0.000216585826388889,3.34369301990012
gaussian,2000,2000,16,19,bsqr_rand,0.581397906642723,0.208026163340511,0.392337878153696,0.0973410176146864,1.92501391343659,1,0.000131412666666667,2.99423552233315
gaussian,2000,2000,16,19,rejection_rpqr,0.62441628327926,0.252989002954008,0.392337878153696,0.0973410176146864,1.92501391343659,1,0.0002049701875,4.38918965710371
gaussian,2000,2000,16,20,bsqr_rand,0.5739015176917,0.237716095870644,0.392337878153696,0.0973410176146864,1.92501391343659,1,0.000129943916666667,3.12759543236756
gaussian,2000,2000,16,20,rejection_rpqr,0.648511260358036,0.272256279534433,0.392337878153696,0.0973410176146864,1.92501391343659,1,0.000231711854166667,7.68581631549613
gaussian,2000,2000,32,1,bsqr_rand,0.351751900304724,0.13256376322222,0.222673936692031,0.0632455532033676,1.92501391343659,1,0.0001742594375,3.31522402904106
gaussian,2000,2000,32,1,rejection_rpqr,0.34787044868386,0.124088466683587,0.222673936692031,0.0632455532033676,1.92501391343659,1,0.000344640479166667,4.32489227140122
gaussian,2000,2000,32,2,bsqr_rand,0.333441318590527,0.113282715731538,0.222673936692031,0.0632455532033676,1.92501391343659,1,0.000179301104166667,2.51660736870641
gaussian,2000,2000,32,2,rejection_rpqr,0.348417284822808,0.149984231386232,0.222673936692031,0.0632455532033676,1.92501391343659,1,0.000345660409722222,11.6758528258344
gaussian,2000,2000,32,3,bsqr_rand,0.326329897059228,0.106987720998478,0.222673936692031,0.0632455532033676,1.92501391343659,1,0.0001928219375,2.19022829781985
gaussian,2000,2000,32,3,rejection_rpqr,0.334193267410911,0.115888904929605,0.222673936692031,0.0632455532033676,1.92501391343659,1,0.000373868743055556,9.13504749175474
gaussian,2000,2000,32,4,bsqr_rand,0.342368793572166,0.13911522522779,0.222673936692031,0.0632455532033676,1.92501391343659,1,0.000187801104166667,2.71632221873119
gaussian,2000,2000,32,4,rejection_rpqr,0.358633396628186,0.144934273111482,0.222673936692031,0.0632455532033676,1.92501391343659,1,0.000315174298611111,7.662027208225
gaussian,2000,2000,32,5,bsqr_rand,0.333026909012728,0.123226472647914,0.222673936692031,0.0632455532033676,1.92501391343659,1,0.000183537215277778,2.64311594228185
gaussian,2000,2000,32,5,rejection_rpqr,0.340278281705478,0.129493788038736,0.222673936692031,0.0632455532033676,1.92501391343659,1,0.0003666881875,3.03051270576041
gaussian,2000,2000,32,6,bsqr_rand,0.323521407904245,0.123730350106847,0.222673936692031,0.0632455532033676,1.92501391343659,1,0.000210136854166667,2.6549477589224
gaussian,2000,2000,32,6,rejection_rpqr,0.337350989138946,0.131074371919758,0.222673936692031,0.0632455532033676,1.92501391343659,1,0.000358590965277778,4.07861172524085
gaussian,2000,2000,32,7,bsqr_rand,0.33549710997255,0.123930497543044,0.222673936692031,0.0632455532033676,1.92501391343659,1,0.0002088951875,2.40607935889289
gaussian,2000,2000,32,7,rejection_rpqr,0.353915783233733,0.146936510078081,0.222673936692031,0.0632455532033676,1.92501391343659,1,0.000418577076388889,8.96786359684826
gaussian,2000,2000,32,8,bsqr_rand,0.328720157961615,0.11752649871459,0.222673936692031,0.0632455532033676,1.92501391343659,1,0.000200811854166667,1.92135190511115
gaussian,2000,2000,32,8,rejection_rpqr,0.355737265033563,0.129816988483507,0.222673936692031,0.0632455532033676,1.92501391343659,1,0.000369452076388889,2.90577157960306
gaussian,2000,2000,32,9,bsqr_rand,0.324430563270243,0.131353077235838,0.222673936692031,0.0632455532033676,1.92501391343659,1,0.0002017951875,2.03947491695948
gaussian,2000,2000,32,9,rejection_rpqr,0.351003432794556,0.13724209514324,0.222673936692031,0.0632455532033676,1.92501391343659,1,0.000421757631944444,4.90318265616788
gaussian,2000,2000,32,10,bsqr_rand,0.34083168058597,0.128890503643735,0.222673936692031,0.0632455532033676,1.92501391343659,1,0.000252978520833333,3.19797963589953
gaussian,2000,2000,32,10,rejection_rpqr,0.344165724253832,0.126124813679391,0.222673936692031,0.0632455532033676,1.92501391343659,1,0.000463507631944444,2.43975145023315
gaussian,2000,2000,32,11,bsqr_rand,0.334523904322166,0.130816868669352,0.222673936692031,0.0632455532033676,1.92501391343659,1,0.000261011854166667,1.76696296047178
gaussian,2000,2000,32,11,rejection_rpqr,0.353736044702555,0.1409993653751,0.222673936692031,0.0632455532033676,1.92501391343659,1,0.000509887770833333,9.69330285309428
gaussian,2000,2000,32,12,bsqr_rand,0.326110869936562,0.103136471834351,0.222673936692031,0.0632455532033676,1.92501391343659,1,0.0002507201875,2.97518714122817
gaussian,2000,2000,32,12,rejection_rpqr,0.351381820395691,0.125486320353054,0.222673936692031,0.0632455532033676,1.92501391343659,1,0.000424596104166667,5.02952126281657
gaussian,2000,2000,32,13,bsqr_rand,0.341028139232019,0.133509667232015,0.222673936692031,0.0632455532033676,1.92501391343659,1,0.000271711854166667,2.38118454021859
gaussian,2000,2000,32,13,rejection_rpqr,0.353959097353264,0.132135868948961,0.222673936692031,0.0632455532033676,1.92501391343659,1,0.000458221104166667,12.5789700749064
gaussian,2000,2000,32,14,bsqr_rand,0.345174700323156,0.133799900134068,0.222673936692031,0.0632455532033676,1.92501391343659,1,0.0002823488125,2.3294590384744
gaussian,2000,2000,32,14,rejection_rpqr,0.370760311539702,0.155688846690055,0.222673936692031,0.0632455532033676,1.92501391343659,1,0.000503096104166667,5.21561142038818
gaussian,2000,2000,32,15,bsqr_rand,0.339213198267876,0.129448414494224,0.222673936692031,0.0632455532033676,1.92501391343659,1,0.0002804113125,2.40151754462197
gaussian,2000,2000,32,15,rejection_rpqr,0.342355653564131,0.125909495864568,0.222673936692031,0.0632455532033676,1.92501391343659,1,0.0004554294375,3.05008716782706
gaussian,2000,2000,32,16,bsqr_rand,0.316576243155577,0.1023098690259,0.222673936692031,0.0632455532033676,1.92501391343659,1,0.000274359229166667,2.49031088604278
gaussian,2000,2000,32,16,rejection_rpqr,0.350601347834415,0.13301043221834,0.222673936692031,0.0632455532033676,1.92501391343659,1,0.0005059919375,4.67693509371301
gaussian,2000,2000,32,17,bsqr_rand,0.323599313464267,0.107575253359364,0.222673936692031,0.0632455532033676,1.92501391343659,1,0.000271521520833333,2.604118190024
gaussian,2000,2000,32,17,rejection_rpqr,0.350783146252092,0.149233540090311,0.222673936692031,0.0632455532033676,1.92501391343659,1,0.000524137770833333,4.45062320875651
gaussian,2000,2000,32,18,bsqr_rand,0.32007861190209,0.113733829009462,0.222673936692031,0.0632455532033676,1.92501391343659,1,0.000361869645833333,2.58978972647868
gaussian,2000,2000,32,18,rejection_rpqr,0.363827670708736,0.148643316989303,0.222673936692031,0.0632455532033676,1.92501391343659,1,0.0009254294375,7.00831737516665
gaussian,2000,2000,32,19,bsqr_rand,0.326300601590477,0.120920998911433,0.222673936692031,0.0632455532033676,1.92501391343659,1,0.000333035409722222,2.58698129655042
gaussian,2000,2000,32,19,rejection_rpqr,0.339087751187949,0.119624737220159,0.222673936692031,0.0632455532033676,1.92501391343659,1,0.0006011794375,4.36990772954847
gaussian,2000,2000,32,20,bsqr_rand,0.321166052198067,0.113680006046643,0.222673936692031,0.0632455532033676,1.92501391343659,1,0.0003257238125,1.89634695300679
gaussian,2000,2000,32,20,rejection_rpqr,0.34369977524712,0.131647798660134,0.222673936692031,0.0632455532033676,1.92501391343659,1,0.000463012770833333,5.89673773480729
gaussian,2000,2000,64,1,bsqr_rand,0.0047108678475095,0.00189745938148355,0.00191045456741756,0.00042832727511102,1.92501391343659,1,0.000470660409722222,2.52304345151544
gaussian,2000,2000,64,1,rejection_rpqr,0.0058378200438489,0.00344929452115377,0.00191045456741756,0.00042832727511102,1.92501391343659,1,0.00103019485416667,3.71563146732431
gaussian,2000,2000,64,2,bsqr_rand,0.00476581880519156,0.00217262372071974,0.00191045456741756,0.00042832727511102,1.92501391343659,1,0.0004874294375,2.10139150173223
gaussian,2000,2000,64,2,rejection_rpqr,0.00526691588568833,0.00258879579941975,0.00191045456741756,0.00042832727511102,1.92501391343659,1,0.00105844485416667,11.0901739923284
gaussian,2000,2000,64,3,bsqr_rand,0.00462827250046224,0.00202086458389497,0.00191045456741756,0.00042832727511102,1.92501391343659,1,0.000494012770833333,2.20779481201679
gaussian,2000,2000,64,3,rejection_rpqr,0.00572954285981011,0.00319521786290548,0.00191045456741756,0.00042832727511102,1.92501391343659,1,0.000898819854166667,13.8832642557516
gaussian,2000,2000,64,4,bsqr_rand,0.00474547647625348,0.00225521902997113,0.00191045456741756,0.00042832727511102,1.92501391343659,1,0.000430396520833333,2.63224237712587
gaussian,2000,2000,64,4,rejection_rpqr,0.00609915895878031,0.00320242471512606,0.00191045456741756,0.00042832727511102,1.92501391343659,1,0.000909762770833333,6.03254918105221
gaussian,2000,2000,64,5,bsqr_rand,0.00462177052009767,0.00198980733960628,0.00191045456741756,0.00042832727511102,1.92501391343659,1,0.0004569381875,2.45775507123269
gaussian,2000,2000,64,5,rejection_rpqr,0.00568213226175137,0.00306518130130763,0.00191045456741756,0.00042832727511102,1.92501391343659,1,0.000959158604166667,4.35252757398146
gaussian,2000,2000,64,6,bsqr_rand,0.00523172102537775,0.00212624661303913,0.00191045456741756,0.00042832727511102,1.92501391343659,1,0.000481132631944444,2.79711699366963
gaussian,2000,2000,64,6,rejection_rpqr,0.00545325972409928,0.00257822690530294,0.00191045456741756,0.00042832727511102,1.92501391343659,1,0.000749736520833333,11.1629955483509
gaussian,2000,2000,64,7,bsqr_rand,0.00469444094867394,0.00193060218018632,0.00191045456741756,0.00042832727511102,1.92501391343659,1,0.000418979854166667,1.89202395326317
gaussian,2000,2000,64,7,rejection_rpqr,0.00560974289423528,0.00274087421051539,0.00191045456741756,0.00042832727511102,1.92501391343659,1,0.000893361520833333,7.05462428814202
gaussian,2000,2000,64,8,bsqr_rand,0.00489967848240049,0.00229199217273571,0.00191045456741756,0.00042832727511102,1.92501391343659,1,0.000425729854166667,2.84774577735594
gaussian,2000,2000,64,8,rejection_rpqr,0.00531386243564197,0.00278231985390441,0.00191045456741756,0.00042832727511102,1.92501391343659,1,0.00106269485416667,4.26392891100289
gaussian,2000,2000,64,9,bsqr_rand,0.00441498607938838,0.00162629664473935,0.00191045456741756,0.00042832727511102,1.92501391343659,1,0.0004218131875,1.66157682159427
gaussian,2000,2000,64,9,rejection_rpqr,0.00515241921404831,0.00255748204228669,0.00191045456741756,0.00042832727511102,1.92501391343659,1,0.000925283604166667,65.0374325484285
gaussian,2000,2000,64,10,bsqr_rand,0.00448342762915897,0.00208177846713956,0.00191045456741756,0.00042832727511102,1.92501391343659,1,0.000377202076388889,2.11193115286784
gaussian,2000,2000,64,10,rejection_rpqr,0.0053805109490842,0.00254896603282245,0.00191045456741756,0.00042832727511102,1.92501391343659,1,0.0008119294375,5.77867065254728
gaussian,2000,2000,64,11,bsqr_rand,0.00440620517896979,0.00163256890798749,0.00191045456741756,0.00042832727511102,1.92501391343659,1,0.000378590965277778,1.86132182501996
gaussian,2000,2000,64,11,rejection_rpqr,0.00523603755273036,0.00237376197936567,0.00191045456741756,0.00042832727511102,1.92501391343659,1,0.0007606169375,3.98026899748065
gaussian,2000,2000,64,12,bsqr_rand,0.00468140639289734,0.00179396753750649,0.00191045456741756,0.00042832727511102,1.92501391343659,1,0.000382354854166667,3.16996702886913
gaussian,2000,2000,64,12,rejection_rpqr,0.0057629822932159,0.00322598876504047,0.00191045456741756,0.00042832727511102,1.92501391343659,1,0.000736408604166667,5.55810639116741
gaussian,2000,2000,64,13,bsqr_rand,0.00454374322941547,0.0017188574122443,0.00191045456741756,0.00042832727511102,1.92501391343659,1,0.000381200270833333,2.1891811536866
gaussian,2000,2000,64,13,rejection_rpqr,0.00490151010638884,0.0020390411693016,0.00191045456741756,0.00042832727511102,1.92501391343659,1,0.000791637770833333,2.70637769545541
gaussian,2000,2000,64,14,bsqr_rand,0.004881702298272,0.00226841662150995,0.00191045456741756,0.00042832727511102,1.92501391343659,1,0.000348368743055556,2.21490079324222
gaussian,2000,2000,64,14,rejection_rpqr,0.0084514306441794,0.00638054801272839,0.00191045456741756,0.00042832727511102,1.92501391343659,1,0.000702533604166667,5.93564712087626
gaussian,2000,2000,64,15,bsqr_rand,0.00461117718038552,0.00197764235999842,0.00191045456741756,0.00042832727511102,1.92501391343659,1,0.000355952076388889,2.33853627651547
gaussian,2000,2000,64,15,rejection_rpqr,0.0056621116007025,0.0031587139684345,0.00191045456741756,0.00042832727511102,1.92501391343659,1,0.000749346104166667,4.0796739172623
gaussian,2000,2000,64,16,bsqr_rand,0.00432057153931335,0.00158130019132551,0.00191045456741756,0.00042832727511102,1.92501391343659,1,0.000384632631944444,2.01843127548267
gaussian,2000,2000,64,16,rejection_rpqr,0.00519564493531318,0.00276667411819147,0.00191045456741756,0.00042832727511102,1.92501391343659,1,0.000756158604166667,3.14238098534214
gaussian,2000,2000,64,17,bsqr_rand,0.00444308496395496,0.00168439144323295,0.00191045456741756,0.00042832727511102,1.92501391343659,1,0.000358632631944444,2.21990667450892
gaussian,2000,2000,64,17,rejection_rpqr,0.00581873164091919,0.00320789696762016,0.00191045456741756,0.00042832727511102,1.92501391343659,1,0.000809221104166667,7.2758347944779
gaussian,2000,2000,64,18,bsqr_rand,0.00469414403885735,0.00203170468292171,0.00191045456741756,0.00042832727511102,1.92501391343659,1,0.000357840965277778,1.94907994059774
gaussian,2000,2000,64,18,rejection_rpqr,0.00497546131066354,0.00206459142688157,0.00191045456741756,0.00042832727511102,1.92501391343659,1,0.0007305544375,5.99443898704801
gaussian,2000,2000,64,19,bsqr_rand,0.00487426920573612,0.00207624625736194,0.00191045456741756,0.00042832727511102,1.92501391343659,1,0.000354757631944444,1.96986585431063
gaussian,2000,2000,64,19,rejection_rpqr,0.005330521031425,0.00253493797323244,0.00191045456741756,0.00042832727511102,1.92501391343659,1,0.0007258044375,5.61629270877269
gaussian,2000,2000,64,20,bsqr_rand,0.00465598502127281,0.00194468070688964,0.00191045456741756,0.00042832727511102,1.92501391343659,1,0.000349827076388889,1.96465974606123
gaussian,2000,2000,64,20,rejection_rpqr,0.00558727424905076,0.00279473843727973,0.00191045456741756,0.00042832727511102,1.92501391343659,1,0.000718825270833333,3.67737714957515
gaussian,2000,2000,128,1,bsqr_rand,0.000855689402112488,0.000273477159774405,0.000366748558080144,8.22312340991312e-05,1.92501391343659,1,0.00119323652083333,1.77515797061643
gaussian,2000,2000,128,1,rejection_rpqr,0.000915135980523915,0.000280840458904597,0.000366748558080144,8.22312340991312e-05,1.92501391343659,1,0.00255519485416667,5.29048708220315
gaussian,2000,2000,128,2,bsqr_rand,0.000864544955303078,0.000271137835253429,0.000366748558080144,8.22312340991312e-05,1.92501391343659,1,0.00130498652083333,1.95281209989801
gaussian,2000,2000,128,2,rejection_rpqr,0.00091638682565376,0.000299678733155563,0.000366748558080144,8.22312340991312e-05,1.92501391343659,1,0.0029084031875,9.86499811611866
gaussian,2000,2000,128,3,bsqr_rand,0.000864800451402388,0.000268044256847964,0.000366748558080144,8.22312340991312e-05,1.92501391343659,1,0.00123648652083333,2.17713225433609
gaussian,2000,2000,128,3,rejection_rpqr,0.000922106176936757,0.000286779803185907,0.000366748558080144,8.22312340991312e-05,1.92501391343659,1,0.00262456985416667,3.39626218292154
gaussian,2000,2000,128,4,bsqr_rand,0.000858383198017839,0.000255671105108974,0.000366748558080144,8.22312340991312e-05,1.92501391343659,1,0.00127356985416667,1.91809129998399
gaussian,2000,2000,128,4,rejection_rpqr,0.000923741757250765,0.000283547126085378,0.000366748558080144,8.22312340991312e-05,1.92501391343659,1,0.0026211531875,13.6938529751705
gaussian,2000,2000,128,5,bsqr_rand,0.000886383246086212,0.000272280776709183,0.000366748558080144,8.22312340991312e-05,1.92501391343659,1,0.00134036152083333,2.02516166268722
gaussian,2000,2000,128,5,rejection_rpqr,0.000927149958710695,0.000286754036435172,0.000366748558080144,8.22312340991312e-05,1.92501391343659,1,0.00279773652083333,7.68514769757713
gaussian,2000,2000,128,6,bsqr_rand,0.00087316194105867,0.000278208409890005,0.000366748558080144,8.22312340991312e-05,1.92501391343659,1,0.00128823652083333,1.86399404476297
gaussian,2000,2000,128,6,rejection_rpqr,0.000916228444819307,0.000298952216458708,0.000366748558080144,8.22312340991312e-05,1.92501391343659,1,0.0029611531875,11.0823517910307
gaussian,2000,2000,128,7,bsqr_rand,0.000871159519330528,0.000253709526273817,0.000366748558080144,8.22312340991312e-05,1.92501391343659,1,0.00126686152083333,2.07509638911126
gaussian,2000,2000,128,7,rejection_rpqr,0.000958353738097552,0.000310343345491663,0.000366748558080144,8.22312340991312e-05,1.92501391343659,1,0.00287511152083333,9.84000808132303
gaussian,2000,2000,128,8,bsqr_rand,0.000870695375254266,0.000260509586938223,0.000366748558080144,8.22312340991312e-05,1.92501391343659,1,0.00122419485416667,2.02669402181708
gaussian,2000,2000,128,8,rejection_rpqr,0.000954355025564676,0.00031062742561074,0.000366748558080144,8.22312340991312e-05,1.92501391343659,1,0.0027117781875,4.31725813985536
gaussian,2000,2000,128,9,bsqr_rand,0.000827956046962054,0.000232333023911995,0.000366748558080144,8.22312340991312e-05,1.92501391343659,1,0.00138848652083333,2.00577973356561
gaussian,2000,2000,128,9,rejection_rpqr,0.000928729602311035,0.000292156051655757,0.000366748558080144,8.22312340991312e-05,1.92501391343659,1,0.00325444485416667,10.4361529126383
gaussian,2000,2000,128,10,bsqr_rand,0.000883609280101521,0.00028193695070829,0.000366748558080144,8.22312340991312e-05,1.92501391343659,1,0.00125219485416667,1.81256753274872
gaussian,2000,2000,128,10,rejection_rpqr,0.000920217529638094,0.000287369971069274,0.000366748558080144,8.22312340991312e-05,1.92501391343659,1,0.0027122781875,6.65497125955978
gaussian,2000,2000,128,11,bsqr_rand,0.000883558051953923,0.000294717782314261,0.000366748558080144,8.22312340991312e-05,1.92501391343659,1,0.00119394485416667,1.77256363289516
gaussian,2000,2000,128,11,rejection_rpqr,0.000932006917569045,0.000282428317985894,0.000366748558080144,8.22312340991312e-05,1.92501391343659,1,0.0028544031875,5.890931375046
gaussian,2000,2000,128,12,bsqr_rand,0.000832967377989773,0.000239977421323902,0.000366748558080144,8.22312340991312e-05,1.92501391343659,1,0.00136206985416667,1.73340142849588
gaussian,2000,2000,128,12,rejection_rpqr,0.000957261602179232,0.000301979238568122,0.000366748558080144,8.22312340991312e-05,1.92501391343659,1,0.00278669485416667,7.79686113729347
gaussian,2000,2000,128,13,bsqr_rand,0.000882222819509734,0.000261154632526293,0.000366748558080144,8.22312340991312e-05,1.92501391343659,1,0.00143431985416667,1.96336413729742
gaussian,2000,2000,128,13,rejection_rpqr,0.000910047186819645,0.000280157610868121,0.000366748558080144,8.22312340991312e-05,1.92501391343659,1,0.00353231985416667,9.45162176152115
gaussian,2000,2000,128,14,bsqr_rand,0.000924056840288107,0.00028937770884638,0.000366748558080144,8.22312340991312e-05,1.92501391343659,1,0.0013992781875,2.37200040884498
gaussian,2000,2000,128,14,rejection_rpqr,0.000939896404509912,0.000302186561236927,0.000366748558080144,8.22312340991312e-05,1.92501391343659,1,0.0033156531875,5.91952381004719
gaussian,2000,2000,128,15,bsqr_rand,0.000878343331443838,0.000264004688930678,0.000366748558080144,8.22312340991312e-05,1.92501391343659,1,0.00144419485416667,1.73981269444564
gaussian,2000,2000,128,15,rejection_rpqr,0.000908471243125681,0.000292726765908126,0.000366748558080144,8.22312340991312e-05,1.92501391343659,1,0.00317906985416667,7.583373897094
gaussian,2000,2000,128,16,bsqr_rand,0.000933620370235147,0.000285490770165111,0.000366748558080144,8.22312340991312e-05,1.92501391343659,1,0.0013910281875,2.57434978043542
gaussian,2000,2000,128,16,rejection_rpqr,0.000953388112795432,0.000296455683176571,0.000366748558080144,8.22312340991312e-05,1.92501391343659,1,0.00353481985416667,7.09927876078621
gaussian,2000,2000,128,17,bsqr_rand,0.0008444672330219,0.000231458538061678,0.000366748558080144,8.22312340991312e-05,1.92501391343659,1,0.00147148652083333,1.71961527901677
gaussian,2000,2000,128,17,rejection_rpqr,0.000913743086794864,0.000292670701990484,0.000366748558080144,8.22312340991312e-05,1.92501391343659,1,0.00310106985416667,17.8048456429235
gaussian,2000,2000,128,18,bsqr_rand,0.000915253437551486,0.00028872278027867,0.000366748558080144,8.22312340991312e-05,1.92501391343659,1,0.00131631985416667,3.06736392589428
gaussian,2000,2000,128,18,rejection_rpqr,0.000931420023794813,0.000303127525333709,0.000366748558080144,8.22312340991312e-05,1.92501391343659,1,0.00373094485416667,6.45732982031171
gaussian,2000,2000,128,19,bsqr_rand,0.000841899767991593,0.000253689855182983,0.000366748558080144,8.22312340991312e-05,1.92501391343659,1,0.00150881985416667,1.72206034684095
gaussian,2000,2000,128,19,rejection_rpqr,0.000948080376012339,0.000292585398221608,0.000366748558080144,8.22312340991312e-05,1.92501391343659,1,0.00305636152083333,4.56522420371622
gaussian,2000,2000,128,20,bsqr_rand,0.000850154180862044,0.000252544810644439,0.000366748558080144,8.22312340991312e-05,1.92501391343659,1,0.00140644485416667,1.84543240100241
gaussian,2000,2000,128,20,rejection_rpqr,0.000955340634926124,0.000343758751279265,0.000366748558080144,8.22312340991312e-05,1.92501391343659,1,0.00252548652083333,7.1014522878158
gaussian,2000,2000,256,1,bsqr_rand,4.04848813252304e-05,1.20813425570807e-05,1.28003706828986e-05,3.03081175805556e-06,1.92501391343659,1,0.0082890281875,1.55133628685973
gaussian,2000,2000,256,1,rejection_rpqr,4.40264289332905e-05,1.44861123888704e-05,1.28003706828986e-05,3.03081175805556e-06,1.92501391343659,1,0.0159566948541667,4.96011194962637
gaussian,2000,2000,256,2,bsqr_rand,3.93446540348968e-05,1.27202861135789e-05,1.28003706828986e-05,3.03081175805556e-06,1.92501391343659,1,0.0079561531875,1.71514179162012
gaussian,2000,2000,256,2,rejection_rpqr,4.53895112753848e-05,1.50524694853057e-05,1.28003706828986e-05,3.03081175805556e-06,1.92501391343659,1,0.0153096531875,6.92966361957272
gaussian,2000,2000,256,3,bsqr_rand,4.2224696437568e-05,1.375297067226e-05,1.28003706828986e-05,3.03081175805556e-06,1.92501391343659,1,0.0072504031875,1.92024223191207
gaussian,2000,2000,256,3,rejection_rpqr,4.70124655111938e-05,1.56185142118942e-05,1.28003706828986e-05,3.03081175805556e-06,1.92501391343659,1,0.0133824031875,6.48275922592134
gaussian,2000,2000,256,4,bsqr_rand,3.9371437132309e-05,1.22014095243602e-05,1.28003706828986e-05,3.03081175805556e-06,1.92501391343659,1,0.0071041531875,1.51540928402371
gaussian,2000,2000,256,4,rejection_rpqr,4.67440074687064e-05,1.50753767368735e-05,1.28003706828986e-05,3.03081175805556e-06,1.92501391343659,1,0.0132405281875,6.16835544166723
gaussian,2000,2000,256,5,bsqr_rand,3.98618004998186e-05,1.22987935394848e-05,1.28003706828986e-05,3.03081175805556e-06,1.92501391343659,1,0.00719994485416667,1.66015909603506
gaussian,2000,2000,256,5,rejection_rpqr,4.57205242605831e-05,1.55484431522725e-05,1.28003706828986e-05,3.03081175805556e-06,1.92501391343659,1,0.0126436531875,4.68202428236397
gaussian,2000,2000,256,6,bsqr_rand,3.88931601869889e-05,1.10088212657512e-05,1.28003706828986e-05,3.03081175805556e-06,1.92501391343659,1,0.00689236152083333,1.35754699887943
gaussian,2000,2000,256,6,rejection_rpqr,4.68594756847741e-05,1.70563308298169e-05,1.28003706828986e-05,3.03081175805556e-06,1.92501391343659,1,0.0129589448541667,5.65016481856481
gaussian,2000,2000,256,7,bsqr_rand,3.91964044915151e-05,1.18523010125437e-05,1.28003706828986e-05,3.03081175805556e-06,1.92501391343659,1,0.00680448652083333,1.6483819334494
gaussian,2000,2000,256,7,rejection_rpqr,4.49796734063793e-05,1.53497551833176e-05,1.28003706828986e-05,3.03081175805556e-06,1.92501391343659,1,0.0137952365208333,5.73084335482879
gaussian,2000,2000,256,8,bsqr_rand,4.18416654894322e-05,1.3454143836438e-05,1.28003706828986e-05,3.03081175805556e-06,1.92501391343659,1,0.00648569485416667,1.67399743902161
gaussian,2000,2000,256,8,rejection_rpqr,4.65851261840005e-05,1.70412074111108e-05,1.28003706828986e-05,3.03081175805556e-06,1.92501391343659,1,0.0115591115208333,5.82881604542423
gaussian,2000,2000,256,9,bsqr_rand,3.95446769201203e-05,1.21164759519687e-05,1.28003706828986e-05,3.03081175805556e-06,1.92501391343659,1,0.00683906985416667,1.57891562033911
gaussian,2000,2000,256,9,rejection_rpqr,4.5101386030348e-05,1.48783929484861e-05,1.28003706828986e-05,3.03081175805556e-06,1.92501391343659,1,0.0126515281875,6.00121427640636
gaussian,2000,2000,256,10,bsqr_rand,4.13341579326606e-05,1.26855551993491e-05,1.28003706828986e-05,3.03081175805556e-06,1.92501391343659,1,0.0070119031875,1.87464442733606
gaussian,2000,2000,256,10,rejection_rpqr,4.50992034076809e-05,1.57411629315e-05,1.28003706828986e-05,3.03081175805556e-06,1.92501391343659,1,0.0118256531875,14.5312315136207
gaussian,2000,2000,256,11,bsqr_rand,4.14700567378588e-05,1.26412580921636e-05,1.28003706828986e-05,3.03081175805556e-06,1.92501391343659,1,0.00677798652083333,1.57549223228128
gaussian,2000,2000,256,11,rejection_rpqr,4.61116668555159e-05,1.66423843199504e-05,1.28003706828986e-05,3.03081175805556e-06,1.92501391343659,1,0.0132802781875,4.27111677172614
gaussian,2000,2000,256,12,bsqr_rand,4.03982779246272e-05,1.24876842233365e-05,1.28003706828986e-05,3.03081175805556e-06,1.92501391343659,1,0.00671156985416667,2.1807492980994
gaussian,2000,2000,256,12,rejection_rpqr,4.44813570253713e-05,1.53303589852568e-05,1.28003706828986e-05,3.03081175805556e-06,1.92501391343659,1,0.0128651115208333,6.23108883871214
gaussian,2000,2000,256,13,bsqr_rand,3.96135241178095e-05,1.12870247457434e-05,1.28003706828986e-05,3.03081175805556e-06,1.92501391343659,1,0.00723423652083333,1.70817648900215
gaussian,2000,2000,256,13,rejection_rpqr,4.56924570405533e-05,1.55093418560499e-05,1.28003706828986e-05,3.03081175805556e-06,1.92501391343659,1,0.0139534865208333,18.6902499507784
gaussian,2000,2000,256,14,bsqr_rand,3.98345272908808e-05,1.31261889958213e-05,1.28003706828986e-05,3.03081175805556e-06,1.92501391343659,1,0.00715181985416667,1.7470084410039
gaussian,2000,2000,256,14,rejection_rpqr,4.75626578009774e-05,1.73947168522653e-05,1.28003706828986e-05,3.03081175805556e-06,1.92501391343659,1,0.0141256531875,8.84371508687005
gaussian,2000,2000,256,15,bsqr_rand,3.89011693341189e-05,1.19705772943814e-05,1.28003706828986e-05,3.03081175805556e-06,1.92501391343659,1,0.00706844485416667,1.52565318433211
gaussian,2000,2000,256,15,rejection_rpqr,4.50633475647663e-05,1.63392029677614e-05,1.28003706828986e-05,3.03081175805556e-06,1.92501391343659,1,0.0141393198541667,4.34101690109593
gaussian,2000,2000,256,16,bsqr_rand,3.87653514610763e-05,1.1744314981587e-05,1.28003706828986e-05,3.03081175805556e-06,1.92501391343659,1,0.0073530281875,1.57282177756828
gaussian,2000,2000,256,16,rejection_rpqr,4.40814189684172e-05,1.42794137050453e-05,1.28003706828986e-05,3.03081175805556e-06,1.92501391343659,1,0.0136833198541667,8.72164856229406
gaussian,2000,2000,256,17,bsqr_rand,4.33677111316649e-05,1.38309609128814e-05,1.28003706828986e-05,3.03081175805556e-06,1.92501391343659,1,0.0071092781875,2.20209899050424
gaussian,2000,2000,256,17,rejection_rpqr,4.70049828731569e-05,1.6047356075185e-05,1.28003706828986e-05,3.03081175805556e-06,1.92501391343659,1,0.0129784031875,7.00154865809351
gaussian,2000,2000,256,18,bsqr_rand,4.21699955836057e-05,1.47189925665457e-05,1.28003706828986e-05,3.03081175805556e-06,1.92501391343659,1,0.0073481531875,2.15109867463237
gaussian,2000,2000,256,18,rejection_rpqr,4.47138041350761e-05,1.53316842658836e-05,1.28003706828986e-05,3.03081175805556e-06,1.92501391343659,1,0.0147357781875,5.18905069480698
gaussian,2000,2000,256,19,bsqr_rand,3.93566348528991e-05,1.22014181575694e-05,1.28003706828986e-05,3.03081175805556e-06,1.92501391343659,1,0.0070336531875,1.94044520652057
gaussian,2000,2000,256,19,rejection_rpqr,4.47576946078334e-05,1.4878448604481e-05,1.28003706828986e-05,3.03081175805556e-06,1.92501391343659,1,0.0149708198541667,5.48177484635577
gaussian,2000,2000,256,20,bsqr_rand,3.82709862261592e-05,1.23183144253421e-05,1.28003706828986e-05,3.03081175805556e-06,1.92501391343659,1,0.00681723652083333,1.59481577125828
gaussian,2000,2000,256,20,rejection_rpqr,4.49514127169554e-05,1.45549961660819e-05,1.28003706828986e-05,3.03081175805556e-06,1.92501391343659,1,0.0131462781875,3.51781810967123
spiked_leverage,2000,2000,4,1,bsqr_rand,1.27016358352369,0.655168656550471,1.04655914977066,0.517947467923121,1.92501391343656,0.999999999999999,0.0001687951875,2.60663461056755
spiked_leverage,2000,2000,4,1,rejection_rpqr,1.40063463218919,0.786977049666337,1.04655914977066,0.517947467923121,1.92501391343656,0.999999999999999,0.0002640988125,4.86226883351326
spiked_leverage,2000,2000,4,2,bsqr_rand,1.22029205846051,0.613799936446549,1.04655914977066,0.517947467923121,1.92501391343656,0.999999999999999,0.000133614854166667,1.88355710221362
spiked_leverage,2000,2000,4,2,rejection_rpqr,1.34631234500069,0.722272849193755,1.04655914977066,0.517947467923121,1.92501391343656,0.999999999999999,0.000201203881944444,6.62353542426522
spiked_leverage,2000,2000,4,3,bsqr_rand,1.26088356960003,0.61720092266515,1.04655914977066,0.517947467923121,1.92501391343656,0.999999999999999,0.000117803291666667,2.22066590381369
spiked_leverage,2000,2000,4,3,rejection_rpqr,1.29679705579812,0.633885462511863,1.04655914977066,0.517947467923121,1.92501391343656,0.999999999999999,0.000186203520833333,2.63225006825456
spiked_leverage,2000,2000,4,4,bsqr_rand,1.25879544946728,0.607725067757614,1.04655914977066,0.517947467923121,1.92501391343656,0.999999999999999,0.000109023928240741,3.52544514544866
spiked_leverage,2000,2000,4,4,rejection_rpqr,1.33874715316059,0.654583032013194,1.04655914977066,0.517947467923121,1.92501391343656,0.999999999999999,0.000202461854166667,3.88390982355486
spiked_leverage,2000,2000,4,5,bsqr_rand,1.32712785389794,0.638886633402176,1.04655914977066,0.517947467923121,1.92501391343656,0.999999999999999,0.000105354604166667,5.52617451849188
spiked_leverage,2000,2000,4,5,rejection_rpqr,1.35351518084376,0.718662711725941,1.04655914977066,0.517947467923121,1.92501391343656,0.999999999999999,0.00013834699702381,4.19063666396674
spiked_leverage,2000,2000,4,6,bsqr_rand,1.30369259441825,0.688217482461313,1.04655914977066,0.517947467923121,1.92501391343656,0.999999999999999,0.000100167104166667,2.9784040320805
spiked_leverage,2000,2000,4,6,rejection_rpqr,1.42506358887238,0.746150273207414,1.04655914977066,0.517947467923121,1.92501391343656,0.999999999999999,0.000146888663690476,21.1790559421136
spiked_leverage,2000,2000,4,7,bsqr_rand,1.28139166337081,0.656306796154662,1.04655914977066,0.517947467923121,1.92501391343656,0.999999999999999,9.75462708333333e-05,3.67243094046874
spiked_leverage,2000,2000,4,7,rejection_rpqr,1.3962179736896,0.797247156428023,1.04655914977066,0.517947467923121,1.92501391343656,0.999999999999999,0.000122983901785714,8.08999331694009
spiked_leverage,2000,2000,4,8,bsqr_rand,1.20444989417937,0.618256563803462,1.04655914977066,0.517947467923121,1.92501391343656,0.999999999999999,9.96004375e-05,1.47882025277145
spiked_leverage,2000,2000,4,8,rejection_rpqr,1.34602345069994,0.737893910434756,1.04655914977066,0.517947467923121,1.92501391343656,0.999999999999999,0.000144983901785714,3.70610765521819
spiked_leverage,2000,2000,4,9,bsqr_rand,1.36649907361399,0.808317637137542,1.04655914977066,0.517947467923121,1.92501391343656,0.999999999999999,0.000100008770833333,6.19946873076575
spiked_leverage,2000,2000,4,9,rejection_rpqr,1.21785680017408,0.564097448918289,1.04655914977066,0.517947467923121,1.92501391343656,0.999999999999999,0.000134692235119048,2.43566551483006
spiked_leverage,2000,2000,4,10,bsqr_rand,1.37553908504111,0.747455332774747,1.04655914977066,0.517947467923121,1.92501391343656,0.999999999999999,9.77921041666667e-05,5.09298624344639
spiked_leverage,2000,2000,4,10,rejection_rpqr,1.26799080315608,0.619409942256656,1.04655914977066,0.517947467923121,1.92501391343656,0.999999999999999,0.000182599715277778,2.40296755148124
spiked_leverage,2000,2000,4,11,bsqr_rand,1.32611147113645,0.658414301676821,1.04655914977066,0.517947467923121,1.92501391343656,0.999999999999999,9.74462708333333e-05,3.04202929372022
spiked_leverage,2000,2000,4,11,rejection_rpqr,1.38887222930597,0.814516247465766,1.04655914977066,0.517947467923121,1.92501391343656,0.999999999999999,0.000135442235119048,6.6618152345928
spiked_leverage,2000,2000,4,12,bsqr_rand,1.24952538146275,0.604359055681236,1.04655914977066,0.517947467923121,1.92501391343656,0.999999999999999,9.89837708333333e-05,2.05510238238173
spiked_leverage,2000,2000,4,12,rejection_rpqr,1.37306921601459,0.735547753810396,1.04655914977066,0.517947467923121,1.92501391343656,0.999999999999999,0.000196780270833333,3.12133005483341
spiked_leverage,2000,2000,4,13,bsqr_rand,1.1977454862687,0.560009343857948,1.04655914977066,0.517947467923121,1.92501391343656,0.999999999999999,9.84254375e-05,2.18275155393676
spiked_leverage,2000,2000,4,13,rejection_rpqr,1.4189560181164,0.730308494528799,1.04655914977066,0.517947467923121,1.92501391343656,0.999999999999999,0.000170523326388889,3.22824413866736
spiked_leverage,2000,2000,4,14,bsqr_rand,1.32048355190918,0.692081121045996,1.04655914977066,0.517947467923121,1.92501391343656,0.999999999999999,9.71337708333333e-05,3.15858287029004
spiked_leverage,2000,2000,4,14,rejection_rpqr,1.29745625678869,0.66742603117432,1.04655914977066,0.517947467923121,1.92501391343656,0.999999999999999,0.000144329139880952,3.13331383299626
spiked_leverage,2000,2000,4,15,bsqr_rand,1.25268440403187,0.698745810843347,1.04655914977066,0.517947467923121,1.92501391343656,0.999999999999999,0.000100108770833333,2.54561186800004
spiked_leverage,2000,2000,4,15,rejection_rpqr,1.22707840742993,0.667899185842471,1.04655914977066,0.517947467923121,1.92501391343656,0.999999999999999,0.000134251758928571,1.53557753498135
spiked_leverage,2000,2000,4,16,bsqr_rand,1.39346345285851,0.837202902123696,1.04655914977066,0.517947467923121,1.92501391343656,0.999999999999999,9.66087708333333e-05,4.44707762872259
spiked_leverage,2000,2000,4,16,rejection_rpqr,1.32922088498476,0.692561491094573,1.04655914977066,0.517947467923121,1.92501391343656,0.999999999999999,0.000169120806547619,3.42323414521756
spiked_leverage,2000,2000,4,17,bsqr_rand,1.3343207348178,0.755436045541044,1.04655914977066,0.517947467923121,1.92501391343656,0.999999999999999,0.000101246270833333,3.20818337995983
spiked_leverage,2000,2000,4,17,rejection_rpqr,1.28251164642117,0.639855673306601,1.04655914977066,0.517947467923121,1.92501391343656,0.999999999999999,0.000169280270833333,3.96674701193769
spiked_leverage,2000,2000,4,18,bsqr_rand,1.36761696861792,0.715861797565545,1.04655914977066,0.517947467923121,1.92501391343656,0.999999999999999,0.0001048004375,4.24348522580155
spiked_leverage,2000,2000,4,18,rejection_rpqr,1.22716846244761,0.560778733995045,1.04655914977066,0.517947467923121,1.92501391343656,0.999999999999999,0.000157531520833333,2.15912209964272
spiked_leverage,2000,2000,4,19,bsqr_rand,1.40529015718358,0.792702495663814,1.04655914977066,0.517947467923121,1.92501391343656,0.999999999999999,0.000103721270833333,3.98372677476884
spiked_leverage,2000,2000,4,19,rejection_rpqr,1.3292534171052,0.712079134878598,1.04655914977066,0.517947467923121,1.92501391343656,0.999999999999999,0.000185378520833333,5.99795196529366
spiked_leverage,2000,2000,4,20,bsqr_rand,1.29442791662016,0.633841958010518,1.04655914977066,0.517947467923121,1.92501391343656,0.999999999999999,0.0001038129375,2.38323494154206
spiked_leverage,2000,2000,4,20,rejection_rpqr,1.33935198932508,0.692565156003266,1.04655914977066,0.517947467923121,1.92501391343656,0.999999999999999,0.000125792446759259,3.99077165931333
spiked_leverage,2000,2000,8,1,bsqr_rand,0.896725507042389,0.501780585152018,0.628487988839152,0.268269579527972,1.92501391343656,0.999999999999999,0.000138608901785714,3.30981270206059
spiked_leverage,2000,2000,8,1,rejection_rpqr,0.861200991442159,0.455965829531378,0.628487988839152,0.268269579527972,1.92501391343656,0.999999999999999,0.0002484701875,2.76574712087632
spiked_leverage,2000,2000,8,2,bsqr_rand,0.993470561796217,0.557838872534565,0.628487988839152,0.268269579527972,1.92501391343656,0.999999999999999,0.000134428291666667,3.87962674395056
spiked_leverage,2000,2000,8,2,rejection_rpqr,0.924373136129839,0.513979926264071,0.628487988839152,0.268269579527972,1.92501391343656,0.999999999999999,0.000241632631944444,5.30789566482928
spiked_leverage,2000,2000,8,3,bsqr_rand,0.93843514308576,0.418201603328334,0.628487988839152,0.268269579527972,1.92501391343656,0.999999999999999,0.000134542875,3.03417875590939
spiked_leverage,2000,2000,8,3,rejection_rpqr,0.885048560410347,0.428971484435875,0.628487988839152,0.268269579527972,1.92501391343656,0.999999999999999,0.0002455451875,2.41761545702094
spiked_leverage,2000,2000,8,4,bsqr_rand,0.981235833928403,0.510962876393725,0.628487988839152,0.268269579527972,1.92501391343656,0.999999999999999,0.000131313708333333,5.21926040835143
spiked_leverage,2000,2000,8,4,rejection_rpqr,1.03090292289763,0.554520918215401,0.628487988839152,0.268269579527972,1.92501391343656,0.999999999999999,0.000274840965277778,7.57440103600105
spiked_leverage,2000,2000,8,5,bsqr_rand,0.945979131263557,0.547720115067962,0.628487988839152,0.268269579527972,1.92501391343656,0.999999999999999,0.000157287215277778,3.31958856037116
spiked_leverage,2000,2000,8,5,rejection_rpqr,1.01998724744093,0.513706825372827,0.628487988839152,0.268269579527972,1.92501391343656,0.999999999999999,0.000269493743055556,12.4007509435775
spiked_leverage,2000,2000,8,6,bsqr_rand,1.00806157650548,0.517061959830251,0.628487988839152,0.268269579527972,1.92501391343656,0.999999999999999,0.000160710092261905,5.27440625165696
spiked_leverage,2000,2000,8,6,rejection_rpqr,0.976516025908263,0.519796594084433,0.628487988839152,0.268269579527972,1.92501391343656,0.999999999999999,0.000303994645833333,3.89667390230827
spiked_leverage,2000,2000,8,7,bsqr_rand,0.908659683293415,0.450572651454233,0.628487988839152,0.268269579527972,1.92501391343656,0.999999999999999,0.000181328520833333,2.4521058176589
spiked_leverage,2000,2000,8,7,rejection_rpqr,0.940352238161255,0.468797414206197,0.628487988839152,0.268269579527972,1.92501391343656,0.999999999999999,0.000357354854166667,10.4420765167337
spiked_leverage,2000,2000,8,8,bsqr_rand,0.956744031822012,0.545065738549658,0.628487988839152,0.268269579527972,1.92501391343656,0.999999999999999,0.000180224715277778,3.09334515127949
spiked_leverage,2000,2000,8,8,rejection_rpqr,0.915875966157879,0.409367641422103,0.628487988839152,0.268269579527972,1.92501391343656,0.999999999999999,0.000302007631944444,2.62241595181996
spiked_leverage,2000,2000,8,9,bsqr_rand,0.968917266754009,0.487010038885794,0.628487988839152,0.268269579527972,1.92501391343656,0.999999999999999,0.000180592770833333,6.0855962985645
spiked_leverage,2000,2000,8,9,rejection_rpqr,0.940688105687639,0.486540059413478,0.628487988839152,0.268269579527972,1.92501391343656,0.999999999999999,0.000285952076388889,2.44279493045663
spiked_leverage,2000,2000,8,10,bsqr_rand,0.936610659787506,0.484506463438669,0.628487988839152,0.268269579527972,1.92501391343656,0.999999999999999,0.0001831969375,4.35976835017955
spiked_leverage,2000,2000,8,10,rejection_rpqr,0.900103783844981,0.496407789581707,0.628487988839152,0.268269579527972,1.92501391343656,0.999999999999999,0.000305535409722222,3.08389520790543
spiked_leverage,2000,2000,8,11,bsqr_rand,0.959803939785188,0.454151825403595,0.628487988839152,0.268269579527972,1.92501391343656,0.999999999999999,0.000185703881944444,2.70456004924132
spiked_leverage,2000,2000,8,11,rejection_rpqr,0.849564436067522,0.374368072069869,0.628487988839152,0.268269579527972,1.92501391343656,0.999999999999999,0.000335660409722222,1.97762953317943
spiked_leverage,2000,2000,8,12,bsqr_rand,0.973727479437229,0.530281095388668,0.628487988839152,0.268269579527972,1.92501391343656,0.999999999999999,0.000212661854166667,4.69899562626836
spiked_leverage,2000,2000,8,12,rejection_rpqr,1.04364515120254,0.639643800565861,0.628487988839152,0.268269579527972,1.92501391343656,0.999999999999999,0.000357077076388889,8.67395238583387
spiked_leverage,2000,2000,8,13,bsqr_rand,0.970929870566825,0.502657168114574,0.628487988839152,0.268269579527972,1.92501391343656,0.999999999999999,0.000229861854166667,2.58526385300804
spiked_leverage,2000,2000,8,13,rejection_rpqr,0.974178741146356,0.499818725483791,0.628487988839152,0.268269579527972,1.92501391343656,0.999999999999999,0.000395827076388889,3.49058380819416
spiked_leverage,2000,2000,8,14,bsqr_rand,0.919173288618469,0.429631467349077,0.628487988839152,0.268269579527972,1.92501391343656,0.999999999999999,0.000216278520833333,3.024441510409
spiked_leverage,2000,2000,8,14,rejection_rpqr,0.844698122750587,0.41106762589614,0.628487988839152,0.268269579527972,1.92501391343656,0.999999999999999,0.000378229854166667,3.46190863021636
spiked_leverage,2000,2000,8,15,bsqr_rand,0.900372757721299,0.519552291392041,0.628487988839152,0.268269579527972,1.92501391343656,0.999999999999999,0.000221128520833333,2.68387656128078
spiked_leverage,2000,2000,8,15,rejection_rpqr,0.900545960236483,0.418228620902676,0.628487988839152,0.268269579527972,1.92501391343656,0.999999999999999,0.000413577076388889,3.10277678676786
spiked_leverage,2000,2000,8,16,bsqr_rand,0.985035421708093,0.565503410432732,0.628487988839152,0.268269579527972,1.92501391343656,0.999999999999999,0.000218728520833333,3.00963526297566
spiked_leverage,2000,2000,8,16,rejection_rpqr,0.989830651324103,0.479711317802766,0.628487988839152,0.268269579527972,1.92501391343656,0.999999999999999,0.000423215965277778,3.87849625341967
spiked_leverage,2000,2000,8,17,bsqr_rand,0.920697793984094,0.482699501549566,0.628487988839152,0.268269579527972,1.92501391343656,0.999999999999999,0.0002169951875,3.20663616966805
spiked_leverage,2000,2000,8,17,rejection_rpqr,0.967309086987228,0.476085223084883,0.628487988839152,0.268269579527972,1.92501391343656,0.999999999999999,0.000353868743055556,2.81703926543624
spiked_leverage,2000,2000,8,18,bsqr_rand,0.834252559928656,0.391681266550607,0.628487988839152,0.268269579527972,1.92501391343656,0.999999999999999,0.000219978520833333,2.32721950439894
spiked_leverage,2000,2000,8,18,rejection_rpqr,0.982651601640413,0.556075615085211,0.628487988839152,0.268269579527972,1.92501391343656,0.999999999999999,0.000395535409722222,9.00121326892118
spiked_leverage,2000,2000,8,19,bsqr_rand,0.985873212687636,0.546327222237245,0.628487988839152,0.268269579527972,1.92501391343656,0.999999999999999,0.0002231701875,4.42796568395565
spiked_leverage,2000,2000,8,19,rejection_rpqr,0.933467162767176,0.465943006195231,0.628487988839152,0.268269579527972,1.92501391343656,0.999999999999999,0.000368596104166667,3.70570883212247
spiked_leverage,2000,2000,8,20,bsqr_rand,0.945800061134091,0.475962947713796,0.628487988839152,0.268269579527972,1.92501391343656,0.999999999999999,0.000224211854166667,2.9554070629052
spiked_leverage,2000,2000,8,20,rejection_rpqr,0.955645207309699,0.444551148381597,0.628487988839152,0.268269579527972,1.92501391343656,0.999999999999999,0.000395132631944444,4.55593602218963
spiked_leverage,2000,2000,16,1,bsqr_rand,0.611240671150006,0.258144109040188,0.392337878153696,0.0973410176146865,1.92501391343656,0.999999999999999,0.0003071794375,4.95920237416079
spiked_leverage,2000,2000,16,1,rejection_rpqr,0.610429547022223,0.27967425347199,0.392337878153696,0.0973410176146865,1.92501391343656,0.999999999999999,0.0005413669375,3.76995369833177
spiked_leverage,2000,2000,16,2,bsqr_rand,0.639196500386888,0.332247980657314,0.392337878153696,0.0973410176146865,1.92501391343656,0.999999999999999,0.0002995050625,2.81917036347797
spiked_leverage,2000,2000,16,2,rejection_rpqr,0.607568572298692,0.268581004684464,0.392337878153696,0.0973410176146865,1.92501391343656,0.999999999999999,0.000472096104166667,7.84083367130432
spiked_leverage,2000,2000,16,3,bsqr_rand,0.642634244602871,0.306712741948091,0.392337878153696,0.0973410176146865,1.92501391343656,0.999999999999999,0.0002898175625,4.2301434766043
spiked_leverage,2000,2000,16,3,rejection_rpqr,0.666900778408055,0.342589649191827,0.392337878153696,0.0973410176146865,1.92501391343656,0.999999999999999,0.000465479854166667,4.29587935560797
spiked_leverage,2000,2000,16,4,bsqr_rand,0.597939509397854,0.24204424022845,0.392337878153696,0.0973410176146865,1.92501391343656,0.999999999999999,0.000298713395833333,2.22013473954829
spiked_leverage,2000,2000,16,4,rejection_rpqr,0.588322402467494,0.243480525638412,0.392337878153696,0.0973410176146865,1.92501391343656,0.999999999999999,0.000461596104166667,4.80708189654131
spiked_leverage,2000,2000,16,5,bsqr_rand,0.565657221342465,0.226372132027237,0.392337878153696,0.0973410176146865,1.92501391343656,0.999999999999999,0.000285244645833333,2.71490123385374
spiked_leverage,2000,2000,16,5,rejection_rpqr,0.64062832504537,0.319684514711654,0.392337878153696,0.0973410176146865,1.92501391343656,0.999999999999999,0.000541283604166667,4.0919195221271
spiked_leverage,2000,2000,16,6,bsqr_rand,0.632645632420395,0.32187791370784,0.392337878153696,0.0973410176146865,1.92501391343656,0.999999999999999,0.000282900895833333,3.38043551637118
spiked_leverage,2000,2000,16,6,rejection_rpqr,0.599356260403898,0.247609991915053,0.392337878153696,0.0973410176146865,1.92501391343656,0.999999999999999,0.000444229854166667,2.40772843643509
spiked_leverage,2000,2000,16,7,bsqr_rand,0.614373113439905,0.278790250185083,0.392337878153696,0.0973410176146865,1.92501391343656,0.999999999999999,0.0002856613125,2.98752195855892
spiked_leverage,2000,2000,16,7,rejection_rpqr,0.582377551648408,0.233937212432727,0.392337878153696,0.0973410176146865,1.92501391343656,0.999999999999999,0.000400140479166667,7.35392754390033
spiked_leverage,2000,2000,16,8,bsqr_rand,0.603566520904679,0.247205100898941,0.392337878153696,0.0973410176146865,1.92501391343656,0.999999999999999,0.000240203520833333,2.86317158453359
spiked_leverage,2000,2000,16,8,rejection_rpqr,0.59147648934466,0.26118012755945,0.392337878153696,0.0973410176146865,1.92501391343656,0.999999999999999,0.000382910409722222,3.30072779301628
spiked_leverage,2000,2000,16,9,bsqr_rand,0.673514973769485,0.311197208057687,0.392337878153696,0.0973410176146865,1.92501391343656,0.999999999999999,0.000242036854166667,3.88870126647684
spiked_leverage,2000,2000,16,9,rejection_rpqr,0.62980641032492,0.268716028728674,0.392337878153696,0.0973410176146865,1.92501391343656,0.999999999999999,0.000405825270833333,5.04623712332221
spiked_leverage,2000,2000,16,10,bsqr_rand,0.600457879206643,0.25431134337905,0.392337878153696,0.0973410176146865,1.92501391343656,0.999999999999999,0.0002375201875,4.25380230178169
spiked_leverage,2000,2000,16,10,rejection_rpqr,0.575664585155548,0.227005641571079,0.392337878153696,0.0973410176146865,1.92501391343656,0.999999999999999,0.000412854854166667,1.84674244941793
spiked_leverage,2000,2000,16,11,bsqr_rand,0.653121782123181,0.28868111537386,0.392337878153696,0.0973410176146865,1.92501391343656,0.999999999999999,0.000237328520833333,4.56155045367588
spiked_leverage,2000,2000,16,11,rejection_rpqr,0.617492440057439,0.262159225529353,0.392337878153696,0.0973410176146865,1.92501391343656,0.999999999999999,0.000395213395833333,3.373599230946
spiked_leverage,2000,2000,16,12,bsqr_rand,0.602588882053759,0.242267025324003,0.392337878153696,0.0973410176146865,1.92501391343656,0.999999999999999,0.000243390479166667,3.06689549057402
spiked_leverage,2000,2000,16,12,rejection_rpqr,0.550236384664711,0.187391099374928,0.392337878153696,0.0973410176146865,1.92501391343656,0.999999999999999,0.000391202076388889,5.98271331957625
spiked_leverage,2000,2000,16,13,bsqr_rand,0.590979401564486,0.247897871169123,0.392337878153696,0.0973410176146865,1.92501391343656,0.999999999999999,0.000205178520833333,4.15931077126277
spiked_leverage,2000,2000,16,13,rejection_rpqr,0.602553049379555,0.261169259406092,0.392337878153696,0.0973410176146865,1.92501391343656,0.999999999999999,0.000452590965277778,2.57681002090264
spiked_leverage,2000,2000,16,14,bsqr_rand,0.581720873569809,0.237319658881905,0.392337878153696,0.0973410176146865,1.92501391343656,0.999999999999999,0.0002927863125,2.95390629427335
spiked_leverage,2000,2000,16,14,rejection_rpqr,0.632942137917889,0.339744642296868,0.392337878153696,0.0973410176146865,1.92501391343656,0.999999999999999,0.0004689294375,9.5355650119992
spiked_leverage,2000,2000,16,15,bsqr_rand,0.613228745085821,0.255360762236959,0.392337878153696,0.0973410176146865,1.92501391343656,0.999999999999999,0.000275932145833333,2.95774284031165
spiked_leverage,2000,2000,16,15,rejection_rpqr,0.59476392430184,0.254389449359574,0.392337878153696,0.0973410176146865,1.92501391343656,0.999999999999999,0.000428952076388889,4.05161449784961
spiked_leverage,2000,2000,16,16,bsqr_rand,0.574447340267958,0.225454950130191,0.392337878153696,0.0973410176146865,1.92501391343656,0.999999999999999,0.0002440050625,3.96663526460033
spiked_leverage,2000,2000,16,16,rejection_rpqr,0.614152434657643,0.248508798396282,0.392337878153696,0.0973410176146865,1.92501391343656,0.999999999999999,0.000401229854166667,3.47882419445292
spiked_leverage,2000,2000,16,17,bsqr_rand,0.598098361186544,0.243796098472375,0.392337878153696,0.0973410176146865,1.92501391343656,0.999999999999999,0.000240736854166667,4.19467269722043
spiked_leverage,2000,2000,16,17,rejection_rpqr,0.640728226816521,0.283253079047827,0.392337878153696,0.0973410176146865,1.92501391343656,0.999999999999999,0.000419471104166667,8.55389630194024
spiked_leverage,2000,2000,16,18,bsqr_rand,0.595743922219432,0.236856276411972,0.392337878153696,0.0973410176146865,1.92501391343656,0.999999999999999,0.000240838395833333,2.2729589344444
spiked_leverage,2000,2000,16,18,rejection_rpqr,0.622593363257742,0.293238973716174,0.392337878153696,0.0973410176146865,1.92501391343656,0.999999999999999,0.0003660544375,4.06050027250161
spiked_leverage,2000,2000,16,19,bsqr_rand,0.632651813571505,0.262741263480497,0.392337878153696,0.0973410176146865,1.92501391343656,0.999999999999999,0.000244761854166667,2.38458879433005
spiked_leverage,2000,2000,16,19,rejection_rpqr,0.614141721189508,0.251249787400674,0.392337878153696,0.0973410176146865,1.92501391343656,0.999999999999999,0.000419221104166667,2.34757441526026
spiked_leverage,2000,2000,16,20,bsqr_rand,0.594914752690703,0.257050409490025,0.392337878153696,0.0973410176146865,1.92501391343656,0.999999999999999,0.000236171729166667,1.79151140261289
spiked_leverage,2000,2000,16,20,rejection_rpqr,0.614101618149901,0.278697717220314,0.392337878153696,0.0973410176146865,1.92501391343656,0.999999999999999,0.000347924298611111,4.25775757039058
spiked_leverage,2000,2000,32,1,bsqr_rand,0.341426201904135,0.120420246176031,0.222673936692031,0.0632455532033676,1.92501391343656,0.999999999999999,0.000273369645833333,5.02949066872244
spiked_leverage,2000,2000,32,1,rejection_rpqr,0.338910665632262,0.11538460510078,0.222673936692031,0.0632455532033676,1.92501391343656,0.999999999999999,0.000464590965277778,5.02484219674223
spiked_leverage,2000,2000,32,2,bsqr_rand,0.352934833540612,0.140229633185086,0.222673936692031,0.0632455532033676,1.92501391343656,0.999999999999999,0.0002672550625,1.95801199978984
spiked_leverage,2000,2000,32,2,rejection_rpqr,0.345937356395818,0.136941808026198,0.222673936692031,0.0632455532033676,1.92501391343656,0.999999999999999,0.0004673669375,3.81335271794597
spiked_leverage,2000,2000,32,3,bsqr_rand,0.338169318929453,0.138444599837702,0.222673936692031,0.0632455532033676,1.92501391343656,0.999999999999999,0.0002750363125,3.67106214146768
spiked_leverage,2000,2000,32,3,rejection_rpqr,0.350734150017997,0.139436920314572,0.222673936692031,0.0632455532033676,1.92501391343656,0.999999999999999,0.000506408604166667,12.8215889916036
spiked_leverage,2000,2000,32,4,bsqr_rand,0.34092764099198,0.126325096069488,0.222673936692031,0.0632455532033676,1.92501391343656,0.999999999999999,0.000278400895833333,2.31514214819669
spiked_leverage,2000,2000,32,4,rejection_rpqr,0.34821754805111,0.148574825014817,0.222673936692031,0.0632455532033676,1.92501391343656,0.999999999999999,0.000485075270833333,5.17386543113179
spiked_leverage,2000,2000,32,5,bsqr_rand,0.356202825949513,0.149027016873404,0.222673936692031,0.0632455532033676,1.92501391343656,0.999999999999999,0.000275400895833333,2.12513406057364
spiked_leverage,2000,2000,32,5,rejection_rpqr,0.338902717880369,0.124201068588052,0.222673936692031,0.0632455532033676,1.92501391343656,0.999999999999999,0.000513658604166667,4.04179001833128
spiked_leverage,2000,2000,32,6,bsqr_rand,0.364405954601675,0.152891408674222,0.222673936692031,0.0632455532033676,1.92501391343656,0.999999999999999,0.000399118743055556,4.67586958756633
spiked_leverage,2000,2000,32,6,rejection_rpqr,0.338501473341274,0.120055175209195,0.222673936692031,0.0632455532033676,1.92501391343656,0.999999999999999,0.000688512770833333,3.03475448944347
spiked_leverage,2000,2000,32,7,bsqr_rand,0.336817550287493,0.117397086006967,0.222673936692031,0.0632455532033676,1.92501391343656,0.999999999999999,0.000392021520833333,2.34030308166496
spiked_leverage,2000,2000,32,7,rejection_rpqr,0.33295797901373,0.124598484836356,0.222673936692031,0.0632455532033676,1.92501391343656,0.999999999999999,0.0007416531875,3.32720313085848
spiked_leverage,2000,2000,32,8,bsqr_rand,0.342921823615152,0.127699342798276,0.222673936692031,0.0632455532033676,1.92501391343656,0.999999999999999,0.000389118743055555,2.88568172946155
spiked_leverage,2000,2000,32,8,rejection_rpqr,0.338835528967327,0.137066574649922,0.222673936692031,0.0632455532033676,1.92501391343656,0.999999999999999,0.000679137770833333,6.30142620048288
spiked_leverage,2000,2000,32,9,bsqr_rand,0.351775857183903,0.133024045098322,0.222673936692031,0.0632455532033676,1.92501391343656,0.999999999999999,0.000381396520833333,3.07306323809365
spiked_leverage,2000,2000,32,9,rejection_rpqr,0.343783973282523,0.129808138555245,0.222673936692031,0.0632455532033676,1.92501391343656,0.999999999999999,0.000600387770833333,3.71609487630301
spiked_leverage,2000,2000,32,10,bsqr_rand,0.329786258151263,0.114112488025822,0.222673936692031,0.0632455532033676,1.92501391343656,0.999999999999999,0.000315369645833333,3.21370806314854
spiked_leverage,2000,2000,32,10,rejection_rpqr,0.332743285947325,0.116199937074533,0.222673936692031,0.0632455532033676,1.92501391343656,0.999999999999999,0.000541408604166667,2.50513514756165
spiked_leverage,2000,2000,32,11,bsqr_rand,0.340388465316296,0.12361061262464,0.222673936692031,0.0632455532033676,1.92501391343656,0.999999999999999,0.000325160409722222,2.28941849305127
spiked_leverage,2000,2000,32,11,rejection_rpqr,0.349411888224002,0.143405587440284,0.222673936692031,0.0632455532033676,1.92501391343656,0.999999999999999,0.000636950270833333,12.8896181857511
spiked_leverage,2000,2000,32,12,bsqr_rand,0.34999413280984,0.1278185571132,0.222673936692031,0.0632455532033676,1.92501391343656,0.999999999999999,0.000314507631944444,2.66880975165437
spiked_leverage,2000,2000,32,12,rejection_rpqr,0.34916736140734,0.130910526361942,0.222673936692031,0.0632455532033676,1.92501391343656,0.999999999999999,0.0005920544375,4.38810377895386
spiked_leverage,2000,2000,32,13,bsqr_rand,0.347087735635453,0.125085692863106,0.222673936692031,0.0632455532033676,1.92501391343656,0.999999999999999,0.000314757631944444,4.29475947816187
spiked_leverage,2000,2000,32,13,rejection_rpqr,0.348472237614644,0.135877019749,0.222673936692031,0.0632455532033676,1.92501391343656,0.999999999999999,0.000555262770833333,6.94140626092806
spiked_leverage,2000,2000,32,14,bsqr_rand,0.338935440528868,0.121961502688629,0.222673936692031,0.0632455532033676,1.92501391343656,0.999999999999999,0.000325021520833333,3.60034485654177
spiked_leverage,2000,2000,32,14,rejection_rpqr,0.380341306291383,0.177294310119489,0.222673936692031,0.0632455532033676,1.92501391343656,0.999999999999999,0.0005134919375,8.02417063967536
spiked_leverage,2000,2000,32,15,bsqr_rand,0.341692868452876,0.120756954295501,0.222673936692031,0.0632455532033676,1.92501391343656,0.999999999999999,0.000314827979166667,2.70229887649334
spiked_leverage,2000,2000,32,15,rejection_rpqr,0.347011149033237,0.140046152806928,0.222673936692031,0.0632455532033676,1.92501391343656,0.999999999999999,0.000503077076388889,4.36741796912484
spiked_leverage,2000,2000,32,16,bsqr_rand,0.349561249749361,0.131083760224672,0.222673936692031,0.0632455532033676,1.92501391343656,0.999999999999999,0.000311465965277778,3.39726053244232
spiked_leverage,2000,2000,32,16,rejection_rpqr,0.342907482797337,0.120923635815224,0.222673936692031,0.0632455532033676,1.92501391343656,0.999999999999999,0.0004921794375,6.95018708784857
spiked_leverage,2000,2000,32,17,bsqr_rand,0.350682946260235,0.125596735227471,0.222673936692031,0.0632455532033676,1.92501391343656,0.999999999999999,0.000263757631944444,4.89401061319759
spiked_leverage,2000,2000,32,17,rejection_rpqr,0.341297469042769,0.135442739684328,0.222673936692031,0.0632455532033676,1.92501391343656,0.999999999999999,0.0005229919375,2.99635823273193
spiked_leverage,2000,2000,32,18,bsqr_rand,0.345073848987355,0.138032819563731,0.222673936692031,0.0632455532033676,1.92501391343656,0.999999999999999,0.0002737238125,2.54877649932393
spiked_leverage,2000,2000,32,18,rejection_rpqr,0.352913481758576,0.129927776684773,0.222673936692031,0.0632455532033676,1.92501391343656,0.999999999999999,0.000514012770833333,3.7421113102749
spiked_leverage,2000,2000,32,19,bsqr_rand,0.350948296347198,0.123456309279365,0.222673936692031,0.0632455532033676,1.92501391343656,0.999999999999999,0.000265400895833333,3.0016075511377
spiked_leverage,2000,2000,32,19,rejection_rpqr,0.337714300639002,0.123359080380554,0.222673936692031,0.0632455532033676,1.92501391343656,0.999999999999999,0.000570257631944444,4.81245358484692
spiked_leverage,2000,2000,32,20,bsqr_rand,0.339356857093791,0.142822402712156,0.222673936692031,0.0632455532033676,1.92501391343656,0.999999999999999,0.000275932145833333,3.57977791383051
spiked_leverage,2000,2000,32,20,rejection_rpqr,0.3477506405951,0.132075851941067,0.222673936692031,0.0632455532033676,1.92501391343656,0.999999999999999,0.000540596104166667,9.27656813366736
spiked_leverage,2000,2000,64,1,bsqr_rand,0.00546395022257648,0.00269994330653876,0.00191045456741756,0.000428327275111025,1.92501391343656,0.999999999999999,0.000478908604166667,3.52614663956157
spiked_leverage,2000,2000,64,1,rejection_rpqr,0.00527530544816238,0.00238914034463925,0.00191045456741756,0.000428327275111025,1.92501391343656,0.999999999999999,0.00120769485416667,8.0791594224809
spiked_leverage,2000,2000,64,2,bsqr_rand,0.00479550316898513,0.00202692948051813,0.00191045456741756,0.000428327275111025,1.92501391343656,0.999999999999999,0.000478783604166667,2.10741420392239
spiked_leverage,2000,2000,64,2,rejection_rpqr,0.00632914658155008,0.00365417515588992,0.00191045456741756,0.000428327275111025,1.92501391343656,0.999999999999999,0.0010742419375,4.1190870189306
spiked_leverage,2000,2000,64,3,bsqr_rand,0.00536471434513611,0.00249048030095907,0.00191045456741756,0.000428327275111025,1.92501391343656,0.999999999999999,0.0004858131875,2.29096087625244
spiked_leverage,2000,2000,64,3,rejection_rpqr,0.00525729183126723,0.00262008230544315,0.00191045456741756,0.000428327275111025,1.92501391343656,0.999999999999999,0.0010347781875,4.6102822423096
spiked_leverage,2000,2000,64,4,bsqr_rand,0.0048212460163987,0.0019182471123603,0.00191045456741756,0.000428327275111025,1.92501391343656,0.999999999999999,0.000478971104166667,2.44996798322559
spiked_leverage,2000,2000,64,4,rejection_rpqr,0.00545250838161262,0.00260513337665195,0.00191045456741756,0.000428327275111025,1.92501391343656,0.999999999999999,0.000904069854166667,8.94012044462573
spiked_leverage,2000,2000,64,5,bsqr_rand,0.00547157811679925,0.00246446744778719,0.00191045456741756,0.000428327275111025,1.92501391343656,0.999999999999999,0.000479090965277778,2.23927166810078
spiked_leverage,2000,2000,64,5,rejection_rpqr,0.00536702924426004,0.00254491039574022,0.00191045456741756,0.000428327275111025,1.92501391343656,0.999999999999999,0.00103481985416667,4.24205222307944
spiked_leverage,2000,2000,64,6,bsqr_rand,0.00495881876724759,0.00210501487041768,0.00191045456741756,0.000428327275111025,1.92501391343656,0.999999999999999,0.000481674298611111,2.20495739329032
spiked_leverage,2000,2000,64,6,rejection_rpqr,0.00588790449457131,0.00307125572624525,0.00191045456741756,0.000428327275111025,1.92501391343656,0.999999999999999,0.00119461152083333,12.1515762476573
spiked_leverage,2000,2000,64,7,bsqr_rand,0.00512401011651229,0.0024407312328355,0.00191045456741756,0.000428327275111025,1.92501391343656,0.999999999999999,0.000483479854166667,2.3450259054066
spiked_leverage,2000,2000,64,7,rejection_rpqr,0.00634619548111915,0.0039322238530475,0.00191045456741756,0.000428327275111025,1.92501391343656,0.999999999999999,0.00100782527083333,4.07714936949806
spiked_leverage,2000,2000,64,8,bsqr_rand,0.0057472010872426,0.00264429850881727,0.00191045456741756,0.000428327275111025,1.92501391343656,0.999999999999999,0.000472757631944444,3.56903903829848
spiked_leverage,2000,2000,64,8,rejection_rpqr,0.00517385230360641,0.00247233999471683,0.00191045456741756,0.000428327275111025,1.92501391343656,0.999999999999999,0.000749861520833333,4.00641612935905
spiked_leverage,2000,2000,64,9,bsqr_rand,0.00497843453831577,0.00227358133648558,0.00191045456741756,0.000428327275111025,1.92501391343656,0.999999999999999,0.000480535409722222,3.19559599011737
spiked_leverage,2000,2000,64,9,rejection_rpqr,0.00603881103739097,0.00290711095390904,0.00191045456741756,0.000428327275111025,1.92501391343656,0.999999999999999,0.000895444854166667,10.8140785385722
spiked_leverage,2000,2000,64,10,bsqr_rand,0.00529272222438429,0.00269852326804606,0.00191045456741756,0.000428327275111025,1.92501391343656,0.999999999999999,0.000414007631944444,2.57631166331214
spiked_leverage,2000,2000,64,10,rejection_rpqr,0.0057422234288987,0.00308309472070689,0.00191045456741756,0.000428327275111025,1.92501391343656,0.999999999999999,0.00104719485416667,5.66472126356414
spiked_leverage,2000,2000,64,11,bsqr_rand,0.00508827486327289,0.00222319647038914,0.00191045456741756,0.000428327275111025,1.92501391343656,0.999999999999999,0.000421660409722222,2.08436592583224
spiked_leverage,2000,2000,64,11,rejection_rpqr,0.00583985092558667,0.00290365208556008,0.00191045456741756,0.000428327275111025,1.92501391343656,0.999999999999999,0.000761944854166667,4.39505348810347
spiked_leverage,2000,2000,64,12,bsqr_rand,0.0055990031147173,0.00288025600666986,0.00191045456741756,0.000428327275111025,1.92501391343656,0.999999999999999,0.0004144381875,3.04589069148907
spiked_leverage,2000,2000,64,12,rejection_rpqr,0.00566092470025241,0.00340255816014125,0.00191045456741756,0.000428327275111025,1.92501391343656,0.999999999999999,0.000952512770833333,4.29148841098689
spiked_leverage,2000,2000,64,13,bsqr_rand,0.00580739449625567,0.00333573358146377,0.00191045456741756,0.000428327275111025,1.92501391343656,0.999999999999999,0.000415577076388889,2.9491746837879
spiked_leverage,2000,2000,64,13,rejection_rpqr,0.00590120283648661,0.00285836701766141,0.00191045456741756,0.000428327275111025,1.92501391343656,0.999999999999999,0.000911944854166667,5.41559232726689
spiked_leverage,2000,2000,64,14,bsqr_rand,0.00578275549535833,0.00256224255755664,0.00191045456741756,0.000428327275111025,1.92501391343656,0.999999999999999,0.000479507631944444,3.54544718645278
spiked_leverage,2000,2000,64,14,rejection_rpqr,0.00640996360304806,0.00342678755080408,0.00191045456741756,0.000428327275111025,1.92501391343656,0.999999999999999,0.0009674294375,3.85156014561443
spiked_leverage,2000,2000,64,15,bsqr_rand,0.00551524165716681,0.00257839171741406,0.00191045456741756,0.000428327275111025,1.92501391343656,0.999999999999999,0.000436146520833333,2.61254879873746
spiked_leverage,2000,2000,64,15,rejection_rpqr,0.0052114782482103,0.00229666717496789,0.00191045456741756,0.000428327275111025,1.92501391343656,0.999999999999999,0.0008867419375,13.9638991747569
spiked_leverage,2000,2000,64,16,bsqr_rand,0.00523279319236704,0.00229474088927961,0.00191045456741756,0.000428327275111025,1.92501391343656,0.999999999999999,0.000423771520833333,2.86749355800884
spiked_leverage,2000,2000,64,16,rejection_rpqr,0.00599998392344563,0.00330487331543352,0.00191045456741756,0.000428327275111025,1.92501391343656,0.999999999999999,0.0009638044375,9.67897571489765
spiked_leverage,2000,2000,64,17,bsqr_rand,0.00490036244954084,0.00185316124909,0.00191045456741756,0.000428327275111025,1.92501391343656,0.999999999999999,0.000421243743055556,2.80027968519796
spiked_leverage,2000,2000,64,17,rejection_rpqr,0.00565374819481733,0.00296422632757389,0.00191045456741756,0.000428327275111025,1.92501391343656,0.999999999999999,0.000964075270833333,5.01735769828779
spiked_leverage,2000,2000,64,18,bsqr_rand,0.00617635527477208,0.00296087525696224,0.00191045456741756,0.000428327275111025,1.92501391343656,0.999999999999999,0.000384229854166667,3.90062765179483
spiked_leverage,2000,2000,64,18,rejection_rpqr,0.00578651080888829,0.00310641070696457,0.00191045456741756,0.000428327275111025,1.92501391343656,0.999999999999999,0.000966825270833333,6.63292774519191
spiked_leverage,2000,2000,64,19,bsqr_rand,0.00536187979728139,0.00251275242505812,0.00191045456741756,0.000428327275111025,1.92501391343656,0.999999999999999,0.000412299298611111,3.20607073124037
spiked_leverage,2000,2000,64,19,rejection_rpqr,0.00546172496540496,0.00304117719014134,0.00191045456741756,0.000428327275111025,1.92501391343656,0.999999999999999,0.000921908604166667,25.2907510121151
spiked_leverage,2000,2000,64,20,bsqr_rand,0.00533547166661179,0.00246282435279065,0.00191045456741756,0.000428327275111025,1.92501391343656,0.999999999999999,0.000422104854166667,2.51528235739854
spiked_leverage,2000,2000,64,20,rejection_rpqr,0.00533552047908093,0.00245239801209981,0.00191045456741756,0.000428327275111025,1.92501391343656,0.999999999999999,0.000780986520833333,3.79108668673397
spiked_leverage,2000,2000,128,1,bsqr_rand,0.000896300152720754,0.000278342062079384,0.000366748558080144,8.22312340991324e-05,1.92501391343656,0.999999999999999,0.0013439031875,2.51597776482861
spiked_leverage,2000,2000,128,1,rejection_rpqr,0.000953657629408375,0.000302633466758366,0.000366748558080144,8.22312340991324e-05,1.92501391343656,0.999999999999999,0.0032542781875,7.35677798405091
spiked_leverage,2000,2000,128,2,bsqr_rand,0.000967521280010909,0.000339400371667996,0.000366748558080144,8.22312340991324e-05,1.92501391343656,0.999999999999999,0.00133444485416667,2.82182602677161
spiked_leverage,2000,2000,128,2,rejection_rpqr,0.000928946185502448,0.000306369481557872,0.000366748558080144,8.22312340991324e-05,1.92501391343656,0.999999999999999,0.00329956985416667,5.18959918596793
spiked_leverage,2000,2000,128,3,bsqr_rand,0.000882851527637814,0.000255575755366174,0.000366748558080144,8.22312340991324e-05,1.92501391343656,0.999999999999999,0.00145248652083333,2.15748873558814
spiked_leverage,2000,2000,128,3,rejection_rpqr,0.000948494575030982,0.000316188590659679,0.000366748558080144,8.22312340991324e-05,1.92501391343656,0.999999999999999,0.00321244485416667,15.0319891915984
spiked_leverage,2000,2000,128,4,bsqr_rand,0.000935091401562056,0.000295384723006842,0.000366748558080144,8.22312340991324e-05,1.92501391343656,0.999999999999999,0.00133736152083333,2.64020667699387
spiked_leverage,2000,2000,128,4,rejection_rpqr,0.000940837422353427,0.000297220272196227,0.000366748558080144,8.22312340991324e-05,1.92501391343656,0.999999999999999,0.0028735281875,6.53686880177553
spiked_leverage,2000,2000,128,5,bsqr_rand,0.000950640303609738,0.000325877227019697,0.000366748558080144,8.22312340991324e-05,1.92501391343656,0.999999999999999,0.00135394485416667,2.81643256017975
spiked_leverage,2000,2000,128,5,rejection_rpqr,0.000920152320958571,0.000277827242844906,0.000366748558080144,8.22312340991324e-05,1.92501391343656,0.999999999999999,0.00363398652083333,5.95612553667669
spiked_leverage,2000,2000,128,6,bsqr_rand,0.000927881818649115,0.00029007036817483,0.000366748558080144,8.22312340991324e-05,1.92501391343656,0.999999999999999,0.00144006985416667,2.20308336787175
spiked_leverage,2000,2000,128,6,rejection_rpqr,0.00091992591669926,0.000295127787515367,0.000366748558080144,8.22312340991324e-05,1.92501391343656,0.999999999999999,0.00328261152083333,3.02489141351777
spiked_leverage,2000,2000,128,7,bsqr_rand,0.000922932601073647,0.0002916930949861,0.000366748558080144,8.22312340991324e-05,1.92501391343656,0.999999999999999,0.00136656985416667,2.40669065352676
spiked_leverage,2000,2000,128,7,rejection_rpqr,0.000922750322982484,0.000302397066986451,0.000366748558080144,8.22312340991324e-05,1.92501391343656,0.999999999999999,0.00299781985416667,3.95526083046085
spiked_leverage,2000,2000,128,8,bsqr_rand,0.000957102516147328,0.000301396320260028,0.000366748558080144,8.22312340991324e-05,1.92501391343656,0.999999999999999,0.0013080281875,3.0492914358416
spiked_leverage,2000,2000,128,8,rejection_rpqr,0.000922979359806629,0.000324465063131472,0.000366748558080144,8.22312340991324e-05,1.92501391343656,0.999999999999999,0.0038862781875,6.45285648348588
spiked_leverage,2000,2000,128,9,bsqr_rand,0.00093294703019809,0.000288659739473151,0.000366748558080144,8.22312340991324e-05,1.92501391343656,0.999999999999999,0.0013664031875,2.5672463864874
spiked_leverage,2000,2000,128,9,rejection_rpqr,0.000943630789536978,0.000302583634992859,0.000366748558080144,8.22312340991324e-05,1.92501391343656,0.999999999999999,0.00303473652083333,3.63600312758479
spiked_leverage,2000,2000,128,10,bsqr_rand,0.000945210698287281,0.000286726115215379,0.000366748558080144,8.22312340991324e-05,1.92501391343656,0.999999999999999,0.00132348652083333,2.75895113003321
spiked_leverage,2000,2000,128,10,rejection_rpqr,0.000972261442704999,0.000325664847366897,0.000366748558080144,8.22312340991324e-05,1.92501391343656,0.999999999999999,0.0030909031875,3.54702714284693
spiked_leverage,2000,2000,128,11,bsqr_rand,0.000915069844157489,0.000256267207131231,0.000366748558080144,8.22312340991324e-05,1.92501391343656,0.999999999999999,0.00132948652083333,2.22207164912786
spiked_leverage,2000,2000,128,11,rejection_rpqr,0.000943206427316,0.000319207013858142,0.000366748558080144,8.22312340991324e-05,1.92501391343656,0.999999999999999,0.0030575281875,3.80114952116383
spiked_leverage,2000,2000,128,12,bsqr_rand,0.000923268656871218,0.000301469684408166,0.000366748558080144,8.22312340991324e-05,1.92501391343656,0.999999999999999,0.00118069485416667,3.4805630486377
spiked_leverage,2000,2000,128,12,rejection_rpqr,0.000954723477888266,0.00032962709138146,0.000366748558080144,8.22312340991324e-05,1.92501391343656,0.999999999999999,0.0034117781875,4.98884438297484
spiked_leverage,2000,2000,128,13,bsqr_rand,0.000956869994073473,0.00031401067514364,0.000366748558080144,8.22312340991324e-05,1.92501391343656,0.999999999999999,0.00118123652083333,3.72372503333716
spiked_leverage,2000,2000,128,13,rejection_rpqr,0.000950632302087859,0.000305687347084918,0.000366748558080144,8.22312340991324e-05,1.92501391343656,0.999999999999999,0.0025860281875,6.41734779114377
spiked_leverage,2000,2000,128,14,bsqr_rand,0.000953710518117694,0.000308146392445265,0.000366748558080144,8.22312340991324e-05,1.92501391343656,0.999999999999999,0.00129948652083333,2.29951623279512
spiked_leverage,2000,2000,128,14,rejection_rpqr,0.000939749218367257,0.000304931562428602,0.000366748558080144,8.22312340991324e-05,1.92501391343656,0.999999999999999,0.00282461152083333,4.17718891318624
spiked_leverage,2000,2000,128,15,bsqr_rand,0.000906426259512841,0.000276940508387226,0.000366748558080144,8.22312340991324e-05,1.92501391343656,0.999999999999999,0.0012484031875,1.86548381788803
spiked_leverage,2000,2000,128,15,rejection_rpqr,0.00092611879553702,0.000296072134700647,0.000366748558080144,8.22312340991324e-05,1.92501391343656,0.999999999999999,0.0031959031875,5.92188779151857
spiked_leverage,2000,2000,128,16,bsqr_rand,0.00091630035203258,0.000271585150379798,0.000366748558080144,8.22312340991324e-05,1.92501391343656,0.999999999999999,0.0012956531875,2.58884603709225
spiked_leverage,2000,2000,128,16,rejection_rpqr,0.000913390383934844,0.00029250321455994,0.000366748558080144,8.22312340991324e-05,1.92501391343656,0.999999999999999,0.0030082781875,4.54070169096654
spiked_leverage,2000,2000,128,17,bsqr_rand,0.000909895405020209,0.000274199079940931,0.000366748558080144,8.22312340991324e-05,1.92501391343656,0.999999999999999,0.0011995281875,1.8713399480452
spiked_leverage,2000,2000,128,17,rejection_rpqr,0.000908204745184142,0.000279353723578272,0.000366748558080144,8.22312340991324e-05,1.92501391343656,0.999999999999999,0.00252006985416667,8.39359182157833
spiked_leverage,2000,2000,128,18,bsqr_rand,0.000919009382210648,0.000296014911356733,0.000366748558080144,8.22312340991324e-05,1.92501391343656,0.999999999999999,0.00130231985416667,2.05115629368111
spiked_leverage,2000,2000,128,18,rejection_rpqr,0.000944489941628712,0.000347900365955512,0.000366748558080144,8.22312340991324e-05,1.92501391343656,0.999999999999999,0.0029094031875,19.8171023448329
spiked_leverage,2000,2000,128,19,bsqr_rand,0.000910749498392837,0.000309457444485068,0.000366748558080144,8.22312340991324e-05,1.92501391343656,0.999999999999999,0.00119048652083333,2.91227423966555
spiked_leverage,2000,2000,128,19,rejection_rpqr,0.000944411203728716,0.000317870580931579,0.000366748558080144,8.22312340991324e-05,1.92501391343656,0.999999999999999,0.00269611152083333,5.35470159697155
spiked_leverage,2000,2000,128,20,bsqr_rand,0.000917532618789443,0.000284474759861027,0.000366748558080144,8.22312340991324e-05,1.92501391343656,0.999999999999999,0.00114686152083333,2.10030521511732
spiked_leverage,2000,2000,128,20,rejection_rpqr,0.000938337617392094,0.000311002626532468,0.000366748558080144,8.22312340991324e-05,1.92501391343656,0.999999999999999,0.0025294031875,4.91067483361175
spiked_leverage,2000,2000,256,1,bsqr_rand,4.60625582027557e-05,1.65311368825682e-05,1.28003706828973e-05,3.03081175805754e-06,1.92501391343656,0.999999999999999,0.00676761152083333,3.11914710345748
spiked_leverage,2000,2000,256,1,rejection_rpqr,4.56839493350332e-05,1.49141421920126e-05,1.28003706828973e-05,3.03081175805754e-06,1.92501391343656,0.999999999999999,0.0142545698541667,5.99440263716854
spiked_leverage,2000,2000,256,2,bsqr_rand,4.54068997817691e-05,1.51652948507566e-05,1.28003706828973e-05,3.03081175805754e-06,1.92501391343656,0.999999999999999,0.00686631985416667,2.59192014860386
spiked_leverage,2000,2000,256,2,rejection_rpqr,4.60588603575886e-05,1.60829661441395e-05,1.28003706828973e-05,3.03081175805754e-06,1.92501391343656,0.999999999999999,0.0141161531875,7.33875832348404
spiked_leverage,2000,2000,256,3,bsqr_rand,4.62002735679323e-05,1.46083347378954e-05,1.28003706828973e-05,3.03081175805754e-06,1.92501391343656,0.999999999999999,0.0065060281875,2.31038739498638
spiked_leverage,2000,2000,256,3,rejection_rpqr,4.4732610846101e-05,1.55291802647471e-05,1.28003706828973e-05,3.03081175805754e-06,1.92501391343656,0.999999999999999,0.0129624031875,5.37460376781953
spiked_leverage,2000,2000,256,4,bsqr_rand,4.50498413201909e-05,1.43883426954128e-05,1.28003706828973e-05,3.03081175805754e-06,1.92501391343656,0.999999999999999,0.00565944485416667,6.43966675078436
spiked_leverage,2000,2000,256,4,rejection_rpqr,4.57350431996584e-05,1.59623846612561e-05,1.28003706828973e-05,3.03081175805754e-06,1.92501391343656,0.999999999999999,0.0132682365208333,5.15719834721435
spiked_leverage,2000,2000,256,5,bsqr_rand,4.57644865015155e-05,1.46301994819485e-05,1.28003706828973e-05,3.03081175805754e-06,1.92501391343656,0.999999999999999,0.00612619485416667,2.49433705444538
spiked_leverage,2000,2000,256,5,rejection_rpqr,4.59673011397398e-05,1.47128039902775e-05,1.28003706828973e-05,3.03081175805754e-06,1.92501391343656,0.999999999999999,0.0136671531875,201.984747973273
spiked_leverage,2000,2000,256,6,bsqr_rand,4.29328416987953e-05,1.30677730325433e-05,1.28003706828973e-05,3.03081175805754e-06,1.92501391343656,0.999999999999999,0.00605744485416667,2.29501046554926
spiked_leverage,2000,2000,256,6,rejection_rpqr,4.47439463570624e-05,1.51452790850449e-05,1.28003706828973e-05,3.03081175805754e-06,1.92501391343656,0.999999999999999,0.0124783615208333,7.13958163250528
spiked_leverage,2000,2000,256,7,bsqr_rand,4.46447680735224e-05,1.39420693584781e-05,1.28003706828973e-05,3.03081175805754e-06,1.92501391343656,0.999999999999999,0.0059420281875,2.35088788220736
spiked_leverage,2000,2000,256,7,rejection_rpqr,4.44999808861302e-05,1.38335752275879e-05,1.28003706828973e-05,3.03081175805754e-06,1.92501391343656,0.999999999999999,0.0111717781875,6.73963588195263
spiked_leverage,2000,2000,256,8,bsqr_rand,4.58475431481784e-05,1.51107668719093e-05,1.28003706828973e-05,3.03081175805754e-06,1.92501391343656,0.999999999999999,0.00586098652083333,2.7702965431302
spiked_leverage,2000,2000,256,8,rejection_rpqr,4.4808880420684e-05,1.56266360754896e-05,1.28003706828973e-05,3.03081175805754e-06,1.92501391343656,0.999999999999999,0.0111989031875,6.7714635815888
spiked_leverage,2000,2000,256,9,bsqr_rand,4.33705269239621e-05,1.41478468541079e-05,1.28003706828973e-05,3.03081175805754e-06,1.92501391343656,0.999999999999999,0.00582106985416667,1.88800272111004
spiked_leverage,2000,2000,256,9,rejection_rpqr,4.5422294941908e-05,1.59829528450594e-05,1.28003706828973e-05,3.03081175805754e-06,1.92501391343656,0.999999999999999,0.0112281948541667,3.66966777905994
spiked_leverage,2000,2000,256,10,bsqr_rand,4.43711429797158e-05,1.34196314123228e-05,1.28003706828973e-05,3.03081175805754e-06,1.92501391343656,0.999999999999999,0.0057269031875,2.58286380033949
spiked_leverage,2000,2000,256,10,rejection_rpqr,4.62811819427807e-05,1.68473851648063e-05,1.28003706828973e-05,3.03081175805754e-06,1.92501391343656,0.999999999999999,0.0111411948541667,6.66724149404726
spiked_leverage,2000,2000,256,11,bsqr_rand,4.60106036866862e-05,1.48453207442488e-05,1.28003706828973e-05,3.03081175805754e-06,1.92501391343656,0.999999999999999,0.00575819485416667,2.33907880753733
spiked_leverage,2000,2000,256,11,rejection_rpqr,4.61980338651917e-05,1.46732645671766e-05,1.28003706828973e-05,3.03081175805754e-06,1.92501391343656,0.999999999999999,0.0124935698541667,283.51788229644
spiked_leverage,2000,2000,256,12,bsqr_rand,4.36120903083564e-05,1.45685486230802e-05,1.28003706828973e-05,3.03081175805754e-06,1.92501391343656,0.999999999999999,0.00580444485416667,2.18825512703453
spiked_leverage,2000,2000,256,12,rejection_rpqr,4.56065598491504e-05,1.61269653777726e-05,1.28003706828973e-05,3.03081175805754e-06,1.92501391343656,0.999999999999999,0.0118191115208333,3.6688370742661
spiked_leverage,2000,2000,256,13,bsqr_rand,4.55737000115259e-05,1.64621066818415e-05,1.28003706828973e-05,3.03081175805754e-06,1.92501391343656,0.999999999999999,0.00575094485416667,3.24192288074044
spiked_leverage,2000,2000,256,13,rejection_rpqr,4.59737888711732e-05,1.49393132459815e-05,1.28003706828973e-05,3.03081175805754e-06,1.92501391343656,0.999999999999999,0.0116454031875,3.72966291680575
spiked_leverage,2000,2000,256,14,bsqr_rand,4.31764715218463e-05,1.43658803290752e-05,1.28003706828973e-05,3.03081175805754e-06,1.92501391343656,0.999999999999999,0.00577481985416667,2.18095370031636
spiked_leverage,2000,2000,256,14,rejection_rpqr,4.37191430951826e-05,1.43288981358676e-05,1.28003706828973e-05,3.03081175805754e-06,1.92501391343656,0.999999999999999,0.0115047365208333,11.2394445336387
spiked_leverage,2000,2000,256,15,bsqr_rand,4.3890053255633e-05,1.38762234854565e-05,1.28003706828973e-05,3.03081175805754e-06,1.92501391343656,0.999999999999999,0.0058409031875,2.65263482588457
spiked_leverage,2000,2000,256,15,rejection_rpqr,4.5647269260995e-05,1.49543529904746e-05,1.28003706828973e-05,3.03081175805754e-06,1.92501391343656,0.999999999999999,0.0121836115208333,179.647140147703
spiked_leverage,2000,2000,256,16,bsqr_rand,4.48465345746683e-05,1.61986403908988e-05,1.28003706828973e-05,3.03081175805754e-06,1.92501391343656,0.999999999999999,0.0056647781875,2.30586780157772
spiked_leverage,2000,2000,256,16,rejection_rpqr,4.41909687789014e-05,1.44330656920785e-05,1.28003706828973e-05,3.03081175805754e-06,1.92501391343656,0.999999999999999,0.0128012781875,564.512602983957
spiked_leverage,2000,2000,256,17,bsqr_rand,4.47816615943455e-05,1.48143486795602e-05,1.28003706828973e-05,3.03081175805754e-06,1.92501391343656,0.999999999999999,0.00562469485416667,4.47166825691927
spiked_leverage,2000,2000,256,17,rejection_rpqr,4.34185734572672e-05,1.39448522179165e-05,1.28003706828973e-05,3.03081175805754e-06,1.92501391343656,0.999999999999999,0.0113074031875,7.60969657812967
spiked_leverage,2000,2000,256,18,bsqr_rand,4.52743014440551e-05,1.4829392599429e-05,1.28003706828973e-05,3.03081175805754e-06,1.92501391343656,0.999999999999999,0.00569681985416667,2.59747305394146
spiked_leverage,2000,2000,256,18,rejection_rpqr,4.66735219748078e-05,1.72644381578449e-05,1.28003706828973e-05,3.03081175805754e-06,1.92501391343656,0.999999999999999,0.0109298198541667,5.5505919248461
spiked_leverage,2000,2000,256,19,bsqr_rand,4.49573779181874e-05,1.42919352819345e-05,1.28003706828973e-05,3.03081175805754e-06,1.92501391343656,0.999999999999999,0.00572123652083333,3.07364085934776
spiked_leverage,2000,2000,256,19,rejection_rpqr,4.46216564815645e-05,1.56551376051157e-05,1.28003706828973e-05,3.03081175805754e-06,1.92501391343656,0.999999999999999,0.0122349865208333,5.00862078857369
spiked_leverage,2000,2000,256,20,bsqr_rand,4.46797978952041e-05,1.45936700406092e-05,1.28003706828973e-05,3.03081175805754e-06,1.92501391343656,0.999999999999999,0.0057695281875,2.18753560165658
spiked_leverage,2000,2000,256,20,rejection_rpqr,4.4458298991135e-05,1.46323745148653e-05,1.28003706828973e-05,3.03081175805754e-06,1.92501391343656,0.999999999999999,0.0126894448541667,343.654025779652
needle,2000,2000,4,1,bsqr_rand,1.24273739055561,0.62033279414532,1.04655914977066,0.517947467923121,1.92501391343545,1,0.000164856659722222,5.16029796938836
needle,2000,2000,4,1,rejection_rpqr,1.32362186846003,0.773901961714902,1.04655914977066,0.517947467923121,1.92501391343545,1,0.0001959951875,3.65560023176169
needle,2000,2000,4,2,bsqr_rand,1.33638102470844,0.694479794204631,1.04655914977066,0.517947467923121,1.92501391343545,1,0.000110769298611111,2.51530460620382
needle,2000,2000,4,2,rejection_rpqr,1.41022433711885,0.884562317190863,1.04655914977066,0.517947467923121,1.92501391343545,1,0.0001713701875,9.03511199196242
needle,2000,2000,4,3,bsqr_rand,1.31674222830265,0.784627371933776,1.04655914977066,0.517947467923121,1.92501391343545,1,9.63004375e-05,5.81654365079803
needle,2000,2000,4,3,rejection_rpqr,1.35032425732314,0.796073186112752,1.04655914977066,0.517947467923121,1.92501391343545,1,0.000143817235119048,2.51028832187844
needle,2000,2000,4,4,bsqr_rand,1.29726168805546,0.625672223247872,1.04655914977066,0.517947467923121,1.92501391343545,1,9.36971268939394e-05,3.01403620738602
needle,2000,2000,4,4,rejection_rpqr,1.27971181010592,0.567520395809405,1.04655914977066,0.517947467923121,1.92501391343545,1,0.000138727949404762,2.46425079904483
needle,2000,2000,4,5,bsqr_rand,1.27631404304097,0.610376580843759,1.04655914977066,0.517947467923121,1.92501391343545,1,8.7867581439394e-05,1.95385740054559
needle,2000,2000,4,5,rejection_rpqr,1.31333613671922,0.644287726613429,1.04655914977066,0.517947467923121,1.92501391343545,1,0.000128574125,3.3261206007937
needle,2000,2000,4,6,bsqr_rand,1.29437486596209,0.626325252852488,1.04655914977066,0.517947467923121,1.92501391343545,1,8.13367291666667e-05,2.57454862735971
needle,2000,2000,4,6,rejection_rpqr,1.30976339357866,0.749078652613704,1.04655914977066,0.517947467923121,1.92501391343545,1,0.000121360583333333,2.34070851556504
needle,2000,2000,4,7,bsqr_rand,1.47470480922982,0.804331420700009,1.04655914977066,0.517947467923121,1.92501391343545,1,7.90728402777778e-05,4.288116074029
needle,2000,2000,4,7,rejection_rpqr,1.34997271040636,0.776212607920641,1.04655914977066,0.517947467923121,1.92501391343545,1,0.000132894298611111,3.47477853803902
needle,2000,2000,4,8,bsqr_rand,1.31631698411472,0.759123661941252,1.04655914977066,0.517947467923121,1.92501391343545,1,8.13367291666667e-05,4.81524273895506
needle,2000,2000,4,8,rejection_rpqr,1.17638978147152,0.558716022805705,1.04655914977066,0.517947467923121,1.92501391343545,1,0.000128516833333333,1.82401871571191
needle,2000,2000,4,9,bsqr_rand,1.36222546093369,0.694944779847298,1.04655914977066,0.517947467923121,1.92501391343545,1,7.89617291666667e-05,3.61414351342785
needle,2000,2000,4,9,rejection_rpqr,1.18508063559638,0.544470855862345,1.04655914977066,0.517947467923121,1.92501391343545,1,0.000120875780092593,1.84698491866079
needle,2000,2000,4,10,bsqr_rand,1.29909425664065,0.673027396273024,1.04655914977066,0.517947467923121,1.92501391343545,1,7.91214513888889e-05,5.29206236509339
needle,2000,2000,4,10,rejection_rpqr,1.20847890171361,0.550493341377835,1.04655914977066,0.517947467923121,1.92501391343545,1,0.000117685965277778,2.29953710235502
needle,2000,2000,4,11,bsqr_rand,1.34873136539279,0.68381868801911,1.04655914977066,0.517947467923121,1.92501391343545,1,7.94027013888889e-05,6.51931645946617
needle,2000,2000,4,11,rejection_rpqr,1.26034520751146,0.661342988368198,1.04655914977066,0.517947467923121,1.92501391343545,1,0.000130352949404762,2.14007225463058
needle,2000,2000,4,12,bsqr_rand,1.34357179926323,0.693071413167571,1.04655914977066,0.517947467923121,1.92501391343545,1,7.45445977564103e-05,4.73311034071158
needle,2000,2000,4,12,rejection_rpqr,1.31864898111475,0.693863555896322,1.04655914977066,0.517947467923121,1.92501391343545,1,0.000123426104166667,3.02456212550568
needle,2000,2000,4,13,bsqr_rand,1.28770660970134,0.678392310410033,1.04655914977066,0.517947467923121,1.92501391343545,1,7.75589513888889e-05,2.36660107420186
needle,2000,2000,4,13,rejection_rpqr,1.3540458507732,0.792263719760875,1.04655914977066,0.517947467923121,1.92501391343545,1,0.00011365355787037,3.76601047273085
needle,2000,2000,4,14,bsqr_rand,1.41547582439337,0.756750430950842,1.04655914977066,0.517947467923121,1.92501391343545,1,7.90277013888889e-05,3.5083324151442
needle,2000,2000,4,14,rejection_rpqr,1.40834795065419,0.752629306716132,1.04655914977066,0.517947467923121,1.92501391343545,1,0.000114505409722222,3.0969208364877
needle,2000,2000,4,15,bsqr_rand,1.21909817095506,0.621201495188437,1.04655914977066,0.517947467923121,1.92501391343545,1,7.93853402777778e-05,2.94408205373872
needle,2000,2000,4,15,rejection_rpqr,1.29675497540886,0.715103940827305,1.04655914977066,0.517947467923121,1.92501391343545,1,0.000109866520833333,2.78855495260173
needle,2000,2000,4,16,bsqr_rand,1.40343985389415,0.688936330666256,1.04655914977066,0.517947467923121,1.92501391343545,1,7.91388125e-05,4.14297319095797
needle,2000,2000,4,16,rejection_rpqr,1.30144946444246,0.683079301039945,1.04655914977066,0.517947467923121,1.92501391343545,1,0.000131803291666667,4.48866670054005
needle,2000,2000,4,17,bsqr_rand,1.22941788000696,0.69441422604847,1.04655914977066,0.517947467923121,1.92501391343545,1,7.84067772435897e-05,1.68346950447479
needle,2000,2000,4,17,rejection_rpqr,1.36519945784702,0.725351409038657,1.04655914977066,0.517947467923121,1.92501391343545,1,0.000129114854166667,2.89616599498182
needle,2000,2000,4,18,bsqr_rand,1.32036909542914,0.661242052088842,1.04655914977066,0.517947467923121,1.92501391343545,1,7.88957569444445e-05,3.41264633576379
needle,2000,2000,4,18,rejection_rpqr,1.28499515088211,0.636506329292644,1.04655914977066,0.517947467923121,1.92501391343545,1,0.000111477949404762,2.04633190764278
needle,2000,2000,4,19,bsqr_rand,1.30856339686285,0.721061709182247,1.04655914977066,0.517947467923121,1.92501391343545,1,8.17615208333333e-05,2.56121289637436
needle,2000,2000,4,19,rejection_rpqr,1.27562330214453,0.605835888937858,1.04655914977066,0.517947467923121,1.92501391343545,1,0.000142426104166667,3.23601820043549
needle,2000,2000,4,20,bsqr_rand,1.25271819521781,0.594964472527475,1.04655914977066,0.517947467923121,1.92501391343545,1,7.99443680555556e-05,2.81892305403361
needle,2000,2000,4,20,rejection_rpqr,1.3568498187431,0.780092203631791,1.04655914977066,0.517947467923121,1.92501391343545,1,0.00014458975,8.32982983067973
needle,2000,2000,8,1,bsqr_rand,1.04097562514533,0.60911805739972,0.628487988839152,0.268269579527973,1.92501391343545,1,9.61337708333333e-05,5.61308276623226
needle,2000,2000,8,1,rejection_rpqr,0.851173705472,0.402066305966197,0.628487988839152,0.268269579527973,1.92501391343545,1,0.000177016381944444,2.68344974835511
needle,2000,2000,8,2,bsqr_rand,0.940136957550584,0.485235269195302,0.628487988839152,0.268269579527973,1.92501391343545,1,9.34337708333333e-05,4.41494995915957
needle,2000,2000,8,2,rejection_rpqr,0.922915672647251,0.462524897436124,0.628487988839152,0.268269579527973,1.92501391343545,1,0.000178078520833333,2.57609191908735
needle,2000,2000,8,3,bsqr_rand,0.942886236188642,0.49756183179456,0.628487988839152,0.268269579527973,1.92501391343545,1,9.52421041666667e-05,3.52046664188566
needle,2000,2000,8,3,rejection_rpqr,0.97557053766984,0.493091226961416,0.628487988839152,0.268269579527973,1.92501391343545,1,0.000170086854166667,2.76924240219292
needle,2000,2000,8,4,bsqr_rand,1.05142761479408,0.635264120737191,0.628487988839152,0.268269579527973,1.92501391343545,1,9.65129375e-05,3.82717881809038
needle,2000,2000,8,4,rejection_rpqr,0.886189271697577,0.488812275022742,0.628487988839152,0.268269579527973,1.92501391343545,1,0.0001673219375,2.96737831544482
needle,2000,2000,8,5,bsqr_rand,0.881860848553937,0.440944311444571,0.628487988839152,0.268269579527973,1.92501391343545,1,9.87921041666667e-05,2.07715515635568
needle,2000,2000,8,5,rejection_rpqr,0.92762274163408,0.434795912321565,0.628487988839152,0.268269579527973,1.92501391343545,1,0.000144881416666667,4.28170285686454
needle,2000,2000,8,6,bsqr_rand,0.939027994316672,0.473730233231754,0.628487988839152,0.268269579527973,1.92501391343545,1,0.00010777855787037,5.23953512584005
needle,2000,2000,8,6,rejection_rpqr,0.998540435956803,0.505161910269782,0.628487988839152,0.268269579527973,1.92501391343545,1,0.000199978520833333,3.24885428025228
needle,2000,2000,8,7,bsqr_rand,0.968984490810023,0.464871935780242,0.628487988839152,0.268269579527973,1.92501391343545,1,0.000118891833333333,3.1873889311416
needle,2000,2000,8,7,rejection_rpqr,1.11470693157411,0.767496534999495,0.628487988839152,0.268269579527973,1.92501391343545,1,0.000194736854166667,3.76106677291652
needle,2000,2000,8,8,bsqr_rand,0.889726758389848,0.435533871735643,0.628487988839152,0.268269579527973,1.92501391343545,1,0.000110093372685185,3.65682967500214
needle,2000,2000,8,8,rejection_rpqr,0.972020676009479,0.507828950099145,0.628487988839152,0.268269579527973,1.92501391343545,1,0.000179178520833333,9.09499048654818
needle,2000,2000,8,9,bsqr_rand,0.979106109793191,0.476645350449847,0.628487988839152,0.268269579527973,1.92501391343545,1,0.000110889668981481,5.22846235174203
needle,2000,2000,8,9,rejection_rpqr,0.924623631589232,0.459969034251227,0.628487988839152,0.268269579527973,1.92501391343545,1,0.000186778520833333,3.04567042114042
needle,2000,2000,8,10,bsqr_rand,1.13811984205694,0.609592855887172,0.628487988839152,0.268269579527973,1.92501391343545,1,0.000102213743055556,8.48387296691038
needle,2000,2000,8,10,rejection_rpqr,0.884690866840048,0.468618601008254,0.628487988839152,0.268269579527973,1.92501391343545,1,0.000182412215277778,5.30638749007847
needle,2000,2000,8,11,bsqr_rand,0.926423487605128,0.419790952506007,0.628487988839152,0.268269579527973,1.92501391343545,1,0.000110148928240741,3.22863538637508
needle,2000,2000,8,11,rejection_rpqr,0.89304256844397,0.480333175487449,0.628487988839152,0.268269579527973,1.92501391343545,1,0.000192364854166667,2.6545005252985
needle,2000,2000,8,12,bsqr_rand,0.998638158794244,0.50386537291605,0.628487988839152,0.268269579527973,1.92501391343545,1,0.000116605375,3.40839173854032
needle,2000,2000,8,12,rejection_rpqr,1.00933499544532,0.563037362793301,0.628487988839152,0.268269579527973,1.92501391343545,1,0.000188995548611111,8.43375320462095
needle,2000,2000,8,13,bsqr_rand,1.01597783999535,0.592774586416185,0.628487988839152,0.268269579527973,1.92501391343545,1,0.000114820224537037,5.22928025848676
needle,2000,2000,8,13,rejection_rpqr,0.939036759276829,0.575975583962013,0.628487988839152,0.268269579527973,1.92501391343545,1,0.0001917451875,4.04592472562861
needle,2000,2000,8,14,bsqr_rand,0.955989554281501,0.514933393667082,0.628487988839152,0.268269579527973,1.92501391343545,1,0.000115431335648148,4.10121338140988
needle,2000,2000,8,14,rejection_rpqr,0.849763232833809,0.370700267914116,0.628487988839152,0.268269579527973,1.92501391343545,1,0.000196495548611111,2.26630638672022
needle,2000,2000,8,15,bsqr_rand,0.931410833515875,0.498925528734722,0.628487988839152,0.268269579527973,1.92501391343545,1,0.000110764668981481,3.56462164313469
needle,2000,2000,8,15,rejection_rpqr,0.998914355852541,0.520524633798467,0.628487988839152,0.268269579527973,1.92501391343545,1,0.000185961854166667,6.63955087001348
needle,2000,2000,8,16,bsqr_rand,0.941944096710115,0.461537928130838,0.628487988839152,0.268269579527973,1.92501391343545,1,0.000115806335648148,4.03625984588582
needle,2000,2000,8,16,rejection_rpqr,0.879902309384351,0.439398187422559,0.628487988839152,0.268269579527973,1.92501391343545,1,0.000191253520833333,3.33826726859635
needle,2000,2000,8,17,bsqr_rand,1.02411277053421,0.606313684154512,0.628487988839152,0.268269579527973,1.92501391343545,1,0.000116560965277778,4.98150190734561
needle,2000,2000,8,17,rejection_rpqr,0.968523920556266,0.52707632676935,0.628487988839152,0.268269579527973,1.92501391343545,1,0.0001701951875,6.9264751265354
needle,2000,2000,8,18,bsqr_rand,0.992291859882691,0.632315120538711,0.628487988839152,0.268269579527973,1.92501391343545,1,0.000110394298611111,5.62351354001691
needle,2000,2000,8,18,rejection_rpqr,1.06426872935163,0.56982964052862,0.628487988839152,0.268269579527973,1.92501391343545,1,0.000172876758928571,4.65753882081771
needle,2000,2000,8,19,bsqr_rand,0.956091042725927,0.506342335792741,0.628487988839152,0.268269579527973,1.92501391343545,1,0.000125772041666667,4.27683550401278
needle,2000,2000,8,19,rejection_rpqr,0.993528012437499,0.569813095173037,0.628487988839152,0.268269579527973,1.92501391343545,1,0.000185253520833333,7.95494104097599
needle,2000,2000,8,20,bsqr_rand,0.911815440948891,0.414000651416871,0.628487988839152,0.268269579527973,1.92501391343545,1,0.000120193916666667,2.91300824869698
needle,2000,2000,8,20,rejection_rpqr,0.94512810033808,0.492222347760315,0.628487988839152,0.268269579527973,1.92501391343545,1,0.000190428520833333,6.7658743293439
needle,2000,2000,16,1,bsqr_rand,0.624390254203252,0.275359558331753,0.392337878153696,0.0973410176146865,1.92501391343545,1,0.000149055330357143,4.22849458726578
needle,2000,2000,16,1,rejection_rpqr,0.598216249107599,0.249211049030484,0.392337878153696,0.0973410176146865,1.92501391343545,1,0.000262734229166667,7.25153889440724
needle,2000,2000,16,2,bsqr_rand,0.596240303414754,0.25221695878958,0.392337878153696,0.0973410176146865,1.92501391343545,1,0.000153733901785714,3.65892169905095
needle,2000,2000,16,2,rejection_rpqr,0.634327732204227,0.30918962438929,0.392337878153696,0.0973410176146865,1.92501391343545,1,0.000268015479166667,4.46404526935046
needle,2000,2000,16,3,bsqr_rand,0.611294363260699,0.286847756692303,0.392337878153696,0.0973410176146865,1.92501391343545,1,0.000164099715277778,3.17398094328148
needle,2000,2000,16,3,rejection_rpqr,0.618475792243578,0.268022849800827,0.392337878153696,0.0973410176146865,1.92501391343545,1,0.000252400895833333,6.53892385359469
needle,2000,2000,16,4,bsqr_rand,0.589759850919888,0.257863813312969,0.392337878153696,0.0973410176146865,1.92501391343545,1,0.000160977949404762,2.64711989294631
needle,2000,2000,16,4,rejection_rpqr,0.615496912739861,0.253654625076723,0.392337878153696,0.0973410176146865,1.92501391343545,1,0.000245461854166667,3.96970392048168
needle,2000,2000,16,5,bsqr_rand,0.669504642862985,0.350266122089087,0.392337878153696,0.0973410176146865,1.92501391343545,1,0.000161349715277778,3.99454178644488
needle,2000,2000,16,5,rejection_rpqr,0.608399432677894,0.266569175880071,0.392337878153696,0.0973410176146865,1.92501391343545,1,0.0002668800625,3.48017808043099
needle,2000,2000,16,6,bsqr_rand,0.613698632300709,0.272111234189607,0.392337878153696,0.0973410176146865,1.92501391343545,1,0.000160745806547619,4.89022996625047
needle,2000,2000,16,6,rejection_rpqr,0.618545924851152,0.253719023619701,0.392337878153696,0.0973410176146865,1.92501391343545,1,0.000262921729166667,6.40070412636688
needle,2000,2000,16,7,bsqr_rand,0.602096694737489,0.26243814859495,0.392337878153696,0.0973410176146865,1.92501391343545,1,0.00016097199702381,2.95364020914036
needle,2000,2000,16,7,rejection_rpqr,0.642781454707824,0.330693426846665,0.392337878153696,0.0973410176146865,1.92501391343545,1,0.0003082550625,6.18991678073868
needle,2000,2000,16,8,bsqr_rand,0.579961076938817,0.237246720517074,0.392337878153696,0.0973410176146865,1.92501391343545,1,0.000165567235119048,3.22116829842622
needle,2000,2000,16,8,rejection_rpqr,0.610701572722569,0.241354296458084,0.392337878153696,0.0973410176146865,1.92501391343545,1,0.000246257631944444,7.82849012244695
needle,2000,2000,16,9,bsqr_rand,0.584357108324703,0.236508981239614,0.392337878153696,0.0973410176146865,1.92501391343545,1,0.000150293425595238,2.53598909962703
needle,2000,2000,16,9,rejection_rpqr,0.623327974162388,0.321436596124097,0.392337878153696,0.0973410176146865,1.92501391343545,1,0.000262910409722222,3.44971686638444
needle,2000,2000,16,10,bsqr_rand,0.6243476007027,0.264788882300521,0.392337878153696,0.0973410176146865,1.92501391343545,1,0.000147781520833333,2.24089293299452
needle,2000,2000,16,10,rejection_rpqr,0.589386259252476,0.226298190667594,0.392337878153696,0.0973410176146865,1.92501391343545,1,0.0002227550625,2.67386926326502
needle,2000,2000,16,11,bsqr_rand,0.62788255480141,0.31334896167496,0.392337878153696,0.0973410176146865,1.92501391343545,1,0.000159894616071429,2.48608217205325
needle,2000,2000,16,11,rejection_rpqr,0.618574852498086,0.275178145286254,0.392337878153696,0.0973410176146865,1.92501391343545,1,0.0002498800625,6.61896780950804
needle,2000,2000,16,12,bsqr_rand,0.601582987536866,0.256060886726917,0.392337878153696,0.0973410176146865,1.92501391343545,1,0.000155870806547619,7.80862448722337
needle,2000,2000,16,12,rejection_rpqr,0.674735105915317,0.368085877113622,0.392337878153696,0.0973410176146865,1.92501391343545,1,0.000226202979166667,3.68863830826495
needle,2000,2000,16,13,bsqr_rand,0.590433626566324,0.262974851430684,0.392337878153696,0.0973410176146865,1.92501391343545,1,0.000145966044642857,4.17507161417703
needle,2000,2000,16,13,rejection_rpqr,0.580115628535399,0.232605547873866,0.392337878153696,0.0973410176146865,1.92501391343545,1,0.000256953520833333,5.57255309251182
needle,2000,2000,16,14,bsqr_rand,0.619778845445553,0.259365816045761,0.392337878153696,0.0973410176146865,1.92501391343545,1,0.00014722199702381,4.32905624964818
needle,2000,2000,16,14,rejection_rpqr,0.612924315111864,0.262756190335854,0.392337878153696,0.0973410176146865,1.92501391343545,1,0.000252619645833333,5.67205045131998
needle,2000,2000,16,15,bsqr_rand,0.647478251563927,0.290006331810263,0.392337878153696,0.0973410176146865,1.92501391343545,1,0.000144787473214286,6.11326755094576
needle,2000,2000,16,15,rejection_rpqr,0.61491457284596,0.282731186602568,0.392337878153696,0.0973410176146865,1.92501391343545,1,0.0002507701875,4.34816244375785
needle,2000,2000,16,16,bsqr_rand,0.645539870017759,0.311841035896565,0.392337878153696,0.0973410176146865,1.92501391343545,1,0.000145995806547619,4.2793413702595
needle,2000,2000,16,16,rejection_rpqr,0.607848377789611,0.263336255390076,0.392337878153696,0.0973410176146865,1.92501391343545,1,0.000242636854166667,5.58630112026267
needle,2000,2000,16,17,bsqr_rand,0.5594961151847,0.207392482573528,0.392337878153696,0.0973410176146865,1.92501391343545,1,0.0001474481875,2.06394210824646
needle,2000,2000,16,17,rejection_rpqr,0.629898820601842,0.248508787280996,0.392337878153696,0.0973410176146865,1.92501391343545,1,0.000256453520833333,8.74866782558625
needle,2000,2000,16,18,bsqr_rand,0.609872588602021,0.281102871370622,0.392337878153696,0.0973410176146865,1.92501391343545,1,0.000146233901785714,3.27294867126134
needle,2000,2000,16,18,rejection_rpqr,0.585780330456654,0.22430169700944,0.392337878153696,0.0973410176146865,1.92501391343545,1,0.0002281925625,4.21889446960429
needle,2000,2000,16,19,bsqr_rand,0.661146453985749,0.342904357840035,0.392337878153696,0.0973410176146865,1.92501391343545,1,0.000139620806547619,6.49862616836981
needle,2000,2000,16,19,rejection_rpqr,0.614203645111631,0.2749188521228,0.392337878153696,0.0973410176146865,1.92501391343545,1,0.000231728520833333,2.3230077369866
needle,2000,2000,16,20,bsqr_rand,0.604536726673139,0.245992918562046,0.392337878153696,0.0973410176146865,1.92501391343545,1,0.000148382711309524,4.33558136416732
needle,2000,2000,16,20,rejection_rpqr,0.643054234214961,0.275508681245158,0.392337878153696,0.0973410176146865,1.92501391343545,1,0.000270109229166667,7.70814786034306
needle,2000,2000,32,1,bsqr_rand,0.331851861543527,0.117266076558899,0.222673936692031,0.0632455532033676,1.92501391343545,1,0.0001965951875,2.25571993181364
needle,2000,2000,32,1,rejection_rpqr,0.351628889934464,0.134422006687933,0.222673936692031,0.0632455532033676,1.92501391343545,1,0.000371785409722222,3.27164636341026
needle,2000,2000,32,2,bsqr_rand,0.336751567706943,0.124741441990638,0.222673936692031,0.0632455532033676,1.92501391343545,1,0.0002001951875,2.65363183892338
needle,2000,2000,32,2,rejection_rpqr,0.352813634690628,0.133729700751245,0.222673936692031,0.0632455532033676,1.92501391343545,1,0.000352799298611111,3.12599793518008
needle,2000,2000,32,3,bsqr_rand,0.342617058981525,0.130685791729266,0.222673936692031,0.0632455532033676,1.92501391343545,1,0.000201936854166667,3.23743590062479
needle,2000,2000,32,3,rejection_rpqr,0.342948285629734,0.138022756011545,0.222673936692031,0.0632455532033676,1.92501391343545,1,0.000374868743055555,6.5993167222095
needle,2000,2000,32,4,bsqr_rand,0.332549066560002,0.113982481811948,0.222673936692031,0.0632455532033676,1.92501391343545,1,0.0001948201875,2.80108170298379
needle,2000,2000,32,4,rejection_rpqr,0.329468466201504,0.126842170936689,0.222673936692031,0.0632455532033676,1.92501391343545,1,0.0003406881875,2.26018054672625
needle,2000,2000,32,5,bsqr_rand,0.344539248515949,0.143811822657844,0.222673936692031,0.0632455532033676,1.92501391343545,1,0.000201878520833333,3.20499269795706
needle,2000,2000,32,5,rejection_rpqr,0.350483305890366,0.130300538608106,0.222673936692031,0.0632455532033676,1.92501391343545,1,0.000339484229166667,3.72736008933727
needle,2000,2000,32,6,bsqr_rand,0.344596543577203,0.129234172806864,0.222673936692031,0.0632455532033676,1.92501391343545,1,0.000183203520833333,2.37477318646031
needle,2000,2000,32,6,rejection_rpqr,0.347497898685765,0.137026140911315,0.222673936692031,0.0632455532033676,1.92501391343545,1,0.0003584738125,4.25539185423388
needle,2000,2000,32,7,bsqr_rand,0.34322176621394,0.123722182067844,0.222673936692031,0.0632455532033676,1.92501391343545,1,0.000184544159722222,2.57240107821696
needle,2000,2000,32,7,rejection_rpqr,0.357487277134842,0.140319265264604,0.222673936692031,0.0632455532033676,1.92501391343545,1,0.000336243743055556,5.34192093778513
needle,2000,2000,32,8,bsqr_rand,0.35096683527386,0.142725774755409,0.222673936692031,0.0632455532033676,1.92501391343545,1,0.0001934469375,3.44171195667291
needle,2000,2000,32,8,rejection_rpqr,0.346685846014855,0.134248418517662,0.222673936692031,0.0632455532033676,1.92501391343545,1,0.000350035409722222,7.67446364210681
needle,2000,2000,32,9,bsqr_rand,0.350863723801482,0.145271058620243,0.222673936692031,0.0632455532033676,1.92501391343545,1,0.000197678520833333,3.71529373643243
needle,2000,2000,32,9,rejection_rpqr,0.345595513336173,0.151970357933258,0.222673936692031,0.0632455532033676,1.92501391343545,1,0.000389743743055556,3.74159903345499
needle,2000,2000,32,10,bsqr_rand,0.35967130491901,0.138255540150873,0.222673936692031,0.0632455532033676,1.92501391343545,1,0.000187891381944444,2.6658253140594
needle,2000,2000,32,10,rejection_rpqr,0.344296688916776,0.137787894659155,0.222673936692031,0.0632455532033676,1.92501391343545,1,0.000349650895833333,2.68601793683946
needle,2000,2000,32,11,bsqr_rand,0.354681038558675,0.125974935322938,0.222673936692031,0.0632455532033676,1.92501391343545,1,0.000186586854166667,2.69447505090065
needle,2000,2000,32,11,rejection_rpqr,0.343143947851514,0.12673764269026,0.222673936692031,0.0632455532033676,1.92501391343545,1,0.000373215965277778,6.79443526103474
needle,2000,2000,32,12,bsqr_rand,0.343707030422996,0.137915364884309,0.222673936692031,0.0632455532033676,1.92501391343545,1,0.000187058048611111,2.98341336412276
needle,2000,2000,32,12,rejection_rpqr,0.332558473796748,0.119091400719588,0.222673936692031,0.0632455532033676,1.92501391343545,1,0.000310921729166667,3.90795840848669
needle,2000,2000,32,13,bsqr_rand,0.353712872959584,0.132393735063519,0.222673936692031,0.0632455532033676,1.92501391343545,1,0.000198703520833333,3.12707251791676
needle,2000,2000,32,13,rejection_rpqr,0.345149419546462,0.133352267365841,0.222673936692031,0.0632455532033676,1.92501391343545,1,0.000361243743055556,12.7945958735506
needle,2000,2000,32,14,bsqr_rand,0.360197900334699,0.14912954079778,0.222673936692031,0.0632455532033676,1.92501391343545,1,0.000187953881944444,3.20156253574686
needle,2000,2000,32,14,rejection_rpqr,0.363134294973588,0.157649732076344,0.222673936692031,0.0632455532033676,1.92501391343545,1,0.000307549298611111,5.48456080102819
needle,2000,2000,32,15,bsqr_rand,0.350258093670695,0.135824979785544,0.222673936692031,0.0632455532033676,1.92501391343545,1,0.0001997201875,2.86387195376282
needle,2000,2000,32,15,rejection_rpqr,0.351625125633872,0.134416086483025,0.222673936692031,0.0632455532033676,1.92501391343545,1,0.000328952076388889,6.77967235832569
needle,2000,2000,32,16,bsqr_rand,0.327985362718747,0.118029761555797,0.222673936692031,0.0632455532033676,1.92501391343545,1,0.000191911854166667,1.89446045585934
needle,2000,2000,32,16,rejection_rpqr,0.331614631557751,0.127675148372273,0.222673936692031,0.0632455532033676,1.92501391343545,1,0.000342493743055555,3.07303601850651
needle,2000,2000,32,17,bsqr_rand,0.346800423480366,0.12472919604495,0.222673936692031,0.0632455532033676,1.92501391343545,1,0.0001893951875,3.61427483215042
needle,2000,2000,32,17,rejection_rpqr,0.346867810928427,0.147549909518148,0.222673936692031,0.0632455532033676,1.92501391343545,1,0.000324021520833333,4.38715739077748
needle,2000,2000,32,18,bsqr_rand,0.33902043296417,0.12260534935475,0.222673936692031,0.0632455532033676,1.92501391343545,1,0.000201898326388889,3.31984672854952
needle,2000,2000,32,18,rejection_rpqr,0.350097261060715,0.142849679449403,0.222673936692031,0.0632455532033676,1.92501391343545,1,0.000348368743055556,8.59909525737563
needle,2000,2000,32,19,bsqr_rand,0.332087517705708,0.110726971715691,0.222673936692031,0.0632455532033676,1.92501391343545,1,0.000190238604166667,2.75202582426118
needle,2000,2000,32,19,rejection_rpqr,0.344870883491331,0.121140892502192,0.222673936692031,0.0632455532033676,1.92501391343545,1,0.000360424298611111,4.03774229792472
needle,2000,2000,32,20,bsqr_rand,0.348106967212968,0.136116835496844,0.222673936692031,0.0632455532033676,1.92501391343545,1,0.000198377493055556,3.20650576468163
needle,2000,2000,32,20,rejection_rpqr,0.357984570699984,0.13182165051375,0.222673936692031,0.0632455532033676,1.92501391343545,1,0.000323590965277778,3.93789479767713
needle,2000,2000,64,1,bsqr_rand,0.00562791865907396,0.00272047523094678,0.00191045456741756,0.000428327275111022,1.92501391343545,1,0.000320757631944444,2.53946471929519
needle,2000,2000,64,1,rejection_rpqr,0.00583689426824224,0.00271170344440484,0.00191045456741756,0.000428327275111022,1.92501391343545,1,0.000796700270833333,6.0966695604556
needle,2000,2000,64,2,bsqr_rand,0.00591964389918487,0.00327105552697777,0.00191045456741756,0.000428327275111022,1.92501391343545,1,0.000319202076388889,2.83843343159756
needle,2000,2000,64,2,rejection_rpqr,0.00506426789785398,0.00210834109416206,0.00191045456741756,0.000428327275111022,1.92501391343545,1,0.000701637770833333,11.2320936948114
needle,2000,2000,64,3,bsqr_rand,0.00560843753269602,0.00259337091034187,0.00191045456741756,0.000428327275111022,1.92501391343545,1,0.000327424298611111,2.27451998133418
needle,2000,2000,64,3,rejection_rpqr,0.0055123603849279,0.00277416989033578,0.00191045456741756,0.000428327275111022,1.92501391343545,1,0.0007625544375,5.15336043771836
needle,2000,2000,64,4,bsqr_rand,0.00592158454164098,0.00313195227472721,0.00191045456741756,0.000428327275111022,1.92501391343545,1,0.000321757631944444,4.71146829920582
needle,2000,2000,64,4,rejection_rpqr,0.00575657784064517,0.00298624590000525,0.00191045456741756,0.000428327275111022,1.92501391343545,1,0.000698471104166667,6.76378881030802
needle,2000,2000,64,5,bsqr_rand,0.00521040623397447,0.00204786520000854,0.00191045456741756,0.000428327275111022,1.92501391343545,1,0.000333910409722222,4.14089368125513
needle,2000,2000,64,5,rejection_rpqr,0.0055977978381035,0.00278482098423449,0.00191045456741756,0.000428327275111022,1.92501391343545,1,0.0007489919375,3.5327537135695
needle,2000,2000,64,6,bsqr_rand,0.00587595729670776,0.00321321652724913,0.00191045456741756,0.000428327275111022,1.92501391343545,1,0.0003258488125,2.17139837047583
needle,2000,2000,64,6,rejection_rpqr,0.00577608262334618,0.00298347390233369,0.00191045456741756,0.000428327275111022,1.92501391343545,1,0.000630012770833333,11.1745472541856
needle,2000,2000,64,7,bsqr_rand,0.00543298715567287,0.00258493987505918,0.00191045456741756,0.000428327275111022,1.92501391343545,1,0.000341299298611111,4.11056870849726
needle,2000,2000,64,7,rejection_rpqr,0.00520875928378738,0.00214450169140747,0.00191045456741756,0.000428327275111022,1.92501391343545,1,0.000715096104166667,3.50309060019571
needle,2000,2000,64,8,bsqr_rand,0.00520791282627363,0.00202407097532109,0.00191045456741756,0.000428327275111022,1.92501391343545,1,0.000320713395833333,2.75545971226424
needle,2000,2000,64,8,rejection_rpqr,0.0058620451355027,0.00348725221568742,0.00191045456741756,0.000428327275111022,1.92501391343545,1,0.000651533604166667,6.15539073148897
needle,2000,2000,64,9,bsqr_rand,0.00477433874074567,0.00211723267642766,0.00191045456741756,0.000428327275111022,1.92501391343545,1,0.000328202076388889,2.78857840088113
needle,2000,2000,64,9,rejection_rpqr,0.00632323720298071,0.00364749820160913,0.00191045456741756,0.000428327275111022,1.92501391343545,1,0.000743658604166667,4.57675716246695
needle,2000,2000,64,10,bsqr_rand,0.00585440850501066,0.00322804914500108,0.00191045456741756,0.000428327275111022,1.92501391343545,1,0.000324340965277778,3.91417379274151
needle,2000,2000,64,10,rejection_rpqr,0.00577548426207171,0.00264430513268116,0.00191045456741756,0.000428327275111022,1.92501391343545,1,0.000719950270833333,4.07100788734889
needle,2000,2000,64,11,bsqr_rand,0.00542315443100023,0.00265816967242081,0.00191045456741756,0.000428327275111022,1.92501391343545,1,0.000321400895833333,3.74060944257832
needle,2000,2000,64,11,rejection_rpqr,0.00539023566573217,0.0027293212549179,0.00191045456741756,0.000428327275111022,1.92501391343545,1,0.000748887770833333,9.68309341108669
needle,2000,2000,64,12,bsqr_rand,0.00648001850265923,0.0038282015853227,0.00191045456741756,0.000428327275111022,1.92501391343545,1,0.000325859229166667,3.49908038107536
needle,2000,2000,64,12,rejection_rpqr,0.00544792793485196,0.00283530978265976,0.00191045456741756,0.000428327275111022,1.92501391343545,1,0.000706971104166667,3.60822949000414
needle,2000,2000,64,13,bsqr_rand,0.0055065140834801,0.00281799627295998,0.00191045456741756,0.000428327275111022,1.92501391343545,1,0.000325077076388889,2.91952008616633
needle,2000,2000,64,13,rejection_rpqr,0.00551056014517569,0.00282606025220541,0.00191045456741756,0.000428327275111022,1.92501391343545,1,0.000754200270833333,4.25135999087233
needle,2000,2000,64,14,bsqr_rand,0.00486163317986375,0.00209752314082599,0.00191045456741756,0.000428327275111022,1.92501391343545,1,0.0003249738125,3.6600907190263
needle,2000,2000,64,14,rejection_rpqr,0.00545781306383369,0.00249382546147221,0.00191045456741756,0.000428327275111022,1.92501391343545,1,0.000753971104166667,12.4049790241494
needle,2000,2000,64,15,bsqr_rand,0.00589615709981446,0.00319183204898459,0.00191045456741756,0.000428327275111022,1.92501391343545,1,0.000319840965277778,2.6874451411934
needle,2000,2000,64,15,rejection_rpqr,0.00529361502748573,0.00236670827125559,0.00191045456741756,0.000428327275111022,1.92501391343545,1,0.000657325270833333,2.60935621275093
needle,2000,2000,64,16,bsqr_rand,0.00564710286582547,0.00271261565764645,0.00191045456741756,0.000428327275111022,1.92501391343545,1,0.0003215363125,3.11091875887072
needle,2000,2000,64,16,rejection_rpqr,0.00673441336713698,0.00454117187816043,0.00191045456741756,0.000428327275111022,1.92501391343545,1,0.000650721104166667,4.62072024741056
needle,2000,2000,64,17,bsqr_rand,0.00504307229805738,0.00222497312637452,0.00191045456741756,0.000428327275111022,1.92501391343545,1,0.000305963395833333,2.79874414445697
needle,2000,2000,64,17,rejection_rpqr,0.00564679665274295,0.00290960120260729,0.00191045456741756,0.000428327275111022,1.92501391343545,1,0.000661387770833333,4.99205967523189
needle,2000,2000,64,18,bsqr_rand,0.00539424110179122,0.00225674540574743,0.00191045456741756,0.000428327275111022,1.92501391343545,1,0.000306671729166667,2.64507346828237
needle,2000,2000,64,18,rejection_rpqr,0.0055185269723821,0.00265316597532174,0.00191045456741756,0.000428327275111022,1.92501391343545,1,0.000648908604166667,5.28501989050527
needle,2000,2000,64,19,bsqr_rand,0.00496633699710763,0.00213071897894669,0.00191045456741756,0.000428327275111022,1.92501391343545,1,0.0002788175625,3.07713016240648
needle,2000,2000,64,19,rejection_rpqr,0.00579022127808315,0.00276885960138523,0.00191045456741756,0.000428327275111022,1.92501391343545,1,0.000652658604166667,3.17136899758671
needle,2000,2000,64,20,bsqr_rand,0.00549764264204905,0.00265996592729291,0.00191045456741756,0.000428327275111022,1.92501391343545,1,0.000307275895833333,2.30844681867428
needle,2000,2000,64,20,rejection_rpqr,0.00609036570074625,0.00308235814604292,0.00191045456741756,0.000428327275111022,1.92501391343545,1,0.000688971104166667,4.55957468626131
needle,2000,2000,128,1,bsqr_rand,0.000977856356471867,0.000299455585405736,0.000366748558080145,8.22312340991317e-05,1.92501391343545,1,0.000858158604166667,5.60101137154133
needle,2000,2000,128,1,rejection_rpqr,0.000940874771976967,0.00028517236160118,0.000366748558080145,8.22312340991317e-05,1.92501391343545,1,0.0019760281875,4.55788524562235
needle,2000,2000,128,2,bsqr_rand,0.000919455118402973,0.000298226223906827,0.000366748558080145,8.22312340991317e-05,1.92501391343545,1,0.00106831985416667,3.1472470485543
needle,2000,2000,128,2,rejection_rpqr,0.000941797165550818,0.00031834129007797,0.000366748558080145,8.22312340991317e-05,1.92501391343545,1,0.00234156985416667,4.97454600702577
needle,2000,2000,128,3,bsqr_rand,0.000941658745133773,0.000302379138150123,0.000366748558080145,8.22312340991317e-05,1.92501391343545,1,0.00106726277083333,2.03283688862872
needle,2000,2000,128,3,rejection_rpqr,0.000953406355736926,0.000314284517895934,0.000366748558080145,8.22312340991317e-05,1.92501391343545,1,0.0025515281875,3.48177648312087
needle,2000,2000,128,4,bsqr_rand,0.000943800612584322,0.000309688655085768,0.000366748558080145,8.22312340991317e-05,1.92501391343545,1,0.000937533604166667,4.07475352535054
needle,2000,2000,128,4,rejection_rpqr,0.000918032615261204,0.000293815443823474,0.000366748558080145,8.22312340991317e-05,1.92501391343545,1,0.00273311152083333,3.49228049830421
needle,2000,2000,128,5,bsqr_rand,0.000916519597156329,0.000284827091527179,0.000366748558080145,8.22312340991317e-05,1.92501391343545,1,0.000958694854166667,2.62003512291817
needle,2000,2000,128,5,rejection_rpqr,0.00097206233781411,0.000336113835335009,0.000366748558080145,8.22312340991317e-05,1.92501391343545,1,0.00249081985416667,33.7459496315399
needle,2000,2000,128,6,bsqr_rand,0.000936186740663823,0.000316937549286447,0.000366748558080145,8.22312340991317e-05,1.92501391343545,1,0.000949825270833333,2.32241399995762
needle,2000,2000,128,6,rejection_rpqr,0.000930120302208601,0.000316516885492334,0.000366748558080145,8.22312340991317e-05,1.92501391343545,1,0.00214373652083333,6.72684280375672
needle,2000,2000,128,7,bsqr_rand,0.000910159357340153,0.000270722692399006,0.000366748558080145,8.22312340991317e-05,1.92501391343545,1,0.0009472419375,1.97994134411423
needle,2000,2000,128,7,rejection_rpqr,0.000924912285502491,0.000298126197703703,0.000366748558080145,8.22312340991317e-05,1.92501391343545,1,0.0022349031875,4.13371410990627
needle,2000,2000,128,8,bsqr_rand,0.000928740758668923,0.000332036760477784,0.000366748558080145,8.22312340991317e-05,1.92501391343545,1,0.000892111520833333,2.41164178951031
needle,2000,2000,128,8,rejection_rpqr,0.0009070197925127,0.000303548349765833,0.000366748558080145,8.22312340991317e-05,1.92501391343545,1,0.00189219485416667,4.68224554671581
needle,2000,2000,128,9,bsqr_rand,0.00090808539473599,0.000263003499728929,0.000366748558080145,8.22312340991317e-05,1.92501391343545,1,0.000969533604166667,2.0680786489307
needle,2000,2000,128,9,rejection_rpqr,0.000942048316716046,0.000336268804335635,0.000366748558080145,8.22312340991317e-05,1.92501391343545,1,0.00249394485416667,3.62834334228029
needle,2000,2000,128,10,bsqr_rand,0.000936141834069102,0.000280984995199221,0.000366748558080145,8.22312340991317e-05,1.92501391343545,1,0.000900596104166667,3.40781847745852
needle,2000,2000,128,10,rejection_rpqr,0.000898132946561003,0.000269171210373234,0.000366748558080145,8.22312340991317e-05,1.92501391343545,1,0.00220561152083333,3.09380239489078
needle,2000,2000,128,11,bsqr_rand,0.000929344185251214,0.000307165929272556,0.000366748558080145,8.22312340991317e-05,1.92501391343545,1,0.000950700270833333,1.83024233224868
needle,2000,2000,128,11,rejection_rpqr,0.00090743664500728,0.000289730040928065,0.000366748558080145,8.22312340991317e-05,1.92501391343545,1,0.00180206985416667,4.12265047885978
needle,2000,2000,128,12,bsqr_rand,0.00098380655420758,0.000310996678325346,0.000366748558080145,8.22312340991317e-05,1.92501391343545,1,0.0009123669375,4.01683813555316
needle,2000,2000,128,12,rejection_rpqr,0.00091876333972238,0.000295662305238553,0.000366748558080145,8.22312340991317e-05,1.92501391343545,1,0.00207561152083333,5.81218386879277
needle,2000,2000,128,13,bsqr_rand,0.000945048160238322,0.000291654209981996,0.000366748558080145,8.22312340991317e-05,1.92501391343545,1,0.0009161169375,3.5324628641564
needle,2000,2000,128,13,rejection_rpqr,0.00095210424464311,0.000296979833467099,0.000366748558080145,8.22312340991317e-05,1.92501391343545,1,0.00244556985416667,6.38646478458478
needle,2000,2000,128,14,bsqr_rand,0.000919205742164781,0.000282359979428273,0.000366748558080145,8.22312340991317e-05,1.92501391343545,1,0.0009819919375,2.6574141426236
needle,2000,2000,128,14,rejection_rpqr,0.000932539902434153,0.000280217600544861,0.000366748558080145,8.22312340991317e-05,1.92501391343545,1,0.0019034031875,4.15755931785216
needle,2000,2000,128,15,bsqr_rand,0.000953750097366129,0.000313326894701183,0.000366748558080145,8.22312340991317e-05,1.92501391343545,1,0.0009169294375,2.45781494064498
needle,2000,2000,128,15,rejection_rpqr,0.000975132984865928,0.000304865136871911,0.000366748558080145,8.22312340991317e-05,1.92501391343545,1,0.00217656985416667,22.8588322421431
needle,2000,2000,128,16,bsqr_rand,0.000901962227718393,0.00025865078375409,0.000366748558080145,8.22312340991317e-05,1.92501391343545,1,0.0009128044375,2.13716608747917
needle,2000,2000,128,16,rejection_rpqr,0.000948659059264023,0.000313769068325381,0.000366748558080145,8.22312340991317e-05,1.92501391343545,1,0.00189719485416667,2.87294477354683
needle,2000,2000,128,17,bsqr_rand,0.000931969622525561,0.000277409449385982,0.000366748558080145,8.22312340991317e-05,1.92501391343545,1,0.0010194919375,2.54314605553553
needle,2000,2000,128,17,rejection_rpqr,0.000936292788424333,0.000286947518026648,0.000366748558080145,8.22312340991317e-05,1.92501391343545,1,0.00240844485416667,7.55875933001607
needle,2000,2000,128,18,bsqr_rand,0.000904694657543247,0.000267719686857588,0.000366748558080145,8.22312340991317e-05,1.92501391343545,1,0.00102748652083333,2.22807187781235
needle,2000,2000,128,18,rejection_rpqr,0.000951802190712004,0.000314995360176014,0.000366748558080145,8.22312340991317e-05,1.92501391343545,1,0.00240144485416667,9.80548456405322
needle,2000,2000,128,19,bsqr_rand,0.000909400519872079,0.000292135628305698,0.000366748558080145,8.22312340991317e-05,1.92501391343545,1,0.0009316531875,2.54704814460953
needle,2000,2000,128,19,rejection_rpqr,0.000944630198027581,0.000312619575073499,0.000366748558080145,8.22312340991317e-05,1.92501391343545,1,0.0021849031875,5.89841214532255
needle,2000,2000,128,20,bsqr_rand,0.000927282865371367,0.000293853744126838,0.000366748558080145,8.22312340991317e-05,1.92501391343545,1,0.000951262770833333,2.91427464432736
needle,2000,2000,128,20,rejection_rpqr,0.000911606736330308,0.000269536132472876,0.000366748558080145,8.22312340991317e-05,1.92501391343545,1,0.00189611152083333,5.32177924710248
needle,2000,2000,256,1,bsqr_rand,4.52796807386645e-05,1.54513210089283e-05,1.28003706828984e-05,3.03081175805608e-06,1.92501391343545,1,0.00557648652083333,2.45426566377192
needle,2000,2000,256,1,rejection_rpqr,4.59377126225141e-05,1.59494985752287e-05,1.28003706828984e-05,3.03081175805608e-06,1.92501391343545,1,0.0125481948541667,7.78012040844075
needle,2000,2000,256,2,bsqr_rand,4.39262645576233e-05,1.36006637822303e-05,1.28003706828984e-05,3.03081175805608e-06,1.92501391343545,1,0.00568369485416667,2.05237293106877
needle,2000,2000,256,2,rejection_rpqr,4.63871423728529e-05,1.69829098594299e-05,1.28003706828984e-05,3.03081175805608e-06,1.92501391343545,1,0.0115667365208333,3.70167291361308
needle,2000,2000,256,3,bsqr_rand,4.40042582682291e-05,1.42292281592248e-05,1.28003706828984e-05,3.03081175805608e-06,1.92501391343545,1,0.00550136152083333,2.41177429956697
needle,2000,2000,256,3,rejection_rpqr,4.41921237943399e-05,1.52199434785977e-05,1.28003706828984e-05,3.03081175805608e-06,1.92501391343545,1,0.0115354031875,4.78461934507453
needle,2000,2000,256,4,bsqr_rand,4.57001738994055e-05,1.58848379187617e-05,1.28003706828984e-05,3.03081175805608e-06,1.92501391343545,1,0.0054470281875,1.9055960711414
needle,2000,2000,256,4,rejection_rpqr,4.47415310355268e-05,1.60766118639504e-05,1.28003706828984e-05,3.03081175805608e-06,1.92501391343545,1,0.0113094865208333,2.91375122220198
needle,2000,2000,256,5,bsqr_rand,4.66258677159693e-05,1.63520813195898e-05,1.28003706828984e-05,3.03081175805608e-06,1.92501391343545,1,0.00509669485416667,4.42001612352126
needle,2000,2000,256,5,rejection_rpqr,4.52817756343435e-05,1.70036197468712e-05,1.28003706828984e-05,3.03081175805608e-06,1.92501391343545,1,0.0112996115208333,4.65895596730716
needle,2000,2000,256,6,bsqr_rand,4.53535294523064e-05,1.60062119460688e-05,1.28003706828984e-05,3.03081175805608e-06,1.92501391343545,1,0.0051934031875,3.54292370910025
needle,2000,2000,256,6,rejection_rpqr,4.52450532295446e-05,1.477604769892e-05,1.28003706828984e-05,3.03081175805608e-06,1.92501391343545,1,0.0111822365208333,4.20585208306682
needle,2000,2000,256,7,bsqr_rand,4.66780505779744e-05,1.4799922364911e-05,1.28003706828984e-05,3.03081175805608e-06,1.92501391343545,1,0.0050345281875,3.25172322329691
needle,2000,2000,256,7,rejection_rpqr,4.49833855035151e-05,1.57188200388788e-05,1.28003706828984e-05,3.03081175805608e-06,1.92501391343545,1,0.0117432781875,7.96408511623972
needle,2000,2000,256,8,bsqr_rand,4.51948980540881e-05,1.49746602352038e-05,1.28003706828984e-05,3.03081175805608e-06,1.92501391343545,1,0.00505019485416667,2.36341996120521
needle,2000,2000,256,8,rejection_rpqr,4.43111804530445e-05,1.46722502575641e-05,1.28003706828984e-05,3.03081175805608e-06,1.92501391343545,1,0.0114659448541667,3.90171327496168
needle,2000,2000,256,9,bsqr_rand,4.34388198019706e-05,1.39889606429686e-05,1.28003706828984e-05,3.03081175805608e-06,1.92501391343545,1,0.00502748652083333,2.03242484313935
needle,2000,2000,256,9,rejection_rpqr,4.32116029892715e-05,1.34488160528831e-05,1.28003706828984e-05,3.03081175805608e-06,1.92501391343545,1,0.0104602781875,8.07917820698507
needle,2000,2000,256,10,bsqr_rand,4.58952262157189e-05,1.53793563003093e-05,1.28003706828984e-05,3.03081175805608e-06,1.92501391343545,1,0.00494511152083333,2.72927186011917
needle,2000,2000,256,10,rejection_rpqr,4.47530561215254e-05,1.44310443743976e-05,1.28003706828984e-05,3.03081175805608e-06,1.92501391343545,1,0.0105054448541667,4.14044319065486
needle,2000,2000,256,11,bsqr_rand,4.6305775107614e-05,1.50476435136035e-05,1.28003706828984e-05,3.03081175805608e-06,1.92501391343545,1,0.0049212781875,2.95395368708638
needle,2000,2000,256,11,rejection_rpqr,4.56064512524617e-05,1.55689020178593e-05,1.28003706828984e-05,3.03081175805608e-06,1.92501391343545,1,0.0107113198541667,7.97776421762477
needle,2000,2000,256,12,bsqr_rand,4.59209746311053e-05,1.57110893434459e-05,1.28003706828984e-05,3.03081175805608e-06,1.92501391343545,1,0.00492923652083333,2.55326115014005
needle,2000,2000,256,12,rejection_rpqr,4.4949993587818e-05,1.45734607212371e-05,1.28003706828984e-05,3.03081175805608e-06,1.92501391343545,1,0.0106077365208333,4.17370647776198
needle,2000,2000,256,13,bsqr_rand,4.57314797508668e-05,1.55848255346816e-05,1.28003706828984e-05,3.03081175805608e-06,1.92501391343545,1,0.00499098652083333,3.20274564382596
needle,2000,2000,256,13,rejection_rpqr,4.60969340086904e-05,1.49333157014364e-05,1.28003706828984e-05,3.03081175805608e-06,1.92501391343545,1,0.0102191115208333,8.17059679669919
needle,2000,2000,256,14,bsqr_rand,4.62016939305514e-05,1.55689486797133e-05,1.28003706828984e-05,3.03081175805608e-06,1.92501391343545,1,0.00499681985416667,2.54099615862852
needle,2000,2000,256,14,rejection_rpqr,4.5304088709584e-05,1.53193472478568e-05,1.28003706828984e-05,3.03081175805608e-06,1.92501391343545,1,0.0113614865208333,6.02465536499675
needle,2000,2000,256,15,bsqr_rand,4.55962314420003e-05,1.56020372554775e-05,1.28003706828984e-05,3.03081175805608e-06,1.92501391343545,1,0.00497086152083333,2.87586066609376
needle,2000,2000,256,15,rejection_rpqr,4.54798883754396e-05,1.54278265661718e-05,1.28003706828984e-05,3.03081175805608e-06,1.92501391343545,1,0.0104945281875,6.61137036536569
needle,2000,2000,256,16,bsqr_rand,4.66364860144705e-05,1.58757861036264e-05,1.28003706828984e-05,3.03081175805608e-06,1.92501391343545,1,0.00499806985416667,2.60994314127079
needle,2000,2000,256,16,rejection_rpqr,4.55017194686961e-05,1.53325527805598e-05,1.28003706828984e-05,3.03081175805608e-06,1.92501391343545,1,0.0106416115208333,4.8234988024005
needle,2000,2000,256,17,bsqr_rand,4.5607462569395e-05,1.41342737231288e-05,1.28003706828984e-05,3.03081175805608e-06,1.92501391343545,1,0.00501569485416667,2.56972608093784
needle,2000,2000,256,17,rejection_rpqr,4.67023059554414e-05,1.65807271295103e-05,1.28003706828984e-05,3.03081175805608e-06,1.92501391343545,1,0.00959231985416667,4.46786772182741
needle,2000,2000,256,18,bsqr_rand,4.47212727433716e-05,1.40595829485849e-05,1.28003706828984e-05,3.03081175805608e-06,1.92501391343545,1,0.0050954031875,2.5063636855175
needle,2000,2000,256,18,rejection_rpqr,4.62404362012538e-05,1.55823673162092e-05,1.28003706828984e-05,3.03081175805608e-06,1.92501391343545,1,0.00944336152083333,2.55226939604034
needle,2000,2000,256,19,bsqr_rand,4.45718759795569e-05,1.44225861262701e-05,1.28003706828984e-05,3.03081175805608e-06,1.92501391343545,1,0.00508844485416667,2.53801294732369
needle,2000,2000,256,19,rejection_rpqr,4.47542622505711e-05,1.61540794721514e-05,1.28003706828984e-05,3.03081175805608e-06,1.92501391343545,1,0.00988523652083333,2.90982662126257
needle,2000,2000,256,20,bsqr_rand,4.85037921429803e-05,1.68430189976869e-05,1.28003706828984e-05,3.03081175805608e-06,1.92501391343545,1,0.00499619485416667,4.01167468741537
needle,2000,2000,256,20,rejection_rpqr,4.60513255005904e-05,1.64190830534959e-05,1.28003706828984e-05,3.03081175805608e-06,1.92501391343545,1,0.0121727365208333,4.0621844755569
