family,k,n,seed,method,mode,sampling,block_size,time_s,frobinv,osinsky,tested_per_k,sigma_min
gaussian,256,1000,1,det,na,na,0,0.00973972354166667,89.6912772833654,436.715010046598,NaN,0.0327683832342296
gaussian,256,1000,1,builtin,na,na,0,0.00683634854166667,94.5817550166137,436.715010046598,NaN,0.0294604323448292
gaussian,256,1000,1,rand,running_mean,normweighted,256,0.00523622354166667,167.439503047492,436.715010046598,2,0.0149687894451406
gaussian,256,1000,1,rand_r12,running_mean,normweighted,256,0.00637726520833333,167.439503047492,436.715010046598,2,0.0149687894451406
gaussian,256,1000,2,det,na,na,0,0.00963609854166667,89.0083725500634,436.715010046598,NaN,0.0372927193449593
gaussian,256,1000,2,builtin,na,na,0,0.006502931875,97.3599848822146,436.715010046598,NaN,0.0225797173924802
gaussian,256,1000,2,rand,running_mean,normweighted,256,0.00507751520833333,159.03002791296,436.715010046598,2,0.0147415634238928
gaussian,256,1000,2,rand_r12,running_mean,normweighted,256,0.006240931875,159.03002791296,436.715010046598,2,0.0147415634238928
gaussian,256,1000,3,det,na,na,0,0.00969522354166667,89.2639657327652,436.715010046598,NaN,0.0326844167423438
gaussian,256,1000,3,builtin,na,na,0,0.00649809854166667,91.4028633031699,436.715010046598,NaN,0.0303877952169126
gaussian,256,1000,3,rand,running_mean,normweighted,256,0.00605997354166667,120.846083203348,436.715010046598,2,0.0205805930850595
gaussian,256,1000,3,rand_r12,running_mean,normweighted,256,0.00689614020833333,120.846083203348,436.715010046598,2,0.0205805930850595
gaussian,256,1000,4,det,na,na,0,0.00955659854166667,87.2547789858674,436.715010046598,NaN,0.0358997465148712
gaussian,256,1000,4,builtin,na,na,0,0.00637901520833333,91.6789110326,436.715010046598,NaN,0.0308996996693419
gaussian,256,1000,4,rand,running_mean,normweighted,256,0.00542989020833333,119.425235550727,436.715010046598,2,0.0236881898272935
gaussian,256,1000,4,rand_r12,running_mean,normweighted,256,0.006470181875,119.425235550727,436.715010046598,2,0.0236881898272935
gaussian,256,1000,5,det,na,na,0,0.00941459854166667,88.1569106604907,436.715010046598,NaN,0.0333874197156852
gaussian,256,1000,5,builtin,na,na,0,0.006431306875,92.74591332424,436.715010046598,NaN,0.0316226615943325
gaussian,256,1000,5,rand,running_mean,normweighted,256,0.00566059854166667,119.759979534933,436.715010046598,2,0.0221677703335553
gaussian,256,1000,5,rand_r12,running_mean,normweighted,256,0.00675309854166667,119.759979534933,436.715010046598,2,0.0221677703335553
gaussian,256,1000,6,det,na,na,0,0.00951514020833333,88.0403181477598,436.715010046598,NaN,0.0358876283724703
gaussian,256,1000,6,builtin,na,na,0,0.00637614020833333,89.5941022095824,436.715010046598,NaN,0.0352176512290227
gaussian,256,1000,6,rand,running_mean,normweighted,256,0.00538001520833333,123.458718921604,436.715010046598,2,0.0223899574708289
gaussian,256,1000,6,rand_r12,running_mean,normweighted,256,0.006544681875,123.458718921604,436.715010046598,2,0.0223899574708289
gaussian,256,1000,7,det,na,na,0,0.009506806875,89.0332924507587,436.715010046598,NaN,0.0338526447029269
gaussian,256,1000,7,builtin,na,na,0,0.00644384854166667,94.4564856479424,436.715010046598,NaN,0.0251317802104013
gaussian,256,1000,7,rand,running_mean,normweighted,256,0.00550109854166667,120.398895045189,436.715010046598,2,0.021273558307913
gaussian,256,1000,7,rand_r12,running_mean,normweighted,256,0.00760222354166667,120.398895045189,436.715010046598,2,0.021273558307913
gaussian,256,1000,8,det,na,na,0,0.0100384735416667,87.6817922366561,436.715010046598,NaN,0.0358600367744489
gaussian,256,1000,8,builtin,na,na,0,0.00650422354166667,92.551474161251,436.715010046598,NaN,0.027945432094609
gaussian,256,1000,8,rand,running_mean,normweighted,256,0.005486306875,118.172965625126,436.715010046598,2,0.0237647097036827
gaussian,256,1000,8,rand_r12,running_mean,normweighted,256,0.00657626520833333,118.172965625126,436.715010046598,2,0.0237647097036827
gaussian,256,1000,9,det,na,na,0,0.00965489020833333,88.7271654752462,436.715010046598,NaN,0.0336237341202105
gaussian,256,1000,9,builtin,na,na,0,0.006527431875,97.9259641200183,436.715010046598,NaN,0.0223478204362654
gaussian,256,1000,9,rand,running_mean,normweighted,256,0.00573847354166667,125.439108083437,436.715010046598,2,0.021261643641598
gaussian,256,1000,9,rand_r12,running_mean,normweighted,256,0.00753572354166667,125.439108083437,436.715010046598,2,0.021261643641598
gaussian,256,1000,10,det,na,na,0,0.0107528902083333,90.1780483177963,436.715010046598,NaN,0.0303982860349759
gaussian,256,1000,10,builtin,na,na,0,0.00728001520833333,95.7986040527683,436.715010046598,NaN,0.0292937716451116
gaussian,256,1000,10,rand,running_mean,normweighted,256,0.006206681875,120.546331176274,436.715010046598,2,0.0201948777018973
gaussian,256,1000,10,rand_r12,running_mean,normweighted,256,0.00718434854166667,120.546331176274,436.715010046598,2,0.0201948777018973
gaussian,256,1000,11,det,na,na,0,0.00981614020833333,89.709688632961,436.715010046598,NaN,0.0326930056761179
gaussian,256,1000,11,builtin,na,na,0,0.006549556875,92.698448748223,436.715010046598,NaN,0.0297668547952671
gaussian,256,1000,11,rand,running_mean,normweighted,256,0.00572922354166667,120.243140229754,436.715010046598,2,0.0226003854922539
gaussian,256,1000,11,rand_r12,running_mean,normweighted,256,0.00658759854166667,120.243140229754,436.715010046598,2,0.0226003854922539
gaussian,256,1000,12,det,na,na,0,0.00964734854166667,90.4982380703409,436.715010046598,NaN,0.0294900305863382
gaussian,256,1000,12,builtin,na,na,0,0.00652864020833333,93.635632011319,436.715010046598,NaN,0.0258391395179673
gaussian,256,1000,12,rand,running_mean,normweighted,256,0.00521122354166667,127.737545722224,436.715010046598,2,0.0206761237707716
gaussian,256,1000,12,rand_r12,running_mean,normweighted,256,0.006281931875,127.737545722224,436.715010046598,2,0.0206761237707716
gaussian,256,1000,13,det,na,na,0,0.00948926520833333,88.119380730675,436.715010046598,NaN,0.031804498092955
gaussian,256,1000,13,builtin,na,na,0,0.00630759854166667,99.9112041721092,436.715010046598,NaN,0.0218030712447974
gaussian,256,1000,13,rand,running_mean,normweighted,256,0.005439431875,135.874993521204,436.715010046598,2,0.0194350563794882
gaussian,256,1000,13,rand_r12,running_mean,normweighted,256,0.00609914020833333,135.874993521204,436.715010046598,2,0.0194350563794882
gaussian,256,1000,14,det,na,na,0,0.009537056875,88.4759072679569,436.715010046598,NaN,0.034919676757218
gaussian,256,1000,14,builtin,na,na,0,0.00635647354166667,96.9597867273892,436.715010046598,NaN,0.0241415051037711
gaussian,256,1000,14,rand,running_mean,normweighted,256,0.005152556875,131.156232072982,436.715010046598,2,0.0195214310205562
gaussian,256,1000,14,rand_r12,running_mean,normweighted,256,0.00629414020833333,131.156232072982,436.715010046598,2,0.0195214310205562
gaussian,256,1000,15,det,na,na,0,0.00940459854166667,90.1324513604582,436.715010046598,NaN,0.0325365270215405
gaussian,256,1000,15,builtin,na,na,0,0.00635234854166667,95.8100536100989,436.715010046598,NaN,0.0281663065546987
gaussian,256,1000,15,rand,running_mean,normweighted,256,0.00511447354166667,128.444091046263,436.715010046598,2,0.0186745777006454
gaussian,256,1000,15,rand_r12,running_mean,normweighted,256,0.00651297354166667,128.444091046263,436.715010046598,2,0.0186745777006454
gaussian,256,1000,16,det,na,na,0,0.009457806875,89.3831922521983,436.715010046598,NaN,0.0364269696213939
gaussian,256,1000,16,builtin,na,na,0,0.00662464020833333,95.1010123516293,436.715010046598,NaN,0.0250744571869425
gaussian,256,1000,16,rand,running_mean,normweighted,256,0.00513797354166667,139.441872407968,436.715010046598,2,0.0189627084198396
gaussian,256,1000,16,rand_r12,running_mean,normweighted,256,0.006054931875,139.441872407968,436.715010046598,2,0.0189627084198396
gaussian,256,1000,17,det,na,na,0,0.00948751520833333,89.3770075901343,436.715010046598,NaN,0.0342871999138153
gaussian,256,1000,17,builtin,na,na,0,0.00632797354166667,94.1636404823188,436.715010046598,NaN,0.0287821681152758
gaussian,256,1000,17,rand,running_mean,normweighted,256,0.00516659854166667,140.7363233503,436.715010046598,2,0.0177699824998122
gaussian,256,1000,17,rand_r12,running_mean,normweighted,256,0.00611126520833333,140.7363233503,436.715010046598,2,0.0177699824998122
gaussian,256,1000,18,det,na,na,0,0.00961672354166667,88.6755925359499,436.715010046598,NaN,0.0335746506302976
gaussian,256,1000,18,builtin,na,na,0,0.00627359854166667,96.7045691539671,436.715010046598,NaN,0.0249438341209194
gaussian,256,1000,18,rand,running_mean,normweighted,256,0.00526676520833333,127.668116256712,436.715010046598,2,0.0211220195069737
gaussian,256,1000,18,rand_r12,running_mean,normweighted,256,0.00625584854166667,127.668116256712,436.715010046598,2,0.0211220195069737
gaussian,256,1000,19,det,na,na,0,0.00947839020833333,88.9489239375785,436.715010046598,NaN,0.0320650557097121
gaussian,256,1000,19,builtin,na,na,0,0.006262306875,93.6676287470052,436.715010046598,NaN,0.0272878341770499
gaussian,256,1000,19,rand,running_mean,normweighted,256,0.00504784854166667,132.756441939253,436.715010046598,2,0.0203570862161509
gaussian,256,1000,19,rand_r12,running_mean,normweighted,256,0.00606634854166667,132.756441939253,436.715010046598,2,0.0203570862161509
gaussian,256,1000,20,det,na,na,0,0.00963239020833333,90.2115637408728,436.715010046598,NaN,0.0300110045171151
gaussian,256,1000,20,builtin,na,na,0,0.00636734854166667,93.0072277705366,436.715010046598,NaN,0.0295603441192714
gaussian,256,1000,20,rand,running_mean,normweighted,256,0.005285806875,125.197082513424,436.715010046598,2,0.0195420543314477
gaussian,256,1000,20,rand_r12,running_mean,normweighted,256,0.00631534854166667,125.197082513424,436.715010046598,2,0.0195420543314477
gaussian,256,2000,1,det,na,na,0,0.0191834735416667,124.272252738673,668.371154374574,NaN,0.0234896248718918
gaussian,256,2000,1,builtin,na,na,0,0.0113860985416667,132.983263121764,668.371154374574,NaN,0.0208278236865123
gaussian,256,2000,1,rand,running_mean,normweighted,256,0.00523709854166667,197.662797069716,668.371154374574,2,0.0119695161453981
gaussian,256,2000,1,rand_r12,running_mean,normweighted,256,0.00754626520833333,197.662797069716,668.371154374574,2,0.0119695161453981
gaussian,256,2000,2,det,na,na,0,0.0191234735416667,125.473790283177,668.371154374574,NaN,0.0248408110742583
gaussian,256,2000,2,builtin,na,na,0,0.0113589735416667,129.638663383863,668.371154374574,NaN,0.0236452236480343
gaussian,256,2000,2,rand,running_mean,normweighted,256,0.00523914020833333,201.960710613673,668.371154374574,2,0.0127350868501368
gaussian,256,2000,2,rand_r12,running_mean,normweighted,256,0.007493556875,201.960710613673,668.371154374574,2,0.0127350868501368
gaussian,256,2000,3,det,na,na,0,0.019108931875,126.067672619443,668.371154374574,NaN,0.0259433658775624
gaussian,256,2000,3,builtin,na,na,0,0.0114904735416667,135.328595101851,668.371154374574,NaN,0.0199713096699273
gaussian,256,2000,3,rand,running_mean,normweighted,256,0.00558672354166667,177.125371261399,668.371154374574,2,0.0128159992776869
gaussian,256,2000,3,rand_r12,running_mean,normweighted,256,0.00827684854166667,177.125371261399,668.371154374574,2,0.0128159992776869
gaussian,256,2000,4,det,na,na,0,0.0187488485416667,126.544919640789,668.371154374574,NaN,0.0246237121261392
gaussian,256,2000,4,builtin,na,na,0,0.011526556875,134.330528621953,668.371154374574,NaN,0.0222174591829052
gaussian,256,2000,4,rand,running_mean,normweighted,256,0.00530759854166667,175.760106477245,668.371154374574,2,0.0148143792347982
gaussian,256,2000,4,rand_r12,running_mean,normweighted,256,0.007891056875,175.760106477245,668.371154374574,2,0.0148143792347982
gaussian,256,2000,5,det,na,na,0,0.0190037235416667,122.668758619356,668.371154374574,NaN,0.0263864049835206
gaussian,256,2000,5,builtin,na,na,0,0.011501431875,129.11261164927,668.371154374574,NaN,0.021809603871274
gaussian,256,2000,5,rand,running_mean,normweighted,256,0.005217681875,192.305221313883,668.371154374574,2,0.0130653151267399
gaussian,256,2000,5,rand_r12,running_mean,normweighted,256,0.007525806875,192.305221313883,668.371154374574,2,0.0130653151267399
gaussian,256,2000,6,det,na,na,0,0.0192320152083333,126.062751400397,668.371154374574,NaN,0.0262310480386558
gaussian,256,2000,6,builtin,na,na,0,0.0114596402083333,134.115218654516,668.371154374574,NaN,0.0207246870995573
gaussian,256,2000,6,rand,running_mean,normweighted,256,0.00505576520833333,203.056609552842,668.371154374574,2,0.0124884614613325
gaussian,256,2000,6,rand_r12,running_mean,normweighted,256,0.007499681875,203.056609552842,668.371154374574,2,0.0124884614613325
gaussian,256,2000,7,det,na,na,0,0.019105431875,124.718867735626,668.371154374574,NaN,0.0232349902700229
gaussian,256,2000,7,builtin,na,na,0,0.011636556875,134.132829433296,668.371154374574,NaN,0.021156285355753
gaussian,256,2000,7,rand,running_mean,normweighted,256,0.00528572354166667,197.023066264895,668.371154374574,2,0.0132993861892882
gaussian,256,2000,7,rand_r12,running_mean,normweighted,256,0.00792764020833333,197.023066264895,668.371154374574,2,0.0132993861892882
gaussian,256,2000,8,det,na,na,0,0.019370681875,127.208133647814,668.371154374574,NaN,0.0255746883907702
gaussian,256,2000,8,builtin,na,na,0,0.0114872652083333,135.855094563675,668.371154374574,NaN,0.0209896646365393
gaussian,256,2000,8,rand,running_mean,normweighted,256,0.00539322354166667,180.659373151723,668.371154374574,2,0.013409181368675
gaussian,256,2000,8,rand_r12,running_mean,normweighted,256,0.00807639020833333,180.659373151723,668.371154374574,2,0.013409181368675
gaussian,256,2000,9,det,na,na,0,0.0190811402083333,126.938284555258,668.371154374574,NaN,0.0240443816409529
gaussian,256,2000,9,builtin,na,na,0,0.011460056875,139.04666509348,668.371154374574,NaN,0.0157130502093728
gaussian,256,2000,9,rand,running_mean,normweighted,256,0.00525447354166667,193.577998320989,668.371154374574,2,0.0129999536863982
gaussian,256,2000,9,rand_r12,running_mean,normweighted,256,0.00752984854166667,193.577998320989,668.371154374574,2,0.0129999536863982
gaussian,256,2000,10,det,na,na,0,0.0190885152083333,125.933920540966,668.371154374574,NaN,0.0248229960653533
gaussian,256,2000,10,builtin,na,na,0,0.0115566402083333,132.389092345959,668.371154374574,NaN,0.0203091146791415
gaussian,256,2000,10,rand,running_mean,normweighted,256,0.005227681875,215.874354428421,668.371154374574,2,0.0111322965400458
gaussian,256,2000,10,rand_r12,running_mean,normweighted,256,0.00756964020833333,215.874354428421,668.371154374574,2,0.0111322965400458
gaussian,256,2000,11,det,na,na,0,0.0195329735416667,126.789697251434,668.371154374574,NaN,0.0239697617894804
gaussian,256,2000,11,builtin,na,na,0,0.011390181875,135.404422534196,668.371154374574,NaN,0.0176373250199536
gaussian,256,2000,11,rand,running_mean,normweighted,256,0.00565401520833333,173.932366702054,668.371154374574,2,0.0144460126032918
gaussian,256,2000,11,rand_r12,running_mean,normweighted,256,0.00798759854166667,173.932366702054,668.371154374574,2,0.0144460126032918
gaussian,256,2000,12,det,na,na,0,0.018870306875,125.870787944552,668.371154374574,NaN,0.024762385394448
gaussian,256,2000,12,builtin,na,na,0,0.0113562235416667,139.414330450742,668.371154374574,NaN,0.0181995545513973
gaussian,256,2000,12,rand,running_mean,normweighted,256,0.00538476520833333,191.237300821232,668.371154374574,2,0.0132806282257526
gaussian,256,2000,12,rand_r12,running_mean,normweighted,256,0.007841681875,191.237300821232,668.371154374574,2,0.0132806282257526
gaussian,256,2000,13,det,na,na,0,0.0188765152083333,125.411055605754,668.371154374574,NaN,0.0224698250569133
gaussian,256,2000,13,builtin,na,na,0,0.0115282652083333,138.146462029662,668.371154374574,NaN,0.0159759073075393
gaussian,256,2000,13,rand,running_mean,normweighted,256,0.005447056875,188.005022392792,668.371154374574,2,0.0132659819815131
gaussian,256,2000,13,rand_r12,running_mean,normweighted,256,0.00769676520833333,188.005022392792,668.371154374574,2,0.0132659819815131
gaussian,256,2000,14,det,na,na,0,0.0186260152083333,123.184734115148,668.371154374574,NaN,0.0240808252220286
gaussian,256,2000,14,builtin,na,na,0,0.011348306875,134.335599580983,668.371154374574,NaN,0.017995372900741
gaussian,256,2000,14,rand,running_mean,normweighted,256,0.00544397354166667,186.053298273815,668.371154374574,2,0.0132176026190745
gaussian,256,2000,14,rand_r12,running_mean,normweighted,256,0.007889681875,186.053298273815,668.371154374574,2,0.0132176026190745
gaussian,256,2000,15,det,na,na,0,0.018928806875,126.782317804411,668.371154374574,NaN,0.0228596624644063
gaussian,256,2000,15,builtin,na,na,0,0.011367806875,130.55971544625,668.371154374574,NaN,0.0217216423035373
gaussian,256,2000,15,rand,running_mean,normweighted,256,0.00498134854166667,236.204786144639,668.371154374574,2,0.0105417211688903
gaussian,256,2000,15,rand_r12,running_mean,normweighted,256,0.007565931875,236.204786144639,668.371154374574,2,0.0105417211688903
gaussian,256,2000,16,det,na,na,0,0.019439931875,125.840938655188,668.371154374574,NaN,0.0232866253276974
gaussian,256,2000,16,builtin,na,na,0,0.0115872235416667,134.395231884974,668.371154374574,NaN,0.0197372020779734
gaussian,256,2000,16,rand,running_mean,normweighted,256,0.005651806875,177.328944584764,668.371154374574,2,0.0144937954021643
gaussian,256,2000,16,rand_r12,running_mean,normweighted,256,0.00795451520833333,177.328944584764,668.371154374574,2,0.0144937954021643
gaussian,256,2000,17,det,na,na,0,0.0189985152083333,125.183253570037,668.371154374574,NaN,0.0228589296983451
gaussian,256,2000,17,builtin,na,na,0,0.0115103485416667,136.817892435801,668.371154374574,NaN,0.0187360439930466
gaussian,256,2000,17,rand,running_mean,normweighted,256,0.005455681875,181.713176948605,668.371154374574,2,0.0143829622712099
gaussian,256,2000,17,rand_r12,running_mean,normweighted,256,0.00757172354166667,181.713176948605,668.371154374574,2,0.0143829622712099
gaussian,256,2000,18,det,na,na,0,0.0191490152083333,126.244970856116,668.371154374574,NaN,0.0239099620944511
gaussian,256,2000,18,builtin,na,na,0,0.0113620985416667,132.509961302394,668.371154374574,NaN,0.0210339916963468
gaussian,256,2000,18,rand,running_mean,normweighted,256,0.005201931875,200.963481536261,668.371154374574,2,0.0130557997622183
gaussian,256,2000,18,rand_r12,running_mean,normweighted,256,0.00771439020833333,200.963481536261,668.371154374574,2,0.0130557997622183
gaussian,256,2000,19,det,na,na,0,0.018762806875,124.568762824336,668.371154374574,NaN,0.0244039424219775
gaussian,256,2000,19,builtin,na,na,0,0.011364556875,133.435441454113,668.371154374574,NaN,0.0189919509155256
gaussian,256,2000,19,rand,running_mean,normweighted,256,0.005210931875,225.95975948419,668.371154374574,2,0.0118810034913386
gaussian,256,2000,19,rand_r12,running_mean,normweighted,256,0.007612556875,225.95975948419,668.371154374574,2,0.0118810034913386
gaussian,256,2000,20,det,na,na,0,0.0187141402083333,124.418420722284,668.371154374574,NaN,0.0240898129820274
gaussian,256,2000,20,builtin,na,na,0,0.0114687235416667,131.815351409277,668.371154374574,NaN,0.0205729624973914
gaussian,256,2000,20,rand,running_mean,normweighted,256,0.00540447354166667,189.25571369075,668.371154374574,2,0.012743873255563
gaussian,256,2000,20,rand_r12,running_mean,normweighted,256,0.00779997354166667,189.25571369075,668.371154374574,2,0.012743873255563
gaussian,256,4000,1,det,na,na,0,0.0382574735416667,171.101121999369,979.142481970831,NaN,0.0185963541725483
gaussian,256,4000,1,builtin,na,na,0,0.0207365985416667,185.345752064861,979.142481970831,NaN,0.0141866066308791
gaussian,256,4000,1,rand,running_mean,normweighted,256,0.00543797354166667,284.120501322486,979.142481970831,2,0.00823713710504809
gaussian,256,4000,1,rand_r12,running_mean,normweighted,256,0.010488056875,284.120501322486,979.142481970831,2,0.00823713710504809
gaussian,256,4000,2,det,na,na,0,0.038274306875,173.583554122629,979.142481970831,NaN,0.0175825570975016
gaussian,256,4000,2,builtin,na,na,0,0.021217681875,184.218172192887,979.142481970831,NaN,0.0152567533616187
gaussian,256,4000,2,rand,running_mean,normweighted,256,0.00553264020833333,276.836722140505,979.142481970831,2,0.00975754567466197
gaussian,256,4000,2,rand_r12,running_mean,normweighted,256,0.0117099735416667,276.836722140505,979.142481970831,2,0.00975754567466197
gaussian,256,4000,3,det,na,na,0,0.0384983902083333,172.58089074132,979.142481970831,NaN,0.0174120855171813
gaussian,256,4000,3,builtin,na,na,0,0.021063306875,185.228537635019,979.142481970831,NaN,0.0137870606801617
gaussian,256,4000,3,rand,running_mean,normweighted,256,0.00525176520833333,285.756780194671,979.142481970831,2,0.00892376899712852
gaussian,256,4000,3,rand_r12,running_mean,normweighted,256,0.0111322652083333,285.756780194671,979.142481970831,2,0.00892376899712852
gaussian,256,4000,4,det,na,na,0,0.0385687235416667,175.458776678897,979.142481970831,NaN,0.0173308430500253
gaussian,256,4000,4,builtin,na,na,0,0.0209665985416667,182.079990523331,979.142481970831,NaN,0.0158831248630051
gaussian,256,4000,4,rand,running_mean,normweighted,256,0.005152306875,498.623540150345,979.142481970831,2,0.0037933989288875
gaussian,256,4000,4,rand_r12,running_mean,normweighted,256,0.010963681875,498.623540150345,979.142481970831,2,0.0037933989288875
gaussian,256,4000,5,det,na,na,0,0.038595556875,167.812184090987,979.142481970831,NaN,0.0204335618697859
gaussian,256,4000,5,builtin,na,na,0,0.0208502235416667,181.713877665292,979.142481970831,NaN,0.0161476660959639
gaussian,256,4000,5,rand,running_mean,normweighted,256,0.005300056875,314.780383205478,979.142481970831,2,0.00739772088824212
gaussian,256,4000,5,rand_r12,running_mean,normweighted,256,0.0109083485416667,314.780383205478,979.142481970831,2,0.00739772088824212
gaussian,256,4000,6,det,na,na,0,0.0384560152083333,172.139985333289,979.142481970831,NaN,0.0191740443143647
gaussian,256,4000,6,builtin,na,na,0,0.0211396402083333,184.30978158921,979.142481970831,NaN,0.0146230133351678
gaussian,256,4000,6,rand,running_mean,normweighted,256,0.00531809854166667,292.055064573483,979.142481970831,2,0.00962156918396974
gaussian,256,4000,6,rand_r12,running_mean,normweighted,256,0.011166306875,292.055064573483,979.142481970831,2,0.00962156918396974
gaussian,256,4000,7,det,na,na,0,0.0386553902083333,170.793039027054,979.142481970831,NaN,0.0189548398142924
gaussian,256,4000,7,builtin,na,na,0,0.0213521402083333,183.739905996761,979.142481970831,NaN,0.0163011324313397
gaussian,256,4000,7,rand,running_mean,normweighted,256,0.00534772354166667,289.294306794747,979.142481970831,2,0.00912421111639836
gaussian,256,4000,7,rand_r12,running_mean,normweighted,256,0.011010306875,289.294306794747,979.142481970831,2,0.00912421111639836
gaussian,256,4000,8,det,na,na,0,0.038287681875,175.929557977557,979.142481970831,NaN,0.0173259725149188
gaussian,256,4000,8,builtin,na,na,0,0.020876681875,181.589531043968,979.142481970831,NaN,0.0154226080145608
gaussian,256,4000,8,rand,running_mean,normweighted,256,0.005471306875,288.485172240592,979.142481970831,2,0.00834191849434173
gaussian,256,4000,8,rand_r12,running_mean,normweighted,256,0.0110777235416667,288.485172240592,979.142481970831,2,0.00834191849434173
gaussian,256,4000,9,det,na,na,0,0.0384752235416667,171.670897778328,979.142481970831,NaN,0.0189251273555758
gaussian,256,4000,9,builtin,na,na,0,0.0208952652083333,184.437222946097,979.142481970831,NaN,0.0147916349004965
gaussian,256,4000,9,rand,running_mean,normweighted,256,0.00533501520833333,316.877573720844,979.142481970831,2,0.00802145484767268
gaussian,256,4000,9,rand_r12,running_mean,normweighted,256,0.011264181875,316.877573720844,979.142481970831,2,0.00802145484767268
gaussian,256,4000,10,det,na,na,0,0.038328806875,173.502724921742,979.142481970831,NaN,0.0192733516152347
gaussian,256,4000,10,builtin,na,na,0,0.020944806875,198.129534133556,979.142481970831,NaN,0.0109642529848283
gaussian,256,4000,10,rand,running_mean,normweighted,256,0.005554681875,275.09197705464,979.142481970831,2,0.00954961184911678
gaussian,256,4000,10,rand_r12,running_mean,normweighted,256,0.010899056875,275.09197705464,979.142481970831,2,0.00954961184911678
gaussian,256,4000,11,det,na,na,0,0.038483931875,169.0915540966,979.142481970831,NaN,0.0187501174085725
gaussian,256,4000,11,builtin,na,na,0,0.0209575152083333,180.673694266872,979.142481970831,NaN,0.0166572425235657
gaussian,256,4000,11,rand,running_mean,normweighted,256,0.00529072354166667,294.897869294349,979.142481970831,2,0.00870392608407563
gaussian,256,4000,11,rand_r12,running_mean,normweighted,256,0.0106230985416667,294.897869294349,979.142481970831,2,0.00870392608407563
gaussian,256,4000,12,det,na,na,0,0.038387181875,169.759729233813,979.142481970831,NaN,0.0194407165965376
gaussian,256,4000,12,builtin,na,na,0,0.0208029735416667,186.230256417331,979.142481970831,NaN,0.0159643498242276
gaussian,256,4000,12,rand,running_mean,normweighted,256,0.00553126520833333,269.939702545432,979.142481970831,2,0.00942651026541258
gaussian,256,4000,12,rand_r12,running_mean,normweighted,256,0.0110832235416667,269.939702545432,979.142481970831,2,0.00942651026541258
gaussian,256,4000,13,det,na,na,0,0.038593806875,172.349229332588,979.142481970831,NaN,0.0179528573433815
gaussian,256,4000,13,builtin,na,na,0,0.021049556875,181.945219685553,979.142481970831,NaN,0.015993876203438
gaussian,256,4000,13,rand,running_mean,normweighted,256,0.005211931875,288.474093348951,979.142481970831,2,0.00916327882788266
gaussian,256,4000,13,rand_r12,running_mean,normweighted,256,0.0105183485416667,288.474093348951,979.142481970831,2,0.00916327882788266
gaussian,256,4000,14,det,na,na,0,0.0383853902083333,170.690560474947,979.142481970831,NaN,0.0203138799652181
gaussian,256,4000,14,builtin,na,na,0,0.0208329735416667,182.764519151562,979.142481970831,NaN,0.016393812734024
gaussian,256,4000,14,rand,running_mean,normweighted,256,0.00528139020833333,283.917111565635,979.142481970831,2,0.00859444250134681
gaussian,256,4000,14,rand_r12,running_mean,normweighted,256,0.0105709735416667,283.917111565635,979.142481970831,2,0.00859444250134681
gaussian,256,4000,15,det,na,na,0,0.038393431875,174.007326048571,979.142481970831,NaN,0.0178521093906836
gaussian,256,4000,15,builtin,na,na,0,0.0209400152083333,183.285033002247,979.142481970831,NaN,0.0160734612100241
gaussian,256,4000,15,rand,running_mean,normweighted,256,0.005315556875,292.69795482602,979.142481970831,2,0.00884173286595291
gaussian,256,4000,15,rand_r12,running_mean,normweighted,256,0.010762931875,292.69795482602,979.142481970831,2,0.00884173286595291
gaussian,256,4000,16,det,na,na,0,0.0384334735416667,171.256346630714,979.142481970831,NaN,0.0191358944881742
gaussian,256,4000,16,builtin,na,na,0,0.0208307235416667,179.058834167797,979.142481970831,NaN,0.0168554151548476
gaussian,256,4000,16,rand,running_mean,normweighted,256,0.00537026520833333,276.053964345533,979.142481970831,2,0.00937056592800256
gaussian,256,4000,16,rand_r12,running_mean,normweighted,256,0.0107679735416667,276.053964345533,979.142481970831,2,0.00937056592800256
gaussian,256,4000,17,det,na,na,0,0.0384318485416667,174.976001117964,979.142481970831,NaN,0.0177476518219737
gaussian,256,4000,17,builtin,na,na,0,0.0208150985416667,180.331919009902,979.142481970831,NaN,0.0150821136821972
gaussian,256,4000,17,rand,running_mean,normweighted,256,0.00549776520833333,261.114797834996,979.142481970831,2,0.00968635867565574
gaussian,256,4000,17,rand_r12,running_mean,normweighted,256,0.0110337652083333,261.114797834996,979.142481970831,2,0.00968635867565574
gaussian,256,4000,18,det,na,na,0,0.038527806875,170.439402997626,979.142481970831,NaN,0.0203645776913682
gaussian,256,4000,18,builtin,na,na,0,0.0205432235416667,178.455558752586,979.142481970831,NaN,0.0163296621714483
gaussian,256,4000,18,rand,running_mean,normweighted,256,0.005275931875,283.317264699304,979.142481970831,2,0.01037245088409
gaussian,256,4000,18,rand_r12,running_mean,normweighted,256,0.010756181875,283.317264699304,979.142481970831,2,0.01037245088409
gaussian,256,4000,19,det,na,na,0,0.0385066402083333,172.662809668125,979.142481970831,NaN,0.018017275895055
gaussian,256,4000,19,builtin,na,na,0,0.020715806875,190.437403476731,979.142481970831,NaN,0.0135146129835645
gaussian,256,4000,19,rand,running_mean,normweighted,256,0.00519814020833333,291.91024327543,979.142481970831,2,0.00931891146947713
gaussian,256,4000,19,rand_r12,running_mean,normweighted,256,0.010467431875,291.91024327543,979.142481970831,2,0.00931891146947713
gaussian,256,4000,20,det,na,na,0,0.038356681875,171.493078348546,979.142481970831,NaN,0.0172846917165686
gaussian,256,4000,20,builtin,na,na,0,0.0206499735416667,183.144361067364,979.142481970831,NaN,0.0165201881618189
gaussian,256,4000,20,rand,running_mean,normweighted,256,0.00510251520833333,324.231015388418,979.142481970831,2,0.00685051321406865
gaussian,256,4000,20,rand_r12,running_mean,normweighted,256,0.0103925152083333,324.231015388418,979.142481970831,2,0.00685051321406865
gaussian,256,8000,1,det,na,na,0,0.120811765208333,233.231694696035,1408.09090615628,NaN,0.0144073623256504
gaussian,256,8000,1,builtin,na,na,0,0.0457586402083333,263.45344095418,1408.09090615628,NaN,0.0103788851423784
gaussian,256,8000,1,rand,running_mean,normweighted,256,0.00633926520833333,377.681948420028,1408.09090615628,2,0.00607333706727521
gaussian,256,8000,1,rand_r12,running_mean,normweighted,256,0.019598556875,377.681948420028,1408.09090615628,2,0.00607333706727521
gaussian,256,8000,2,det,na,na,0,0.124137848541667,235.551568071763,1408.09090615628,NaN,0.0134393089152996
gaussian,256,8000,2,builtin,na,na,0,0.0474735985416667,247.667024002154,1408.09090615628,NaN,0.0126277412231683
gaussian,256,8000,2,rand,running_mean,normweighted,256,0.00563434854166667,484.98983878233,1408.09090615628,2,0.00483347066395582
gaussian,256,8000,2,rand_r12,running_mean,normweighted,256,0.017789806875,484.98983878233,1408.09090615628,2,0.00483347066395582
gaussian,256,8000,3,det,na,na,0,0.120030598541667,233.968234665889,1408.09090615628,NaN,0.0134067656366408
gaussian,256,8000,3,builtin,na,na,0,0.045427306875,246.741719071878,1408.09090615628,NaN,0.0121454483494581
gaussian,256,8000,3,rand,running_mean,normweighted,256,0.00631659854166667,384.820797343692,1408.09090615628,2,0.00683361623400451
gaussian,256,8000,3,rand_r12,running_mean,normweighted,256,0.018901931875,384.820797343692,1408.09090615628,2,0.00683361623400451
gaussian,256,8000,4,det,na,na,0,0.126015723541667,233.364509515302,1408.09090615628,NaN,0.0146760662115588
gaussian,256,8000,4,builtin,na,na,0,0.0482733902083333,248.734109095161,1408.09090615628,NaN,0.0107565422903883
gaussian,256,8000,4,rand,running_mean,normweighted,256,0.006027306875,388.400591970565,1408.09090615628,2,0.00623586102031944
gaussian,256,8000,4,rand_r12,running_mean,normweighted,256,0.0184911402083333,388.400591970565,1408.09090615628,2,0.00623586102031944
gaussian,256,8000,5,det,na,na,0,0.120702598541667,234.044730048034,1408.09090615628,NaN,0.0137981205693538
gaussian,256,8000,5,builtin,na,na,0,0.0457628902083333,245.254964657655,1408.09090615628,NaN,0.0121466091509415
gaussian,256,8000,5,rand,running_mean,normweighted,256,0.00581822354166667,407.477607786953,1408.09090615628,2,0.00639396690405821
gaussian,256,8000,5,rand_r12,running_mean,normweighted,256,0.018271681875,407.477607786953,1408.09090615628,2,0.00639396690405821
gaussian,256,8000,6,det,na,na,0,0.118143598541667,234.585576543408,1408.09090615628,NaN,0.0146298419795053
gaussian,256,8000,6,builtin,na,na,0,0.0483394735416667,247.691000803592,1408.09090615628,NaN,0.0120340828976793
gaussian,256,8000,6,rand,running_mean,normweighted,256,0.00582726520833333,433.162761003511,1408.09090615628,2,0.00544328589424495
gaussian,256,8000,6,rand_r12,running_mean,normweighted,256,0.018173056875,433.162761003511,1408.09090615628,2,0.00544328589424495
gaussian,256,8000,7,det,na,na,0,0.121237056875,236.113156497663,1408.09090615628,NaN,0.0133944512293079
gaussian,256,8000,7,builtin,na,na,0,0.0454619735416667,243.88657828997,1408.09090615628,NaN,0.0131284198043623
gaussian,256,8000,7,rand,running_mean,normweighted,256,0.005752431875,421.09271729456,1408.09090615628,2,0.00646107329805262
gaussian,256,8000,7,rand_r12,running_mean,normweighted,256,0.0177124735416667,421.09271729456,1408.09090615628,2,0.00646107329805262
gaussian,256,8000,8,det,na,na,0,0.120138431875,234.786202585943,1408.09090615628,NaN,0.0142024825553682
gaussian,256,8000,8,builtin,na,na,0,0.049036681875,249.976439614648,1408.09090615628,NaN,0.0110151996182554
gaussian,256,8000,8,rand,running_mean,normweighted,256,0.006178431875,378.701361445904,1408.09090615628,2,0.0066130729702935
gaussian,256,8000,8,rand_r12,running_mean,normweighted,256,0.019222056875,378.701361445904,1408.09090615628,2,0.0066130729702935
gaussian,256,8000,9,det,na,na,0,0.122630390208333,233.398318218644,1408.09090615628,NaN,0.0146645786077333
gaussian,256,8000,9,builtin,na,na,0,0.0460602652083333,249.566975753103,1408.09090615628,NaN,0.01093865508833
gaussian,256,8000,9,rand,running_mean,normweighted,256,0.00638676520833333,380.543281019351,1408.09090615628,2,0.00668799699948486
gaussian,256,8000,9,rand_r12,running_mean,normweighted,256,0.0189044735416667,380.543281019351,1408.09090615628,2,0.00668799699948486
gaussian,256,8000,10,det,na,na,0,0.121511765208333,236.755337828441,1408.09090615628,NaN,0.0133009340802535
gaussian,256,8000,10,builtin,na,na,0,0.0481487235416667,246.027286224489,1408.09090615628,NaN,0.0128488366111003
gaussian,256,8000,10,rand,running_mean,normweighted,256,0.00584834854166667,431.842195916384,1408.09090615628,2,0.00517498599460386
gaussian,256,8000,10,rand_r12,running_mean,normweighted,256,0.0186916402083333,431.842195916384,1408.09090615628,2,0.00517498599460386
gaussian,256,8000,11,det,na,na,0,0.116436306875,230.235294500043,1408.09090615628,NaN,0.0149390532124349
gaussian,256,8000,11,builtin,na,na,0,0.0453157235416667,249.421862275176,1408.09090615628,NaN,0.00999025084651706
gaussian,256,8000,11,rand,running_mean,normweighted,256,0.005842431875,417.968533741832,1408.09090615628,2,0.00559063044311092
gaussian,256,8000,11,rand_r12,running_mean,normweighted,256,0.0176897652083333,417.968533741832,1408.09090615628,2,0.00559063044311092
gaussian,256,8000,12,det,na,na,0,0.121885681875,235.172612719975,1408.09090615628,NaN,0.0147735513197045
gaussian,256,8000,12,builtin,na,na,0,0.0469062652083333,254.100071561864,1408.09090615628,NaN,0.0108761851732233
gaussian,256,8000,12,rand,running_mean,normweighted,256,0.00590172354166667,413.521725794386,1408.09090615628,2,0.00568997460340581
gaussian,256,8000,12,rand_r12,running_mean,normweighted,256,0.018446181875,413.521725794386,1408.09090615628,2,0.00568997460340581
gaussian,256,8000,13,det,na,na,0,0.121435348541667,234.670328869964,1408.09090615628,NaN,0.0130541546426013
gaussian,256,8000,13,builtin,na,na,0,0.045871931875,247.984013971819,1408.09090615628,NaN,0.0117690861415658
gaussian,256,8000,13,rand,running_mean,normweighted,256,0.006029806875,383.650409877349,1408.09090615628,2,0.0070630176144713
gaussian,256,8000,13,rand_r12,running_mean,normweighted,256,0.018042056875,383.650409877349,1408.09090615628,2,0.0070630176144713
gaussian,256,8000,14,det,na,na,0,0.121939931875,229.136825385184,1408.09090615628,NaN,0.0143215243417848
gaussian,256,8000,14,builtin,na,na,0,0.047002306875,250.527549891933,1408.09090615628,NaN,0.0110719411605364
gaussian,256,8000,14,rand,running_mean,normweighted,256,0.00591314020833333,400.087979091854,1408.09090615628,2,0.00635854968776051
gaussian,256,8000,14,rand_r12,running_mean,normweighted,256,0.0180630152083333,400.087979091854,1408.09090615628,2,0.00635854968776051
gaussian,256,8000,15,det,na,na,0,0.117440265208333,236.058746576758,1408.09090615628,NaN,0.0144236713543179
gaussian,256,8000,15,builtin,na,na,0,0.046701681875,261.977375966622,1408.09090615628,NaN,0.00861910865408915
gaussian,256,8000,15,rand,running_mean,normweighted,256,0.005823306875,425.742426975636,1408.09090615628,2,0.00604584365070125
gaussian,256,8000,15,rand_r12,running_mean,normweighted,256,0.0188260152083333,425.742426975636,1408.09090615628,2,0.00604584365070125
gaussian,256,8000,16,det,na,na,0,0.116745890208333,236.901462196442,1408.09090615628,NaN,0.0139398169985549
gaussian,256,8000,16,builtin,na,na,0,0.0465792652083333,250.374656962428,1408.09090615628,NaN,0.0117517479996268
gaussian,256,8000,16,rand,running_mean,normweighted,256,0.00560822354166667,546.557646611825,1408.09090615628,2,0.00431004964851106
gaussian,256,8000,16,rand_r12,running_mean,normweighted,256,0.017451556875,546.557646611825,1408.09090615628,2,0.00431004964851106
gaussian,256,8000,17,det,na,na,0,0.121199431875,233.941471006906,1408.09090615628,NaN,0.0129539894483063
gaussian,256,8000,17,builtin,na,na,0,0.0454876402083333,247.869135620659,1408.09090615628,NaN,0.0116602742441941
gaussian,256,8000,17,rand,running_mean,normweighted,256,0.006165181875,383.785819171245,1408.09090615628,2,0.0071074060378189
gaussian,256,8000,17,rand_r12,running_mean,normweighted,256,0.018049306875,383.785819171245,1408.09090615628,2,0.0071074060378189
gaussian,256,8000,18,det,na,na,0,0.120660140208333,237.213975572819,1408.09090615628,NaN,0.0120827700231807
gaussian,256,8000,18,builtin,na,na,0,0.046358806875,248.315002918896,1408.09090615628,NaN,0.0121531514329726
gaussian,256,8000,18,rand,running_mean,normweighted,256,0.006180056875,379.212076529766,1408.09090615628,2,0.00653687720324565
gaussian,256,8000,18,rand_r12,running_mean,normweighted,256,0.0180201402083333,379.212076529766,1408.09090615628,2,0.00653687720324565
gaussian,256,8000,19,det,na,na,0,0.121067681875,230.425481959662,1408.09090615628,NaN,0.0131508806824528
gaussian,256,8000,19,builtin,na,na,0,0.0453068485416667,244.63532197967,1408.09090615628,NaN,0.012640651419753
gaussian,256,8000,19,rand,running_mean,normweighted,256,0.00630472354166667,381.857004197238,1408.09090615628,2,0.00668497231850252
gaussian,256,8000,19,rand_r12,running_mean,normweighted,256,0.0191597235416667,381.857004197238,1408.09090615628,2,0.00668497231850252
gaussian,256,8000,20,det,na,na,0,0.119409473541667,233.754321925714,1408.09090615628,NaN,0.0136875800015051
gaussian,256,8000,20,builtin,na,na,0,0.046100556875,249.58440353717,1408.09090615628,NaN,0.0106311323670611
gaussian,256,8000,20,rand,running_mean,normweighted,256,0.00574597354166667,446.048615937747,1408.09090615628,2,0.0056169346619461
gaussian,256,8000,20,rand_r12,running_mean,normweighted,256,0.0174525985416667,446.048615937747,1408.09090615628,2,0.0056169346619461
gaussian,256,16000,1,det,na,na,0,0.417269431875,318.25128172403,2007.66531075277,NaN,0.0107673691394079
gaussian,256,16000,1,builtin,na,na,0,0.183089681875,330.328921132973,2007.66531075277,NaN,0.00915508726302033
gaussian,256,16000,1,rand,running_mean,normweighted,256,0.00647572354166667,556.780248478488,2007.66531075277,2,0.00453665446189916
gaussian,256,16000,1,rand_r12,running_mean,normweighted,256,0.033359056875,556.780248478488,2007.66531075277,2,0.00453665446189916
gaussian,256,16000,2,det,na,na,0,0.416119598541667,312.375060910711,2007.66531075277,NaN,0.0120102954846238
gaussian,256,16000,2,builtin,na,na,0,0.188389556875,347.948680372529,2007.66531075277,NaN,0.00719335829941771
gaussian,256,16000,2,rand,running_mean,normweighted,256,0.00685176520833333,521.181752618919,2007.66531075277,2,0.00526271081850137
gaussian,256,16000,2,rand_r12,running_mean,normweighted,256,0.0349452235416667,521.181752618919,2007.66531075277,2,0.00526271081850137
gaussian,256,16000,3,det,na,na,0,0.413718681875,312.507865011781,2007.66531075277,NaN,0.0110059776135588
gaussian,256,16000,3,builtin,na,na,0,0.190797390208333,341.060907413877,2007.66531075277,NaN,0.00847297892646517
gaussian,256,16000,3,rand,running_mean,normweighted,256,0.00697564020833333,534.514068666909,2007.66531075277,2,0.00420498512681883
gaussian,256,16000,3,rand_r12,running_mean,normweighted,256,0.034675306875,534.514068666909,2007.66531075277,2,0.00420498512681883
gaussian,256,16000,4,det,na,na,0,0.418404015208333,315.913859501316,2007.66531075277,NaN,0.0107850802157092
gaussian,256,16000,4,builtin,na,na,0,0.170466098541667,334.138493836782,2007.66531075277,NaN,0.00963104234422822
gaussian,256,16000,4,rand,running_mean,normweighted,256,0.006703431875,533.556683574547,2007.66531075277,2,0.00478552652653942
gaussian,256,16000,4,rand_r12,running_mean,normweighted,256,0.0336634735416667,533.556683574547,2007.66531075277,2,0.00478552652653942
gaussian,256,16000,5,det,na,na,0,0.413115890208333,319.152077531987,2007.66531075277,NaN,0.0106964554795227
gaussian,256,16000,5,builtin,na,na,0,0.178639140208333,338.910179950151,2007.66531075277,NaN,0.00821375975365374
gaussian,256,16000,5,rand,running_mean,normweighted,256,0.00634797354166667,600.731126858024,2007.66531075277,2,0.0042396317177723
gaussian,256,16000,5,rand_r12,running_mean,normweighted,256,0.033649431875,600.731126858024,2007.66531075277,2,0.0042396317177723
gaussian,256,16000,6,det,na,na,0,0.347387473541667,314.613612076042,2007.66531075277,NaN,0.0107581914350941
gaussian,256,16000,6,builtin,na,na,0,0.167705265208333,342.274042011033,2007.66531075277,NaN,0.00736006832138969
gaussian,256,16000,6,rand,running_mean,normweighted,256,0.006034556875,796.147494287781,2007.66531075277,2,0.00293374160547704
gaussian,256,16000,6,rand_r12,running_mean,normweighted,256,0.0335336402083333,796.147494287781,2007.66531075277,2,0.00293374160547704
gaussian,256,16000,7,det,na,na,0,0.404223806875,316.095350798345,2007.66531075277,NaN,0.0109347041962881
gaussian,256,16000,7,builtin,na,na,0,0.176463681875,338.152534880048,2007.66531075277,NaN,0.00824924346604933
gaussian,256,16000,7,rand,running_mean,normweighted,256,0.006480056875,568.115304663191,2007.66531075277,2,0.00413117893564972
gaussian,256,16000,7,rand_r12,running_mean,normweighted,256,0.0333978485416667,568.115304663191,2007.66531075277,2,0.00413117893564972
gaussian,256,16000,8,det,na,na,0,0.339341265208333,313.043356018364,2007.66531075277,NaN,0.0111649765697119
gaussian,256,16000,8,builtin,na,na,0,0.171833015208333,338.996165020788,2007.66531075277,NaN,0.00848689126735707
gaussian,256,16000,8,rand,running_mean,normweighted,256,0.00626572354166667,559.580389668824,2007.66531075277,2,0.00513668790091459
gaussian,256,16000,8,rand_r12,running_mean,normweighted,256,0.0337735152083333,559.580389668824,2007.66531075277,2,0.00513668790091459
gaussian,256,16000,9,det,na,na,0,0.342482806875,322.116750621304,2007.66531075277,NaN,0.0101359578779886
gaussian,256,16000,9,builtin,na,na,0,0.167735973541667,336.966121703296,2007.66531075277,NaN,0.00964339166326816
gaussian,256,16000,9,rand,running_mean,normweighted,256,0.006212431875,549.421817049761,2007.66531075277,2,0.00465144731970952
gaussian,256,16000,9,rand_r12,running_mean,normweighted,256,0.0331613902083333,549.421817049761,2007.66531075277,2,0.00465144731970952
gaussian,256,16000,10,det,na,na,0,0.341594140208333,318.226729135074,2007.66531075277,NaN,0.0106179577752296
gaussian,256,16000,10,builtin,na,na,0,0.171019306875,326.85062683331,2007.66531075277,NaN,0.010699689717995
gaussian,256,16000,10,rand,running_mean,normweighted,256,0.00628464020833333,583.923888322966,2007.66531075277,2,0.00391545867002276
gaussian,256,16000,10,rand_r12,running_mean,normweighted,256,0.0337483485416667,583.923888322966,2007.66531075277,2,0.00391545867002276
gaussian,256,16000,11,det,na,na,0,0.342438140208333,313.636470575876,2007.66531075277,NaN,0.0108581727982987
gaussian,256,16000,11,builtin,na,na,0,0.169004723541667,336.35842096297,2007.66531075277,NaN,0.00899578336476346
gaussian,256,16000,11,rand,running_mean,normweighted,256,0.006517806875,520.420503279721,2007.66531075277,2,0.00520092273569977
gaussian,256,16000,11,rand_r12,running_mean,normweighted,256,0.0339763485416667,520.420503279721,2007.66531075277,2,0.00520092273569977
gaussian,256,16000,12,det,na,na,0,0.345187098541667,318.336096636137,2007.66531075277,NaN,0.0109656998910074
gaussian,256,16000,12,builtin,na,na,0,0.170099140208333,333.582049618482,2007.66531075277,NaN,0.0094903975637437
gaussian,256,16000,12,rand,running_mean,normweighted,256,0.00617976520833333,582.800496116652,2007.66531075277,2,0.00482621064590053
gaussian,256,16000,12,rand_r12,running_mean,normweighted,256,0.033998306875,582.800496116652,2007.66531075277,2,0.00482621064590053
gaussian,256,16000,13,det,na,na,0,0.345597806875,320.184832560535,2007.66531075277,NaN,0.0101848570466477
gaussian,256,16000,13,builtin,na,na,0,0.168276640208333,333.228476155677,2007.66531075277,NaN,0.00953806693691831
gaussian,256,16000,13,rand,running_mean,normweighted,256,0.006298181875,620.992687106487,2007.66531075277,2,0.00423666656552952
gaussian,256,16000,13,rand_r12,running_mean,normweighted,256,0.033299681875,620.992687106487,2007.66531075277,2,0.00423666656552952
gaussian,256,16000,14,det,na,na,0,0.345441306875,319.315288801658,2007.66531075277,NaN,0.0109725125237866
gaussian,256,16000,14,builtin,na,na,0,0.162956598541667,345.384642853415,2007.66531075277,NaN,0.00890033704013714
gaussian,256,16000,14,rand,running_mean,normweighted,256,0.00626822354166667,596.625079806418,2007.66531075277,2,0.00448176176572646
gaussian,256,16000,14,rand_r12,running_mean,normweighted,256,0.0335729735416667,596.625079806418,2007.66531075277,2,0.00448176176572646
gaussian,256,16000,15,det,na,na,0,0.368679973541667,316.966095301055,2007.66531075277,NaN,0.0103360686732243
gaussian,256,16000,15,builtin,na,na,0,0.165848890208333,345.906814034202,2007.66531075277,NaN,0.00746458717003014
gaussian,256,16000,15,rand,running_mean,normweighted,256,0.00619559854166667,584.121490623501,2007.66531075277,2,0.00443248577942246
gaussian,256,16000,15,rand_r12,running_mean,normweighted,256,0.033167306875,584.121490623501,2007.66531075277,2,0.00443248577942246
gaussian,256,16000,16,det,na,na,0,0.342626890208333,318.522456144783,2007.66531075277,NaN,0.0109915127835382
gaussian,256,16000,16,builtin,na,na,0,0.170385848541667,342.847708240032,2007.66531075277,NaN,0.00807220532537545
gaussian,256,16000,16,rand,running_mean,normweighted,256,0.006005431875,676.568889217357,2007.66531075277,2,0.00365912828395441
gaussian,256,16000,16,rand_r12,running_mean,normweighted,256,0.0338073902083333,676.568889217357,2007.66531075277,2,0.00365912828395441
gaussian,256,16000,17,det,na,na,0,0.345851681875,317.890598550074,2007.66531075277,NaN,0.0110572844901079
gaussian,256,16000,17,builtin,na,na,0,0.172235556875,337.763906570862,2007.66531075277,NaN,0.00811661847375977
gaussian,256,16000,17,rand,running_mean,normweighted,256,0.006206306875,561.340086541959,2007.66531075277,2,0.00456429999734539
gaussian,256,16000,17,rand_r12,running_mean,normweighted,256,0.0335411402083333,561.340086541959,2007.66531075277,2,0.00456429999734539
gaussian,256,16000,18,det,na,na,0,0.342228848541667,312.15702561572,2007.66531075277,NaN,0.0110164645671727
gaussian,256,16000,18,builtin,na,na,0,0.168387890208333,338.758183162016,2007.66531075277,NaN,0.00814655179830244
gaussian,256,16000,18,rand,running_mean,normweighted,256,0.00621222354166667,574.935735185723,2007.66531075277,2,0.0046327522779732
gaussian,256,16000,18,rand_r12,running_mean,normweighted,256,0.0339287235416667,574.935735185723,2007.66531075277,2,0.0046327522779732
gaussian,256,16000,19,det,na,na,0,0.335272431875,316.215635197253,2007.66531075277,NaN,0.0110195942335484
gaussian,256,16000,19,builtin,na,na,0,0.170146056875,342.33205505207,2007.66531075277,NaN,0.00837081013327903
gaussian,256,16000,19,rand,running_mean,normweighted,256,0.006631556875,547.926353733645,2007.66531075277,2,0.00438135175447698
gaussian,256,16000,19,rand_r12,running_mean,normweighted,256,0.0338653902083333,547.926353733645,2007.66531075277,2,0.00438135175447698
gaussian,256,16000,20,det,na,na,0,0.342630098541667,321.445466683684,2007.66531075277,NaN,0.00969652626762123
gaussian,256,16000,20,builtin,na,na,0,0.168834181875,336.717422878023,2007.66531075277,NaN,0.00951808849418942
gaussian,256,16000,20,rand,running_mean,normweighted,256,0.00632234854166667,588.122932058537,2007.66531075277,2,0.00412006934277861
gaussian,256,16000,20,rand_r12,running_mean,normweighted,256,0.0338403902083333,588.122932058537,2007.66531075277,2,0.00412006934277861
gaussian,256,32000,1,det,na,na,0,0.793020098541667,429.338298846179,2850.74025474086,NaN,0.00807000619241483
gaussian,256,32000,1,builtin,na,na,0,0.443014681875,459.921951108477,2850.74025474086,NaN,0.00614876527883922
gaussian,256,32000,1,rand,running_mean,normweighted,256,0.00772422354166667,901.5664533848,2850.74025474086,2,0.00264788732329066
gaussian,256,32000,1,rand_r12,running_mean,normweighted,256,0.0634640985416667,901.5664533848,2850.74025474086,2,0.00264788732329066
gaussian,256,32000,2,det,na,na,0,0.832053598541667,434.632466665537,2850.74025474086,NaN,0.00845812422772914
gaussian,256,32000,2,builtin,na,na,0,0.453466181875,452.012999569726,2850.74025474086,NaN,0.00668219831394718
gaussian,256,32000,2,rand,running_mean,normweighted,256,0.00779926520833333,811.899576722702,2850.74025474086,2,0.00293286934192933
gaussian,256,32000,2,rand_r12,running_mean,normweighted,256,0.0616348902083333,811.899576722702,2850.74025474086,2,0.00293286934192933
gaussian,256,32000,3,det,na,na,0,0.806006223541667,433.459799653427,2850.74025474086,NaN,0.0083715790926682
gaussian,256,32000,3,builtin,na,na,0,0.453582348541667,457.625397344747,2850.74025474086,NaN,0.00681402901824202
gaussian,256,32000,3,rand,running_mean,normweighted,256,0.00753272354166667,941.931286791119,2850.74025474086,2,0.00259986891013163
gaussian,256,32000,3,rand_r12,running_mean,normweighted,256,0.0617685152083333,941.931286791119,2850.74025474086,2,0.00259986891013163
gaussian,256,32000,4,det,na,na,0,0.786904598541667,428.02910009151,2850.74025474086,NaN,0.0086062470446494
gaussian,256,32000,4,builtin,na,na,0,0.443541973541667,461.079124211781,2850.74025474086,NaN,0.00643485823784703
gaussian,256,32000,4,rand,running_mean,normweighted,256,0.00793159854166667,789.602441290972,2850.74025474086,2,0.00327120840137748
gaussian,256,32000,4,rand_r12,running_mean,normweighted,256,0.062857931875,789.602441290972,2850.74025474086,2,0.00327120840137748
gaussian,256,32000,5,det,na,na,0,0.781233723541667,431.444981670115,2850.74025474086,NaN,0.00799822560383249
gaussian,256,32000,5,builtin,na,na,0,0.444175431875,464.999634371509,2850.74025474086,NaN,0.00599382072944722
gaussian,256,32000,5,rand,running_mean,normweighted,256,0.007549681875,887.311243902005,2850.74025474086,2,0.00280960462706115
gaussian,256,32000,5,rand_r12,running_mean,normweighted,256,0.0620036402083333,887.311243902005,2850.74025474086,2,0.00280960462706115
gaussian,256,32000,6,det,na,na,0,0.742986848541667,433.524691625456,2850.74025474086,NaN,0.00774245149235104
gaussian,256,32000,6,builtin,na,na,0,0.435247140208333,456.832690308269,2850.74025474086,NaN,0.00684628331966361
gaussian,256,32000,6,rand,running_mean,normweighted,256,0.00822826520833333,721.587446849057,2850.74025474086,2,0.00394662979354527
gaussian,256,32000,6,rand_r12,running_mean,normweighted,256,0.063109681875,721.587446849057,2850.74025474086,2,0.00394662979354527
gaussian,256,32000,7,det,na,na,0,0.775831931875,428.452703242931,2850.74025474086,NaN,0.00833498639420746
gaussian,256,32000,7,builtin,na,na,0,0.457445431875,450.7960811128,2850.74025474086,NaN,0.0071400601624696
gaussian,256,32000,7,rand,running_mean,normweighted,256,0.00823947354166667,743.054394268884,2850.74025474086,2,0.00347171858758718
gaussian,256,32000,7,rand_r12,running_mean,normweighted,256,0.0629308485416667,743.054394268884,2850.74025474086,2,0.00347171858758718
gaussian,256,32000,8,det,na,na,0,0.827226181875,428.708178884507,2850.74025474086,NaN,0.00830644959949114
gaussian,256,32000,8,builtin,na,na,0,0.446877598541667,453.897273574448,2850.74025474086,NaN,0.00691971430336686
gaussian,256,32000,8,rand,running_mean,normweighted,256,0.007694181875,856.224581560965,2850.74025474086,2,0.00285427705292091
gaussian,256,32000,8,rand_r12,running_mean,normweighted,256,0.0625157235416667,856.224581560965,2850.74025474086,2,0.00285427705292091
gaussian,256,32000,9,det,na,na,0,0.772204890208333,435.73044491818,2850.74025474086,NaN,0.00781992406325977
gaussian,256,32000,9,builtin,na,na,0,0.442099223541667,459.411549454594,2850.74025474086,NaN,0.00630918303332526
gaussian,256,32000,9,rand,running_mean,normweighted,256,0.00768622354166667,813.465323347907,2850.74025474086,2,0.00327426677690563
gaussian,256,32000,9,rand_r12,running_mean,normweighted,256,0.0623072235416667,813.465323347907,2850.74025474086,2,0.00327426677690563
gaussian,256,32000,10,det,na,na,0,0.743540515208333,431.701616340193,2850.74025474086,NaN,0.00795092677411768
gaussian,256,32000,10,builtin,na,na,0,0.446102848541667,460.050274610939,2850.74025474086,NaN,0.00711679470634257
gaussian,256,32000,10,rand,running_mean,normweighted,256,0.00766334854166667,826.980443097725,2850.74025474086,2,0.00310331728084958
gaussian,256,32000,10,rand_r12,running_mean,normweighted,256,0.0618333485416667,826.980443097725,2850.74025474086,2,0.00310331728084958
gaussian,256,32000,11,det,na,na,0,0.786112806875,423.963326663379,2850.74025474086,NaN,0.00897744641004774
gaussian,256,32000,11,builtin,na,na,0,0.443577223541667,459.703068587768,2850.74025474086,NaN,0.00623394366476218
gaussian,256,32000,11,rand,running_mean,normweighted,256,0.00813414020833333,743.764217009795,2850.74025474086,2,0.00339946093688138
gaussian,256,32000,11,rand_r12,running_mean,normweighted,256,0.0620064735416667,743.764217009795,2850.74025474086,2,0.00339946093688138
gaussian,256,32000,12,det,na,na,0,0.782017556875,428.361676066885,2850.74025474086,NaN,0.00813864393618154
gaussian,256,32000,12,builtin,na,na,0,0.445931015208333,456.840762951467,2850.74025474086,NaN,0.00642014276814818
gaussian,256,32000,12,rand,running_mean,normweighted,256,0.00772222354166667,826.189767177775,2850.74025474086,2,0.00313417998006312
gaussian,256,32000,12,rand_r12,running_mean,normweighted,256,0.0614177652083333,826.189767177775,2850.74025474086,2,0.00313417998006312
gaussian,256,32000,13,det,na,na,0,0.713910306875,430.600559119073,2850.74025474086,NaN,0.00800468292656482
gaussian,256,32000,13,builtin,na,na,0,0.464550765208333,449.653629637711,2850.74025474086,NaN,0.00715263526068081
gaussian,256,32000,13,rand,running_mean,normweighted,256,0.007670806875,831.877712927446,2850.74025474086,2,0.00296557548054543
gaussian,256,32000,13,rand_r12,running_mean,normweighted,256,0.0624610985416667,831.877712927446,2850.74025474086,2,0.00296557548054543
gaussian,256,32000,14,det,na,na,0,0.824157723541667,434.241652913743,2850.74025474086,NaN,0.00821818693166009
gaussian,256,32000,14,builtin,na,na,0,0.451549265208333,464.89494117369,2850.74025474086,NaN,0.00678228057180546
gaussian,256,32000,14,rand,running_mean,normweighted,256,0.00753701520833333,863.90335116729,2850.74025474086,2,0.00293888497099964
gaussian,256,32000,14,rand_r12,running_mean,normweighted,256,0.061839806875,863.90335116729,2850.74025474086,2,0.00293888497099964
gaussian,256,32000,15,det,na,na,0,0.797793306875,432.541917457476,2850.74025474086,NaN,0.00799118789869988
gaussian,256,32000,15,builtin,na,na,0,0.453410140208333,468.925293843012,2850.74025474086,NaN,0.00566157756232392
gaussian,256,32000,15,rand,running_mean,normweighted,256,0.00821197354166667,765.838344431149,2850.74025474086,2,0.00338606971000216
gaussian,256,32000,15,rand_r12,running_mean,normweighted,256,0.0632944735416667,765.838344431149,2850.74025474086,2,0.00338606971000216
gaussian,256,32000,16,det,na,na,0,0.824485098541667,428.351293290277,2850.74025474086,NaN,0.00825631249007453
gaussian,256,32000,16,builtin,na,na,0,0.451298806875,457.274700574711,2850.74025474086,NaN,0.00660446182089415
gaussian,256,32000,16,rand,running_mean,normweighted,256,0.007813306875,886.489341205275,2850.74025474086,2,0.00275580346105746
gaussian,256,32000,16,rand_r12,running_mean,normweighted,256,0.062092056875,886.489341205275,2850.74025474086,2,0.00275580346105746
gaussian,256,32000,17,det,na,na,0,0.802059598541667,429.944753098918,2850.74025474086,NaN,0.00891038864381071
gaussian,256,32000,17,builtin,na,na,0,0.450549306875,459.839439141305,2850.74025474086,NaN,0.00690920155333582
gaussian,256,32000,17,rand,running_mean,normweighted,256,0.007810431875,805.003062076365,2850.74025474086,2,0.0030753334754348
gaussian,256,32000,17,rand_r12,running_mean,normweighted,256,0.0627852235416667,805.003062076365,2850.74025474086,2,0.0030753334754348
gaussian,256,32000,18,det,na,na,0,0.791939640208333,436.868649012223,2850.74025474086,NaN,0.00774336725793355
gaussian,256,32000,18,builtin,na,na,0,0.437356848541667,456.956913193013,2850.74025474086,NaN,0.00694309257531565
gaussian,256,32000,18,rand,running_mean,normweighted,256,0.007601306875,903.905975572383,2850.74025474086,2,0.00308189335375018
gaussian,256,32000,18,rand_r12,running_mean,normweighted,256,0.061897056875,903.905975572383,2850.74025474086,2,0.00308189335375018
gaussian,256,32000,19,det,na,na,0,0.786995806875,434.965991441477,2850.74025474086,NaN,0.00779878547032523
gaussian,256,32000,19,builtin,na,na,0,0.450666348541667,456.737288750493,2850.74025474086,NaN,0.00673694105162517
gaussian,256,32000,19,rand,running_mean,normweighted,256,0.00781459854166667,809.09087012284,2850.74025474086,2,0.00331896781447438
gaussian,256,32000,19,rand_r12,running_mean,normweighted,256,0.0630288902083333,809.09087012284,2850.74025474086,2,0.00331896781447438
gaussian,256,32000,20,det,na,na,0,0.790110098541667,430.052912795086,2850.74025474086,NaN,0.00795902728203409
gaussian,256,32000,20,builtin,na,na,0,0.458253640208333,457.129269984018,2850.74025474086,NaN,0.0065927364620655
gaussian,256,32000,20,rand,running_mean,normweighted,256,0.00791684854166667,746.328309296171,2850.74025474086,2,0.00389644042482093
gaussian,256,32000,20,rand_r12,running_mean,normweighted,256,0.0621108902083333,746.328309296171,2850.74025474086,2,0.00389644042482093
gaussian,256,64000,1,det,na,na,0,1.635714056875,585.236070383956,4039.64354863149,NaN,0.00673852742584102
gaussian,256,64000,1,builtin,na,na,0,0.937520931875,619.023119936971,4039.64354863149,NaN,0.00533849277728614
gaussian,256,64000,1,rand,running_mean,normweighted,256,0.0104910152083333,1207.4415768332,4039.64354863149,2,0.00214004426894319
gaussian,256,64000,1,rand_r12,running_mean,normweighted,256,0.116918098541667,1207.4415768332,4039.64354863149,2,0.00214004426894319
gaussian,256,64000,2,det,na,na,0,1.63069597354167,582.462969473342,4039.64354863149,NaN,0.0062844585106699
gaussian,256,64000,2,builtin,na,na,0,0.949981640208333,624.253548413801,4039.64354863149,NaN,0.00490049008025747
gaussian,256,64000,2,rand,running_mean,normweighted,256,0.010432681875,1123.99448387455,4039.64354863149,2,0.00234089466663046
gaussian,256,64000,2,rand_r12,running_mean,normweighted,256,0.118946015208333,1123.99448387455,4039.64354863149,2,0.00234089466663046
gaussian,256,64000,3,det,na,na,0,1.65079234854167,590.187538441732,4039.64354863149,NaN,0.00621228577142814
gaussian,256,64000,3,builtin,na,na,0,0.925783640208333,626.582354813291,4039.64354863149,NaN,0.00476146223057364
gaussian,256,64000,3,rand,running_mean,normweighted,256,0.0102900985416667,1231.09564179214,4039.64354863149,2,0.00216778100723195
gaussian,256,64000,3,rand_r12,running_mean,normweighted,256,0.118123265208333,1231.09564179214,4039.64354863149,2,0.00216778100723195
gaussian,256,64000,4,det,na,na,0,1.678752431875,587.265405670854,4039.64354863149,NaN,0.00667378415983464
gaussian,256,64000,4,builtin,na,na,0,0.934050806875,637.518151302982,4039.64354863149,NaN,0.00502684013354158
gaussian,256,64000,4,rand,running_mean,normweighted,256,0.010654181875,1171.68609500517,4039.64354863149,2,0.00208384501313868
gaussian,256,64000,4,rand_r12,running_mean,normweighted,256,0.119347098541667,1171.68609500517,4039.64354863149,2,0.00208384501313868
gaussian,256,64000,5,det,na,na,0,1.671415556875,586.511467312769,4039.64354863149,NaN,0.00627739774217693
gaussian,256,64000,5,builtin,na,na,0,0.956226973541667,637.820514564316,4039.64354863149,NaN,0.00517775619111155
gaussian,256,64000,5,rand,running_mean,normweighted,256,0.0103466402083333,1597.77912889467,4039.64354863149,2,0.00149027058037808
gaussian,256,64000,5,rand_r12,running_mean,normweighted,256,0.118526098541667,1597.77912889467,4039.64354863149,2,0.00149027058037808
gaussian,256,64000,6,det,na,na,0,1.649734056875,593.65340110893,4039.64354863149,NaN,0.00601634696351414
gaussian,256,64000,6,builtin,na,na,0,0.946712931875,624.394812056732,4039.64354863149,NaN,0.00495455470728393
gaussian,256,64000,6,rand,running_mean,normweighted,256,0.010616056875,1134.48060571549,4039.64354863149,2,0.00224658859782021
gaussian,256,64000,6,rand_r12,running_mean,normweighted,256,0.119566806875,1134.48060571549,4039.64354863149,2,0.00224658859782021
gaussian,256,64000,7,det,na,na,0,1.73762972354167,586.004150128204,4039.64354863149,NaN,0.00645117746679893
gaussian,256,64000,7,builtin,na,na,0,0.952553181875,629.683420416056,4039.64354863149,NaN,0.00438220822679699
gaussian,256,64000,7,rand,running_mean,normweighted,256,0.0105575152083333,1218.12772289371,4039.64354863149,2,0.00220424297018064
gaussian,256,64000,7,rand_r12,running_mean,normweighted,256,0.118830098541667,1218.12772289371,4039.64354863149,2,0.00220424297018064
gaussian,256,64000,8,det,na,na,0,1.63950001520833,590.005755169189,4039.64354863149,NaN,0.0057502642627576
gaussian,256,64000,8,builtin,na,na,0,0.920637306875,632.384923715299,4039.64354863149,NaN,0.00488554757957896
gaussian,256,64000,8,rand,running_mean,normweighted,256,0.0104755985416667,1114.81389996502,4039.64354863149,2,0.00246748044586094
gaussian,256,64000,8,rand_r12,running_mean,normweighted,256,0.117993931875,1114.81389996502,4039.64354863149,2,0.00246748044586094
gaussian,256,64000,9,det,na,na,0,1.62293164020833,583.931476815052,4039.64354863149,NaN,0.00654975446561982
gaussian,256,64000,9,builtin,na,na,0,0.938959223541667,633.331096618391,4039.64354863149,NaN,0.0046938541362669
gaussian,256,64000,9,rand,running_mean,normweighted,256,0.010364431875,1231.59970611033,4039.64354863149,2,0.0021560389538432
gaussian,256,64000,9,rand_r12,running_mean,normweighted,256,0.118840556875,1231.59970611033,4039.64354863149,2,0.0021560389538432
gaussian,256,64000,10,det,na,na,0,1.67481314020833,593.052671341186,4039.64354863149,NaN,0.00603371158451639
gaussian,256,64000,10,builtin,na,na,0,0.925446056875,639.457755536186,4039.64354863149,NaN,0.00477097225320664
gaussian,256,64000,10,rand,running_mean,normweighted,256,0.0109963902083333,1018.39045650703,4039.64354863149,2,0.00255131746296757
gaussian,256,64000,10,rand_r12,running_mean,normweighted,256,0.119864973541667,1018.39045650703,4039.64354863149,2,0.00255131746296757
gaussian,256,64000,11,det,na,na,0,1.64464901520833,586.850932016806,4039.64354863149,NaN,0.0060495208374087
gaussian,256,64000,11,builtin,na,na,0,0.927430431875,613.50374478997,4039.64354863149,NaN,0.00546384316850874
gaussian,256,64000,11,rand,running_mean,normweighted,256,0.0102974735416667,1274.53698059367,4039.64354863149,2,0.0020284183868329
gaussian,256,64000,11,rand_r12,running_mean,normweighted,256,0.117794931875,1274.53698059367,4039.64354863149,2,0.0020284183868329
gaussian,256,64000,12,det,na,na,0,1.67470401520833,588.844904717591,4039.64354863149,NaN,0.00627495573830362
gaussian,256,64000,12,builtin,na,na,0,0.957137681875,618.041188513694,4039.64354863149,NaN,0.00571538076005634
gaussian,256,64000,12,rand,running_mean,normweighted,256,0.0102133485416667,1164.77240678272,4039.64354863149,2,0.00219025786704756
gaussian,256,64000,12,rand_r12,running_mean,normweighted,256,0.118133015208333,1164.77240678272,4039.64354863149,2,0.00219025786704756
gaussian,256,64000,13,det,na,na,0,1.67440251520833,590.09519844381,4039.64354863149,NaN,0.00640996080644044
gaussian,256,64000,13,builtin,na,na,0,0.963653515208333,621.031816533284,4039.64354863149,NaN,0.00546823458928282
gaussian,256,64000,13,rand,running_mean,normweighted,256,0.00999172354166667,1578.83610823739,4039.64354863149,2,0.00138059418408211
gaussian,256,64000,13,rand_r12,running_mean,normweighted,256,0.118418348541667,1578.83610823739,4039.64354863149,2,0.00138059418408211
gaussian,256,64000,14,det,na,na,0,1.66856209854167,585.967366840117,4039.64354863149,NaN,0.00614150873219212
gaussian,256,64000,14,builtin,na,na,0,0.937689931875,643.59385814697,4039.64354863149,NaN,0.00450073214270397
gaussian,256,64000,14,rand,running_mean,normweighted,256,0.010385681875,1197.42083774466,4039.64354863149,2,0.00237005390420412
gaussian,256,64000,14,rand_r12,running_mean,normweighted,256,0.117988890208333,1197.42083774466,4039.64354863149,2,0.00237005390420412
gaussian,256,64000,15,det,na,na,0,1.62217334854167,583.541139429583,4039.64354863149,NaN,0.00641462176187495
gaussian,256,64000,15,builtin,na,na,0,0.944197806875,624.260472139115,4039.64354863149,NaN,0.00506743560157583
gaussian,256,64000,15,rand,running_mean,normweighted,256,0.010370681875,1193.95511919645,4039.64354863149,2,0.0024426156870903
gaussian,256,64000,15,rand_r12,running_mean,normweighted,256,0.119482723541667,1193.95511919645,4039.64354863149,2,0.0024426156870903
gaussian,256,64000,16,det,na,na,0,1.67944972354167,584.401770031262,4039.64354863149,NaN,0.006382234771045
gaussian,256,64000,16,builtin,na,na,0,0.941315098541667,625.33107611819,4039.64354863149,NaN,0.0052245908559424
gaussian,256,64000,16,rand,running_mean,normweighted,256,0.0105684735416667,1248.01157160008,4039.64354863149,2,0.00190138894303246
gaussian,256,64000,16,rand_r12,running_mean,normweighted,256,0.119334056875,1248.01157160008,4039.64354863149,2,0.00190138894303246
gaussian,256,64000,17,det,na,na,0,1.647383181875,587.960738115609,4039.64354863149,NaN,0.00632420937039658
gaussian,256,64000,17,builtin,na,na,0,0.946351973541667,616.593658764172,4039.64354863149,NaN,0.00574852644246644
gaussian,256,64000,17,rand,running_mean,normweighted,256,0.011097431875,1090.13641986029,4039.64354863149,2,0.00239429477877159
gaussian,256,64000,17,rand_r12,running_mean,normweighted,256,0.119304056875,1090.13641986029,4039.64354863149,2,0.00239429477877159
gaussian,256,64000,18,det,na,na,0,1.63522614020833,590.613295905138,4039.64354863149,NaN,0.005915294780501
gaussian,256,64000,18,builtin,na,na,0,0.940614390208333,624.685161656021,4039.64354863149,NaN,0.00509893481256719
gaussian,256,64000,18,rand,running_mean,normweighted,256,0.0104098902083333,1286.82850907119,4039.64354863149,2,0.00189576095636261
gaussian,256,64000,18,rand_r12,running_mean,normweighted,256,0.117239348541667,1286.82850907119,4039.64354863149,2,0.00189576095636261
gaussian,256,64000,19,det,na,na,0,1.66373272354167,583.610457410137,4039.64354863149,NaN,0.00644262711039397
gaussian,256,64000,19,builtin,na,na,0,0.937287890208333,618.662984461207,4039.64354863149,NaN,0.00538374100650264
gaussian,256,64000,19,rand,running_mean,normweighted,256,0.0111327235416667,1102.35042998589,4039.64354863149,2,0.002159483662834
gaussian,256,64000,19,rand_r12,running_mean,normweighted,256,0.119081848541667,1102.35042998589,4039.64354863149,2,0.002159483662834
gaussian,256,64000,20,det,na,na,0,1.67181076520833,583.280691852347,4039.64354863149,NaN,0.00633944526660738
gaussian,256,64000,20,builtin,na,na,0,0.921090640208333,616.418504110672,4039.64354863149,NaN,0.00546942902425632
gaussian,256,64000,20,rand,running_mean,normweighted,256,0.0110953902083333,1153.09320596841,4039.64354863149,2,0.00178493713642137
gaussian,256,64000,20,rand_r12,running_mean,normweighted,256,0.118088515208333,1153.09320596841,4039.64354863149,2,0.00178493713642137
spiked_leverage,256,1000,1,det,na,na,0,0.00939939020833333,45.8791688023951,436.715010046598,NaN,0.0557691970036685
spiked_leverage,256,1000,1,builtin,na,na,0,0.006243056875,46.4601068016469,436.715010046598,NaN,0.0627449016540845
spiked_leverage,256,1000,1,rand,running_mean,normweighted,256,0.00432134854166667,126.954525362945,436.715010046598,1,0.0111756101905599
spiked_leverage,256,1000,1,rand_r12,running_mean,normweighted,256,0.005283056875,126.954525362945,436.715010046598,1,0.0111756101905599
spiked_leverage,256,1000,2,det,na,na,0,0.00937239020833333,45.6516937493886,436.715010046598,NaN,0.059404842474713
spiked_leverage,256,1000,2,builtin,na,na,0,0.006238056875,46.3646198655687,436.715010046598,NaN,0.0521949846285282
spiked_leverage,256,1000,2,rand,running_mean,normweighted,256,0.00484647354166667,72.6132697938414,436.715010046598,2,0.0308735800388921
spiked_leverage,256,1000,2,rand_r12,running_mean,normweighted,256,0.00573897354166667,72.6132697938414,436.715010046598,2,0.0308735800388921
spiked_leverage,256,1000,3,det,na,na,0,0.00936376520833333,46.8466273011118,436.715010046598,NaN,0.0571716238225074
spiked_leverage,256,1000,3,builtin,na,na,0,0.00626164020833333,46.5550386743468,436.715010046598,NaN,0.0542575247018416
spiked_leverage,256,1000,3,rand,running_mean,normweighted,256,0.004980306875,76.2813151342118,436.715010046598,2,0.0247294636693876
spiked_leverage,256,1000,3,rand_r12,running_mean,normweighted,256,0.00570409854166667,76.2813151342118,436.715010046598,2,0.0247294636693876
spiked_leverage,256,1000,4,det,na,na,0,0.00936622354166667,45.6046368816114,436.715010046598,NaN,0.0546085845382077
spiked_leverage,256,1000,4,builtin,na,na,0,0.006139681875,46.7380121712858,436.715010046598,NaN,0.0554077957174412
spiked_leverage,256,1000,4,rand,running_mean,normweighted,256,0.00485622354166667,67.4863759836382,436.715010046598,2,0.0348466055660314
spiked_leverage,256,1000,4,rand_r12,running_mean,normweighted,256,0.00567259854166667,67.4863759836382,436.715010046598,2,0.0348466055660314
spiked_leverage,256,1000,5,det,na,na,0,0.00944276520833333,47.0594084365554,436.715010046598,NaN,0.0565949656895404
spiked_leverage,256,1000,5,builtin,na,na,0,0.006181931875,47.5999923751336,436.715010046598,NaN,0.0589635233403244
spiked_leverage,256,1000,5,rand,running_mean,normweighted,256,0.004825681875,77.8473802456874,436.715010046598,2,0.0293388078098105
spiked_leverage,256,1000,5,rand_r12,running_mean,normweighted,256,0.005789431875,77.8473802456874,436.715010046598,2,0.0293388078098105
spiked_leverage,256,1000,6,det,na,na,0,0.009532931875,45.9697602593956,436.715010046598,NaN,0.0547253648005763
spiked_leverage,256,1000,6,builtin,na,na,0,0.00618301520833333,47.1119694816411,436.715010046598,NaN,0.0608575358884427
spiked_leverage,256,1000,6,rand,running_mean,normweighted,256,0.004864806875,70.833373096977,436.715010046598,2,0.0312200129878599
spiked_leverage,256,1000,6,rand_r12,running_mean,normweighted,256,0.005748431875,70.833373096977,436.715010046598,2,0.0312200129878599
spiked_leverage,256,1000,7,det,na,na,0,0.00967547354166667,46.9413798972633,436.715010046598,NaN,0.0561729447436701
spiked_leverage,256,1000,7,builtin,na,na,0,0.006179681875,48.6623733860121,436.715010046598,NaN,0.045966718572874
spiked_leverage,256,1000,7,rand,running_mean,normweighted,256,0.00484789020833333,73.472771077061,436.715010046598,2,0.0335543666796682
spiked_leverage,256,1000,7,rand_r12,running_mean,normweighted,256,0.00570601520833333,73.472771077061,436.715010046598,2,0.0335543666796682
spiked_leverage,256,1000,8,det,na,na,0,0.009610931875,46.0436616285196,436.715010046598,NaN,0.0583095655095634
spiked_leverage,256,1000,8,builtin,na,na,0,0.00625639020833333,47.1009984573443,436.715010046598,NaN,0.057066069620437
spiked_leverage,256,1000,8,rand,running_mean,normweighted,256,0.004863681875,69.0125562793987,436.715010046598,2,0.032856386654533
spiked_leverage,256,1000,8,rand_r12,running_mean,normweighted,256,0.005815681875,69.0125562793987,436.715010046598,2,0.032856386654533
spiked_leverage,256,1000,9,det,na,na,0,0.00955364020833333,47.6226827596975,436.715010046598,NaN,0.0534489863092181
spiked_leverage,256,1000,9,builtin,na,na,0,0.00607659854166667,49.8582871530534,436.715010046598,NaN,0.0383093678668881
spiked_leverage,256,1000,9,rand,running_mean,normweighted,256,0.004831806875,75.3676498681254,436.715010046598,2,0.0282814453760072
spiked_leverage,256,1000,9,rand_r12,running_mean,normweighted,256,0.00573309854166667,75.3676498681254,436.715010046598,2,0.0282814453760072
spiked_leverage,256,1000,10,det,na,na,0,0.00948276520833333,47.2168999569161,436.715010046598,NaN,0.0594147601275286
spiked_leverage,256,1000,10,builtin,na,na,0,0.00608372354166667,50.1860217059925,436.715010046598,NaN,0.0408933057530343
spiked_leverage,256,1000,10,rand,running_mean,normweighted,256,0.004782056875,70.4383274061235,436.715010046598,2,0.0306849873946832
spiked_leverage,256,1000,10,rand_r12,running_mean,normweighted,256,0.00565422354166667,70.4383274061235,436.715010046598,2,0.0306849873946832
spiked_leverage,256,1000,11,det,na,na,0,0.009562931875,48.2888954134931,436.715010046598,NaN,0.0508435828016158
spiked_leverage,256,1000,11,builtin,na,na,0,0.006074431875,48.5984875076786,436.715010046598,NaN,0.0500264705736898
spiked_leverage,256,1000,11,rand,running_mean,normweighted,256,0.00479451520833333,70.7650849000155,436.715010046598,2,0.0323956796476992
spiked_leverage,256,1000,11,rand_r12,running_mean,normweighted,256,0.00562989020833333,70.7650849000155,436.715010046598,2,0.0323956796476992
spiked_leverage,256,1000,12,det,na,na,0,0.00951914020833333,46.5576369322147,436.715010046598,NaN,0.0554902565653185
spiked_leverage,256,1000,12,builtin,na,na,0,0.00612676520833333,49.0788512197443,436.715010046598,NaN,0.0500116536765418
spiked_leverage,256,1000,12,rand,running_mean,normweighted,256,0.00481972354166667,74.8400518181061,436.715010046598,2,0.0315908309372133
spiked_leverage,256,1000,12,rand_r12,running_mean,normweighted,256,0.00567051520833333,74.8400518181061,436.715010046598,2,0.0315908309372133
spiked_leverage,256,1000,13,det,na,na,0,0.009618806875,45.40237129433,436.715010046598,NaN,0.0590411478055322
spiked_leverage,256,1000,13,builtin,na,na,0,0.006147806875,47.3580690166889,436.715010046598,NaN,0.0550513988130248
spiked_leverage,256,1000,13,rand,running_mean,normweighted,256,0.004768056875,76.5217451241784,436.715010046598,2,0.0279356412879209
spiked_leverage,256,1000,13,rand_r12,running_mean,normweighted,256,0.005627931875,76.5217451241784,436.715010046598,2,0.0279356412879209
spiked_leverage,256,1000,14,det,na,na,0,0.009532056875,45.8854767011244,436.715010046598,NaN,0.0596561291709852
spiked_leverage,256,1000,14,builtin,na,na,0,0.00615122354166667,46.2983832492828,436.715010046598,NaN,0.0496512251401183
spiked_leverage,256,1000,14,rand,running_mean,normweighted,256,0.00480076520833333,106.312448113499,436.715010046598,2,0.0171879237979085
spiked_leverage,256,1000,14,rand_r12,running_mean,normweighted,256,0.005690431875,106.312448113499,436.715010046598,2,0.0171879237979085
spiked_leverage,256,1000,15,det,na,na,0,0.00959576520833333,45.4747604161754,436.715010046598,NaN,0.0576645742636372
spiked_leverage,256,1000,15,builtin,na,na,0,0.00610834854166667,46.9732900829038,436.715010046598,NaN,0.0527264494424013
spiked_leverage,256,1000,15,rand,running_mean,normweighted,256,0.004843181875,67.0216317441896,436.715010046598,2,0.0312326737209149
spiked_leverage,256,1000,15,rand_r12,running_mean,normweighted,256,0.00578389020833333,67.0216317441896,436.715010046598,2,0.0312326737209149
spiked_leverage,256,1000,16,det,na,na,0,0.00952959854166667,45.6586231123344,436.715010046598,NaN,0.0574189745274129
spiked_leverage,256,1000,16,builtin,na,na,0,0.00621464020833333,50.9656203458711,436.715010046598,NaN,0.0379279272411607
spiked_leverage,256,1000,16,rand,running_mean,normweighted,256,0.004837306875,69.5232373215122,436.715010046598,2,0.0313369402233064
spiked_leverage,256,1000,16,rand_r12,running_mean,normweighted,256,0.00574209854166667,69.5232373215122,436.715010046598,2,0.0313369402233064
spiked_leverage,256,1000,17,det,na,na,0,0.00956314020833333,46.6976089083513,436.715010046598,NaN,0.0596753862597258
spiked_leverage,256,1000,17,builtin,na,na,0,0.006073931875,46.543343387983,436.715010046598,NaN,0.0561411260718542
spiked_leverage,256,1000,17,rand,running_mean,normweighted,256,0.00486176520833333,73.2241419776097,436.715010046598,2,0.0309022186358378
spiked_leverage,256,1000,17,rand_r12,running_mean,normweighted,256,0.00567797354166667,73.2241419776097,436.715010046598,2,0.0309022186358378
spiked_leverage,256,1000,18,det,na,na,0,0.00944284854166667,45.877067319148,436.715010046598,NaN,0.0627970295964887
spiked_leverage,256,1000,18,builtin,na,na,0,0.00616009854166667,49.1023246392385,436.715010046598,NaN,0.0425679700914685
spiked_leverage,256,1000,18,rand,running_mean,normweighted,256,0.00482959854166667,65.7255207631826,436.715010046598,2,0.0369785622047473
spiked_leverage,256,1000,18,rand_r12,running_mean,normweighted,256,0.005741181875,65.7255207631826,436.715010046598,2,0.0369785622047473
spiked_leverage,256,1000,19,det,na,na,0,0.009499056875,45.351983456737,436.715010046598,NaN,0.0621707271960701
spiked_leverage,256,1000,19,builtin,na,na,0,0.00614122354166667,48.1051891670192,436.715010046598,NaN,0.0454908141042621
spiked_leverage,256,1000,19,rand,running_mean,normweighted,256,0.00487389020833333,62.1597636155074,436.715010046598,2,0.0345156099147204
spiked_leverage,256,1000,19,rand_r12,running_mean,normweighted,256,0.00577639020833333,62.1597636155074,436.715010046598,2,0.0345156099147204
spiked_leverage,256,1000,20,det,na,na,0,0.009514431875,47.2169178829617,436.715010046598,NaN,0.0512793872445785
spiked_leverage,256,1000,20,builtin,na,na,0,0.006104056875,49.3502047608976,436.715010046598,NaN,0.0443582005881685
spiked_leverage,256,1000,20,rand,running_mean,normweighted,256,0.00487972354166667,66.4518642598161,436.715010046598,2,0.036886542220174
spiked_leverage,256,1000,20,rand_r12,running_mean,normweighted,256,0.00587214020833333,66.4518642598161,436.715010046598,2,0.036886542220174
spiked_leverage,256,2000,1,det,na,na,0,0.0193698485416667,45.8051386920281,668.371154374574,NaN,0.0631850498958571
spiked_leverage,256,2000,1,builtin,na,na,0,0.0111420152083333,50.500625611289,668.371154374574,NaN,0.0365589301898092
spiked_leverage,256,2000,1,rand,running_mean,normweighted,256,0.00490347354166667,65.3144366032738,668.371154374574,2,0.0383014534087533
spiked_leverage,256,2000,1,rand_r12,running_mean,normweighted,256,0.00705434854166667,65.3144366032738,668.371154374574,2,0.0383014534087533
spiked_leverage,256,2000,2,det,na,na,0,0.0196722235416667,46.4741904186113,668.371154374574,NaN,0.0560527822658424
spiked_leverage,256,2000,2,builtin,na,na,0,0.0116277235416667,47.1466481614579,668.371154374574,NaN,0.0556268687457093
spiked_leverage,256,2000,2,rand,running_mean,normweighted,256,0.004879306875,93.4733803769727,668.371154374574,2,0.0188106613446525
spiked_leverage,256,2000,2,rand_r12,running_mean,normweighted,256,0.00698447354166667,93.4733803769727,668.371154374574,2,0.0188106613446525
spiked_leverage,256,2000,3,det,na,na,0,0.019573431875,45.6655252600385,668.371154374574,NaN,0.0653495243055105
spiked_leverage,256,2000,3,builtin,na,na,0,0.011586306875,47.4564783256856,668.371154374574,NaN,0.0515680322994699
spiked_leverage,256,2000,3,rand,running_mean,normweighted,256,0.004335431875,127.917285351842,668.371154374574,1,0.0133585561560699
spiked_leverage,256,2000,3,rand_r12,running_mean,normweighted,256,0.00640334854166667,127.917285351842,668.371154374574,1,0.0133585561560699
spiked_leverage,256,2000,4,det,na,na,0,0.0194933902083333,46.3547080792558,668.371154374574,NaN,0.0531348709702536
spiked_leverage,256,2000,4,builtin,na,na,0,0.011326806875,45.9609778922827,668.371154374574,NaN,0.0599300889578216
spiked_leverage,256,2000,4,rand,running_mean,normweighted,256,0.004856056875,95.7294924070657,668.371154374574,2,0.0201570864418133
spiked_leverage,256,2000,4,rand_r12,running_mean,normweighted,256,0.006874681875,95.7294924070657,668.371154374574,2,0.0201570864418133
spiked_leverage,256,2000,5,det,na,na,0,0.0193866402083333,44.3297296801978,668.371154374574,NaN,0.0652866069347112
spiked_leverage,256,2000,5,builtin,na,na,0,0.0115429735416667,50.7785673318126,668.371154374574,NaN,0.0426126297949639
spiked_leverage,256,2000,5,rand,running_mean,normweighted,256,0.00488634854166667,77.2977864993337,668.371154374574,2,0.0286890313781918
spiked_leverage,256,2000,5,rand_r12,running_mean,normweighted,256,0.00699014020833333,77.2977864993337,668.371154374574,2,0.0286890313781918
spiked_leverage,256,2000,6,det,na,na,0,0.0193601402083333,46.9896156694368,668.371154374574,NaN,0.0495937870776384
spiked_leverage,256,2000,6,builtin,na,na,0,0.0115937652083333,48.9997284343213,668.371154374574,NaN,0.0493842184100697
spiked_leverage,256,2000,6,rand,running_mean,normweighted,256,0.00496951520833333,72.2802233549033,668.371154374574,2,0.0344498177681741
spiked_leverage,256,2000,6,rand_r12,running_mean,normweighted,256,0.00710414020833333,72.2802233549033,668.371154374574,2,0.0344498177681741
spiked_leverage,256,2000,7,det,na,na,0,0.019465306875,45.7128837397638,668.371154374574,NaN,0.0565673160283577
spiked_leverage,256,2000,7,builtin,na,na,0,0.0112040152083333,45.3005037299776,668.371154374574,NaN,0.0601372691879015
spiked_leverage,256,2000,7,rand,running_mean,normweighted,256,0.00488164020833333,70.3175587454203,668.371154374574,2,0.0314821758602551
spiked_leverage,256,2000,7,rand_r12,running_mean,normweighted,256,0.00702934854166667,70.3175587454203,668.371154374574,2,0.0314821758602551
spiked_leverage,256,2000,8,det,na,na,0,0.0194248485416667,45.2406237503925,668.371154374574,NaN,0.0636146315110457
spiked_leverage,256,2000,8,builtin,na,na,0,0.011527181875,48.2711320875031,668.371154374574,NaN,0.0519006590623118
spiked_leverage,256,2000,8,rand,running_mean,normweighted,256,0.004814431875,79.0478152029769,668.371154374574,2,0.0284433692836316
spiked_leverage,256,2000,8,rand_r12,running_mean,normweighted,256,0.00711801520833333,79.0478152029769,668.371154374574,2,0.0284433692836316
spiked_leverage,256,2000,9,det,na,na,0,0.019465306875,46.6920499612671,668.371154374574,NaN,0.0483704656879121
spiked_leverage,256,2000,9,builtin,na,na,0,0.0111405985416667,46.6214563509506,668.371154374574,NaN,0.0520563413336234
spiked_leverage,256,2000,9,rand,running_mean,normweighted,256,0.004907056875,78.9533724174523,668.371154374574,2,0.0253178986847082
spiked_leverage,256,2000,9,rand_r12,running_mean,normweighted,256,0.00710639020833333,78.9533724174523,668.371154374574,2,0.0253178986847082
spiked_leverage,256,2000,10,det,na,na,0,0.019427931875,45.8730066635004,668.371154374574,NaN,0.0571952535346139
spiked_leverage,256,2000,10,builtin,na,na,0,0.0115629735416667,49.909880069189,668.371154374574,NaN,0.041278150282634
spiked_leverage,256,2000,10,rand,running_mean,normweighted,256,0.00493722354166667,74.5325868727932,668.371154374574,2,0.0292985832339546
spiked_leverage,256,2000,10,rand_r12,running_mean,normweighted,256,0.00705334854166667,74.5325868727932,668.371154374574,2,0.0292985832339546
spiked_leverage,256,2000,11,det,na,na,0,0.019352431875,44.5185934659998,668.371154374574,NaN,0.0638494830624801
spiked_leverage,256,2000,11,builtin,na,na,0,0.0114876402083333,48.5348601735602,668.371154374574,NaN,0.0530325314374096
spiked_leverage,256,2000,11,rand,running_mean,normweighted,256,0.00490634854166667,72.6250388140663,668.371154374574,2,0.02865512868819
spiked_leverage,256,2000,11,rand_r12,running_mean,normweighted,256,0.00702209854166667,72.6250388140663,668.371154374574,2,0.02865512868819
spiked_leverage,256,2000,12,det,na,na,0,0.0194485985416667,47.2388732135192,668.371154374574,NaN,0.0517620100773372
spiked_leverage,256,2000,12,builtin,na,na,0,0.0115603902083333,47.7383806263273,668.371154374574,NaN,0.0470769744847725
spiked_leverage,256,2000,12,rand,running_mean,normweighted,256,0.004859681875,75.2653406999866,668.371154374574,2,0.0310490100082134
spiked_leverage,256,2000,12,rand_r12,running_mean,normweighted,256,0.006906181875,75.2653406999866,668.371154374574,2,0.0310490100082134
spiked_leverage,256,2000,13,det,na,na,0,0.0194679735416667,45.5533261265869,668.371154374574,NaN,0.0591293430712894
spiked_leverage,256,2000,13,builtin,na,na,0,0.0116413485416667,47.6741447576145,668.371154374574,NaN,0.0446469124622777
spiked_leverage,256,2000,13,rand,running_mean,normweighted,256,0.00491672354166667,85.491879788908,668.371154374574,2,0.0235075368922423
spiked_leverage,256,2000,13,rand_r12,running_mean,normweighted,256,0.007073931875,85.491879788908,668.371154374574,2,0.0235075368922423
spiked_leverage,256,2000,14,det,na,na,0,0.019440306875,45.9906396943932,668.371154374574,NaN,0.0561004513106312
spiked_leverage,256,2000,14,builtin,na,na,0,0.011228306875,50.2231149535342,668.371154374574,NaN,0.046211401974075
spiked_leverage,256,2000,14,rand,running_mean,normweighted,256,0.00481526520833333,80.4550845756565,668.371154374574,2,0.0269714064736339
spiked_leverage,256,2000,14,rand_r12,running_mean,normweighted,256,0.006956181875,80.4550845756565,668.371154374574,2,0.0269714064736339
spiked_leverage,256,2000,15,det,na,na,0,0.019471056875,46.3188358795907,668.371154374574,NaN,0.0577407306480263
spiked_leverage,256,2000,15,builtin,na,na,0,0.0116397235416667,47.2814040937387,668.371154374574,NaN,0.0526700035148155
spiked_leverage,256,2000,15,rand,running_mean,normweighted,256,0.00493839020833333,95.3864015142297,668.371154374574,2,0.0198706833649557
spiked_leverage,256,2000,15,rand_r12,running_mean,normweighted,256,0.00696872354166667,95.3864015142297,668.371154374574,2,0.0198706833649557
spiked_leverage,256,2000,16,det,na,na,0,0.0195874735416667,46.7917071674637,668.371154374574,NaN,0.0553988539608591
spiked_leverage,256,2000,16,builtin,na,na,0,0.011399806875,49.8530944409612,668.371154374574,NaN,0.0430245956153947
spiked_leverage,256,2000,16,rand,running_mean,normweighted,256,0.004931306875,87.4401402746913,668.371154374574,2,0.0223426486859111
spiked_leverage,256,2000,16,rand_r12,running_mean,normweighted,256,0.00718601520833333,87.4401402746913,668.371154374574,2,0.0223426486859111
spiked_leverage,256,2000,17,det,na,na,0,0.0196797652083333,45.4037899466152,668.371154374574,NaN,0.0634887298106935
spiked_leverage,256,2000,17,builtin,na,na,0,0.011461931875,45.365805971938,668.371154374574,NaN,0.0602326967127536
spiked_leverage,256,2000,17,rand,running_mean,normweighted,256,0.004834431875,96.5303085836388,668.371154374574,2,0.020010849661882
spiked_leverage,256,2000,17,rand_r12,running_mean,normweighted,256,0.00698759854166667,96.5303085836388,668.371154374574,2,0.020010849661882
spiked_leverage,256,2000,18,det,na,na,0,0.019444431875,46.6349639038873,668.371154374574,NaN,0.0596937817767996
spiked_leverage,256,2000,18,builtin,na,na,0,0.0113223485416667,48.0901397982178,668.371154374574,NaN,0.0456411010827798
spiked_leverage,256,2000,18,rand,running_mean,normweighted,256,0.004810931875,101.627203274901,668.371154374574,2,0.0170135078222629
spiked_leverage,256,2000,18,rand_r12,running_mean,normweighted,256,0.006963806875,101.627203274901,668.371154374574,2,0.0170135078222629
spiked_leverage,256,2000,19,det,na,na,0,0.0193154735416667,45.3075452353468,668.371154374574,NaN,0.0583583857728964
spiked_leverage,256,2000,19,builtin,na,na,0,0.0113017652083333,48.0683882812851,668.371154374574,NaN,0.0468938167361567
spiked_leverage,256,2000,19,rand,running_mean,normweighted,256,0.00482584854166667,77.0102938219691,668.371154374574,2,0.0280207610652338
spiked_leverage,256,2000,19,rand_r12,running_mean,normweighted,256,0.00697251520833333,77.0102938219691,668.371154374574,2,0.0280207610652338
spiked_leverage,256,2000,20,det,na,na,0,0.019388556875,46.5223852248541,668.371154374574,NaN,0.0643138811048364
spiked_leverage,256,2000,20,builtin,na,na,0,0.0114433485416667,46.4267114963074,668.371154374574,NaN,0.0576370895212219
spiked_leverage,256,2000,20,rand,running_mean,normweighted,256,0.004854556875,92.0078647702217,668.371154374574,2,0.0215820539713454
spiked_leverage,256,2000,20,rand_r12,running_mean,normweighted,256,0.007025431875,92.0078647702217,668.371154374574,2,0.0215820539713454
spiked_leverage,256,4000,1,det,na,na,0,0.038496931875,46.6760401591962,979.142481970831,NaN,0.0533417666983996
spiked_leverage,256,4000,1,builtin,na,na,0,0.020806056875,46.7880442367757,979.142481970831,NaN,0.0581102510123433
spiked_leverage,256,4000,1,rand,running_mean,normweighted,256,0.00500464020833333,89.7433088832573,979.142481970831,2,0.0224299985165747
spiked_leverage,256,4000,1,rand_r12,running_mean,normweighted,256,0.0102859735416667,89.7433088832573,979.142481970831,2,0.0224299985165747
spiked_leverage,256,4000,2,det,na,na,0,0.0383427652083333,47.3266462734795,979.142481970831,NaN,0.0478201269262461
spiked_leverage,256,4000,2,builtin,na,na,0,0.0209894735416667,47.0883493929158,979.142481970831,NaN,0.0525524307278546
spiked_leverage,256,4000,2,rand,running_mean,normweighted,256,0.005046431875,92.338264963449,979.142481970831,2,0.0215216893288932
spiked_leverage,256,4000,2,rand_r12,running_mean,normweighted,256,0.0102104735416667,92.338264963449,979.142481970831,2,0.0215216893288932
spiked_leverage,256,4000,3,det,na,na,0,0.0388067652083333,46.7581673642948,979.142481970831,NaN,0.0544741251351692
spiked_leverage,256,4000,3,builtin,na,na,0,0.020747431875,49.647714535225,979.142481970831,NaN,0.0479105032396037
spiked_leverage,256,4000,3,rand,running_mean,normweighted,256,0.00497784854166667,97.6588337107646,979.142481970831,2,0.0207749562572222
spiked_leverage,256,4000,3,rand_r12,running_mean,normweighted,256,0.0101626402083333,97.6588337107646,979.142481970831,2,0.0207749562572222
spiked_leverage,256,4000,4,det,na,na,0,0.0388143485416667,46.1343895285011,979.142481970831,NaN,0.0608816250083511
spiked_leverage,256,4000,4,builtin,na,na,0,0.0211731402083333,47.1937668747286,979.142481970831,NaN,0.050677842843916
spiked_leverage,256,4000,4,rand,running_mean,normweighted,256,0.005004306875,91.3170225784787,979.142481970831,2,0.0202421323032791
spiked_leverage,256,4000,4,rand_r12,running_mean,normweighted,256,0.0102147652083333,91.3170225784787,979.142481970831,2,0.0202421323032791
spiked_leverage,256,4000,5,det,na,na,0,0.038372181875,45.501592440892,979.142481970831,NaN,0.0648351317631447
spiked_leverage,256,4000,5,builtin,na,na,0,0.0213900985416667,47.1996735110854,979.142481970831,NaN,0.0569375806964975
spiked_leverage,256,4000,5,rand,running_mean,normweighted,256,0.005075056875,88.5955596749839,979.142481970831,2,0.0256410641594269
spiked_leverage,256,4000,5,rand_r12,running_mean,normweighted,256,0.00998397354166667,88.5955596749839,979.142481970831,2,0.0256410641594269
spiked_leverage,256,4000,6,det,na,na,0,0.038833306875,48.0469095721897,979.142481970831,NaN,0.0547120888000465
spiked_leverage,256,4000,6,builtin,na,na,0,0.021063056875,50.8300249815955,979.142481970831,NaN,0.0368457688155441
spiked_leverage,256,4000,6,rand,running_mean,normweighted,256,0.00506097354166667,85.914203074551,979.142481970831,2,0.0271579122931993
spiked_leverage,256,4000,6,rand_r12,running_mean,normweighted,256,0.0102970152083333,85.914203074551,979.142481970831,2,0.0271579122931993
spiked_leverage,256,4000,7,det,na,na,0,0.0385549735416667,46.9174077072628,979.142481970831,NaN,0.0538644731760798
spiked_leverage,256,4000,7,builtin,na,na,0,0.0207070985416667,49.1753735684666,979.142481970831,NaN,0.0469001434615341
spiked_leverage,256,4000,7,rand,running_mean,normweighted,256,0.00495359854166667,95.456210699445,979.142481970831,2,0.0193880268947071
spiked_leverage,256,4000,7,rand_r12,running_mean,normweighted,256,0.010092306875,95.456210699445,979.142481970831,2,0.0193880268947071
spiked_leverage,256,4000,8,det,na,na,0,0.038270306875,45.7550162733099,979.142481970831,NaN,0.0526905211513883
spiked_leverage,256,4000,8,builtin,na,na,0,0.0211835985416667,47.7096451703888,979.142481970831,NaN,0.0516682595889269
spiked_leverage,256,4000,8,rand,running_mean,normweighted,256,0.00498309854166667,78.1693329886668,979.142481970831,2,0.0288712628551777
spiked_leverage,256,4000,8,rand_r12,running_mean,normweighted,256,0.0100501402083333,78.1693329886668,979.142481970831,2,0.0288712628551777
spiked_leverage,256,4000,9,det,na,na,0,0.0388040985416667,45.6385274857443,979.142481970831,NaN,0.0595784652705202
spiked_leverage,256,4000,9,builtin,na,na,0,0.021497056875,46.7732110342797,979.142481970831,NaN,0.0573745927575428
spiked_leverage,256,4000,9,rand,running_mean,normweighted,256,0.00509334854166667,93.8867823545286,979.142481970831,2,0.0205543369513811
spiked_leverage,256,4000,9,rand_r12,running_mean,normweighted,256,0.0103423485416667,93.8867823545286,979.142481970831,2,0.0205543369513811
spiked_leverage,256,4000,10,det,na,na,0,0.0384957652083333,47.4935113647572,979.142481970831,NaN,0.05600519017568
spiked_leverage,256,4000,10,builtin,na,na,0,0.021075306875,48.6045936236852,979.142481970831,NaN,0.0489699887963536
spiked_leverage,256,4000,10,rand,running_mean,normweighted,256,0.005002931875,86.4087714019459,979.142481970831,2,0.0249123060678915
spiked_leverage,256,4000,10,rand_r12,running_mean,normweighted,256,0.0102742652083333,86.4087714019459,979.142481970831,2,0.0249123060678915
spiked_leverage,256,4000,11,det,na,na,0,0.038280931875,47.2724517885338,979.142481970831,NaN,0.0544520410158557
spiked_leverage,256,4000,11,builtin,na,na,0,0.0212654735416667,46.9955631044519,979.142481970831,NaN,0.0501194986546573
spiked_leverage,256,4000,11,rand,running_mean,normweighted,256,0.00509939020833333,84.7499262901952,979.142481970831,2,0.0249427603655881
spiked_leverage,256,4000,11,rand_r12,running_mean,normweighted,256,0.010341181875,84.7499262901952,979.142481970831,2,0.0249427603655881
spiked_leverage,256,4000,12,det,na,na,0,0.0390201402083333,48.271954213755,979.142481970831,NaN,0.0512998598369093
spiked_leverage,256,4000,12,builtin,na,na,0,0.0211535152083333,49.9952876475939,979.142481970831,NaN,0.0438432237807669
spiked_leverage,256,4000,12,rand,running_mean,normweighted,256,0.00509559854166667,83.5154072072524,979.142481970831,2,0.0242537806936259
spiked_leverage,256,4000,12,rand_r12,running_mean,normweighted,256,0.010334181875,83.5154072072524,979.142481970831,2,0.0242537806936259
spiked_leverage,256,4000,13,det,na,na,0,0.038723806875,45.7324873511153,979.142481970831,NaN,0.0663843086951127
spiked_leverage,256,4000,13,builtin,na,na,0,0.020819556875,47.255154898789,979.142481970831,NaN,0.0527259501518146
spiked_leverage,256,4000,13,rand,running_mean,normweighted,256,0.004943681875,129.204753732163,979.142481970831,2,0.0119977766900176
spiked_leverage,256,4000,13,rand_r12,running_mean,normweighted,256,0.0103805985416667,129.204753732163,979.142481970831,2,0.0119977766900176
spiked_leverage,256,4000,14,det,na,na,0,0.0384604735416667,47.2923991281871,979.142481970831,NaN,0.0541179163683701
spiked_leverage,256,4000,14,builtin,na,na,0,0.020932431875,48.1053960519779,979.142481970831,NaN,0.0503499226478981
spiked_leverage,256,4000,14,rand,running_mean,normweighted,256,0.004966681875,102.885585702657,979.142481970831,2,0.0159127502848378
spiked_leverage,256,4000,14,rand_r12,running_mean,normweighted,256,0.010444556875,102.885585702657,979.142481970831,2,0.0159127502848378
spiked_leverage,256,4000,15,det,na,na,0,0.038848556875,45.7908426278804,979.142481970831,NaN,0.0585292828668276
spiked_leverage,256,4000,15,builtin,na,na,0,0.021080431875,47.1494772344329,979.142481970831,NaN,0.0526556500098839
spiked_leverage,256,4000,15,rand,running_mean,normweighted,256,0.00509314020833333,95.4929047513006,979.142481970831,2,0.0215267688422034
spiked_leverage,256,4000,15,rand_r12,running_mean,normweighted,256,0.0104335985416667,95.4929047513006,979.142481970831,2,0.0215267688422034
spiked_leverage,256,4000,16,det,na,na,0,0.0384818485416667,46.1124168530976,979.142481970831,NaN,0.0608017256884628
spiked_leverage,256,4000,16,builtin,na,na,0,0.021064431875,47.8810729245676,979.142481970831,NaN,0.0500629164308006
spiked_leverage,256,4000,16,rand,running_mean,normweighted,256,0.004988056875,73.395287250432,979.142481970831,2,0.029824306978718
spiked_leverage,256,4000,16,rand_r12,running_mean,normweighted,256,0.010395306875,73.395287250432,979.142481970831,2,0.029824306978718
spiked_leverage,256,4000,17,det,na,na,0,0.0385016402083333,46.2188379223121,979.142481970831,NaN,0.0564418250624047
spiked_leverage,256,4000,17,builtin,na,na,0,0.020937806875,51.7202062795835,979.142481970831,NaN,0.0343206452413933
spiked_leverage,256,4000,17,rand,running_mean,normweighted,256,0.00509626520833333,96.4049044272441,979.142481970831,2,0.020301006776278
spiked_leverage,256,4000,17,rand_r12,running_mean,normweighted,256,0.010381306875,96.4049044272441,979.142481970831,2,0.020301006776278
spiked_leverage,256,4000,18,det,na,na,0,0.0387158485416667,46.7770890131184,979.142481970831,NaN,0.0497866411521696
spiked_leverage,256,4000,18,builtin,na,na,0,0.0208872235416667,47.7688362014276,979.142481970831,NaN,0.0557497938542815
spiked_leverage,256,4000,18,rand,running_mean,normweighted,256,0.00501359854166667,96.1408750118883,979.142481970831,2,0.0201781175150365
spiked_leverage,256,4000,18,rand_r12,running_mean,normweighted,256,0.0102302652083333,96.1408750118883,979.142481970831,2,0.0201781175150365
spiked_leverage,256,4000,19,det,na,na,0,0.0385860152083333,47.1496157640417,979.142481970831,NaN,0.0589642924347347
spiked_leverage,256,4000,19,builtin,na,na,0,0.020930431875,48.6241045158168,979.142481970831,NaN,0.0515330359546307
spiked_leverage,256,4000,19,rand,running_mean,normweighted,256,0.005018931875,90.1574136521896,979.142481970831,2,0.0211714606916632
spiked_leverage,256,4000,19,rand_r12,running_mean,normweighted,256,0.0104553485416667,90.1574136521896,979.142481970831,2,0.0211714606916632
spiked_leverage,256,4000,20,det,na,na,0,0.038283181875,47.2390865018401,979.142481970831,NaN,0.0559740624427135
spiked_leverage,256,4000,20,builtin,na,na,0,0.020933306875,47.7002855420203,979.142481970831,NaN,0.0528266627363491
spiked_leverage,256,4000,20,rand,running_mean,normweighted,256,0.00505001520833333,114.084266293431,979.142481970831,2,0.0156186481961442
spiked_leverage,256,4000,20,rand_r12,running_mean,normweighted,256,0.0102930985416667,114.084266293431,979.142481970831,2,0.0156186481961442
spiked_leverage,256,8000,1,det,na,na,0,0.121813056875,46.0901864949103,1408.09090615628,NaN,0.061450551870674
spiked_leverage,256,8000,1,builtin,na,na,0,0.045179056875,48.1981534436904,1408.09090615628,NaN,0.0453225125948908
spiked_leverage,256,8000,1,rand,running_mean,normweighted,256,0.00540947354166667,85.9327195730178,1408.09090615628,2,0.0245213111279764
spiked_leverage,256,8000,1,rand_r12,running_mean,normweighted,256,0.016437806875,85.9327195730178,1408.09090615628,2,0.0245213111279764
spiked_leverage,256,8000,2,det,na,na,0,0.121585640208333,47.2754136751792,1408.09090615628,NaN,0.0531873454122761
spiked_leverage,256,8000,2,builtin,na,na,0,0.0453740985416667,48.2161136581597,1408.09090615628,NaN,0.0529058393504939
spiked_leverage,256,8000,2,rand,running_mean,normweighted,256,0.005314556875,81.5178891704505,1408.09090615628,2,0.024609915421416
spiked_leverage,256,8000,2,rand_r12,running_mean,normweighted,256,0.016445056875,81.5178891704505,1408.09090615628,2,0.024609915421416
spiked_leverage,256,8000,3,det,na,na,0,0.121467515208333,44.3099686538492,1408.09090615628,NaN,0.0704345366264387
spiked_leverage,256,8000,3,builtin,na,na,0,0.0460671402083333,48.2311227536349,1408.09090615628,NaN,0.0500799955463329
spiked_leverage,256,8000,3,rand,running_mean,normweighted,256,0.00526547354166667,89.5818255124837,1408.09090615628,2,0.0194419026906534
spiked_leverage,256,8000,3,rand_r12,running_mean,normweighted,256,0.0157302652083333,89.5818255124837,1408.09090615628,2,0.0194419026906534
spiked_leverage,256,8000,4,det,na,na,0,0.121429806875,46.172451612008,1408.09090615628,NaN,0.0615370605384568
spiked_leverage,256,8000,4,builtin,na,na,0,0.0456787652083333,47.7396339629563,1408.09090615628,NaN,0.0558791989457265
spiked_leverage,256,8000,4,rand,running_mean,normweighted,256,0.00529834854166667,99.3627946338401,1408.09090615628,2,0.0185637430698795
spiked_leverage,256,8000,4,rand_r12,running_mean,normweighted,256,0.0164067652083333,99.3627946338401,1408.09090615628,2,0.0185637430698795
spiked_leverage,256,8000,5,det,na,na,0,0.121705556875,45.9312151558031,1408.09090615628,NaN,0.0522652883834881
spiked_leverage,256,8000,5,builtin,na,na,0,0.0453872235416667,47.3151450182565,1408.09090615628,NaN,0.0481526633221073
spiked_leverage,256,8000,5,rand,running_mean,normweighted,256,0.005326806875,123.119004499446,1408.09090615628,2,0.0142753188525517
spiked_leverage,256,8000,5,rand_r12,running_mean,normweighted,256,0.0159092652083333,123.119004499446,1408.09090615628,2,0.0142753188525517
spiked_leverage,256,8000,6,det,na,na,0,0.118311140208333,46.917572171008,1408.09090615628,NaN,0.0535000175886713
spiked_leverage,256,8000,6,builtin,na,na,0,0.044734681875,45.6173010711112,1408.09090615628,NaN,0.0584976839554888
spiked_leverage,256,8000,6,rand,running_mean,normweighted,256,0.00521709854166667,126.657676652934,1408.09090615628,2,0.0130619609414622
spiked_leverage,256,8000,6,rand_r12,running_mean,normweighted,256,0.0161428485416667,126.657676652934,1408.09090615628,2,0.0130619609414622
spiked_leverage,256,8000,7,det,na,na,0,0.122197473541667,46.1934888118392,1408.09090615628,NaN,0.0610682797759481
spiked_leverage,256,8000,7,builtin,na,na,0,0.0453012652083333,47.7071768837817,1408.09090615628,NaN,0.0482347693203952
spiked_leverage,256,8000,7,rand,running_mean,normweighted,256,0.005282056875,89.6268584979274,1408.09090615628,2,0.0215540174918388
spiked_leverage,256,8000,7,rand_r12,running_mean,normweighted,256,0.015914306875,89.6268584979274,1408.09090615628,2,0.0215540174918388
spiked_leverage,256,8000,8,det,na,na,0,0.117230265208333,47.1417224890426,1408.09090615628,NaN,0.0537272802459792
spiked_leverage,256,8000,8,builtin,na,na,0,0.0460400152083333,48.3678502025261,1408.09090615628,NaN,0.0472501175013523
spiked_leverage,256,8000,8,rand,running_mean,normweighted,256,0.00529209854166667,137.256105148614,1408.09090615628,2,0.0103802369946155
spiked_leverage,256,8000,8,rand_r12,running_mean,normweighted,256,0.0161168485416667,137.256105148614,1408.09090615628,2,0.0103802369946155
spiked_leverage,256,8000,9,det,na,na,0,0.120408306875,46.401302408445,1408.09090615628,NaN,0.0569675968512971
spiked_leverage,256,8000,9,builtin,na,na,0,0.0451607235416667,47.7662061279452,1408.09090615628,NaN,0.0519618456542508
spiked_leverage,256,8000,9,rand,running_mean,normweighted,256,0.005361556875,120.300797653582,1408.09090615628,2,0.0136975031437968
spiked_leverage,256,8000,9,rand_r12,running_mean,normweighted,256,0.0166393485416667,120.300797653582,1408.09090615628,2,0.0136975031437968
spiked_leverage,256,8000,10,det,na,na,0,0.120039723541667,47.1423813044882,1408.09090615628,NaN,0.0549233766439708
spiked_leverage,256,8000,10,builtin,na,na,0,0.045757931875,48.8636114351199,1408.09090615628,NaN,0.0517853774673984
spiked_leverage,256,8000,10,rand,running_mean,normweighted,256,0.005305181875,93.1787296067565,1408.09090615628,2,0.021890362073761
spiked_leverage,256,8000,10,rand_r12,running_mean,normweighted,256,0.0163065985416667,93.1787296067565,1408.09090615628,2,0.021890362073761
spiked_leverage,256,8000,11,det,na,na,0,0.120464806875,47.4714124642775,1408.09090615628,NaN,0.0525850107768389
spiked_leverage,256,8000,11,builtin,na,na,0,0.0461106402083333,48.1628619722775,1408.09090615628,NaN,0.0457570548907818
spiked_leverage,256,8000,11,rand,running_mean,normweighted,256,0.00533114020833333,80.6129886095252,1408.09090615628,2,0.0241890168198099
spiked_leverage,256,8000,11,rand_r12,running_mean,normweighted,256,0.016336056875,80.6129886095252,1408.09090615628,2,0.0241890168198099
spiked_leverage,256,8000,12,det,na,na,0,0.121800598541667,45.9914101587255,1408.09090615628,NaN,0.06006747989069
spiked_leverage,256,8000,12,builtin,na,na,0,0.0454452235416667,48.1143972663934,1408.09090615628,NaN,0.0520467039694625
spiked_leverage,256,8000,12,rand,running_mean,normweighted,256,0.00528889020833333,121.750051495324,1408.09090615628,2,0.0122842187453852
spiked_leverage,256,8000,12,rand_r12,running_mean,normweighted,256,0.016283306875,121.750051495324,1408.09090615628,2,0.0122842187453852
spiked_leverage,256,8000,13,det,na,na,0,0.120992223541667,48.358218929566,1408.09090615628,NaN,0.0464338707609763
spiked_leverage,256,8000,13,builtin,na,na,0,0.0474575985416667,51.0674068191815,1408.09090615628,NaN,0.0411318622790623
spiked_leverage,256,8000,13,rand,running_mean,normweighted,256,0.00584272354166667,117.486059692068,1408.09090615628,2,0.0135314810515356
spiked_leverage,256,8000,13,rand_r12,running_mean,normweighted,256,0.0198469735416667,117.486059692068,1408.09090615628,2,0.0135314810515356
spiked_leverage,256,8000,14,det,na,na,0,0.136400640208333,45.1268576970125,1408.09090615628,NaN,0.0662659734807585
spiked_leverage,256,8000,14,builtin,na,na,0,0.045665931875,47.7332425080111,1408.09090615628,NaN,0.0537029419359821
spiked_leverage,256,8000,14,rand,running_mean,normweighted,256,0.005672556875,91.9834769987489,1408.09090615628,2,0.0186721212624151
spiked_leverage,256,8000,14,rand_r12,running_mean,normweighted,256,0.0183535985416667,91.9834769987489,1408.09090615628,2,0.0186721212624151
spiked_leverage,256,8000,15,det,na,na,0,0.121236806875,46.2123992087227,1408.09090615628,NaN,0.0494258814819625
spiked_leverage,256,8000,15,builtin,na,na,0,0.0480567652083333,48.4269268505736,1408.09090615628,NaN,0.0463200198034844
spiked_leverage,256,8000,15,rand,running_mean,normweighted,256,0.005947056875,98.218844482849,1408.09090615628,2,0.0196109348059084
spiked_leverage,256,8000,15,rand_r12,running_mean,normweighted,256,0.0193478902083333,98.218844482849,1408.09090615628,2,0.0196109348059084
spiked_leverage,256,8000,16,det,na,na,0,0.129222890208333,46.2127117267918,1408.09090615628,NaN,0.0615615250347242
spiked_leverage,256,8000,16,builtin,na,na,0,0.048848431875,49.201765321839,1408.09090615628,NaN,0.0445973326267497
spiked_leverage,256,8000,16,rand,running_mean,normweighted,256,0.00565126520833333,105.065098936756,1408.09090615628,2,0.0154202138600546
spiked_leverage,256,8000,16,rand_r12,running_mean,normweighted,256,0.019155806875,105.065098936756,1408.09090615628,2,0.0154202138600546
spiked_leverage,256,8000,17,det,na,na,0,0.137511931875,47.6230463877209,1408.09090615628,NaN,0.0516855637007896
spiked_leverage,256,8000,17,builtin,na,na,0,0.047145681875,50.5528640837115,1408.09090615628,NaN,0.0482196764066037
spiked_leverage,256,8000,17,rand,running_mean,normweighted,256,0.00588059854166667,103.218435514769,1408.09090615628,2,0.0170457987265634
spiked_leverage,256,8000,17,rand_r12,running_mean,normweighted,256,0.019209306875,103.218435514769,1408.09090615628,2,0.0170457987265634
spiked_leverage,256,8000,18,det,na,na,0,0.142191181875,47.8577574408158,1408.09090615628,NaN,0.0505797763539043
spiked_leverage,256,8000,18,builtin,na,na,0,0.0483426402083333,49.958033611957,1408.09090615628,NaN,0.0428936636117552
spiked_leverage,256,8000,18,rand,running_mean,normweighted,256,0.00591801520833333,86.9641283936562,1408.09090615628,2,0.0208438404967814
spiked_leverage,256,8000,18,rand_r12,running_mean,normweighted,256,0.019765931875,86.9641283936562,1408.09090615628,2,0.0208438404967814
spiked_leverage,256,8000,19,det,na,na,0,0.132105598541667,45.8709449808379,1408.09090615628,NaN,0.0592647246178697
spiked_leverage,256,8000,19,builtin,na,na,0,0.047827556875,48.2287575374214,1408.09090615628,NaN,0.0587007625087193
spiked_leverage,256,8000,19,rand,running_mean,normweighted,256,0.005921181875,99.620545614371,1408.09090615628,2,0.0181209598607611
spiked_leverage,256,8000,19,rand_r12,running_mean,normweighted,256,0.018877806875,99.620545614371,1408.09090615628,2,0.0181209598607611
spiked_leverage,256,8000,20,det,na,na,0,0.135634806875,46.7871994016088,1408.09090615628,NaN,0.057022424052749
spiked_leverage,256,8000,20,builtin,na,na,0,0.0480327235416667,50.1268451942473,1408.09090615628,NaN,0.0447861637049608
spiked_leverage,256,8000,20,rand,running_mean,normweighted,256,0.00588634854166667,122.900213946784,1408.09090615628,2,0.0135819102908256
spiked_leverage,256,8000,20,rand_r12,running_mean,normweighted,256,0.019692556875,122.900213946784,1408.09090615628,2,0.0135819102908256
spiked_leverage,256,16000,1,det,na,na,0,0.423699806875,46.440578750728,2007.66531075277,NaN,0.0532347580807947
spiked_leverage,256,16000,1,builtin,na,na,0,0.205024973541667,48.2545586271085,2007.66531075277,NaN,0.0553838070259342
spiked_leverage,256,16000,1,rand,running_mean,normweighted,256,0.00646501520833333,120.383381879788,2007.66531075277,2,0.0134154114118032
spiked_leverage,256,16000,1,rand_r12,running_mean,normweighted,256,0.0342702235416667,120.383381879788,2007.66531075277,2,0.0134154114118032
spiked_leverage,256,16000,2,det,na,na,0,0.422773098541667,46.4275855918808,2007.66531075277,NaN,0.056087403798362
spiked_leverage,256,16000,2,builtin,na,na,0,0.203608223541667,49.9574482674365,2007.66531075277,NaN,0.0504349739956618
spiked_leverage,256,16000,2,rand,running_mean,normweighted,256,0.00646839020833333,92.9767146112005,2007.66531075277,2,0.0209859215622071
spiked_leverage,256,16000,2,rand_r12,running_mean,normweighted,256,0.034661931875,92.9767146112005,2007.66531075277,2,0.0209859215622071
spiked_leverage,256,16000,3,det,na,na,0,0.422884723541667,45.5555678028341,2007.66531075277,NaN,0.0622178428240119
spiked_leverage,256,16000,3,builtin,na,na,0,0.198922765208333,47.9699222189579,2007.66531075277,NaN,0.0468084124178408
spiked_leverage,256,16000,3,rand,running_mean,normweighted,256,0.00633789020833333,98.0624036850918,2007.66531075277,2,0.0176833192902484
spiked_leverage,256,16000,3,rand_r12,running_mean,normweighted,256,0.0343535985416667,98.0624036850918,2007.66531075277,2,0.0176833192902484
spiked_leverage,256,16000,4,det,na,na,0,0.417054015208333,47.3555973754376,2007.66531075277,NaN,0.050430120983412
spiked_leverage,256,16000,4,builtin,na,na,0,0.198124431875,46.6367835431039,2007.66531075277,NaN,0.0484913106345652
spiked_leverage,256,16000,4,rand,running_mean,normweighted,256,0.006213556875,84.4512788860163,2007.66531075277,2,0.0247717041052422
spiked_leverage,256,16000,4,rand_r12,running_mean,normweighted,256,0.034847931875,84.4512788860163,2007.66531075277,2,0.0247717041052422
spiked_leverage,256,16000,5,det,na,na,0,0.418524265208333,46.1089356305717,2007.66531075277,NaN,0.0549356995442172
spiked_leverage,256,16000,5,builtin,na,na,0,0.192573848541667,49.1488610792555,2007.66531075277,NaN,0.0492492141970757
spiked_leverage,256,16000,5,rand,running_mean,normweighted,256,0.006314556875,87.2588415663262,2007.66531075277,2,0.0216701653131201
spiked_leverage,256,16000,5,rand_r12,running_mean,normweighted,256,0.034138931875,87.2588415663262,2007.66531075277,2,0.0216701653131201
spiked_leverage,256,16000,6,det,na,na,0,0.418255806875,46.902003174869,2007.66531075277,NaN,0.0569638378933848
spiked_leverage,256,16000,6,builtin,na,na,0,0.175763265208333,47.4670228443264,2007.66531075277,NaN,0.0534968828156391
spiked_leverage,256,16000,6,rand,running_mean,normweighted,256,0.00614609854166667,125.504234347605,2007.66531075277,2,0.0128143135721591
spiked_leverage,256,16000,6,rand_r12,running_mean,normweighted,256,0.033683431875,125.504234347605,2007.66531075277,2,0.0128143135721591
spiked_leverage,256,16000,7,det,na,na,0,0.341528390208333,47.7705928483139,2007.66531075277,NaN,0.052253570619535
spiked_leverage,256,16000,7,builtin,na,na,0,0.163317848541667,45.4669359825526,2007.66531075277,NaN,0.0559285161316878
spiked_leverage,256,16000,7,rand,running_mean,normweighted,256,0.00623289020833333,87.4375423776018,2007.66531075277,2,0.0242485811481042
spiked_leverage,256,16000,7,rand_r12,running_mean,normweighted,256,0.034632431875,87.4375423776018,2007.66531075277,2,0.0242485811481042
spiked_leverage,256,16000,8,det,na,na,0,0.343019598541667,45.7843569194331,2007.66531075277,NaN,0.0662367065683418
spiked_leverage,256,16000,8,builtin,na,na,0,0.170463598541667,49.1320541191698,2007.66531075277,NaN,0.0496028284266711
spiked_leverage,256,16000,8,rand,running_mean,normweighted,256,0.006100056875,119.53878064527,2007.66531075277,2,0.0136959679842886
spiked_leverage,256,16000,8,rand_r12,running_mean,normweighted,256,0.0338582235416667,119.53878064527,2007.66531075277,2,0.0136959679842886
spiked_leverage,256,16000,9,det,na,na,0,0.342643515208333,47.15237797159,2007.66531075277,NaN,0.0561336856448363
spiked_leverage,256,16000,9,builtin,na,na,0,0.169845098541667,47.8127592785346,2007.66531075277,NaN,0.047867817283382
spiked_leverage,256,16000,9,rand,running_mean,normweighted,256,0.00614226520833333,94.9523675624456,2007.66531075277,2,0.0187497234522808
spiked_leverage,256,16000,9,rand_r12,running_mean,normweighted,256,0.0334023485416667,94.9523675624456,2007.66531075277,2,0.0187497234522808
spiked_leverage,256,16000,10,det,na,na,0,0.342012306875,47.1258259430014,2007.66531075277,NaN,0.0533312981004612
spiked_leverage,256,16000,10,builtin,na,na,0,0.166636098541667,48.3177354103375,2007.66531075277,NaN,0.052475562777959
spiked_leverage,256,16000,10,rand,running_mean,normweighted,256,0.00613022354166667,83.8122054676868,2007.66531075277,2,0.0236153574110305
spiked_leverage,256,16000,10,rand_r12,running_mean,normweighted,256,0.0336562235416667,83.8122054676868,2007.66531075277,2,0.0236153574110305
spiked_leverage,256,16000,11,det,na,na,0,0.349209390208333,46.0596203375034,2007.66531075277,NaN,0.0592568829706061
spiked_leverage,256,16000,11,builtin,na,na,0,0.167463140208333,47.8942484124144,2007.66531075277,NaN,0.0581026273036185
spiked_leverage,256,16000,11,rand,running_mean,normweighted,256,0.00615076520833333,82.9802457449251,2007.66531075277,2,0.0274340994649785
spiked_leverage,256,16000,11,rand_r12,running_mean,normweighted,256,0.0337338485416667,82.9802457449251,2007.66531075277,2,0.0274340994649785
spiked_leverage,256,16000,12,det,na,na,0,0.345970723541667,44.650244472865,2007.66531075277,NaN,0.0574538185620493
spiked_leverage,256,16000,12,builtin,na,na,0,0.168983598541667,46.8105831028926,2007.66531075277,NaN,0.0584800408096741
spiked_leverage,256,16000,12,rand,running_mean,normweighted,256,0.00612501520833333,83.675824861922,2007.66531075277,2,0.0258983225592216
spiked_leverage,256,16000,12,rand_r12,running_mean,normweighted,256,0.034389806875,83.675824861922,2007.66531075277,2,0.0258983225592216
spiked_leverage,256,16000,13,det,na,na,0,0.343000098541667,46.343565728964,2007.66531075277,NaN,0.0578234873534586
spiked_leverage,256,16000,13,builtin,na,na,0,0.167156931875,50.2105989934821,2007.66531075277,NaN,0.0460437740285051
spiked_leverage,256,16000,13,rand,running_mean,normweighted,256,0.00612759854166667,88.5423992796681,2007.66531075277,2,0.0215629239702197
spiked_leverage,256,16000,13,rand_r12,running_mean,normweighted,256,0.0334472235416667,88.5423992796681,2007.66531075277,2,0.0215629239702197
spiked_leverage,256,16000,14,det,na,na,0,0.343022681875,47.226587853327,2007.66531075277,NaN,0.0530592924717663
spiked_leverage,256,16000,14,builtin,na,na,0,0.166212306875,48.5994557031526,2007.66531075277,NaN,0.0433732504274091
spiked_leverage,256,16000,14,rand,running_mean,normweighted,256,0.00608834854166667,96.3238750655189,2007.66531075277,2,0.0198903179717402
spiked_leverage,256,16000,14,rand_r12,running_mean,normweighted,256,0.0341993902083333,96.3238750655189,2007.66531075277,2,0.0198903179717402
spiked_leverage,256,16000,15,det,na,na,0,0.341699723541667,45.8746094317799,2007.66531075277,NaN,0.0556974138901153
spiked_leverage,256,16000,15,builtin,na,na,0,0.167740598541667,45.6430248664588,2007.66531075277,NaN,0.0610895408685374
spiked_leverage,256,16000,15,rand,running_mean,normweighted,256,0.006180181875,113.233913985185,2007.66531075277,2,0.0137915761793728
spiked_leverage,256,16000,15,rand_r12,running_mean,normweighted,256,0.034262181875,113.233913985185,2007.66531075277,2,0.0137915761793728
spiked_leverage,256,16000,16,det,na,na,0,0.369075515208333,45.9953960858568,2007.66531075277,NaN,0.0575589224253302
spiked_leverage,256,16000,16,builtin,na,na,0,0.179766556875,46.9238318654529,2007.66531075277,NaN,0.0537540250766975
spiked_leverage,256,16000,16,rand,running_mean,normweighted,256,0.006145931875,120.283924990722,2007.66531075277,2,0.0135792059466501
spiked_leverage,256,16000,16,rand_r12,running_mean,normweighted,256,0.0347824735416667,120.283924990722,2007.66531075277,2,0.0135792059466501
spiked_leverage,256,16000,17,det,na,na,0,0.340953015208333,46.4409827290326,2007.66531075277,NaN,0.0566651528097998
spiked_leverage,256,16000,17,builtin,na,na,0,0.173877473541667,49.7306174456153,2007.66531075277,NaN,0.0508715529244566
spiked_leverage,256,16000,17,rand,running_mean,normweighted,256,0.00609476520833333,82.975945111195,2007.66531075277,2,0.0248289239223624
spiked_leverage,256,16000,17,rand_r12,running_mean,normweighted,256,0.034368306875,82.975945111195,2007.66531075277,2,0.0248289239223624
spiked_leverage,256,16000,18,det,na,na,0,0.359499056875,46.0360074768097,2007.66531075277,NaN,0.0600227913031228
spiked_leverage,256,16000,18,builtin,na,na,0,0.169908390208333,47.765666311517,2007.66531075277,NaN,0.0536467977052732
spiked_leverage,256,16000,18,rand,running_mean,normweighted,256,0.00621359854166667,94.3682183717897,2007.66531075277,2,0.0230499358181654
spiked_leverage,256,16000,18,rand_r12,running_mean,normweighted,256,0.0339680152083333,94.3682183717897,2007.66531075277,2,0.0230499358181654
spiked_leverage,256,16000,19,det,na,na,0,0.391835848541667,46.4785433762728,2007.66531075277,NaN,0.059229321170142
spiked_leverage,256,16000,19,builtin,na,na,0,0.173117306875,49.4684177979362,2007.66531075277,NaN,0.0490080019116482
spiked_leverage,256,16000,19,rand,running_mean,normweighted,256,0.00653914020833333,139.006479051572,2007.66531075277,2,0.0116507666316039
spiked_leverage,256,16000,19,rand_r12,running_mean,normweighted,256,0.0341950985416667,139.006479051572,2007.66531075277,2,0.0116507666316039
spiked_leverage,256,16000,20,det,na,na,0,0.342036765208333,46.5997522591086,2007.66531075277,NaN,0.0577109572074477
spiked_leverage,256,16000,20,builtin,na,na,0,0.170158056875,50.1974675368544,2007.66531075277,NaN,0.045644885571173
spiked_leverage,256,16000,20,rand,running_mean,normweighted,256,0.006214931875,84.8357027052954,2007.66531075277,2,0.0208007899378371
spiked_leverage,256,16000,20,rand_r12,running_mean,normweighted,256,0.0337197652083333,84.8357027052954,2007.66531075277,2,0.0208007899378371
spiked_leverage,256,32000,1,det,na,na,0,0.832544931875,48.6333869433057,2850.74025474086,NaN,0.0489318808655299
spiked_leverage,256,32000,1,builtin,na,na,0,0.458100056875,50.0931212755614,2850.74025474086,NaN,0.0432572873473113
spiked_leverage,256,32000,1,rand,running_mean,normweighted,256,0.007660681875,91.6580379362568,2850.74025474086,2,0.0192938922105141
spiked_leverage,256,32000,1,rand_r12,running_mean,normweighted,256,0.0625426402083333,91.6580379362568,2850.74025474086,2,0.0192938922105141
spiked_leverage,256,32000,2,det,na,na,0,0.844019348541667,44.0759501973058,2850.74025474086,NaN,0.0680648891456489
spiked_leverage,256,32000,2,builtin,na,na,0,0.462540015208333,49.1730490974134,2850.74025474086,NaN,0.0443172076167266
spiked_leverage,256,32000,2,rand,running_mean,normweighted,256,0.00767351520833333,82.6546658755536,2850.74025474086,2,0.02562015823044
spiked_leverage,256,32000,2,rand_r12,running_mean,normweighted,256,0.0626765985416667,82.6546658755536,2850.74025474086,2,0.02562015823044
spiked_leverage,256,32000,3,det,na,na,0,0.827670973541667,48.1381919742155,2850.74025474086,NaN,0.0516030045678556
spiked_leverage,256,32000,3,builtin,na,na,0,0.453691098541667,49.0022344330771,2850.74025474086,NaN,0.0487235748162009
spiked_leverage,256,32000,3,rand,running_mean,normweighted,256,0.00748884854166667,106.216498664426,2850.74025474086,2,0.0156071255956506
spiked_leverage,256,32000,3,rand_r12,running_mean,normweighted,256,0.062665681875,106.216498664426,2850.74025474086,2,0.0156071255956506
spiked_leverage,256,32000,4,det,na,na,0,0.793441556875,46.9732382661662,2850.74025474086,NaN,0.0614598065248844
spiked_leverage,256,32000,4,builtin,na,na,0,0.453888598541667,51.0787247017809,2850.74025474086,NaN,0.0450660153598116
spiked_leverage,256,32000,4,rand,running_mean,normweighted,256,0.00764139020833333,81.9016568779026,2850.74025474086,2,0.0238957428942243
spiked_leverage,256,32000,4,rand_r12,running_mean,normweighted,256,0.062992306875,81.9016568779026,2850.74025474086,2,0.0238957428942243
spiked_leverage,256,32000,5,det,na,na,0,0.786269598541667,47.9975365876404,2850.74025474086,NaN,0.0543815129750023
spiked_leverage,256,32000,5,builtin,na,na,0,0.448261890208333,54.7460531858398,2850.74025474086,NaN,0.0312020674188498
spiked_leverage,256,32000,5,rand,running_mean,normweighted,256,0.00760689020833333,90.8239012575301,2850.74025474086,2,0.018660925408535
spiked_leverage,256,32000,5,rand_r12,running_mean,normweighted,256,0.061638056875,90.8239012575301,2850.74025474086,2,0.018660925408535
spiked_leverage,256,32000,6,det,na,na,0,0.798964306875,46.7407924158365,2850.74025474086,NaN,0.0538082192425496
spiked_leverage,256,32000,6,builtin,na,na,0,0.448973098541667,49.1146536312003,2850.74025474086,NaN,0.0522339431275514
spiked_leverage,256,32000,6,rand,running_mean,normweighted,256,0.00772934854166667,85.9102335599978,2850.74025474086,2,0.0251170590430327
spiked_leverage,256,32000,6,rand_r12,running_mean,normweighted,256,0.0624086402083333,85.9102335599978,2850.74025474086,2,0.0251170590430327
spiked_leverage,256,32000,7,det,na,na,0,0.811353723541667,46.9458846943849,2850.74025474086,NaN,0.0556935521176658
spiked_leverage,256,32000,7,builtin,na,na,0,0.450004348541667,48.6986013558088,2850.74025474086,NaN,0.0529041642296652
spiked_leverage,256,32000,7,rand,running_mean,normweighted,256,0.00767014020833333,78.7107717974564,2850.74025474086,2,0.0278023219209989
spiked_leverage,256,32000,7,rand_r12,running_mean,normweighted,256,0.0675799735416667,78.7107717974564,2850.74025474086,2,0.0278023219209989
spiked_leverage,256,32000,8,det,na,na,0,0.802925181875,47.0589516977399,2850.74025474086,NaN,0.0498984787737497
spiked_leverage,256,32000,8,builtin,na,na,0,0.452490765208333,46.5883315017255,2850.74025474086,NaN,0.0581981592319298
spiked_leverage,256,32000,8,rand,running_mean,normweighted,256,0.00827172354166667,81.762853091187,2850.74025474086,2,0.0249485224126885
spiked_leverage,256,32000,8,rand_r12,running_mean,normweighted,256,0.0630609735416667,81.762853091187,2850.74025474086,2,0.0249485224126885
spiked_leverage,256,32000,9,det,na,na,0,0.809670848541667,47.7866228381018,2850.74025474086,NaN,0.0514618827024421
spiked_leverage,256,32000,9,builtin,na,na,0,0.463521431875,48.5091716230111,2850.74025474086,NaN,0.053069850250577
spiked_leverage,256,32000,9,rand,running_mean,normweighted,256,0.007561181875,112.060324414003,2850.74025474086,2,0.0138980359052845
spiked_leverage,256,32000,9,rand_r12,running_mean,normweighted,256,0.0627181402083333,112.060324414003,2850.74025474086,2,0.0138980359052845
spiked_leverage,256,32000,10,det,na,na,0,0.811178681875,47.8730544312724,2850.74025474086,NaN,0.0536147454742297
spiked_leverage,256,32000,10,builtin,na,na,0,0.452285473541667,46.4520257066065,2850.74025474086,NaN,0.0543015704597911
spiked_leverage,256,32000,10,rand,running_mean,normweighted,256,0.00749439020833333,91.4088886801504,2850.74025474086,2,0.0218945560126489
spiked_leverage,256,32000,10,rand_r12,running_mean,normweighted,256,0.0630242652083333,91.4088886801504,2850.74025474086,2,0.0218945560126489
spiked_leverage,256,32000,11,det,na,na,0,0.851545015208333,46.9863849785713,2850.74025474086,NaN,0.0599010802124005
spiked_leverage,256,32000,11,builtin,na,na,0,0.454689848541667,49.9388767920407,2850.74025474086,NaN,0.0476333836770024
spiked_leverage,256,32000,11,rand,running_mean,normweighted,256,0.00762009854166667,73.4199921541425,2850.74025474086,2,0.0298182477933483
spiked_leverage,256,32000,11,rand_r12,running_mean,normweighted,256,0.0639435985416667,73.4199921541425,2850.74025474086,2,0.0298182477933483
spiked_leverage,256,32000,12,det,na,na,0,0.793261598541667,46.6660790273448,2850.74025474086,NaN,0.0550575270442947
spiked_leverage,256,32000,12,builtin,na,na,0,0.450185140208333,48.0342823366154,2850.74025474086,NaN,0.0526636707434556
spiked_leverage,256,32000,12,rand,running_mean,normweighted,256,0.00779659854166667,79.7894534025448,2850.74025474086,2,0.0304369657210595
spiked_leverage,256,32000,12,rand_r12,running_mean,normweighted,256,0.062790806875,79.7894534025448,2850.74025474086,2,0.0304369657210595
spiked_leverage,256,32000,13,det,na,na,0,0.795004473541667,47.2475699789712,2850.74025474086,NaN,0.0559125852824405
spiked_leverage,256,32000,13,builtin,na,na,0,0.458697056875,47.3817054066554,2850.74025474086,NaN,0.0558236794675272
spiked_leverage,256,32000,13,rand,running_mean,normweighted,256,0.00749259854166667,87.9178437482912,2850.74025474086,2,0.0204916157669959
spiked_leverage,256,32000,13,rand_r12,running_mean,normweighted,256,0.0627625152083333,87.9178437482912,2850.74025474086,2,0.0204916157669959
spiked_leverage,256,32000,14,det,na,na,0,0.801246598541667,45.5724644997904,2850.74025474086,NaN,0.0637296243236139
spiked_leverage,256,32000,14,builtin,na,na,0,0.449665140208333,49.3687437527345,2850.74025474086,NaN,0.0477270394638387
spiked_leverage,256,32000,14,rand,running_mean,normweighted,256,0.00779459854166667,97.0769675338004,2850.74025474086,2,0.0200739446152635
spiked_leverage,256,32000,14,rand_r12,running_mean,normweighted,256,0.0627418902083333,97.0769675338004,2850.74025474086,2,0.0200739446152635
spiked_leverage,256,32000,15,det,na,na,0,0.788056140208333,47.0304328599583,2850.74025474086,NaN,0.0524278176046591
spiked_leverage,256,32000,15,builtin,na,na,0,0.456401765208333,49.6416999261487,2850.74025474086,NaN,0.0467711670488601
spiked_leverage,256,32000,15,rand,running_mean,normweighted,256,0.00762609854166667,75.7596296581683,2850.74025474086,2,0.0281518619946188
spiked_leverage,256,32000,15,rand_r12,running_mean,normweighted,256,0.0618143902083333,75.7596296581683,2850.74025474086,2,0.0281518619946188
spiked_leverage,256,32000,16,det,na,na,0,0.772440640208333,47.9712306774028,2850.74025474086,NaN,0.0527916959852953
spiked_leverage,256,32000,16,builtin,na,na,0,0.459164515208333,48.3719493126894,2850.74025474086,NaN,0.054530742962566
spiked_leverage,256,32000,16,rand,running_mean,normweighted,256,0.00772384854166667,70.1359933724991,2850.74025474086,2,0.0322859900237219
spiked_leverage,256,32000,16,rand_r12,running_mean,normweighted,256,0.0627554735416667,70.1359933724991,2850.74025474086,2,0.0322859900237219
spiked_leverage,256,32000,17,det,na,na,0,0.816698098541667,48.1805882200058,2850.74025474086,NaN,0.0545467996897299
spiked_leverage,256,32000,17,builtin,na,na,0,0.458914140208333,50.5232196708245,2850.74025474086,NaN,0.0398915836876331
spiked_leverage,256,32000,17,rand,running_mean,normweighted,256,0.00759997354166667,88.2093490928533,2850.74025474086,2,0.0239415130388005
spiked_leverage,256,32000,17,rand_r12,running_mean,normweighted,256,0.0629895985416667,88.2093490928533,2850.74025474086,2,0.0239415130388005
spiked_leverage,256,32000,18,det,na,na,0,0.811707973541667,47.2756088753695,2850.74025474086,NaN,0.0559150014976107
spiked_leverage,256,32000,18,builtin,na,na,0,0.454273723541667,46.7545576483184,2850.74025474086,NaN,0.0545077129380024
spiked_leverage,256,32000,18,rand,running_mean,normweighted,256,0.00755622354166667,93.0174952952559,2850.74025474086,2,0.0197346131576358
spiked_leverage,256,32000,18,rand_r12,running_mean,normweighted,256,0.0628649735416667,93.0174952952559,2850.74025474086,2,0.0197346131576358
spiked_leverage,256,32000,19,det,na,na,0,0.811073806875,47.8794338439633,2850.74025474086,NaN,0.0570480493830407
spiked_leverage,256,32000,19,builtin,na,na,0,0.453326473541667,46.5710674832831,2850.74025474086,NaN,0.0618121051856235
spiked_leverage,256,32000,19,rand,running_mean,normweighted,256,0.00780397354166667,72.2212665544009,2850.74025474086,2,0.0294353727143619
spiked_leverage,256,32000,19,rand_r12,running_mean,normweighted,256,0.0628530985416667,72.2212665544009,2850.74025474086,2,0.0294353727143619
spiked_leverage,256,32000,20,det,na,na,0,0.793322765208333,46.8843072888067,2850.74025474086,NaN,0.058971853618972
spiked_leverage,256,32000,20,builtin,na,na,0,0.448908098541667,46.984801168512,2850.74025474086,NaN,0.0555377927652678
spiked_leverage,256,32000,20,rand,running_mean,normweighted,256,0.00771347354166667,70.3174613624837,2850.74025474086,2,0.0357586307983954
spiked_leverage,256,32000,20,rand_r12,running_mean,normweighted,256,0.062667931875,70.3174613624837,2850.74025474086,2,0.0357586307983954
spiked_leverage,256,64000,1,det,na,na,0,1.647822431875,48.1287943370741,4039.64354863149,NaN,0.0526223278269341
spiked_leverage,256,64000,1,builtin,na,na,0,0.921132098541667,51.5034248533906,4039.64354863149,NaN,0.0430753222680675
spiked_leverage,256,64000,1,rand,running_mean,normweighted,256,0.0107007235416667,71.3123149147024,4039.64354863149,2,0.0345721074690041
spiked_leverage,256,64000,1,rand_r12,running_mean,normweighted,256,0.119907431875,71.3123149147024,4039.64354863149,2,0.0345721074690041
spiked_leverage,256,64000,2,det,na,na,0,1.644947556875,47.9852032265446,4039.64354863149,NaN,0.0531480996215503
spiked_leverage,256,64000,2,builtin,na,na,0,0.951286681875,46.7779771267931,4039.64354863149,NaN,0.0593815520605519
spiked_leverage,256,64000,2,rand,running_mean,normweighted,256,0.010482806875,68.2809725546494,4039.64354863149,2,0.0372221730900099
spiked_leverage,256,64000,2,rand_r12,running_mean,normweighted,256,0.119120556875,68.2809725546494,4039.64354863149,2,0.0372221730900099
spiked_leverage,256,64000,3,det,na,na,0,1.663703056875,46.6468890448216,4039.64354863149,NaN,0.0604515125066043
spiked_leverage,256,64000,3,builtin,na,na,0,0.933060015208333,47.2376146633352,4039.64354863149,NaN,0.0587704936687877
spiked_leverage,256,64000,3,rand,running_mean,normweighted,256,0.0109150152083333,60.8537504468202,4039.64354863149,2,0.0424872844738628
spiked_leverage,256,64000,3,rand_r12,running_mean,normweighted,256,0.118889556875,60.8537504468202,4039.64354863149,2,0.0424872844738628
spiked_leverage,256,64000,4,det,na,na,0,1.68235239020833,47.1161046698648,4039.64354863149,NaN,0.0599191520326173
spiked_leverage,256,64000,4,builtin,na,na,0,0.950287806875,49.9883623796207,4039.64354863149,NaN,0.0461333261903435
spiked_leverage,256,64000,4,rand,running_mean,normweighted,256,0.010335431875,67.7383702725903,4039.64354863149,2,0.0377383652476228
spiked_leverage,256,64000,4,rand_r12,running_mean,normweighted,256,0.118065931875,67.7383702725903,4039.64354863149,2,0.0377383652476228
spiked_leverage,256,64000,5,det,na,na,0,1.66352397354167,48.9019552412631,4039.64354863149,NaN,0.0462873713260454
spiked_leverage,256,64000,5,builtin,na,na,0,0.955447931875,49.1062002784302,4039.64354863149,NaN,0.055412947748344
spiked_leverage,256,64000,5,rand,running_mean,normweighted,256,0.0104372235416667,62.404026016848,4039.64354863149,2,0.0360061277019728
spiked_leverage,256,64000,5,rand_r12,running_mean,normweighted,256,0.118576390208333,62.404026016848,4039.64354863149,2,0.0360061277019728
spiked_leverage,256,64000,6,det,na,na,0,1.674209056875,48.3452484344659,4039.64354863149,NaN,0.0490668325832171
spiked_leverage,256,64000,6,builtin,na,na,0,0.946326556875,51.4375489368776,4039.64354863149,NaN,0.041607986494217
spiked_leverage,256,64000,6,rand,running_mean,normweighted,256,0.010149431875,68.4615936610944,4039.64354863149,2,0.0353958868381658
spiked_leverage,256,64000,6,rand_r12,running_mean,normweighted,256,0.118390890208333,68.4615936610944,4039.64354863149,2,0.0353958868381658
spiked_leverage,256,64000,7,det,na,na,0,1.71105989020833,47.3460369040106,4039.64354863149,NaN,0.0544736949212867
spiked_leverage,256,64000,7,builtin,na,na,0,0.948309806875,48.3517686036793,4039.64354863149,NaN,0.0538478938184331
spiked_leverage,256,64000,7,rand,running_mean,normweighted,256,0.0106476402083333,65.9880597747706,4039.64354863149,2,0.0401553827867715
spiked_leverage,256,64000,7,rand_r12,running_mean,normweighted,256,0.118798681875,65.9880597747706,4039.64354863149,2,0.0401553827867715
spiked_leverage,256,64000,8,det,na,na,0,1.65577214020833,46.9137039775501,4039.64354863149,NaN,0.0562187208328807
spiked_leverage,256,64000,8,builtin,na,na,0,0.937316848541667,49.157346091501,4039.64354863149,NaN,0.047393148765731
spiked_leverage,256,64000,8,rand,running_mean,normweighted,256,0.0104931402083333,68.235898096058,4039.64354863149,2,0.0376919230314629
spiked_leverage,256,64000,8,rand_r12,running_mean,normweighted,256,0.118701640208333,68.235898096058,4039.64354863149,2,0.0376919230314629
spiked_leverage,256,64000,9,det,na,na,0,1.644894306875,48.790232339327,4039.64354863149,NaN,0.0497889540927
spiked_leverage,256,64000,9,builtin,na,na,0,0.951350056875,49.8221715455803,4039.64354863149,NaN,0.0440785000645552
spiked_leverage,256,64000,9,rand,running_mean,normweighted,256,0.010587056875,69.7153375265991,4039.64354863149,2,0.036835761809063
spiked_leverage,256,64000,9,rand_r12,running_mean,normweighted,256,0.119204931875,69.7153375265991,4039.64354863149,2,0.036835761809063
spiked_leverage,256,64000,10,det,na,na,0,1.65496951520833,47.0307215115762,4039.64354863149,NaN,0.0597373231617969
spiked_leverage,256,64000,10,builtin,na,na,0,0.933728390208333,48.3593646533961,4039.64354863149,NaN,0.0524301788696104
spiked_leverage,256,64000,10,rand,running_mean,normweighted,256,0.0107112652083333,71.51910416876,4039.64354863149,2,0.0319657863417835
spiked_leverage,256,64000,10,rand_r12,running_mean,normweighted,256,0.119023015208333,71.51910416876,4039.64354863149,2,0.0319657863417835
spiked_leverage,256,64000,11,det,na,na,0,1.64806584854167,47.2259840015669,4039.64354863149,NaN,0.0557746248327931
spiked_leverage,256,64000,11,builtin,na,na,0,0.936562598541667,51.1427866328717,4039.64354863149,NaN,0.0402220169054095
spiked_leverage,256,64000,11,rand,running_mean,normweighted,256,0.0105283485416667,66.4427071455109,4039.64354863149,2,0.0384734760460888
spiked_leverage,256,64000,11,rand_r12,running_mean,normweighted,256,0.118361681875,66.4427071455109,4039.64354863149,2,0.0384734760460888
spiked_leverage,256,64000,12,det,na,na,0,1.67042676520833,47.2720561310329,4039.64354863149,NaN,0.0588275513929649
spiked_leverage,256,64000,12,builtin,na,na,0,0.949724015208333,51.2152477544431,4039.64354863149,NaN,0.043867676383678
spiked_leverage,256,64000,12,rand,running_mean,normweighted,256,0.0103594735416667,67.221214867436,4039.64354863149,2,0.0355623494343986
spiked_leverage,256,64000,12,rand_r12,running_mean,normweighted,256,0.119411015208333,67.221214867436,4039.64354863149,2,0.0355623494343986
spiked_leverage,256,64000,13,det,na,na,0,1.668879556875,47.3481060510648,4039.64354863149,NaN,0.0546702314900252
spiked_leverage,256,64000,13,builtin,na,na,0,0.951290223541667,48.7945905442136,4039.64354863149,NaN,0.047451683013753
spiked_leverage,256,64000,13,rand,running_mean,normweighted,256,0.0102408485416667,74.555076593977,4039.64354863149,2,0.0313977456208974
spiked_leverage,256,64000,13,rand_r12,running_mean,normweighted,256,0.118638473541667,74.555076593977,4039.64354863149,2,0.0313977456208974
spiked_leverage,256,64000,14,det,na,na,0,1.69717951520833,48.6563448217067,4039.64354863149,NaN,0.0512867848745534
spiked_leverage,256,64000,14,builtin,na,na,0,0.957977723541667,47.3999781382443,4039.64354863149,NaN,0.0560365278646963
spiked_leverage,256,64000,14,rand,running_mean,normweighted,256,0.0104370152083333,86.682700713521,4039.64354863149,2,0.0196101530186227
spiked_leverage,256,64000,14,rand_r12,running_mean,normweighted,256,0.118075806875,86.682700713521,4039.64354863149,2,0.0196101530186227
spiked_leverage,256,64000,15,det,na,na,0,1.77196847354167,46.570693241372,4039.64354863149,NaN,0.0642099519054697
spiked_leverage,256,64000,15,builtin,na,na,0,0.951764723541667,50.5454887066669,4039.64354863149,NaN,0.0449892817861404
spiked_leverage,256,64000,15,rand,running_mean,normweighted,256,0.0106225985416667,71.7662103925626,4039.64354863149,2,0.03298875526401
spiked_leverage,256,64000,15,rand_r12,running_mean,normweighted,256,0.118464098541667,71.7662103925626,4039.64354863149,2,0.03298875526401
spiked_leverage,256,64000,16,det,na,na,0,1.664841994375,46.2916537622612,4039.64354863149,NaN,0.0624927014472754
spiked_leverage,256,64000,16,builtin,na,na,0,0.936167431875,50.8393781772939,4039.64354863149,NaN,0.0479953987648312
spiked_leverage,256,64000,16,rand,running_mean,normweighted,256,0.0103444735416667,75.964410493915,4039.64354863149,2,0.029796739126702
spiked_leverage,256,64000,16,rand_r12,running_mean,normweighted,256,0.117416973541667,75.964410493915,4039.64354863149,2,0.029796739126702
spiked_leverage,256,64000,17,det,na,na,0,1.62645409854167,47.4575322535682,4039.64354863149,NaN,0.0534473097919664
spiked_leverage,256,64000,17,builtin,na,na,0,0.938069848541667,47.5810547106547,4039.64354863149,NaN,0.0540098974083559
spiked_leverage,256,64000,17,rand,running_mean,normweighted,256,0.0103932235416667,68.2893830627134,4039.64354863149,2,0.0350434852327616
spiked_leverage,256,64000,17,rand_r12,running_mean,normweighted,256,0.118180390208333,68.2893830627134,4039.64354863149,2,0.0350434852327616
spiked_leverage,256,64000,18,det,na,na,0,1.64327526520833,47.5030155870165,4039.64354863149,NaN,0.0504810626111936
spiked_leverage,256,64000,18,builtin,na,na,0,0.894555598541667,47.7772927707794,4039.64354863149,NaN,0.0594113746823619
spiked_leverage,256,64000,18,rand,running_mean,normweighted,256,0.0103622235416667,66.5701020514587,4039.64354863149,2,0.0360081828868004
spiked_leverage,256,64000,18,rand_r12,running_mean,normweighted,256,0.113591515208333,66.5701020514587,4039.64354863149,2,0.0360081828868004
spiked_leverage,256,64000,19,det,na,na,0,1.507573431875,48.2186208529755,4039.64354863149,NaN,0.0520107768478827
spiked_leverage,256,64000,19,builtin,na,na,0,0.898105973541667,48.4712149879642,4039.64354863149,NaN,0.0494268720381988
spiked_leverage,256,64000,19,rand,running_mean,normweighted,256,0.009909806875,65.2483850680349,4039.64354863149,2,0.0396218497189119
spiked_leverage,256,64000,19,rand_r12,running_mean,normweighted,256,0.113834015208333,65.2483850680349,4039.64354863149,2,0.0396218497189119
spiked_leverage,256,64000,20,det,na,na,0,1.52262664020833,48.0814010737033,4039.64354863149,NaN,0.0539615958732791
spiked_leverage,256,64000,20,builtin,na,na,0,0.881524598541667,48.8630231881606,4039.64354863149,NaN,0.0513947542976143
spiked_leverage,256,64000,20,rand,running_mean,normweighted,256,0.009880431875,67.5441829856428,4039.64354863149,2,0.0364774819519844
spiked_leverage,256,64000,20,rand_r12,running_mean,normweighted,256,0.113004140208333,67.5441829856428,4039.64354863149,2,0.0364774819519844
needle,256,1000,1,det,na,na,0,0.009205556875,37.2592362849466,436.715010046598,NaN,0.0705613949698358
needle,256,1000,1,builtin,na,na,0,0.00620139020833333,38.2699056386512,436.715010046598,NaN,0.0651526283931111
needle,256,1000,1,rand,running_mean,normweighted,256,0.00484176520833333,57.7635288452649,436.715010046598,2,0.0354586282289591
needle,256,1000,1,rand_r12,running_mean,normweighted,256,0.00582772354166667,57.7635288452649,436.715010046598,2,0.0354586282289591
needle,256,1000,2,det,na,na,0,0.00921809854166667,36.6639682990837,436.715010046598,NaN,0.0595301205063732
needle,256,1000,2,builtin,na,na,0,0.00601522354166667,36.9166178168511,436.715010046598,NaN,0.0666085120005306
needle,256,1000,2,rand,running_mean,normweighted,256,0.004786556875,54.8936704928646,436.715010046598,2,0.0415687689200994
needle,256,1000,2,rand_r12,running_mean,normweighted,256,0.00567001520833333,54.8936704928646,436.715010046598,2,0.0415687689200994
needle,256,1000,3,det,na,na,0,0.009414306875,36.4061936830973,436.715010046598,NaN,0.0759537731262476
needle,256,1000,3,builtin,na,na,0,0.00611372354166667,40.1588062826941,436.715010046598,NaN,0.043680705114207
needle,256,1000,3,rand,running_mean,normweighted,256,0.004726181875,61.1316278326895,436.715010046598,2,0.0335677382938729
needle,256,1000,3,rand_r12,running_mean,normweighted,256,0.00585909854166667,61.1316278326895,436.715010046598,2,0.0335677382938729
needle,256,1000,4,det,na,na,0,0.00948322354166667,35.2578912972521,436.715010046598,NaN,0.0761086114019267
needle,256,1000,4,builtin,na,na,0,0.00603134854166667,36.4947832628327,436.715010046598,NaN,0.0655012756577223
needle,256,1000,4,rand,running_mean,normweighted,256,0.00470739020833333,58.7676673499407,436.715010046598,2,0.0391501966036193
needle,256,1000,4,rand_r12,running_mean,normweighted,256,0.005689556875,58.7676673499407,436.715010046598,2,0.0391501966036193
needle,256,1000,5,det,na,na,0,0.009544931875,36.1310984756134,436.715010046598,NaN,0.0760021285979597
needle,256,1000,5,builtin,na,na,0,0.00608039020833333,38.5314087019816,436.715010046598,NaN,0.0612471857747257
needle,256,1000,5,rand,running_mean,normweighted,256,0.00477622354166667,61.0610130588588,436.715010046598,2,0.0338013641437952
needle,256,1000,5,rand_r12,running_mean,normweighted,256,0.00566226520833333,61.0610130588588,436.715010046598,2,0.0338013641437952
needle,256,1000,6,det,na,na,0,0.009543806875,37.3819555824046,436.715010046598,NaN,0.0619716762490266
needle,256,1000,6,builtin,na,na,0,0.00604959854166667,37.4993945237237,436.715010046598,NaN,0.0637797403949664
needle,256,1000,6,rand,running_mean,normweighted,256,0.004728056875,60.5863015092401,436.715010046598,2,0.030545171201695
needle,256,1000,6,rand_r12,running_mean,normweighted,256,0.005624931875,60.5863015092401,436.715010046598,2,0.030545171201695
needle,256,1000,7,det,na,na,0,0.00951209854166667,36.6956643607041,436.715010046598,NaN,0.0679345822447991
needle,256,1000,7,builtin,na,na,0,0.006077806875,36.9283436565961,436.715010046598,NaN,0.062709618384348
needle,256,1000,7,rand,running_mean,normweighted,256,0.00476497354166667,75.7249672560401,436.715010046598,2,0.0239395129539419
needle,256,1000,7,rand_r12,running_mean,normweighted,256,0.00562222354166667,75.7249672560401,436.715010046598,2,0.0239395129539419
needle,256,1000,8,det,na,na,0,0.00952309854166667,36.8247617697472,436.715010046598,NaN,0.0732449658102383
needle,256,1000,8,builtin,na,na,0,0.00617864020833333,37.5407669950926,436.715010046598,NaN,0.060736645002417
needle,256,1000,8,rand,running_mean,normweighted,256,0.00476847354166667,61.6627870938446,436.715010046598,2,0.035576432021957
needle,256,1000,8,rand_r12,running_mean,normweighted,256,0.005674556875,61.6627870938446,436.715010046598,2,0.035576432021957
needle,256,1000,9,det,na,na,0,0.00952909854166667,35.6291235505578,436.715010046598,NaN,0.0739318129507635
needle,256,1000,9,builtin,na,na,0,0.006120931875,37.7748679591202,436.715010046598,NaN,0.0562291375805965
needle,256,1000,9,rand,running_mean,normweighted,256,0.004837931875,47.6928142407322,436.715010046598,2,0.0548038957807122
needle,256,1000,9,rand_r12,running_mean,normweighted,256,0.00577764020833333,47.6928142407322,436.715010046598,2,0.0548038957807122
needle,256,1000,10,det,na,na,0,0.00949389020833333,35.7159774779921,436.715010046598,NaN,0.074048738517573
needle,256,1000,10,builtin,na,na,0,0.006006931875,37.8850540950394,436.715010046598,NaN,0.0628999458735562
needle,256,1000,10,rand,running_mean,normweighted,256,0.004753931875,55.1716895215145,436.715010046598,2,0.0376334753814736
needle,256,1000,10,rand_r12,running_mean,normweighted,256,0.00562914020833333,55.1716895215145,436.715010046598,2,0.0376334753814736
needle,256,1000,11,det,na,na,0,0.00950451520833333,37.9696346512001,436.715010046598,NaN,0.0724794194505363
needle,256,1000,11,builtin,na,na,0,0.00610751520833333,36.6178614027862,436.715010046598,NaN,0.0707899702938396
needle,256,1000,11,rand,running_mean,normweighted,256,0.004717931875,74.6701600423262,436.715010046598,2,0.0228277048897862
needle,256,1000,11,rand_r12,running_mean,normweighted,256,0.005637306875,74.6701600423262,436.715010046598,2,0.0228277048897862
needle,256,1000,12,det,na,na,0,0.00945122354166667,37.0345624467417,436.715010046598,NaN,0.0590928582305541
needle,256,1000,12,builtin,na,na,0,0.00616039020833333,37.5673469792603,436.715010046598,NaN,0.065243255973836
needle,256,1000,12,rand,running_mean,normweighted,256,0.00471289020833333,65.7935037145962,436.715010046598,2,0.0272354244756642
needle,256,1000,12,rand_r12,running_mean,normweighted,256,0.00567684854166667,65.7935037145962,436.715010046598,2,0.0272354244756642
needle,256,1000,13,det,na,na,0,0.00954826520833333,37.0953481464519,436.715010046598,NaN,0.0705797074106896
needle,256,1000,13,builtin,na,na,0,0.006059181875,39.6680604034045,436.715010046598,NaN,0.0482187643186361
needle,256,1000,13,rand,running_mean,normweighted,256,0.00474476520833333,49.4743890385302,436.715010046598,2,0.0454330777154077
needle,256,1000,13,rand_r12,running_mean,normweighted,256,0.005671931875,49.4743890385302,436.715010046598,2,0.0454330777154077
needle,256,1000,14,det,na,na,0,0.00954384854166667,36.6296229244724,436.715010046598,NaN,0.0683594769255221
needle,256,1000,14,builtin,na,na,0,0.00604289020833333,38.2418772596798,436.715010046598,NaN,0.054904783392926
needle,256,1000,14,rand,running_mean,normweighted,256,0.004798681875,72.6035856424671,436.715010046598,2,0.0254486734371701
needle,256,1000,14,rand_r12,running_mean,normweighted,256,0.00568509854166667,72.6035856424671,436.715010046598,2,0.0254486734371701
needle,256,1000,15,det,na,na,0,0.009486431875,36.8142950661814,436.715010046598,NaN,0.0663825474698287
needle,256,1000,15,builtin,na,na,0,0.00609264020833333,38.2157912032883,436.715010046598,NaN,0.0589123880742234
needle,256,1000,15,rand,running_mean,normweighted,256,0.00472651520833333,57.4794328245686,436.715010046598,2,0.0343947954066384
needle,256,1000,15,rand_r12,running_mean,normweighted,256,0.00562034854166667,57.4794328245686,436.715010046598,2,0.0343947954066384
needle,256,1000,16,det,na,na,0,0.00952951520833333,35.3577936522331,436.715010046598,NaN,0.0679353472698459
needle,256,1000,16,builtin,na,na,0,0.00608522354166667,38.4480306922093,436.715010046598,NaN,0.0639728665690773
needle,256,1000,16,rand,running_mean,normweighted,256,0.00475784854166667,62.5996456077053,436.715010046598,2,0.03412422249005
needle,256,1000,16,rand_r12,running_mean,normweighted,256,0.005657431875,62.5996456077053,436.715010046598,2,0.03412422249005
needle,256,1000,17,det,na,na,0,0.009572931875,38.0120841245972,436.715010046598,NaN,0.0611217779222092
needle,256,1000,17,builtin,na,na,0,0.006089681875,36.7337527140863,436.715010046598,NaN,0.0697034174119421
needle,256,1000,17,rand,running_mean,normweighted,256,0.00471864020833333,64.2364510022913,436.715010046598,2,0.0344043568013124
needle,256,1000,17,rand_r12,running_mean,normweighted,256,0.00564226520833333,64.2364510022913,436.715010046598,2,0.0344043568013124
needle,256,1000,18,det,na,na,0,0.00942047354166667,35.8798265861523,436.715010046598,NaN,0.0789884779838032
needle,256,1000,18,builtin,na,na,0,0.00609934854166667,37.4686579617022,436.715010046598,NaN,0.0682222819178622
needle,256,1000,18,rand,running_mean,normweighted,256,0.00477297354166667,53.2396578335567,436.715010046598,2,0.037803646827089
needle,256,1000,18,rand_r12,running_mean,normweighted,256,0.005677306875,53.2396578335567,436.715010046598,2,0.037803646827089
needle,256,1000,19,det,na,na,0,0.009425056875,36.4814105908419,436.715010046598,NaN,0.0759641974857964
needle,256,1000,19,builtin,na,na,0,0.00611034854166667,38.3573484255353,436.715010046598,NaN,0.0609345950251327
needle,256,1000,19,rand,running_mean,normweighted,256,0.00422847354166667,102.716996565298,436.715010046598,1,0.0127182725732791
needle,256,1000,19,rand_r12,running_mean,normweighted,256,0.00517897354166667,102.716996565298,436.715010046598,1,0.0127182725732791
needle,256,1000,20,det,na,na,0,0.00969834854166667,35.8237550193802,436.715010046598,NaN,0.0736827296557412
needle,256,1000,20,builtin,na,na,0,0.00623872354166667,37.0738113568336,436.715010046598,NaN,0.0724002824103251
needle,256,1000,20,rand,running_mean,normweighted,256,0.00481547354166667,62.4917665210603,436.715010046598,2,0.0319748716385694
needle,256,1000,20,rand_r12,running_mean,normweighted,256,0.00577309854166667,62.4917665210603,436.715010046598,2,0.0319748716385694
needle,256,2000,1,det,na,na,0,0.0201355985416667,36.5409944445412,668.371154374574,NaN,0.0667840672334972
needle,256,2000,1,builtin,na,na,0,0.0119740152083333,35.5460286152967,668.371154374574,NaN,0.0707315368757632
needle,256,2000,1,rand,running_mean,normweighted,256,0.00491034854166667,65.4263231006857,668.371154374574,2,0.0284334698514388
needle,256,2000,1,rand_r12,running_mean,normweighted,256,0.007328306875,65.4263231006857,668.371154374574,2,0.0284334698514388
needle,256,2000,2,det,na,na,0,0.019723806875,36.008538054891,668.371154374574,NaN,0.0703714607658672
needle,256,2000,2,builtin,na,na,0,0.012024431875,37.6760476897061,668.371154374574,NaN,0.0568502595351947
needle,256,2000,2,rand,running_mean,normweighted,256,0.00489247354166667,64.1075897132103,668.371154374574,2,0.0275727308294815
needle,256,2000,2,rand_r12,running_mean,normweighted,256,0.007083306875,64.1075897132103,668.371154374574,2,0.0275727308294815
needle,256,2000,3,det,na,na,0,0.0198983485416667,36.6638400362576,668.371154374574,NaN,0.0683941565534188
needle,256,2000,3,builtin,na,na,0,0.0115222235416667,36.6527205562909,668.371154374574,NaN,0.0672098813554299
needle,256,2000,3,rand,running_mean,normweighted,256,0.00479514020833333,67.7367671019201,668.371154374574,2,0.0273523026603897
needle,256,2000,3,rand_r12,running_mean,normweighted,256,0.006951806875,67.7367671019201,668.371154374574,2,0.0273523026603897
needle,256,2000,4,det,na,na,0,0.0199362652083333,34.9873009714652,668.371154374574,NaN,0.0778819304645742
needle,256,2000,4,builtin,na,na,0,0.0116024735416667,38.9713168092075,668.371154374574,NaN,0.049732289470346
needle,256,2000,4,rand,running_mean,normweighted,256,0.00433639020833333,99.9622277464179,668.371154374574,1,0.0139702358932558
needle,256,2000,4,rand_r12,running_mean,normweighted,256,0.006707181875,99.9622277464179,668.371154374574,1,0.0139702358932558
needle,256,2000,5,det,na,na,0,0.0194277235416667,36.8468940884585,668.371154374574,NaN,0.0699631177415825
needle,256,2000,5,builtin,na,na,0,0.011511931875,38.7661434692337,668.371154374574,NaN,0.0630924509887985
needle,256,2000,5,rand,running_mean,normweighted,256,0.00491401520833333,62.3623046307021,668.371154374574,2,0.0272535241922446
needle,256,2000,5,rand_r12,running_mean,normweighted,256,0.007316681875,62.3623046307021,668.371154374574,2,0.0272535241922446
needle,256,2000,6,det,na,na,0,0.0198038485416667,35.4017997648434,668.371154374574,NaN,0.0796523578256082
needle,256,2000,6,builtin,na,na,0,0.0114000985416667,37.8378549757526,668.371154374574,NaN,0.0661032808238783
needle,256,2000,6,rand,running_mean,normweighted,256,0.004785431875,71.2887950241908,668.371154374574,2,0.027614325838149
needle,256,2000,6,rand_r12,running_mean,normweighted,256,0.00696547354166667,71.2887950241908,668.371154374574,2,0.027614325838149
needle,256,2000,7,det,na,na,0,0.0193145152083333,35.1033974835848,668.371154374574,NaN,0.0821572540271349
needle,256,2000,7,builtin,na,na,0,0.0114398485416667,37.1771807445588,668.371154374574,NaN,0.0668116227634684
needle,256,2000,7,rand,running_mean,normweighted,256,0.00479534854166667,88.8116033377266,668.371154374574,2,0.0179846269249834
needle,256,2000,7,rand_r12,running_mean,normweighted,256,0.00701959854166667,88.8116033377266,668.371154374574,2,0.0179846269249834
needle,256,2000,8,det,na,na,0,0.0194231402083333,38.3667871884252,668.371154374574,NaN,0.0581548704574847
needle,256,2000,8,builtin,na,na,0,0.0114591402083333,38.9233174728506,668.371154374574,NaN,0.0562372669704508
needle,256,2000,8,rand,running_mean,normweighted,256,0.004807681875,59.9880286432305,668.371154374574,2,0.0321170401697512
needle,256,2000,8,rand_r12,running_mean,normweighted,256,0.00689509854166667,59.9880286432305,668.371154374574,2,0.0321170401697512
needle,256,2000,9,det,na,na,0,0.0195720152083333,36.9119409198344,668.371154374574,NaN,0.0643472092016233
needle,256,2000,9,builtin,na,na,0,0.0114868902083333,35.7924555813748,668.371154374574,NaN,0.0699320441658767
needle,256,2000,9,rand,running_mean,normweighted,256,0.00478476520833333,68.5701937344542,668.371154374574,2,0.0311811672599591
needle,256,2000,9,rand_r12,running_mean,normweighted,256,0.00689009854166667,68.5701937344542,668.371154374574,2,0.0311811672599591
needle,256,2000,10,det,na,na,0,0.019418431875,35.9198832440814,668.371154374574,NaN,0.0723646628057051
needle,256,2000,10,builtin,na,na,0,0.0113795985416667,36.7246367416308,668.371154374574,NaN,0.0669180273521841
needle,256,2000,10,rand,running_mean,normweighted,256,0.00473651520833333,77.7770194052199,668.371154374574,2,0.0193414794482305
needle,256,2000,10,rand_r12,running_mean,normweighted,256,0.006901306875,77.7770194052199,668.371154374574,2,0.0193414794482305
needle,256,2000,11,det,na,na,0,0.0197737235416667,35.1921630175568,668.371154374574,NaN,0.0812219785653433
needle,256,2000,11,builtin,na,na,0,0.011534681875,35.7757512943784,668.371154374574,NaN,0.077682138581458
needle,256,2000,11,rand,running_mean,normweighted,256,0.00484239020833333,71.0152014350882,668.371154374574,2,0.0234762725069782
needle,256,2000,11,rand_r12,running_mean,normweighted,256,0.00703947354166667,71.0152014350882,668.371154374574,2,0.0234762725069782
needle,256,2000,12,det,na,na,0,0.0196004735416667,36.4456513254602,668.371154374574,NaN,0.0756771186356344
needle,256,2000,12,builtin,na,na,0,0.0116727235416667,38.1302607051823,668.371154374574,NaN,0.0655988692560014
needle,256,2000,12,rand,running_mean,normweighted,256,0.004681931875,69.0155961215673,668.371154374574,2,0.0251965133888496
needle,256,2000,12,rand_r12,running_mean,normweighted,256,0.00681884854166667,69.0155961215673,668.371154374574,2,0.0251965133888496
needle,256,2000,13,det,na,na,0,0.019372431875,36.2600696777399,668.371154374574,NaN,0.0777372660694614
needle,256,2000,13,builtin,na,na,0,0.011323431875,38.9451396596896,668.371154374574,NaN,0.0636048226843476
needle,256,2000,13,rand,running_mean,normweighted,256,0.00486101520833333,54.5511184934035,668.371154374574,2,0.0372872410500873
needle,256,2000,13,rand_r12,running_mean,normweighted,256,0.00696472354166667,54.5511184934035,668.371154374574,2,0.0372872410500873
needle,256,2000,14,det,na,na,0,0.0194400152083333,35.9475920368318,668.371154374574,NaN,0.0717396136635867
needle,256,2000,14,builtin,na,na,0,0.0113600152083333,34.9103852711946,668.371154374574,NaN,0.0727201932457082
needle,256,2000,14,rand,running_mean,normweighted,256,0.00473276520833333,54.3347539622544,668.371154374574,2,0.0428304149021661
needle,256,2000,14,rand_r12,running_mean,normweighted,256,0.00684951520833333,54.3347539622544,668.371154374574,2,0.0428304149021661
needle,256,2000,15,det,na,na,0,0.0192515985416667,36.709308387429,668.371154374574,NaN,0.0720565687624705
needle,256,2000,15,builtin,na,na,0,0.011290931875,38.1118599771285,668.371154374574,NaN,0.0648459726863777
needle,256,2000,15,rand,running_mean,normweighted,256,0.00487776520833333,53.5515117517047,668.371154374574,2,0.0449104765288849
needle,256,2000,15,rand_r12,running_mean,normweighted,256,0.00700447354166667,53.5515117517047,668.371154374574,2,0.0449104765288849
needle,256,2000,16,det,na,na,0,0.019401681875,37.4866524660228,668.371154374574,NaN,0.0666820567956205
needle,256,2000,16,builtin,na,na,0,0.0114864735416667,38.4704853900282,668.371154374574,NaN,0.0593431517216144
needle,256,2000,16,rand,running_mean,normweighted,256,0.00437372354166667,121.30118979291,668.371154374574,1,0.0115644717412053
needle,256,2000,16,rand_r12,running_mean,normweighted,256,0.00656514020833333,121.30118979291,668.371154374574,1,0.0115644717412053
needle,256,2000,17,det,na,na,0,0.0194778485416667,36.3664307376215,668.371154374574,NaN,0.0708966321718772
needle,256,2000,17,builtin,na,na,0,0.0115528485416667,36.6920393779056,668.371154374574,NaN,0.066176970515977
needle,256,2000,17,rand,running_mean,normweighted,256,0.004911806875,66.2699688468322,668.371154374574,2,0.0315565300145832
needle,256,2000,17,rand_r12,running_mean,normweighted,256,0.00699934854166667,66.2699688468322,668.371154374574,2,0.0315565300145832
needle,256,2000,18,det,na,na,0,0.0193186402083333,37.0324110251492,668.371154374574,NaN,0.069592729277724
needle,256,2000,18,builtin,na,na,0,0.011478556875,36.4185653650201,668.371154374574,NaN,0.0693493064951502
needle,256,2000,18,rand,running_mean,normweighted,256,0.00479322354166667,82.1935112460563,668.371154374574,2,0.0223434722674249
needle,256,2000,18,rand_r12,running_mean,normweighted,256,0.006893806875,82.1935112460563,668.371154374574,2,0.0223434722674249
needle,256,2000,19,det,na,na,0,0.0193462235416667,37.0747896810058,668.371154374574,NaN,0.0706224524451764
needle,256,2000,19,builtin,na,na,0,0.0116510985416667,37.5212201915782,668.371154374574,NaN,0.0700623085623377
needle,256,2000,19,rand,running_mean,normweighted,256,0.004764306875,72.2880451203382,668.371154374574,2,0.0243912193716387
needle,256,2000,19,rand_r12,running_mean,normweighted,256,0.006917056875,72.2880451203382,668.371154374574,2,0.0243912193716387
needle,256,2000,20,det,na,na,0,0.019369556875,36.3988025571207,668.371154374574,NaN,0.0716969945461326
needle,256,2000,20,builtin,na,na,0,0.0114542235416667,39.1931010845222,668.371154374574,NaN,0.0506745208888493
needle,256,2000,20,rand,running_mean,normweighted,256,0.00474772354166667,73.6885923348482,668.371154374574,2,0.0258113201221747
needle,256,2000,20,rand_r12,running_mean,normweighted,256,0.006950556875,73.6885923348482,668.371154374574,2,0.0258113201221747
needle,256,4000,1,det,na,na,0,0.0382580152083333,36.1377481539819,979.142481970831,NaN,0.0774834213549854
needle,256,4000,1,builtin,na,na,0,0.021165681875,38.060764671951,979.142481970831,NaN,0.0651331120190106
needle,256,4000,1,rand,running_mean,normweighted,256,0.00494809854166667,96.046659607375,979.142481970831,2,0.0180262118508117
needle,256,4000,1,rand_r12,running_mean,normweighted,256,0.010157931875,96.046659607375,979.142481970831,2,0.0180262118508117
needle,256,4000,2,det,na,na,0,0.038162306875,37.0221589304939,979.142481970831,NaN,0.0596359829819164
needle,256,4000,2,builtin,na,na,0,0.021045056875,35.7840913899362,979.142481970831,NaN,0.0717214803300074
needle,256,4000,2,rand,running_mean,normweighted,256,0.004906306875,84.8962972215191,979.142481970831,2,0.0202029192048758
needle,256,4000,2,rand_r12,running_mean,normweighted,256,0.009947431875,84.8962972215191,979.142481970831,2,0.0202029192048758
needle,256,4000,3,det,na,na,0,0.038067056875,36.8718945462174,979.142481970831,NaN,0.0745690893981841
needle,256,4000,3,builtin,na,na,0,0.020912681875,35.7432532906948,979.142481970831,NaN,0.0744629849715351
needle,256,4000,3,rand,running_mean,normweighted,256,0.00491622354166667,93.0990947451645,979.142481970831,2,0.0158732419547414
needle,256,4000,3,rand_r12,running_mean,normweighted,256,0.0102128902083333,93.0990947451645,979.142481970831,2,0.0158732419547414
needle,256,4000,4,det,na,na,0,0.038294931875,37.7365433957548,979.142481970831,NaN,0.0601478502299467
needle,256,4000,4,builtin,na,na,0,0.0207575985416667,37.5872674768873,979.142481970831,NaN,0.0658074634901224
needle,256,4000,4,rand,running_mean,normweighted,256,0.004952681875,62.2740211505786,979.142481970831,2,0.0332914007730011
needle,256,4000,4,rand_r12,running_mean,normweighted,256,0.009994431875,62.2740211505786,979.142481970831,2,0.0332914007730011
needle,256,4000,5,det,na,na,0,0.0384218902083333,38.450553989324,979.142481970831,NaN,0.0553292376357627
needle,256,4000,5,builtin,na,na,0,0.0210477652083333,38.1724096567685,979.142481970831,NaN,0.0602398537148031
needle,256,4000,5,rand,running_mean,normweighted,256,0.004975556875,64.3605138454233,979.142481970831,2,0.0334517176538777
needle,256,4000,5,rand_r12,running_mean,normweighted,256,0.010111806875,64.3605138454233,979.142481970831,2,0.0334517176538777
needle,256,4000,6,det,na,na,0,0.0386303902083333,36.8037795994919,979.142481970831,NaN,0.0730132174725581
needle,256,4000,6,builtin,na,na,0,0.0207412652083333,39.0840870695615,979.142481970831,NaN,0.0591061978772348
needle,256,4000,6,rand,running_mean,normweighted,256,0.00488372354166667,63.2627857659225,979.142481970831,2,0.0320980266132425
needle,256,4000,6,rand_r12,running_mean,normweighted,256,0.0101376402083333,63.2627857659225,979.142481970831,2,0.0320980266132425
needle,256,4000,7,det,na,na,0,0.0382896402083333,36.0541997125021,979.142481970831,NaN,0.0755113551003829
needle,256,4000,7,builtin,na,na,0,0.020702306875,39.353148641264,979.142481970831,NaN,0.053668927071443
needle,256,4000,7,rand,running_mean,normweighted,256,0.00498601520833333,66.5944269431402,979.142481970831,2,0.0289613006082572
needle,256,4000,7,rand_r12,running_mean,normweighted,256,0.00995859854166667,66.5944269431402,979.142481970831,2,0.0289613006082572
needle,256,4000,8,det,na,na,0,0.0383106402083333,37.3065726200112,979.142481970831,NaN,0.0619490841060897
needle,256,4000,8,builtin,na,na,0,0.0211065985416667,39.1455510909802,979.142481970831,NaN,0.0549621044491417
needle,256,4000,8,rand,running_mean,normweighted,256,0.005018556875,65.0081964837951,979.142481970831,2,0.0285010221059127
needle,256,4000,8,rand_r12,running_mean,normweighted,256,0.0100817235416667,65.0081964837951,979.142481970831,2,0.0285010221059127
needle,256,4000,9,det,na,na,0,0.0389147652083333,35.8778821057937,979.142481970831,NaN,0.0720033670389025
needle,256,4000,9,builtin,na,na,0,0.021028931875,35.1856968306914,979.142481970831,NaN,0.0776157073426406
needle,256,4000,9,rand,running_mean,normweighted,256,0.00493634854166667,76.441683687594,979.142481970831,2,0.0211731236788715
needle,256,4000,9,rand_r12,running_mean,normweighted,256,0.009853931875,76.441683687594,979.142481970831,2,0.0211731236788715
needle,256,4000,10,det,na,na,0,0.038228306875,35.3463688090045,979.142481970831,NaN,0.075320214078378
needle,256,4000,10,builtin,na,na,0,0.0206582652083333,36.288717051707,979.142481970831,NaN,0.0690970712567924
needle,256,4000,10,rand,running_mean,normweighted,256,0.004927306875,63.6800031560955,979.142481970831,2,0.0317604533696978
needle,256,4000,10,rand_r12,running_mean,normweighted,256,0.009932431875,63.6800031560955,979.142481970831,2,0.0317604533696978
needle,256,4000,11,det,na,na,0,0.0383376402083333,35.6470184635134,979.142481970831,NaN,0.0698996459544153
needle,256,4000,11,builtin,na,na,0,0.0209157235416667,39.1846756882078,979.142481970831,NaN,0.0528785935104562
needle,256,4000,11,rand,running_mean,normweighted,256,0.00496309854166667,66.314519532124,979.142481970831,2,0.0277869988404661
needle,256,4000,11,rand_r12,running_mean,normweighted,256,0.0102437235416667,66.314519532124,979.142481970831,2,0.0277869988404661
needle,256,4000,12,det,na,na,0,0.0382093902083333,35.9709308113855,979.142481970831,NaN,0.0795014870484077
needle,256,4000,12,builtin,na,na,0,0.0207538902083333,37.630869859773,979.142481970831,NaN,0.0651296392559941
needle,256,4000,12,rand,running_mean,normweighted,256,0.004940681875,78.785456556344,979.142481970831,2,0.0235329496260209
needle,256,4000,12,rand_r12,running_mean,normweighted,256,0.0100500985416667,78.785456556344,979.142481970831,2,0.0235329496260209
needle,256,4000,13,det,na,na,0,0.0391002652083333,36.6726316680772,979.142481970831,NaN,0.0622477876383503
needle,256,4000,13,builtin,na,na,0,0.021292181875,37.6115763715791,979.142481970831,NaN,0.0676741108328065
needle,256,4000,13,rand,running_mean,normweighted,256,0.00521672354166667,73.237006958849,979.142481970831,2,0.027241833909831
needle,256,4000,13,rand_r12,running_mean,normweighted,256,0.0127905152083333,73.237006958849,979.142481970831,2,0.027241833909831
needle,256,4000,14,det,na,na,0,0.0428529735416667,38.6545215439019,979.142481970831,NaN,0.0568834348916662
needle,256,4000,14,builtin,na,na,0,0.020937306875,37.1116245797327,979.142481970831,NaN,0.0663323348344944
needle,256,4000,14,rand,running_mean,normweighted,256,0.00504159854166667,100.006876747422,979.142481970831,2,0.0139978428697394
needle,256,4000,14,rand_r12,running_mean,normweighted,256,0.0104738902083333,100.006876747422,979.142481970831,2,0.0139978428697394
needle,256,4000,15,det,na,na,0,0.0403402235416667,37.4726709187851,979.142481970831,NaN,0.0699500442423788
needle,256,4000,15,builtin,na,na,0,0.021195181875,36.3450880738661,979.142481970831,NaN,0.0751405150054292
needle,256,4000,15,rand,running_mean,normweighted,256,0.00512839020833333,66.5205670344883,979.142481970831,2,0.0301286259794403
needle,256,4000,15,rand_r12,running_mean,normweighted,256,0.010916306875,66.5205670344883,979.142481970831,2,0.0301286259794403
needle,256,4000,16,det,na,na,0,0.040057681875,36.6198712423378,979.142481970831,NaN,0.0658909336403654
needle,256,4000,16,builtin,na,na,0,0.0230278485416667,37.7507664118885,979.142481970831,NaN,0.0590916563607594
needle,256,4000,16,rand,running_mean,normweighted,256,0.00525601520833333,64.1583614159906,979.142481970831,2,0.0318954909149319
needle,256,4000,16,rand_r12,running_mean,normweighted,256,0.0116318485416667,64.1583614159906,979.142481970831,2,0.0318954909149319
needle,256,4000,17,det,na,na,0,0.0428007235416667,36.278777912072,979.142481970831,NaN,0.0748362597853774
needle,256,4000,17,builtin,na,na,0,0.0237785985416667,37.6559145706974,979.142481970831,NaN,0.0622858593474393
needle,256,4000,17,rand,running_mean,normweighted,256,0.00566776520833333,67.1318604927479,979.142481970831,2,0.0249622799141372
needle,256,4000,17,rand_r12,running_mean,normweighted,256,0.0120881402083333,67.1318604927479,979.142481970831,2,0.0249622799141372
needle,256,4000,18,det,na,na,0,0.0435127652083333,35.3946193475718,979.142481970831,NaN,0.0837546459050214
needle,256,4000,18,builtin,na,na,0,0.023939556875,38.6779898889201,979.142481970831,NaN,0.0624439195731584
needle,256,4000,18,rand,running_mean,normweighted,256,0.00555676520833333,64.6172590891542,979.142481970831,2,0.0253029755512995
needle,256,4000,18,rand_r12,running_mean,normweighted,256,0.0116787235416667,64.6172590891542,979.142481970831,2,0.0253029755512995
needle,256,4000,19,det,na,na,0,0.042315056875,35.4287789946078,979.142481970831,NaN,0.0680992135516556
needle,256,4000,19,builtin,na,na,0,0.023448556875,39.6097270560004,979.142481970831,NaN,0.0498295171520428
needle,256,4000,19,rand,running_mean,normweighted,256,0.00509347354166667,127.37249830191,979.142481970831,1,0.00968769997226613
needle,256,4000,19,rand_r12,running_mean,normweighted,256,0.0116036402083333,127.37249830191,979.142481970831,1,0.00968769997226613
needle,256,4000,20,det,na,na,0,0.0434339735416667,36.2301478737812,979.142481970831,NaN,0.0722398928200846
needle,256,4000,20,builtin,na,na,0,0.023396431875,37.2855024334988,979.142481970831,NaN,0.0620036505800858
needle,256,4000,20,rand,running_mean,normweighted,256,0.00542739020833333,76.4665530310654,979.142481970831,2,0.0220089204397204
needle,256,4000,20,rand_r12,running_mean,normweighted,256,0.0120675152083333,76.4665530310654,979.142481970831,2,0.0220089204397204
needle,256,8000,1,det,na,na,0,0.191358181875,35.9495099329525,1408.09090615628,NaN,0.0664043508687388
needle,256,8000,1,builtin,na,na,0,0.070618181875,37.9330035347393,1408.09090615628,NaN,0.0576678704660793
needle,256,8000,1,rand,running_mean,normweighted,256,0.00684634854166667,94.6444348360804,1408.09090615628,2,0.013443105076718
needle,256,8000,1,rand_r12,running_mean,normweighted,256,0.0211476402083333,94.6444348360804,1408.09090615628,2,0.013443105076718
needle,256,8000,2,det,na,na,0,0.161682181875,37.752576573882,1408.09090615628,NaN,0.0709957987791263
needle,256,8000,2,builtin,na,na,0,0.0535374735416667,39.5107372742031,1408.09090615628,NaN,0.0519548329656262
needle,256,8000,2,rand,running_mean,normweighted,256,0.005328931875,127.774282670106,1408.09090615628,1,0.00910946307409361
needle,256,8000,2,rand_r12,running_mean,normweighted,256,0.0179345985416667,127.774282670106,1408.09090615628,1,0.00910946307409361
needle,256,8000,3,det,na,na,0,0.148296806875,36.5634133120506,1408.09090615628,NaN,0.0725224508009186
needle,256,8000,3,builtin,na,na,0,0.0505282235416667,39.7937995972196,1408.09090615628,NaN,0.0541306815287773
needle,256,8000,3,rand,running_mean,normweighted,256,0.00577134854166667,82.0472335851394,1408.09090615628,2,0.0172700708463843
needle,256,8000,3,rand_r12,running_mean,normweighted,256,0.0193685985416667,82.0472335851394,1408.09090615628,2,0.0172700708463843
needle,256,8000,4,det,na,na,0,0.142734890208333,37.3648161493922,1408.09090615628,NaN,0.0652805537372994
needle,256,8000,4,builtin,na,na,0,0.0493167652083333,38.3690934423347,1408.09090615628,NaN,0.0594649040778075
needle,256,8000,4,rand,running_mean,normweighted,256,0.00527176520833333,131.788593235756,1408.09090615628,1,0.00997575059107326
needle,256,8000,4,rand_r12,running_mean,normweighted,256,0.0185425985416667,131.788593235756,1408.09090615628,1,0.00997575059107326
needle,256,8000,5,det,na,na,0,0.143949348541667,35.9556573424986,1408.09090615628,NaN,0.0754191765571894
needle,256,8000,5,builtin,na,na,0,0.0523185985416667,36.5125314430913,1408.09090615628,NaN,0.0663814529420828
needle,256,8000,5,rand,running_mean,normweighted,256,0.00587159854166667,88.8450096682365,1408.09090615628,2,0.0170159876728942
needle,256,8000,5,rand_r12,running_mean,normweighted,256,0.0194392652083333,88.8450096682365,1408.09090615628,2,0.0170159876728942
needle,256,8000,6,det,na,na,0,0.138122473541667,36.9084690675792,1408.09090615628,NaN,0.0668089355105376
needle,256,8000,6,builtin,na,na,0,0.0505037652083333,36.8748639596835,1408.09090615628,NaN,0.0641379268535247
needle,256,8000,6,rand,running_mean,normweighted,256,0.00593384854166667,74.7492909559346,1408.09090615628,2,0.0215326545566132
needle,256,8000,6,rand_r12,running_mean,normweighted,256,0.0198588485416667,74.7492909559346,1408.09090615628,2,0.0215326545566132
needle,256,8000,7,det,na,na,0,0.149230098541667,34.469856579851,1408.09090615628,NaN,0.0825236713959918
needle,256,8000,7,builtin,na,na,0,0.052258056875,37.4696271157805,1408.09090615628,NaN,0.0539704516134033
needle,256,8000,7,rand,running_mean,normweighted,256,0.00623659854166667,94.7899906240561,1408.09090615628,2,0.0170530242325886
needle,256,8000,7,rand_r12,running_mean,normweighted,256,0.020100556875,94.7899906240561,1408.09090615628,2,0.0170530242325886
needle,256,8000,8,det,na,na,0,0.138425098541667,37.1853321349874,1408.09090615628,NaN,0.0678278029281449
needle,256,8000,8,builtin,na,na,0,0.0503479735416667,38.7928412087232,1408.09090615628,NaN,0.0646667629154314
needle,256,8000,8,rand,running_mean,normweighted,256,0.00521239020833333,124.805456560142,1408.09090615628,1,0.00973756800149217
needle,256,8000,8,rand_r12,running_mean,normweighted,256,0.0190263485416667,124.805456560142,1408.09090615628,1,0.00973756800149217
needle,256,8000,9,det,na,na,0,0.132180556875,37.483108347247,1408.09090615628,NaN,0.0654964535479843
needle,256,8000,9,builtin,na,na,0,0.0489890152083333,37.826934003752,1408.09090615628,NaN,0.0641472109773676
needle,256,8000,9,rand,running_mean,normweighted,256,0.00584884854166667,71.8752814228737,1408.09090615628,2,0.0261850376053216
needle,256,8000,9,rand_r12,running_mean,normweighted,256,0.0182812235416667,71.8752814228737,1408.09090615628,2,0.0261850376053216
needle,256,8000,10,det,na,na,0,0.134426473541667,36.5951413561267,1408.09090615628,NaN,0.0687494349520019
needle,256,8000,10,builtin,na,na,0,0.0493238902083333,37.1753746275799,1408.09090615628,NaN,0.0694670016940343
needle,256,8000,10,rand,running_mean,normweighted,256,0.00593826520833333,101.574191714321,1408.09090615628,2,0.013315670514548
needle,256,8000,10,rand_r12,running_mean,normweighted,256,0.0192073485416667,101.574191714321,1408.09090615628,2,0.013315670514548
needle,256,8000,11,det,na,na,0,0.135145431875,35.2490904016284,1408.09090615628,NaN,0.0827588818849327
needle,256,8000,11,builtin,na,na,0,0.0501700152083333,37.0925053978044,1408.09090615628,NaN,0.0614898837457782
needle,256,8000,11,rand,running_mean,normweighted,256,0.00577264020833333,89.7069178877129,1408.09090615628,2,0.0177575327149925
needle,256,8000,11,rand_r12,running_mean,normweighted,256,0.0195591402083333,89.7069178877129,1408.09090615628,2,0.0177575327149925
needle,256,8000,12,det,na,na,0,0.125030598541667,36.2482517270047,1408.09090615628,NaN,0.0755931761924875
needle,256,8000,12,builtin,na,na,0,0.0478172652083333,37.852186325155,1408.09090615628,NaN,0.0592519997091834
needle,256,8000,12,rand,running_mean,normweighted,256,0.005174681875,143.382606521276,1408.09090615628,1,0.00865921534343503
needle,256,8000,12,rand_r12,running_mean,normweighted,256,0.0177140985416667,143.382606521276,1408.09090615628,1,0.00865921534343503
needle,256,8000,13,det,na,na,0,0.123920765208333,35.8767854539914,1408.09090615628,NaN,0.0726581811691225
needle,256,8000,13,builtin,na,na,0,0.0483914735416667,37.7932680209983,1408.09090615628,NaN,0.0630689801108576
needle,256,8000,13,rand,running_mean,normweighted,256,0.00515247354166667,106.315534418394,1408.09090615628,1,0.0114158796035188
needle,256,8000,13,rand_r12,running_mean,normweighted,256,0.0178983485416667,106.315534418394,1408.09090615628,1,0.0114158796035188
needle,256,8000,14,det,na,na,0,0.123385848541667,35.168952412122,1408.09090615628,NaN,0.0759320414270194
needle,256,8000,14,builtin,na,na,0,0.0474450152083333,37.3884914073457,1408.09090615628,NaN,0.0584860103759289
needle,256,8000,14,rand,running_mean,normweighted,256,0.00573414020833333,82.7695772546837,1408.09090615628,2,0.0197711095326511
needle,256,8000,14,rand_r12,running_mean,normweighted,256,0.0188555985416667,82.7695772546837,1408.09090615628,2,0.0197711095326511
needle,256,8000,15,det,na,na,0,0.123714515208333,37.3685374872369,1408.09090615628,NaN,0.0663913651644157
needle,256,8000,15,builtin,na,na,0,0.048238931875,37.1753801008571,1408.09090615628,NaN,0.0686771145839425
needle,256,8000,15,rand,running_mean,normweighted,256,0.00575172354166667,91.8628120328389,1408.09090615628,2,0.0157107651106485
needle,256,8000,15,rand_r12,running_mean,normweighted,256,0.0181680985416667,91.8628120328389,1408.09090615628,2,0.0157107651106485
needle,256,8000,16,det,na,na,0,0.136168723541667,36.5114683956141,1408.09090615628,NaN,0.0682601184466293
needle,256,8000,16,builtin,na,na,0,0.0501863485416667,39.0202158264429,1408.09090615628,NaN,0.0619294606136268
needle,256,8000,16,rand,running_mean,normweighted,256,0.00608239020833333,80.2611017988667,1408.09090615628,2,0.0201766264584035
needle,256,8000,16,rand_r12,running_mean,normweighted,256,0.019519181875,80.2611017988667,1408.09090615628,2,0.0201766264584035
needle,256,8000,17,det,na,na,0,0.126560890208333,35.9044006758157,1408.09090615628,NaN,0.0691968887483854
needle,256,8000,17,builtin,na,na,0,0.049591431875,37.7253622293002,1408.09090615628,NaN,0.0560721036184275
needle,256,8000,17,rand,running_mean,normweighted,256,0.005679431875,81.7537342278854,1408.09090615628,2,0.0239611417868479
needle,256,8000,17,rand_r12,running_mean,normweighted,256,0.0184591402083333,81.7537342278854,1408.09090615628,2,0.0239611417868479
needle,256,8000,18,det,na,na,0,0.128110223541667,37.1403174684028,1408.09090615628,NaN,0.0714500974130381
needle,256,8000,18,builtin,na,na,0,0.049132931875,37.54120303779,1408.09090615628,NaN,0.0551760461825417
needle,256,8000,18,rand,running_mean,normweighted,256,0.00514872354166667,100.346347644858,1408.09090615628,1,0.0142384916409074
needle,256,8000,18,rand_r12,running_mean,normweighted,256,0.0185858902083333,100.346347644858,1408.09090615628,1,0.0142384916409074
needle,256,8000,19,det,na,na,0,0.133529223541667,35.6301089907481,1408.09090615628,NaN,0.0793236238032733
needle,256,8000,19,builtin,na,na,0,0.0491850152083333,37.4871872942856,1408.09090615628,NaN,0.0681228673283252
needle,256,8000,19,rand,running_mean,normweighted,256,0.00579164020833333,113.814454116786,1408.09090615628,2,0.0121271879109802
needle,256,8000,19,rand_r12,running_mean,normweighted,256,0.019003806875,113.814454116786,1408.09090615628,2,0.0121271879109802
needle,256,8000,20,det,na,na,0,0.122455140208333,36.5562756431814,1408.09090615628,NaN,0.0714634793262777
needle,256,8000,20,builtin,na,na,0,0.0465508902083333,37.4222701300068,1408.09090615628,NaN,0.0671272989597178
needle,256,8000,20,rand,running_mean,normweighted,256,0.005631806875,99.1422041587407,1408.09090615628,2,0.0148684959372912
needle,256,8000,20,rand_r12,running_mean,normweighted,256,0.0179882652083333,99.1422041587407,1408.09090615628,2,0.0148684959372912
needle,256,16000,1,det,na,na,0,0.409008681875,36.9781749097944,2007.66531075277,NaN,0.0676846441202696
needle,256,16000,1,builtin,na,na,0,0.192461140208333,36.6358094857512,2007.66531075277,NaN,0.0678238277707614
needle,256,16000,1,rand,running_mean,normweighted,256,0.00627101520833333,116.586481627269,2007.66531075277,2,0.011082286364377
needle,256,16000,1,rand_r12,running_mean,normweighted,256,0.0329709735416667,116.586481627269,2007.66531075277,2,0.011082286364377
needle,256,16000,2,det,na,na,0,0.410539390208333,37.0058693424693,2007.66531075277,NaN,0.0711060645343541
needle,256,16000,2,builtin,na,na,0,0.195203140208333,38.1537906918612,2007.66531075277,NaN,0.0673620228335733
needle,256,16000,2,rand,running_mean,normweighted,256,0.005788431875,139.963354117585,2007.66531075277,1,0.00909104481580108
needle,256,16000,2,rand_r12,running_mean,normweighted,256,0.0335362652083333,139.963354117585,2007.66531075277,1,0.00909104481580108
needle,256,16000,3,det,na,na,0,0.426874265208333,35.6438599563903,2007.66531075277,NaN,0.0755861353779026
needle,256,16000,3,builtin,na,na,0,0.199661931875,36.0877287565951,2007.66531075277,NaN,0.067490078964251
needle,256,16000,3,rand,running_mean,normweighted,256,0.00631347354166667,107.195549521321,2007.66531075277,2,0.0120913145864907
needle,256,16000,3,rand_r12,running_mean,normweighted,256,0.0329515985416667,107.195549521321,2007.66531075277,2,0.0120913145864907
needle,256,16000,4,det,na,na,0,0.419981140208333,37.8512960391405,2007.66531075277,NaN,0.0597552347745607
needle,256,16000,4,builtin,na,na,0,0.205962223541667,36.9603925540749,2007.66531075277,NaN,0.0675631176852393
needle,256,16000,4,rand,running_mean,normweighted,256,0.00623747354166667,73.130676670169,2007.66531075277,2,0.0209031807411075
needle,256,16000,4,rand_r12,running_mean,normweighted,256,0.0337334735416667,73.130676670169,2007.66531075277,2,0.0209031807411075
needle,256,16000,5,det,na,na,0,0.411451598541667,36.4765655312681,2007.66531075277,NaN,0.0750256194884624
needle,256,16000,5,builtin,na,na,0,0.170729806875,37.6724164452384,2007.66531075277,NaN,0.0594739974018456
needle,256,16000,5,rand,running_mean,normweighted,256,0.00610114020833333,73.7725790668576,2007.66531075277,2,0.0229608972322369
needle,256,16000,5,rand_r12,running_mean,normweighted,256,0.0335919735416667,73.7725790668576,2007.66531075277,2,0.0229608972322369
needle,256,16000,6,det,na,na,0,0.371049681875,37.2147600054415,2007.66531075277,NaN,0.0722727318427196
needle,256,16000,6,builtin,na,na,0,0.194445515208333,36.9837814156153,2007.66531075277,NaN,0.0671501029250985
needle,256,16000,6,rand,running_mean,normweighted,256,0.006016806875,90.7944432738652,2007.66531075277,2,0.015160952274781
needle,256,16000,6,rand_r12,running_mean,normweighted,256,0.0334421402083333,90.7944432738652,2007.66531075277,2,0.015160952274781
needle,256,16000,7,det,na,na,0,0.336735431875,37.0356605132207,2007.66531075277,NaN,0.0640940230126577
needle,256,16000,7,builtin,na,na,0,0.167880931875,35.5802989147584,2007.66531075277,NaN,0.0776433948620081
needle,256,16000,7,rand,running_mean,normweighted,256,0.00540039020833333,111.495746761154,2007.66531075277,1,0.0129458040760283
needle,256,16000,7,rand_r12,running_mean,normweighted,256,0.0324952235416667,111.495746761154,2007.66531075277,1,0.0129458040760283
needle,256,16000,8,det,na,na,0,0.350526473541667,36.7693795062638,2007.66531075277,NaN,0.0731769177892425
needle,256,16000,8,builtin,na,na,0,0.169483890208333,37.3532545287523,2007.66531075277,NaN,0.0622194380334077
needle,256,16000,8,rand,running_mean,normweighted,256,0.005992931875,87.6969932070531,2007.66531075277,2,0.0184003601128137
needle,256,16000,8,rand_r12,running_mean,normweighted,256,0.0331350152083333,87.6969932070531,2007.66531075277,2,0.0184003601128137
needle,256,16000,9,det,na,na,0,0.336492598541667,36.4232678150411,2007.66531075277,NaN,0.0714918659729856
needle,256,16000,9,builtin,na,na,0,0.165452140208333,37.8027553910914,2007.66531075277,NaN,0.0677313568707384
needle,256,16000,9,rand,running_mean,normweighted,256,0.00611359854166667,82.0122894172293,2007.66531075277,2,0.0199776085620284
needle,256,16000,9,rand_r12,running_mean,normweighted,256,0.0336148485416667,82.0122894172293,2007.66531075277,2,0.0199776085620284
needle,256,16000,10,det,na,na,0,0.337052890208333,36.4945013771572,2007.66531075277,NaN,0.076031250690718
needle,256,16000,10,builtin,na,na,0,0.168968723541667,39.1935288303509,2007.66531075277,NaN,0.050458993063094
needle,256,16000,10,rand,running_mean,normweighted,256,0.00607239020833333,97.4465168185972,2007.66531075277,2,0.0143767208500439
needle,256,16000,10,rand_r12,running_mean,normweighted,256,0.0336897652083333,97.4465168185972,2007.66531075277,2,0.0143767208500439
needle,256,16000,11,det,na,na,0,0.336593390208333,37.2364110282741,2007.66531075277,NaN,0.0710314610243897
needle,256,16000,11,builtin,na,na,0,0.169798931875,38.4123870726967,2007.66531075277,NaN,0.0618096248938506
needle,256,16000,11,rand,running_mean,normweighted,256,0.00607797354166667,99.0675616251428,2007.66531075277,2,0.013207094752843
needle,256,16000,11,rand_r12,running_mean,normweighted,256,0.033413931875,99.0675616251428,2007.66531075277,2,0.013207094752843
needle,256,16000,12,det,na,na,0,0.354815931875,35.3166783523109,2007.66531075277,NaN,0.0870124390427766
needle,256,16000,12,builtin,na,na,0,0.170555973541667,37.3338393551081,2007.66531075277,NaN,0.058345861933905
needle,256,16000,12,rand,running_mean,normweighted,256,0.00604647354166667,96.3891955772372,2007.66531075277,2,0.0142545085440454
needle,256,16000,12,rand_r12,running_mean,normweighted,256,0.0338248902083333,96.3891955772372,2007.66531075277,2,0.0142545085440454
needle,256,16000,13,det,na,na,0,0.403230931875,37.047405716294,2007.66531075277,NaN,0.0770358435345586
needle,256,16000,13,builtin,na,na,0,0.173131765208333,40.5735347018797,2007.66531075277,NaN,0.0483613425516821
needle,256,16000,13,rand,running_mean,normweighted,256,0.006048181875,97.4744001798447,2007.66531075277,2,0.0144160595289518
needle,256,16000,13,rand_r12,running_mean,normweighted,256,0.0334044735416667,97.4744001798447,2007.66531075277,2,0.0144160595289518
needle,256,16000,14,det,na,na,0,0.421272556875,35.1315998801282,2007.66531075277,NaN,0.0842190196337554
needle,256,16000,14,builtin,na,na,0,0.172017098541667,38.9853700922075,2007.66531075277,NaN,0.0510554793657514
needle,256,16000,14,rand,running_mean,normweighted,256,0.005958431875,95.7659072507567,2007.66531075277,2,0.0189170566655626
needle,256,16000,14,rand_r12,running_mean,normweighted,256,0.0338787235416667,95.7659072507567,2007.66531075277,2,0.0189170566655626
needle,256,16000,15,det,na,na,0,0.385351265208333,36.1909422759171,2007.66531075277,NaN,0.0773462970213899
needle,256,16000,15,builtin,na,na,0,0.179217431875,36.3273870631886,2007.66531075277,NaN,0.0727318972265793
needle,256,16000,15,rand,running_mean,normweighted,256,0.00590797354166667,95.8310677511765,2007.66531075277,2,0.0143098912102618
needle,256,16000,15,rand_r12,running_mean,normweighted,256,0.033218181875,95.8310677511765,2007.66531075277,2,0.0143098912102618
needle,256,16000,16,det,na,na,0,0.403046056875,36.6100337973103,2007.66531075277,NaN,0.0657761816117362
needle,256,16000,16,builtin,na,na,0,0.178638140208333,37.6716412428831,2007.66531075277,NaN,0.062848171013502
needle,256,16000,16,rand,running_mean,normweighted,256,0.00555284854166667,87.0744491121742,2007.66531075277,1,0.0172399283748718
needle,256,16000,16,rand_r12,running_mean,normweighted,256,0.033295056875,87.0744491121742,2007.66531075277,1,0.0172399283748718
needle,256,16000,17,det,na,na,0,0.419247640208333,37.3240422482492,2007.66531075277,NaN,0.0646345983366686
needle,256,16000,17,builtin,na,na,0,0.179503098541667,38.5122512183577,2007.66531075277,NaN,0.0613806354301194
needle,256,16000,17,rand,running_mean,normweighted,256,0.005510556875,164.955596428982,2007.66531075277,1,0.00716936110615413
needle,256,16000,17,rand_r12,running_mean,normweighted,256,0.032596431875,164.955596428982,2007.66531075277,1,0.00716936110615413
needle,256,16000,18,det,na,na,0,0.419874640208333,36.9409838409315,2007.66531075277,NaN,0.0736877948861823
needle,256,16000,18,builtin,na,na,0,0.192226765208333,36.4553402045958,2007.66531075277,NaN,0.062784243003344
needle,256,16000,18,rand,running_mean,normweighted,256,0.00566872354166667,108.073684923866,2007.66531075277,1,0.0145671951021657
needle,256,16000,18,rand_r12,running_mean,normweighted,256,0.0330488485416667,108.073684923866,2007.66531075277,1,0.0145671951021657
needle,256,16000,19,det,na,na,0,0.410146265208333,36.4960491800449,2007.66531075277,NaN,0.0724075180218178
needle,256,16000,19,builtin,na,na,0,0.191881723541667,36.1864650155252,2007.66531075277,NaN,0.066969137874035
needle,256,16000,19,rand,running_mean,normweighted,256,0.00548676520833333,130.364216697589,2007.66531075277,1,0.0114851954695639
needle,256,16000,19,rand_r12,running_mean,normweighted,256,0.0325802235416667,130.364216697589,2007.66531075277,1,0.0114851954695639
needle,256,16000,20,det,na,na,0,0.415366181875,37.6109934955774,2007.66531075277,NaN,0.0645785889981011
needle,256,16000,20,builtin,na,na,0,0.192421806875,38.9665054833983,2007.66531075277,NaN,0.0567091141758828
needle,256,16000,20,rand,running_mean,normweighted,256,0.00617576520833333,94.0694646879424,2007.66531075277,2,0.0151574309612908
needle,256,16000,20,rand_r12,running_mean,normweighted,256,0.0336413485416667,94.0694646879424,2007.66531075277,2,0.0151574309612908
needle,256,32000,1,det,na,na,0,0.852835890208333,38.9498318005198,2850.74025474086,NaN,0.0563959225703408
needle,256,32000,1,builtin,na,na,0,0.460497306875,35.9542459806357,2850.74025474086,NaN,0.0755922902829372
needle,256,32000,1,rand,running_mean,normweighted,256,0.00679801520833333,137.538215542775,2850.74025474086,1,0.00873608933862675
needle,256,32000,1,rand_r12,running_mean,normweighted,256,0.061947306875,137.538215542775,2850.74025474086,1,0.00873608933862675
needle,256,32000,2,det,na,na,0,0.851062515208333,36.2392267623301,2850.74025474086,NaN,0.0723089065616437
needle,256,32000,2,builtin,na,na,0,0.462229306875,38.0745293927995,2850.74025474086,NaN,0.0610245180055478
needle,256,32000,2,rand,running_mean,normweighted,256,0.00696401520833333,188.420781440294,2850.74025474086,1,0.00570939972441963
needle,256,32000,2,rand_r12,running_mean,normweighted,256,0.061323556875,188.420781440294,2850.74025474086,1,0.00570939972441963
needle,256,32000,3,det,na,na,0,0.828507140208333,38.213140128173,2850.74025474086,NaN,0.0599218300144337
needle,256,32000,3,builtin,na,na,0,0.459787306875,36.9793301156328,2850.74025474086,NaN,0.0722547202673194
needle,256,32000,3,rand,running_mean,normweighted,256,0.00700897354166667,143.384505028064,2850.74025474086,1,0.00881732728171213
needle,256,32000,3,rand_r12,running_mean,normweighted,256,0.0612022235416667,143.384505028064,2850.74025474086,1,0.00881732728171213
needle,256,32000,4,det,na,na,0,0.821864848541667,35.8197268467279,2850.74025474086,NaN,0.0689523344694525
needle,256,32000,4,builtin,na,na,0,0.456517265208333,36.8460830422204,2850.74025474086,NaN,0.0657656887421977
needle,256,32000,4,rand,running_mean,normweighted,256,0.00679834854166667,131.639050968699,2850.74025474086,1,0.00887447331984649
needle,256,32000,4,rand_r12,running_mean,normweighted,256,0.0614097652083333,131.639050968699,2850.74025474086,1,0.00887447331984649
needle,256,32000,5,det,na,na,0,0.796058056875,36.81638619779,2850.74025474086,NaN,0.0652509659249218
needle,256,32000,5,builtin,na,na,0,0.462968723541667,38.1498724877329,2850.74025474086,NaN,0.0537637125923283
needle,256,32000,5,rand,running_mean,normweighted,256,0.006748806875,152.58207549502,2850.74025474086,1,0.0087750476481447
needle,256,32000,5,rand_r12,running_mean,normweighted,256,0.061293556875,152.58207549502,2850.74025474086,1,0.0087750476481447
needle,256,32000,6,det,na,na,0,0.865994056875,37.0685698862633,2850.74025474086,NaN,0.0690613307279904
needle,256,32000,6,builtin,na,na,0,0.467938723541667,37.9497558613792,2850.74025474086,NaN,0.0602752025067064
needle,256,32000,6,rand,running_mean,normweighted,256,0.00726239020833333,127.679160366214,2850.74025474086,2,0.0095694574303803
needle,256,32000,6,rand_r12,running_mean,normweighted,256,0.0616141402083333,127.679160366214,2850.74025474086,2,0.0095694574303803
needle,256,32000,7,det,na,na,0,0.794329140208333,37.1035197884245,2850.74025474086,NaN,0.0709142413521082
needle,256,32000,7,builtin,na,na,0,0.455999306875,38.1831245412616,2850.74025474086,NaN,0.0618941885279002
needle,256,32000,7,rand,running_mean,normweighted,256,0.00734564020833333,118.71302225555,2850.74025474086,2,0.0108469489878483
needle,256,32000,7,rand_r12,running_mean,normweighted,256,0.0614395985416667,118.71302225555,2850.74025474086,2,0.0108469489878483
needle,256,32000,8,det,na,na,0,0.812003806875,36.6511084629246,2850.74025474086,NaN,0.068716910055135
needle,256,32000,8,builtin,na,na,0,0.456149640208333,36.2159757502404,2850.74025474086,NaN,0.0678141235940234
needle,256,32000,8,rand,running_mean,normweighted,256,0.00674364020833333,73.6337683757276,2850.74025474086,1,0.0250401408766228
needle,256,32000,8,rand_r12,running_mean,normweighted,256,0.060709306875,73.6337683757276,2850.74025474086,1,0.0250401408766228
needle,256,32000,9,det,na,na,0,0.824182306875,36.9571689603144,2850.74025474086,NaN,0.0636579258346197
needle,256,32000,9,builtin,na,na,0,0.457309181875,39.0765261738134,2850.74025474086,NaN,0.0492834395088736
needle,256,32000,9,rand,running_mean,normweighted,256,0.007264056875,90.0991912454121,2850.74025474086,2,0.014537895852558
needle,256,32000,9,rand_r12,running_mean,normweighted,256,0.061475181875,90.0991912454121,2850.74025474086,2,0.014537895852558
needle,256,32000,10,det,na,na,0,0.791560223541667,35.5219300458852,2850.74025474086,NaN,0.0834656236993844
needle,256,32000,10,builtin,na,na,0,0.477069806875,40.162983535268,2850.74025474086,NaN,0.0467962973240738
needle,256,32000,10,rand,running_mean,normweighted,256,0.00689897354166667,116.695174109573,2850.74025474086,1,0.0122362074629848
needle,256,32000,10,rand_r12,running_mean,normweighted,256,0.060951306875,116.695174109573,2850.74025474086,1,0.0122362074629848
needle,256,32000,11,det,na,na,0,0.797203348541667,36.1360441560929,2850.74025474086,NaN,0.0749720063278489
needle,256,32000,11,builtin,na,na,0,0.458122848541667,36.2297200457484,2850.74025474086,NaN,0.0742960626023226
needle,256,32000,11,rand,running_mean,normweighted,256,0.00680759854166667,126.242845406118,2850.74025474086,1,0.0104040996723342
needle,256,32000,11,rand_r12,running_mean,normweighted,256,0.060616431875,126.242845406118,2850.74025474086,1,0.0104040996723342
needle,256,32000,12,det,na,na,0,0.825428015208333,36.3814341039074,2850.74025474086,NaN,0.0681710509430075
needle,256,32000,12,builtin,na,na,0,0.457869556875,38.0695184494247,2850.74025474086,NaN,0.0657552392317893
needle,256,32000,12,rand,running_mean,normweighted,256,0.006763681875,190.373549850632,2850.74025474086,1,0.00581027714783059
needle,256,32000,12,rand_r12,running_mean,normweighted,256,0.060513806875,190.373549850632,2850.74025474086,1,0.00581027714783059
needle,256,32000,13,det,na,na,0,0.829593098541667,35.7578449338945,2850.74025474086,NaN,0.0814244463184043
needle,256,32000,13,builtin,na,na,0,0.460198390208333,37.2518119854283,2850.74025474086,NaN,0.0603663105395512
needle,256,32000,13,rand,running_mean,normweighted,256,0.007326306875,103.505326629409,2850.74025474086,2,0.0129512525429776
needle,256,32000,13,rand_r12,running_mean,normweighted,256,0.0616168485416667,103.505326629409,2850.74025474086,2,0.0129512525429776
needle,256,32000,14,det,na,na,0,0.801819473541667,37.4314711265242,2850.74025474086,NaN,0.06250348553174
needle,256,32000,14,builtin,na,na,0,0.463860598541667,38.0678498954491,2850.74025474086,NaN,0.0625809227383934
needle,256,32000,14,rand,running_mean,normweighted,256,0.00675922354166667,144.21102798312,2850.74025474086,1,0.00770553649842699
needle,256,32000,14,rand_r12,running_mean,normweighted,256,0.060749431875,144.21102798312,2850.74025474086,1,0.00770553649842699
needle,256,32000,15,det,na,na,0,0.821140765208333,37.6584277520263,2850.74025474086,NaN,0.0624029095062997
needle,256,32000,15,builtin,na,na,0,0.456534890208333,37.8068415187953,2850.74025474086,NaN,0.0666882534738398
needle,256,32000,15,rand,running_mean,normweighted,256,0.00729047354166667,122.201537113421,2850.74025474086,2,0.0106500614796474
needle,256,32000,15,rand_r12,running_mean,normweighted,256,0.0615957652083333,122.201537113421,2850.74025474086,2,0.0106500614796474
needle,256,32000,16,det,na,na,0,0.831445973541667,35.714560324594,2850.74025474086,NaN,0.074256107974841
needle,256,32000,16,builtin,na,na,0,0.457753973541667,37.481711663833,2850.74025474086,NaN,0.0634837204774504
needle,256,32000,16,rand,running_mean,normweighted,256,0.006798556875,195.47514419233,2850.74025474086,1,0.00562126020239937
needle,256,32000,16,rand_r12,running_mean,normweighted,256,0.060551681875,195.47514419233,2850.74025474086,1,0.00562126020239937
needle,256,32000,17,det,na,na,0,0.842896015208333,35.8853337129253,2850.74025474086,NaN,0.0824064640878746
needle,256,32000,17,builtin,na,na,0,0.472397515208333,42.0030025505356,2850.74025474086,NaN,0.0427015365022178
needle,256,32000,17,rand,running_mean,normweighted,256,0.006835181875,193.120912419976,2850.74025474086,1,0.00627114433979885
needle,256,32000,17,rand_r12,running_mean,normweighted,256,0.0610366402083333,193.120912419976,2850.74025474086,1,0.00627114433979885
needle,256,32000,18,det,na,na,0,0.887390848541667,36.2889052152994,2850.74025474086,NaN,0.0705220794822792
needle,256,32000,18,builtin,na,na,0,0.460567056875,35.8554848271128,2850.74025474086,NaN,0.0699849294198266
needle,256,32000,18,rand,running_mean,normweighted,256,0.007465181875,92.1925318434008,2850.74025474086,2,0.0159351900404115
needle,256,32000,18,rand_r12,running_mean,normweighted,256,0.061709806875,92.1925318434008,2850.74025474086,2,0.0159351900404115
needle,256,32000,19,det,na,na,0,0.832461765208333,35.6445991973208,2850.74025474086,NaN,0.0690796382330803
needle,256,32000,19,builtin,na,na,0,0.473460181875,39.7183007356799,2850.74025474086,NaN,0.0498522010615235
needle,256,32000,19,rand,running_mean,normweighted,256,0.007364181875,144.596241428708,2850.74025474086,2,0.00897759714645399
needle,256,32000,19,rand_r12,running_mean,normweighted,256,0.0617128902083333,144.596241428708,2850.74025474086,2,0.00897759714645399
needle,256,32000,20,det,na,na,0,0.846820056875,38.2266385907333,2850.74025474086,NaN,0.0621908330081844
needle,256,32000,20,builtin,na,na,0,0.456979015208333,38.5519888864355,2850.74025474086,NaN,0.0647107474610572
needle,256,32000,20,rand,running_mean,normweighted,256,0.00679589020833333,183.8070162901,2850.74025474086,1,0.00624328937823184
needle,256,32000,20,rand_r12,running_mean,normweighted,256,0.0608434735416667,183.8070162901,2850.74025474086,1,0.00624328937823184
needle,256,64000,1,det,na,na,0,1.67991614020833,38.3772276337773,4039.64354863149,NaN,0.0572771415267116
needle,256,64000,1,builtin,na,na,0,0.963405765208333,40.0272710075613,4039.64354863149,NaN,0.0489122055178032
needle,256,64000,1,rand,running_mean,normweighted,256,0.0100690152083333,106.733533210808,4039.64354863149,2,0.0129562170331489
needle,256,64000,1,rand_r12,running_mean,normweighted,256,0.117886223541667,106.733533210808,4039.64354863149,2,0.0129562170331489
needle,256,64000,2,det,na,na,0,1.75754541104167,36.644418559001,4039.64354863149,NaN,0.0681992399096883
needle,256,64000,2,builtin,na,na,0,0.934273515208333,37.3616422167094,4039.64354863149,NaN,0.0637323259472395
needle,256,64000,2,rand,running_mean,normweighted,256,0.009654431875,107.417938755008,4039.64354863149,2,0.0113701049868654
needle,256,64000,2,rand_r12,running_mean,normweighted,256,0.116797473541667,107.417938755008,4039.64354863149,2,0.0113701049868654
needle,256,64000,3,det,na,na,0,1.671101931875,36.0102112836488,4039.64354863149,NaN,0.0811521890204424
needle,256,64000,3,builtin,na,na,0,0.958112681875,37.6183830791582,4039.64354863149,NaN,0.0691507207507952
needle,256,64000,3,rand,running_mean,normweighted,256,0.00942509854166667,242.537227027507,4039.64354863149,1,0.00476004743698032
needle,256,64000,3,rand_r12,running_mean,normweighted,256,0.116353431875,242.537227027507,4039.64354863149,1,0.00476004743698032
needle,256,64000,4,det,na,na,0,1.66512926520833,37.0103977417436,4039.64354863149,NaN,0.0640739446222135
needle,256,64000,4,builtin,na,na,0,0.976041223541667,38.325122298055,4039.64354863149,NaN,0.0619992447173152
needle,256,64000,4,rand,running_mean,normweighted,256,0.00961751520833333,139.085031387325,4039.64354863149,1,0.00916117813375617
needle,256,64000,4,rand_r12,running_mean,normweighted,256,0.116536848541667,139.085031387325,4039.64354863149,1,0.00916117813375617
needle,256,64000,5,det,na,na,0,1.72469734854167,36.8715854227138,4039.64354863149,NaN,0.0674462811627876
needle,256,64000,5,builtin,na,na,0,0.982917681875,38.5517803742388,4039.64354863149,NaN,0.0578312374284003
needle,256,64000,5,rand,running_mean,normweighted,256,0.010019556875,142.800274897004,4039.64354863149,2,0.00910788500465348
needle,256,64000,5,rand_r12,running_mean,normweighted,256,0.119787806875,142.800274897004,4039.64354863149,2,0.00910788500465348
needle,256,64000,6,det,na,na,0,1.662769306875,36.9537043198363,4039.64354863149,NaN,0.0695038811150329
needle,256,64000,6,builtin,na,na,0,0.947467015208333,35.9921455543121,4039.64354863149,NaN,0.0648156233370146
needle,256,64000,6,rand,running_mean,normweighted,256,0.009417556875,145.09025696865,4039.64354863149,1,0.00765058006554676
needle,256,64000,6,rand_r12,running_mean,normweighted,256,0.116911515208333,145.09025696865,4039.64354863149,1,0.00765058006554676
needle,256,64000,7,det,na,na,0,1.71192484854167,38.2398094079466,4039.64354863149,NaN,0.0619255103472519
needle,256,64000,7,builtin,na,na,0,0.959257348541667,36.0470434486668,4039.64354863149,NaN,0.0763769316210039
needle,256,64000,7,rand,running_mean,normweighted,256,0.0100798485416667,89.5425016987547,4039.64354863149,2,0.0194748447880864
needle,256,64000,7,rand_r12,running_mean,normweighted,256,0.117519015208333,89.5425016987547,4039.64354863149,2,0.0194748447880864
needle,256,64000,8,det,na,na,0,1.70182589020833,37.1663593937979,4039.64354863149,NaN,0.06381299225721
needle,256,64000,8,builtin,na,na,0,0.948172473541667,37.4284954350684,4039.64354863149,NaN,0.0620112815134176
needle,256,64000,8,rand,running_mean,normweighted,256,0.0102058485416667,69.3006508051498,4039.64354863149,2,0.02602460861613
needle,256,64000,8,rand_r12,running_mean,normweighted,256,0.117710556875,69.3006508051498,4039.64354863149,2,0.02602460861613
needle,256,64000,9,det,na,na,0,1.705173181875,36.7919857140422,4039.64354863149,NaN,0.0684634898277943
needle,256,64000,9,builtin,na,na,0,0.951354848541667,37.4577248186262,4039.64354863149,NaN,0.0600972241598924
needle,256,64000,9,rand,running_mean,normweighted,256,0.00952551520833333,144.890938515086,4039.64354863149,1,0.00796719199541281
needle,256,64000,9,rand_r12,running_mean,normweighted,256,0.117259431875,144.890938515086,4039.64354863149,1,0.00796719199541281
needle,256,64000,10,det,na,na,0,1.75627572354167,36.7385867193634,4039.64354863149,NaN,0.0650734042675809
needle,256,64000,10,builtin,na,na,0,1.00688264020833,35.95460786848,4039.64354863149,NaN,0.0709866869991019
needle,256,64000,10,rand,running_mean,normweighted,256,0.009207681875,95.2868567638774,4039.64354863149,1,0.0143869615528794
needle,256,64000,10,rand_r12,running_mean,normweighted,256,0.117282306875,95.2868567638774,4039.64354863149,1,0.0143869615528794
needle,256,64000,11,det,na,na,0,1.68370347354167,36.9541914877252,4039.64354863149,NaN,0.0692695807730201
needle,256,64000,11,builtin,na,na,0,0.947825056875,38.2186778848716,4039.64354863149,NaN,0.0583147187400498
needle,256,64000,11,rand,running_mean,normweighted,256,0.0100327652083333,131.552822548485,4039.64354863149,2,0.0105916936689957
needle,256,64000,11,rand_r12,running_mean,normweighted,256,0.117155681875,131.552822548485,4039.64354863149,2,0.0105916936689957
needle,256,64000,12,det,na,na,0,1.709094681875,37.3590011089661,4039.64354863149,NaN,0.0623696842965706
needle,256,64000,12,builtin,na,na,0,0.962455015208333,37.9495822797212,4039.64354863149,NaN,0.0542136690854816
needle,256,64000,12,rand,running_mean,normweighted,256,0.0101163902083333,164.810755453858,4039.64354863149,2,0.00699628486274958
needle,256,64000,12,rand_r12,running_mean,normweighted,256,0.117557056875,164.810755453858,4039.64354863149,2,0.00699628486274958
needle,256,64000,13,det,na,na,0,1.69288739020833,37.7901295005288,4039.64354863149,NaN,0.0605414435857752
needle,256,64000,13,builtin,na,na,0,0.967821265208333,37.4739469194687,4039.64354863149,NaN,0.064805698620597
needle,256,64000,13,rand,running_mean,normweighted,256,0.00982526520833333,74.739188793435,4039.64354863149,2,0.0248618024947371
needle,256,64000,13,rand_r12,running_mean,normweighted,256,0.118232098541667,74.739188793435,4039.64354863149,2,0.0248618024947371
needle,256,64000,14,det,na,na,0,1.67014601520833,35.1882772463175,4039.64354863149,NaN,0.080545881798377
needle,256,64000,14,builtin,na,na,0,0.951875306875,40.5110155423818,4039.64354863149,NaN,0.0460004583464252
needle,256,64000,14,rand,running_mean,normweighted,256,0.00998689020833333,195.837149803857,4039.64354863149,2,0.00542480962128384
needle,256,64000,14,rand_r12,running_mean,normweighted,256,0.116909890208333,195.837149803857,4039.64354863149,2,0.00542480962128384
needle,256,64000,15,det,na,na,0,1.64646301520833,36.4641792032474,4039.64354863149,NaN,0.0658849992179437
needle,256,64000,15,builtin,na,na,0,0.954369723541667,40.6508984598784,4039.64354863149,NaN,0.0456492503682619
needle,256,64000,15,rand,running_mean,normweighted,256,0.00945934854166667,106.524340109754,4039.64354863149,1,0.013272889894036
needle,256,64000,15,rand_r12,running_mean,normweighted,256,0.116753306875,106.524340109754,4039.64354863149,1,0.013272889894036
needle,256,64000,16,det,na,na,0,1.711187181875,37.2681388040675,4039.64354863149,NaN,0.0634725349232284
needle,256,64000,16,builtin,na,na,0,0.968357890208333,35.4581971818833,4039.64354863149,NaN,0.0797820667798438
needle,256,64000,16,rand,running_mean,normweighted,256,0.00962189020833333,182.462312441198,4039.64354863149,1,0.00651809231565694
needle,256,64000,16,rand_r12,running_mean,normweighted,256,0.117491973541667,182.462312441198,4039.64354863149,1,0.00651809231565694
needle,256,64000,17,det,na,na,0,1.773519806875,36.7573418611991,4039.64354863149,NaN,0.0673355624858421
needle,256,64000,17,builtin,na,na,0,0.949589431875,36.3335634648261,4039.64354863149,NaN,0.0696931143654274
needle,256,64000,17,rand,running_mean,normweighted,256,0.0100664735416667,97.2315379753493,4039.64354863149,2,0.015872314081324
needle,256,64000,17,rand_r12,running_mean,normweighted,256,0.117254348541667,97.2315379753493,4039.64354863149,2,0.015872314081324
needle,256,64000,18,det,na,na,0,1.66611464020833,37.5785002491475,4039.64354863149,NaN,0.0638716172166545
needle,256,64000,18,builtin,na,na,0,0.961399056875,38.9513722532608,4039.64354863149,NaN,0.0574286901132023
needle,256,64000,18,rand,running_mean,normweighted,256,0.00931439020833333,182.539052006246,4039.64354863149,1,0.00705500873828133
needle,256,64000,18,rand_r12,running_mean,normweighted,256,0.116371348541667,182.539052006246,4039.64354863149,1,0.00705500873828133
needle,256,64000,19,det,na,na,0,1.67203701520833,35.607899228646,4039.64354863149,NaN,0.0744734949899097
needle,256,64000,19,builtin,na,na,0,0.981807515208333,36.2839493450959,4039.64354863149,NaN,0.075781094498622
needle,256,64000,19,rand,running_mean,normweighted,256,0.009858306875,221.591348772382,4039.64354863149,1,0.00507201410983192
needle,256,64000,19,rand_r12,running_mean,normweighted,256,0.117945015208333,221.591348772382,4039.64354863149,1,0.00507201410983192
needle,256,64000,20,det,na,na,0,1.62937764020833,36.2812877427492,4039.64354863149,NaN,0.066435233847814
needle,256,64000,20,builtin,na,na,0,0.951823765208333,35.7617053673382,4039.64354863149,NaN,0.0808889187752238
needle,256,64000,20,rand,running_mean,normweighted,256,0.009577056875,187.637151572239,4039.64354863149,1,0.00611638593970829
needle,256,64000,20,rand_r12,running_mean,normweighted,256,0.116709556875,187.637151572239,4039.64354863149,1,0.00611638593970829
