family,k,n,seed,method,mode,sampling,block_size,time_s,frobinv,osinsky,tested_per_k,sigma_min
gaussian,64,1000,1,det,na,na,0,0.00149664020833333,54.3426865061679,244.883645840223,NaN,0.0497504514065209
gaussian,64,1000,1,builtin,na,na,0,0.00197464020833333,55.4109187041206,244.883645840223,NaN,0.0435101087693598
gaussian,64,1000,1,rand,running_mean,normweighted,64,0.000199602208333333,98.5200538540177,244.883645840223,2,0.0208386737017454
gaussian,64,1000,1,rand_r12,running_mean,normweighted,64,0.000324039097222222,98.5200538540177,244.883645840223,2,0.0208386737017454
gaussian,64,1000,2,det,na,na,0,0.00327359854166667,53.8068155009434,244.883645840223,NaN,0.0523620322129091
gaussian,64,1000,2,builtin,na,na,0,0.001771056875,55.5051077432327,244.883645840223,NaN,0.0454024367642731
gaussian,64,1000,2,rand,running_mean,normweighted,64,0.000160551875,88.1659272869845,244.883645840223,2,0.0249524889350833
gaussian,64,1000,2,rand_r12,running_mean,normweighted,64,0.000298734791666667,88.1659272869845,244.883645840223,2,0.0249524889350833
gaussian,64,1000,3,det,na,na,0,0.00306372354166667,54.8443232572197,244.883645840223,NaN,0.0486900030945009
gaussian,64,1000,3,builtin,na,na,0,0.001914931875,56.0906258720205,244.883645840223,NaN,0.0464880130854123
gaussian,64,1000,3,rand,running_mean,normweighted,64,0.000159430486111111,84.1343867449544,244.883645840223,2,0.026272098962178
gaussian,64,1000,3,rand_r12,running_mean,normweighted,64,0.000302266041666667,84.1343867449544,244.883645840223,2,0.026272098962178
gaussian,64,1000,4,det,na,na,0,0.00304414020833333,52.9894509871036,244.883645840223,NaN,0.0473799174096422
gaussian,64,1000,4,builtin,na,na,0,0.00198789020833333,55.1766451721707,244.883645840223,NaN,0.0495239294842604
gaussian,64,1000,4,rand,running_mean,normweighted,64,0.000162772113095238,97.9005562764287,244.883645840223,2,0.0191029720715849
gaussian,64,1000,4,rand_r12,running_mean,normweighted,64,0.000325120208333333,97.9005562764287,244.883645840223,2,0.0191029720715849
gaussian,64,1000,5,det,na,na,0,0.003022056875,56.7030375462485,244.883645840223,NaN,0.0422723908863831
gaussian,64,1000,5,builtin,na,na,0,0.00190239020833333,57.1047067055584,244.883645840223,NaN,0.0440383557374894
gaussian,64,1000,5,rand,running_mean,normweighted,64,0.000168742986111111,88.3427795542678,244.883645840223,2,0.0206877291831155
gaussian,64,1000,5,rand_r12,running_mean,normweighted,64,0.000316224375,88.3427795542678,244.883645840223,2,0.0206877291831155
gaussian,64,1000,6,det,na,na,0,0.002978931875,52.5297672820174,244.883645840223,NaN,0.0507825655029422
gaussian,64,1000,6,builtin,na,na,0,0.001830181875,55.472700660999,244.883645840223,NaN,0.0434329155090616
gaussian,64,1000,6,rand,running_mean,normweighted,64,0.000164718541666667,90.7038520273149,244.883645840223,2,0.0204380682964657
gaussian,64,1000,6,rand_r12,running_mean,normweighted,64,0.000317151458333333,90.7038520273149,244.883645840223,2,0.0204380682964657
gaussian,64,1000,7,det,na,na,0,0.00213172354166667,52.9054580805007,244.883645840223,NaN,0.0527183344773524
gaussian,64,1000,7,builtin,na,na,0,0.000930473541666667,58.6636942489969,244.883645840223,NaN,0.0405882507572374
gaussian,64,1000,7,rand,running_mean,normweighted,64,0.000139462589285714,90.7497524986488,244.883645840223,2,0.0206950998752076
gaussian,64,1000,7,rand_r12,running_mean,normweighted,64,0.000256568125,90.7497524986488,244.883645840223,2,0.0206950998752076
gaussian,64,1000,8,det,na,na,0,0.001488681875,54.3220015919852,244.883645840223,NaN,0.047908662723208
gaussian,64,1000,8,builtin,na,na,0,0.000917640208333333,56.0750937905253,244.883645840223,NaN,0.0447789885789869
gaussian,64,1000,8,rand,running_mean,normweighted,64,0.000125398125,98.8107065040378,244.883645840223,2,0.0208686153994803
gaussian,64,1000,8,rand_r12,running_mean,normweighted,64,0.000247318125,98.8107065040378,244.883645840223,2,0.0208686153994803
gaussian,64,1000,9,det,na,na,0,0.00148601520833333,53.4012050333883,244.883645840223,NaN,0.0520602280342326
gaussian,64,1000,9,builtin,na,na,0,0.000899439375,58.6707492092353,244.883645840223,NaN,0.0407838072349695
gaussian,64,1000,9,rand,running_mean,normweighted,64,0.0001295075,94.255459360667,244.883645840223,2,0.0191170434153505
gaussian,64,1000,9,rand_r12,running_mean,normweighted,64,0.000215120208333333,94.255459360667,244.883645840223,2,0.0191170434153505
gaussian,64,1000,10,det,na,na,0,0.00148034854166667,52.2884691923798,244.883645840223,NaN,0.0557775302800019
gaussian,64,1000,10,builtin,na,na,0,0.000886231041666667,53.6470056494629,244.883645840223,NaN,0.0439078671168806
gaussian,64,1000,10,rand,running_mean,normweighted,64,0.000130455416666667,83.2791453709681,244.883645840223,2,0.026457935107562
gaussian,64,1000,10,rand_r12,running_mean,normweighted,64,0.000214755625,83.2791453709681,244.883645840223,2,0.026457935107562
gaussian,64,1000,11,det,na,na,0,0.00150551520833333,53.4649268743322,244.883645840223,NaN,0.0521485674893172
gaussian,64,1000,11,builtin,na,na,0,0.000914681875,59.3753556046533,244.883645840223,NaN,0.0391307554992981
gaussian,64,1000,11,rand,running_mean,normweighted,64,0.000132991875,88.4827662711476,244.883645840223,2,0.0241669648642993
gaussian,64,1000,11,rand_r12,running_mean,normweighted,64,0.000242536875,88.4827662711476,244.883645840223,2,0.0241669648642993
gaussian,64,1000,12,det,na,na,0,0.00148564020833333,55.7301182073381,244.883645840223,NaN,0.0441824812048369
gaussian,64,1000,12,builtin,na,na,0,0.000901515208333333,55.5198977464022,244.883645840223,NaN,0.0462444112632739
gaussian,64,1000,12,rand,running_mean,normweighted,64,0.000130622083333333,82.895799070533,244.883645840223,2,0.029294827421259
gaussian,64,1000,12,rand_r12,running_mean,normweighted,64,0.000216368875,82.895799070533,244.883645840223,2,0.029294827421259
gaussian,64,1000,13,det,na,na,0,0.00149584854166667,55.9679781127795,244.883645840223,NaN,0.0447298343251915
gaussian,64,1000,13,builtin,na,na,0,0.000965598541666667,56.1261466926142,244.883645840223,NaN,0.0444700158892571
gaussian,64,1000,13,rand,running_mean,normweighted,64,0.000136471041666667,83.011530651266,244.883645840223,2,0.026352626724219
gaussian,64,1000,13,rand_r12,running_mean,normweighted,64,0.000243557708333333,83.011530651266,244.883645840223,2,0.026352626724219
gaussian,64,1000,14,det,na,na,0,0.00150276520833333,55.2596493441776,244.883645840223,NaN,0.0529121499440197
gaussian,64,1000,14,builtin,na,na,0,0.000906681875,55.5327593363061,244.883645840223,NaN,0.0484160991647264
gaussian,64,1000,14,rand,running_mean,normweighted,64,0.000129096041666667,88.2268985909264,244.883645840223,2,0.0226022909416259
gaussian,64,1000,14,rand_r12,running_mean,normweighted,64,0.000236477208333333,88.2268985909264,244.883645840223,2,0.0226022909416259
gaussian,64,1000,15,det,na,na,0,0.001473181875,54.0850677741991,244.883645840223,NaN,0.046055752277972
gaussian,64,1000,15,builtin,na,na,0,0.000891814375,56.0887007243701,244.883645840223,NaN,0.0412197846244154
gaussian,64,1000,15,rand,running_mean,normweighted,64,0.000128090833333333,97.4324266048105,244.883645840223,2,0.0192790469502739
gaussian,64,1000,15,rand_r12,running_mean,normweighted,64,0.000250713958333333,97.4324266048105,244.883645840223,2,0.0192790469502739
gaussian,64,1000,16,det,na,na,0,0.001499681875,53.2291449072284,244.883645840223,NaN,0.0532502056089995
gaussian,64,1000,16,builtin,na,na,0,0.000903793541666667,56.4185962296538,244.883645840223,NaN,0.0444588737085389
gaussian,64,1000,16,rand,running_mean,normweighted,64,0.00012985125,88.2239023887633,244.883645840223,2,0.0229219409298099
gaussian,64,1000,16,rand_r12,running_mean,normweighted,64,0.000234193125,88.2239023887633,244.883645840223,2,0.0229219409298099
gaussian,64,1000,17,det,na,na,0,0.001492931875,53.4758966647596,244.883645840223,NaN,0.051025867733536
gaussian,64,1000,17,builtin,na,na,0,0.000897668541666667,55.9944885237829,244.883645840223,NaN,0.042385027668484
gaussian,64,1000,17,rand,running_mean,normweighted,64,0.000127991875,98.0424287645147,244.883645840223,2,0.0187868558107444
gaussian,64,1000,17,rand_r12,running_mean,normweighted,64,0.000237552208333333,98.0424287645147,244.883645840223,2,0.0187868558107444
gaussian,64,1000,18,det,na,na,0,0.00148509854166667,53.3395577106371,244.883645840223,NaN,0.0517669073482453
gaussian,64,1000,18,builtin,na,na,0,0.000885814375,57.594999351422,244.883645840223,NaN,0.0410203566943323
gaussian,64,1000,18,rand,running_mean,normweighted,64,0.000143861398809524,86.8934168551961,244.883645840223,2,0.0228451049302905
gaussian,64,1000,18,rand_r12,running_mean,normweighted,64,0.000253859791666667,86.8934168551961,244.883645840223,2,0.0228451049302905
gaussian,64,1000,19,det,na,na,0,0.00148189020833333,56.0531983820903,244.883645840223,NaN,0.0451028340384313
gaussian,64,1000,19,builtin,na,na,0,0.000893168541666667,57.0407889438403,244.883645840223,NaN,0.0420454863997691
gaussian,64,1000,19,rand,running_mean,normweighted,64,0.000130809583333333,93.9465144443342,244.883645840223,2,0.0214414526916388
gaussian,64,1000,19,rand_r12,running_mean,normweighted,64,0.000215627208333333,93.9465144443342,244.883645840223,2,0.0214414526916388
gaussian,64,1000,20,det,na,na,0,0.00148001520833333,53.0583694688638,244.883645840223,NaN,0.0534623799127043
gaussian,64,1000,20,builtin,na,na,0,0.000897668541666667,56.6394788549069,244.883645840223,NaN,0.0410464085692665
gaussian,64,1000,20,rand,running_mean,normweighted,64,0.000127653333333333,89.1322524211321,244.883645840223,2,0.0229686615134725
gaussian,64,1000,20,rand_r12,running_mean,normweighted,64,0.000240110541666667,89.1322524211321,244.883645840223,2,0.0229686615134725
gaussian,64,2000,1,det,na,na,0,0.00319401520833333,72.7310285366095,352.090897354646,NaN,0.042268182850609
gaussian,64,2000,1,builtin,na,na,0,0.00151476520833333,75.5125775285142,352.090897354646,NaN,0.0339801603065303
gaussian,64,2000,1,rand,running_mean,normweighted,64,0.000152397113095238,118.110943890731,352.090897354646,2,0.0208891921442671
gaussian,64,2000,1,rand_r12,running_mean,normweighted,64,0.000322880625,118.110943890731,352.090897354646,2,0.0208891921442671
gaussian,64,2000,2,det,na,na,0,0.00320197354166667,72.1411178393798,352.090897354646,NaN,0.0381253842968158
gaussian,64,2000,2,builtin,na,na,0,0.001510431875,74.9196462916471,352.090897354646,NaN,0.0348571455311969
gaussian,64,2000,2,rand,running_mean,normweighted,64,0.000166604097222222,124.266382022867,352.090897354646,2,0.0172832544220981
gaussian,64,2000,2,rand_r12,running_mean,normweighted,64,0.000412483541666667,124.266382022867,352.090897354646,2,0.0172832544220981
gaussian,64,2000,3,det,na,na,0,0.00318359854166667,73.1082659881842,352.090897354646,NaN,0.0390409739297178
gaussian,64,2000,3,builtin,na,na,0,0.00152572354166667,75.0562015077696,352.090897354646,NaN,0.0364832217668116
gaussian,64,2000,3,rand,running_mean,normweighted,64,0.000151897113095238,126.76823128304,352.090897354646,2,0.0178035791208651
gaussian,64,2000,3,rand_r12,running_mean,normweighted,64,0.000394372430555556,126.76823128304,352.090897354646,2,0.0178035791208651
gaussian,64,2000,4,det,na,na,0,0.00309909854166667,72.7116908732961,352.090897354646,NaN,0.0400722679155911
gaussian,64,2000,4,builtin,na,na,0,0.001512056875,73.8761616439821,352.090897354646,NaN,0.0373260615462223
gaussian,64,2000,4,rand,running_mean,normweighted,64,0.000146504255952381,138.617441572055,352.090897354646,2,0.0137454298530339
gaussian,64,2000,4,rand_r12,running_mean,normweighted,64,0.000374664097222222,138.617441572055,352.090897354646,2,0.0137454298530339
gaussian,64,2000,5,det,na,na,0,0.003208431875,73.8184078643204,352.090897354646,NaN,0.0356407093109464
gaussian,64,2000,5,builtin,na,na,0,0.001676931875,78.1437185395964,352.090897354646,NaN,0.0279374514939864
gaussian,64,2000,5,rand,running_mean,normweighted,64,0.000150504255952381,130.225808545796,352.090897354646,2,0.0165849145121839
gaussian,64,2000,5,rand_r12,running_mean,normweighted,64,0.000395219652777778,130.225808545796,352.090897354646,2,0.0165849145121839
gaussian,64,2000,6,det,na,na,0,0.00319372354166667,72.6021805708376,352.090897354646,NaN,0.0380157978738746
gaussian,64,2000,6,builtin,na,na,0,0.00155701520833333,78.0977040509571,352.090897354646,NaN,0.0311203495457538
gaussian,64,2000,6,rand,running_mean,normweighted,64,0.000151617351190476,130.084331381176,352.090897354646,2,0.0147174181161998
gaussian,64,2000,6,rand_r12,running_mean,normweighted,64,0.000383052986111111,130.084331381176,352.090897354646,2,0.0147174181161998
gaussian,64,2000,7,det,na,na,0,0.00323747354166667,72.7398428756612,352.090897354646,NaN,0.0382365426863604
gaussian,64,2000,7,builtin,na,na,0,0.001560306875,76.4194001184554,352.090897354646,NaN,0.0319005312795507
gaussian,64,2000,7,rand,running_mean,normweighted,64,0.00014820068452381,127.978013066576,352.090897354646,2,0.0152005826225969
gaussian,64,2000,7,rand_r12,running_mean,normweighted,64,0.000366608541666667,127.978013066576,352.090897354646,2,0.0152005826225969
gaussian,64,2000,8,det,na,na,0,0.003178931875,72.2891913254567,352.090897354646,NaN,0.037325794545138
gaussian,64,2000,8,builtin,na,na,0,0.001513056875,78.5933266363061,352.090897354646,NaN,0.0296473094924635
gaussian,64,2000,8,rand,running_mean,normweighted,64,0.000150480446428571,130.597125901951,352.090897354646,2,0.0153986104718161
gaussian,64,2000,8,rand_r12,running_mean,normweighted,64,0.000367164097222222,130.597125901951,352.090897354646,2,0.0153986104718161
gaussian,64,2000,9,det,na,na,0,0.00318847354166667,73.8420104873205,352.090897354646,NaN,0.0368881621334935
gaussian,64,2000,9,builtin,na,na,0,0.00152572354166667,76.083675149039,352.090897354646,NaN,0.0349146858494909
gaussian,64,2000,9,rand,running_mean,normweighted,64,0.000146855446428571,126.33587379419,352.090897354646,2,0.0179526591954316
gaussian,64,2000,9,rand_r12,running_mean,normweighted,64,0.000411927986111111,126.33587379419,352.090897354646,2,0.0179526591954316
gaussian,64,2000,10,det,na,na,0,0.00317339020833333,73.1202570278953,352.090897354646,NaN,0.0363758779123069
gaussian,64,2000,10,builtin,na,na,0,0.001520681875,75.755723919348,352.090897354646,NaN,0.0329723610577281
gaussian,64,2000,10,rand,running_mean,normweighted,64,0.000165813779761905,139.403750730186,352.090897354646,2,0.0150512493426395
gaussian,64,2000,10,rand_r12,running_mean,normweighted,64,0.000409483541666667,139.403750730186,352.090897354646,2,0.0150512493426395
gaussian,64,2000,11,det,na,na,0,0.00318351520833333,74.6687020919012,352.090897354646,NaN,0.0380071678131838
gaussian,64,2000,11,builtin,na,na,0,0.00150964020833333,79.1442623835662,352.090897354646,NaN,0.0304547806638427
gaussian,64,2000,11,rand,running_mean,normweighted,64,0.000147843541666667,121.835137246363,352.090897354646,2,0.0161024625772777
gaussian,64,2000,11,rand_r12,running_mean,normweighted,64,0.000367108541666667,121.835137246363,352.090897354646,2,0.0161024625772777
gaussian,64,2000,12,det,na,na,0,0.00317934854166667,71.5648180203098,352.090897354646,NaN,0.0402090567524804
gaussian,64,2000,12,builtin,na,na,0,0.00151247354166667,76.4331572877013,352.090897354646,NaN,0.0352097868830797
gaussian,64,2000,12,rand,running_mean,normweighted,64,0.000146926875,115.411752212461,352.090897354646,2,0.017623956947906
gaussian,64,2000,12,rand_r12,running_mean,normweighted,64,0.000411691875,115.411752212461,352.090897354646,2,0.017623956947906
gaussian,64,2000,13,det,na,na,0,0.00320026520833333,74.1334391762829,352.090897354646,NaN,0.0369810760621324
gaussian,64,2000,13,builtin,na,na,0,0.00151872354166667,77.3560594748141,352.090897354646,NaN,0.0328019313817712
gaussian,64,2000,13,rand,running_mean,normweighted,64,0.000149914970238095,127.459712662952,352.090897354646,2,0.0166563231110487
gaussian,64,2000,13,rand_r12,running_mean,normweighted,64,0.000372608541666667,127.459712662952,352.090897354646,2,0.0166563231110487
gaussian,64,2000,14,det,na,na,0,0.003222681875,72.2188156561978,352.090897354646,NaN,0.0346500858331178
gaussian,64,2000,14,builtin,na,na,0,0.00152422354166667,78.1568036329328,352.090897354646,NaN,0.0266729556710422
gaussian,64,2000,14,rand,running_mean,normweighted,64,0.000166361041666667,120.387812922032,352.090897354646,2,0.01839180102701
gaussian,64,2000,14,rand_r12,running_mean,normweighted,64,0.000412622430555556,120.387812922032,352.090897354646,2,0.01839180102701
gaussian,64,2000,15,det,na,na,0,0.00322334854166667,72.4098570959879,352.090897354646,NaN,0.0388901383390612
gaussian,64,2000,15,builtin,na,na,0,0.00151014020833333,76.013058674825,352.090897354646,NaN,0.0345896726184375
gaussian,64,2000,15,rand,running_mean,normweighted,64,0.000147992351190476,131.955097526001,352.090897354646,2,0.0155647462242151
gaussian,64,2000,15,rand_r12,running_mean,normweighted,64,0.000378511319444444,131.955097526001,352.090897354646,2,0.0155647462242151
gaussian,64,2000,16,det,na,na,0,0.003197306875,74.8738154459524,352.090897354646,NaN,0.034719258656255
gaussian,64,2000,16,builtin,na,na,0,0.00151364020833333,78.4972610499051,352.090897354646,NaN,0.0293890560206533
gaussian,64,2000,16,rand,running_mean,normweighted,64,0.000163687430555556,136.425845415388,352.090897354646,2,0.0173946877257798
gaussian,64,2000,16,rand_r12,running_mean,normweighted,64,0.000410497430555556,136.425845415388,352.090897354646,2,0.0173946877257798
gaussian,64,2000,17,det,na,na,0,0.00319197354166667,71.9116541803613,352.090897354646,NaN,0.0406044215255104
gaussian,64,2000,17,builtin,na,na,0,0.001502806875,76.7010714347078,352.090897354646,NaN,0.0284509104474117
gaussian,64,2000,17,rand,running_mean,normweighted,64,0.000167499930555556,129.337621883406,352.090897354646,2,0.0161036285063754
gaussian,64,2000,17,rand_r12,running_mean,normweighted,64,0.000415275208333333,129.337621883406,352.090897354646,2,0.0161036285063754
gaussian,64,2000,18,det,na,na,0,0.003189931875,74.8860343405312,352.090897354646,NaN,0.0368877991828936
gaussian,64,2000,18,builtin,na,na,0,0.00151914020833333,79.1653483645993,352.090897354646,NaN,0.029760678241101
gaussian,64,2000,18,rand,running_mean,normweighted,64,0.000150831636904762,120.344273984944,352.090897354646,2,0.0182331085580582
gaussian,64,2000,18,rand_r12,running_mean,normweighted,64,0.000414955763888889,120.344273984944,352.090897354646,2,0.0182331085580582
gaussian,64,2000,19,det,na,na,0,0.003189556875,72.4864060764869,352.090897354646,NaN,0.0385012055024836
gaussian,64,2000,19,builtin,na,na,0,0.00150822354166667,77.3495066659709,352.090897354646,NaN,0.031689628998905
gaussian,64,2000,19,rand,running_mean,normweighted,64,0.000148932827380952,123.852130323962,352.090897354646,2,0.0174875165381609
gaussian,64,2000,19,rand_r12,running_mean,normweighted,64,0.000369511319444444,123.852130323962,352.090897354646,2,0.0174875165381609
gaussian,64,2000,20,det,na,na,0,0.00321047354166667,70.8982640850408,352.090897354646,NaN,0.0430332450684941
gaussian,64,2000,20,builtin,na,na,0,0.00153422354166667,79.8162677295725,352.090897354646,NaN,0.0288958208074227
gaussian,64,2000,20,rand,running_mean,normweighted,64,0.000149414970238095,121.714443716105,352.090897354646,2,0.0168787596958369
gaussian,64,2000,20,rand_r12,running_mean,normweighted,64,0.000368691875,121.714443716105,352.090897354646,2,0.0168787596958369
gaussian,64,4000,1,det,na,na,0,0.006737431875,100.107535515325,501.964142145632,NaN,0.0283968261933638
gaussian,64,4000,1,builtin,na,na,0,0.00274714020833333,100.890664259653,501.964142145632,NaN,0.028136887214332
gaussian,64,4000,1,rand,running_mean,normweighted,64,0.000183784652777778,201.294278160116,501.964142145632,2,0.0100663966212808
gaussian,64,4000,1,rand_r12,running_mean,normweighted,64,0.000614897708333333,201.294278160116,501.964142145632,2,0.0100663966212808
gaussian,64,4000,2,det,na,na,0,0.00667239020833333,99.6996496777249,501.964142145632,NaN,0.0287124170578583
gaussian,64,4000,2,builtin,na,na,0,0.00270272354166667,102.061430958843,501.964142145632,NaN,0.0263205919179355
gaussian,64,4000,2,rand,running_mean,normweighted,64,0.000186680486111111,177.212591797481,501.964142145632,2,0.0114461514150667
gaussian,64,4000,2,rand_r12,running_mean,normweighted,64,0.000585356041666667,177.212591797481,501.964142145632,2,0.0114461514150667
gaussian,64,4000,3,det,na,na,0,0.00671434854166667,98.4462573230101,501.964142145632,NaN,0.0306265174597838
gaussian,64,4000,3,builtin,na,na,0,0.00270201520833333,102.791403238825,501.964142145632,NaN,0.0268680637191171
gaussian,64,4000,3,rand,running_mean,normweighted,64,0.000201860541666667,182.159392827353,501.964142145632,2,0.011261683117354
gaussian,64,4000,3,rand_r12,running_mean,normweighted,64,0.000730835208333333,182.159392827353,501.964142145632,2,0.011261683117354
gaussian,64,4000,4,det,na,na,0,0.00673134854166667,98.1895443780042,501.964142145632,NaN,0.0295893698923358
gaussian,64,4000,4,builtin,na,na,0,0.00270684854166667,109.589805487349,501.964142145632,NaN,0.0201035279378425
gaussian,64,4000,4,rand,running_mean,normweighted,64,0.000192444375,193.53779591213,501.964142145632,2,0.0106393472444379
gaussian,64,4000,4,rand_r12,running_mean,normweighted,64,0.000694772708333333,193.53779591213,501.964142145632,2,0.0106393472444379
gaussian,64,4000,5,det,na,na,0,0.006746306875,98.6516024879242,501.964142145632,NaN,0.0290911591171207
gaussian,64,4000,5,builtin,na,na,0,0.00272289020833333,102.692154037027,501.964142145632,NaN,0.024854560258346
gaussian,64,4000,5,rand,running_mean,normweighted,64,0.000185770763888889,203.494473634013,501.964142145632,2,0.00845454924164295
gaussian,64,4000,5,rand_r12,running_mean,normweighted,64,0.000617043541666667,203.494473634013,501.964142145632,2,0.00845454924164295
gaussian,64,4000,6,det,na,na,0,0.00678309854166667,100.435122719178,501.964142145632,NaN,0.0251230432015984
gaussian,64,4000,6,builtin,na,na,0,0.00271589020833333,101.342206071514,501.964142145632,NaN,0.0275868227418129
gaussian,64,4000,6,rand,running_mean,normweighted,64,0.000182430486111111,186.181485048488,501.964142145632,2,0.0117653358739355
gaussian,64,4000,6,rand_r12,running_mean,normweighted,64,0.000606501875,186.181485048488,501.964142145632,2,0.0117653358739355
gaussian,64,4000,7,det,na,na,0,0.00673359854166667,99.4839379397571,501.964142145632,NaN,0.0276005174879528
gaussian,64,4000,7,builtin,na,na,0,0.00271826520833333,103.02014063424,501.964142145632,NaN,0.0258548389309063
gaussian,64,4000,7,rand,running_mean,normweighted,64,0.000205694375,179.882056129938,501.964142145632,2,0.0108824767381495
gaussian,64,4000,7,rand_r12,running_mean,normweighted,64,0.000732397708333333,179.882056129938,501.964142145632,2,0.0108824767381495
gaussian,64,4000,8,det,na,na,0,0.006771306875,99.116107153666,501.964142145632,NaN,0.029033185854961
gaussian,64,4000,8,builtin,na,na,0,0.00272151520833333,105.472319972807,501.964142145632,NaN,0.0209205151278688
gaussian,64,4000,8,rand,running_mean,normweighted,64,0.000196852208333333,238.192902328752,501.964142145632,2,0.00758746118179216
gaussian,64,4000,8,rand_r12,running_mean,normweighted,64,0.000732251875,238.192902328752,501.964142145632,2,0.00758746118179216
gaussian,64,4000,9,det,na,na,0,0.00674634854166667,98.4687222813712,501.964142145632,NaN,0.0273282286037329
gaussian,64,4000,9,builtin,na,na,0,0.002748181875,104.47599944883,501.964142145632,NaN,0.0250479032335434
gaussian,64,4000,9,rand,running_mean,normweighted,64,0.000184388819444444,165.816352379228,501.964142145632,2,0.0138850917586637
gaussian,64,4000,9,rand_r12,running_mean,normweighted,64,0.000576918541666667,165.816352379228,501.964142145632,2,0.0138850917586637
gaussian,64,4000,10,det,na,na,0,0.00675522354166667,96.4065411328844,501.964142145632,NaN,0.0311340383419713
gaussian,64,4000,10,builtin,na,na,0,0.002739681875,104.315079279681,501.964142145632,NaN,0.0250115029733075
gaussian,64,4000,10,rand,running_mean,normweighted,64,0.000183194375,198.68522167497,501.964142145632,2,0.0107342708772007
gaussian,64,4000,10,rand_r12,running_mean,normweighted,64,0.000581043541666667,198.68522167497,501.964142145632,2,0.0107342708772007
gaussian,64,4000,11,det,na,na,0,0.00669501520833333,99.4909410577668,501.964142145632,NaN,0.0279668047333899
gaussian,64,4000,11,builtin,na,na,0,0.002755181875,103.720491324641,501.964142145632,NaN,0.0216438606770778
gaussian,64,4000,11,rand,running_mean,normweighted,64,0.000188145763888889,182.471266676001,501.964142145632,2,0.0110054057036059
gaussian,64,4000,11,rand_r12,running_mean,normweighted,64,0.000583106041666667,182.471266676001,501.964142145632,2,0.0110054057036059
gaussian,64,4000,12,det,na,na,0,0.00674459854166667,100.433376179117,501.964142145632,NaN,0.0262063225118123
gaussian,64,4000,12,builtin,na,na,0,0.00272451520833333,102.230211497426,501.964142145632,NaN,0.0278833392616264
gaussian,64,4000,12,rand,running_mean,normweighted,64,0.000188958263888889,189.953939517007,501.964142145632,2,0.0104366498589732
gaussian,64,4000,12,rand_r12,running_mean,normweighted,64,0.000716772708333333,189.953939517007,501.964142145632,2,0.0104366498589732
gaussian,64,4000,13,det,na,na,0,0.00684834854166667,99.0189507110921,501.964142145632,NaN,0.0275877284993024
gaussian,64,4000,13,builtin,na,na,0,0.002713556875,101.480095107296,501.964142145632,NaN,0.0279138693472864
gaussian,64,4000,13,rand,running_mean,normweighted,64,0.000183423541666667,180.134002181195,501.964142145632,2,0.0127721872769768
gaussian,64,4000,13,rand_r12,running_mean,normweighted,64,0.000579876875,180.134002181195,501.964142145632,2,0.0127721872769768
gaussian,64,4000,14,det,na,na,0,0.00676509854166667,98.3988737169004,501.964142145632,NaN,0.0317967271244214
gaussian,64,4000,14,builtin,na,na,0,0.00274564020833333,104.282096000198,501.964142145632,NaN,0.0229425949995953
gaussian,64,4000,14,rand,running_mean,normweighted,64,0.000202381875,171.807874915336,501.964142145632,2,0.0129165762372229
gaussian,64,4000,14,rand_r12,running_mean,normweighted,64,0.000732626875,171.807874915336,501.964142145632,2,0.0129165762372229
gaussian,64,4000,15,det,na,na,0,0.00680947354166667,100.831311987094,501.964142145632,NaN,0.028799547681812
gaussian,64,4000,15,builtin,na,na,0,0.00274409854166667,102.38609398849,501.964142145632,NaN,0.0266862077945112
gaussian,64,4000,15,rand,running_mean,normweighted,64,0.000192117986111111,192.778184916114,501.964142145632,2,0.00951633121495695
gaussian,64,4000,15,rand_r12,running_mean,normweighted,64,0.000700251875,192.778184916114,501.964142145632,2,0.00951633121495695
gaussian,64,4000,16,det,na,na,0,0.00674189020833333,98.6410315838689,501.964142145632,NaN,0.0294719087483212
gaussian,64,4000,16,builtin,na,na,0,0.002778681875,101.904910562412,501.964142145632,NaN,0.0257812091338378
gaussian,64,4000,16,rand,running_mean,normweighted,64,0.000186062430555556,175.236205177095,501.964142145632,2,0.0130391826766068
gaussian,64,4000,16,rand_r12,running_mean,normweighted,64,0.000579231041666667,175.236205177095,501.964142145632,2,0.0130391826766068
gaussian,64,4000,17,det,na,na,0,0.00678976520833333,98.5888530490927,501.964142145632,NaN,0.0271766434846886
gaussian,64,4000,17,builtin,na,na,0,0.002736931875,101.64107372496,501.964142145632,NaN,0.0237358638883738
gaussian,64,4000,17,rand,running_mean,normweighted,64,0.000184138819444444,190.978608115815,501.964142145632,2,0.0101469002019593
gaussian,64,4000,17,rand_r12,running_mean,normweighted,64,0.000581626875,190.978608115815,501.964142145632,2,0.0101469002019593
gaussian,64,4000,18,det,na,na,0,0.006818806875,97.2621066298774,501.964142145632,NaN,0.0307899387851781
gaussian,64,4000,18,builtin,na,na,0,0.002732806875,101.681586558959,501.964142145632,NaN,0.0238929227186174
gaussian,64,4000,18,rand,running_mean,normweighted,64,0.000182659652777778,198.02990765288,501.964142145632,2,0.0116861607413951
gaussian,64,4000,18,rand_r12,running_mean,normweighted,64,0.000578501875,198.02990765288,501.964142145632,2,0.0116861607413951
gaussian,64,4000,19,det,na,na,0,0.00673972354166667,98.4464083655562,501.964142145632,NaN,0.0304247586013455
gaussian,64,4000,19,builtin,na,na,0,0.00273451520833333,101.585401312786,501.964142145632,NaN,0.0293521752000527
gaussian,64,4000,19,rand,running_mean,normweighted,64,0.000201493875,175.126944655828,501.964142145632,2,0.0124362913624412
gaussian,64,4000,19,rand_r12,running_mean,normweighted,64,0.000732397708333333,175.126944655828,501.964142145632,2,0.0124362913624412
gaussian,64,4000,20,det,na,na,0,0.00679247354166667,97.3517461825503,501.964142145632,NaN,0.0314889564212162
gaussian,64,4000,20,builtin,na,na,0,0.002727306875,108.629483143527,501.964142145632,NaN,0.018514925531437
gaussian,64,4000,20,rand,running_mean,normweighted,64,0.000188229097222222,182.02685611502,501.964142145632,2,0.0110413671536733
gaussian,64,4000,20,rand_r12,running_mean,normweighted,64,0.000695564375,182.02685611502,501.964142145632,2,0.0110413671536733
gaussian,64,8000,1,det,na,na,0,0.014497306875,132.144285599051,712.718738353356,NaN,0.0236679222999662
gaussian,64,8000,1,builtin,na,na,0,0.00519114020833333,140.099422473249,712.718738353356,NaN,0.0192732581289637
gaussian,64,8000,1,rand,running_mean,normweighted,64,0.000277307708333333,267.317302560868,712.718738353356,2,0.00779632139573774
gaussian,64,8000,1,rand_r12,running_mean,normweighted,64,0.00130151520833333,267.317302560868,712.718738353356,2,0.00779632139573774
gaussian,64,8000,2,det,na,na,0,0.0144679735416667,132.587002788053,712.718738353356,NaN,0.0232639544542171
gaussian,64,8000,2,builtin,na,na,0,0.00517214020833333,136.171812289565,712.718738353356,NaN,0.018437483403599
gaussian,64,8000,2,rand,running_mean,normweighted,64,0.000264099375,278.178897668047,712.718738353356,2,0.00726969512409332
gaussian,64,8000,2,rand_r12,running_mean,normweighted,64,0.00123801520833333,278.178897668047,712.718738353356,2,0.00726969512409332
gaussian,64,8000,3,det,na,na,0,0.0147100152083333,135.244263992455,712.718738353356,NaN,0.0221966988407046
gaussian,64,8000,3,builtin,na,na,0,0.00521876520833333,137.247901420619,712.718738353356,NaN,0.0198700392994615
gaussian,64,8000,3,rand,running_mean,normweighted,64,0.000271963958333333,259.233562205959,712.718738353356,2,0.00814373378213863
gaussian,64,8000,3,rand_r12,running_mean,normweighted,64,0.001280806875,259.233562205959,712.718738353356,2,0.00814373378213863
gaussian,64,8000,4,det,na,na,0,0.014498681875,133.26436740767,712.718738353356,NaN,0.0224997344089352
gaussian,64,8000,4,builtin,na,na,0,0.00520739020833333,140.168341968295,712.718738353356,NaN,0.0186598489011402
gaussian,64,8000,4,rand,running_mean,normweighted,64,0.000276286875,283.129193582954,712.718738353356,2,0.00742513980228039
gaussian,64,8000,4,rand_r12,running_mean,normweighted,64,0.00130214020833333,283.129193582954,712.718738353356,2,0.00742513980228039
gaussian,64,8000,5,det,na,na,0,0.0144328902083333,132.624750759999,712.718738353356,NaN,0.0224325499731294
gaussian,64,8000,5,builtin,na,na,0,0.00526034854166667,139.27618571051,712.718738353356,NaN,0.0185093196555408
gaussian,64,8000,5,rand,running_mean,normweighted,64,0.000275713958333333,287.708000356029,712.718738353356,2,0.00813469042983134
gaussian,64,8000,5,rand_r12,running_mean,normweighted,64,0.00141864020833333,287.708000356029,712.718738353356,2,0.00813469042983134
gaussian,64,8000,6,det,na,na,0,0.0144998485416667,133.258322221415,712.718738353356,NaN,0.0225917313634403
gaussian,64,8000,6,builtin,na,na,0,0.005296181875,141.221760564246,712.718738353356,NaN,0.0170641964909345
gaussian,64,8000,6,rand,running_mean,normweighted,64,0.000274224375,252.865259772606,712.718738353356,2,0.00904979681943502
gaussian,64,8000,6,rand_r12,running_mean,normweighted,64,0.00135259854166667,252.865259772606,712.718738353356,2,0.00904979681943502
gaussian,64,8000,7,det,na,na,0,0.0145963485416667,133.18052483265,712.718738353356,NaN,0.0235760631399237
gaussian,64,8000,7,builtin,na,na,0,0.005147931875,136.917825664708,712.718738353356,NaN,0.0208999862994986
gaussian,64,8000,7,rand,running_mean,normweighted,64,0.000266766041666667,268.117150628165,712.718738353356,2,0.00843090525395464
gaussian,64,8000,7,rand_r12,running_mean,normweighted,64,0.00129751520833333,268.117150628165,712.718738353356,2,0.00843090525395464
gaussian,64,8000,8,det,na,na,0,0.0145861402083333,135.958690189003,712.718738353356,NaN,0.0202345295385782
gaussian,64,8000,8,builtin,na,na,0,0.005227806875,139.992374411355,712.718738353356,NaN,0.0184841097971896
gaussian,64,8000,8,rand,running_mean,normweighted,64,0.000288224375,252.460688237742,712.718738353356,2,0.00831129139136478
gaussian,64,8000,8,rand_r12,running_mean,normweighted,64,0.00140147354166667,252.460688237742,712.718738353356,2,0.00831129139136478
gaussian,64,8000,9,det,na,na,0,0.014486181875,135.163603902733,712.718738353356,NaN,0.0209699632639364
gaussian,64,8000,9,builtin,na,na,0,0.005184431875,135.749999802178,712.718738353356,NaN,0.0193818653183558
gaussian,64,8000,9,rand,running_mean,normweighted,64,0.000265922291666667,257.954251362075,712.718738353356,2,0.00843373457976507
gaussian,64,8000,9,rand_r12,running_mean,normweighted,64,0.00133114020833333,257.954251362075,712.718738353356,2,0.00843373457976507
gaussian,64,8000,10,det,na,na,0,0.0145545152083333,133.362398823553,712.718738353356,NaN,0.0227824250395132
gaussian,64,8000,10,builtin,na,na,0,0.00510989020833333,139.351898061768,712.718738353356,NaN,0.0193298057782346
gaussian,64,8000,10,rand,running_mean,normweighted,64,0.000265338958333333,276.143189355049,712.718738353356,2,0.00779836430740121
gaussian,64,8000,10,rand_r12,running_mean,normweighted,64,0.00133134854166667,276.143189355049,712.718738353356,2,0.00779836430740121
gaussian,64,8000,11,det,na,na,0,0.014461806875,131.031583808095,712.718738353356,NaN,0.0232315927734858
gaussian,64,8000,11,builtin,na,na,0,0.005187306875,140.218193961846,712.718738353356,NaN,0.0192507113448638
gaussian,64,8000,11,rand,running_mean,normweighted,64,0.000264213958333333,269.092702922366,712.718738353356,2,0.00793530940995715
gaussian,64,8000,11,rand_r12,running_mean,normweighted,64,0.001281931875,269.092702922366,712.718738353356,2,0.00793530940995715
gaussian,64,8000,12,det,na,na,0,0.014475306875,131.336243833577,712.718738353356,NaN,0.0233289755807723
gaussian,64,8000,12,builtin,na,na,0,0.00518614020833333,138.257439202839,712.718738353356,NaN,0.0187049102086575
gaussian,64,8000,12,rand,running_mean,normweighted,64,0.000281797291666667,241.328494562584,712.718738353356,2,0.00938068231255613
gaussian,64,8000,12,rand_r12,running_mean,normweighted,64,0.00134634854166667,241.328494562584,712.718738353356,2,0.00938068231255613
gaussian,64,8000,13,det,na,na,0,0.0145207235416667,134.207778390189,712.718738353356,NaN,0.0207452657529889
gaussian,64,8000,13,builtin,na,na,0,0.005196431875,135.645969162363,712.718738353356,NaN,0.0210287182473265
gaussian,64,8000,13,rand,running_mean,normweighted,64,0.000260578541666667,239.995043938316,712.718738353356,2,0.00836225708880111
gaussian,64,8000,13,rand_r12,running_mean,normweighted,64,0.00114651520833333,239.995043938316,712.718738353356,2,0.00836225708880111
gaussian,64,8000,14,det,na,na,0,0.0144997652083333,133.752207784863,712.718738353356,NaN,0.0208951980318009
gaussian,64,8000,14,builtin,na,na,0,0.005163306875,136.392430861016,712.718738353356,NaN,0.0208504296218217
gaussian,64,8000,14,rand,running_mean,normweighted,64,0.000265193125,265.393171569512,712.718738353356,2,0.00712950097427152
gaussian,64,8000,14,rand_r12,running_mean,normweighted,64,0.00127476520833333,265.393171569512,712.718738353356,2,0.00712950097427152
gaussian,64,8000,15,det,na,na,0,0.0144845985416667,132.507728523789,712.718738353356,NaN,0.0222857180987002
gaussian,64,8000,15,builtin,na,na,0,0.00521839020833333,138.819516963783,712.718738353356,NaN,0.020533236594642
gaussian,64,8000,15,rand,running_mean,normweighted,64,0.000282588958333333,280.138654407061,712.718738353356,2,0.00738290815119565
gaussian,64,8000,15,rand_r12,running_mean,normweighted,64,0.00142684854166667,280.138654407061,712.718738353356,2,0.00738290815119565
gaussian,64,8000,16,det,na,na,0,0.0144651402083333,134.607691446787,712.718738353356,NaN,0.0220032819761121
gaussian,64,8000,16,builtin,na,na,0,0.00524059854166667,137.141212967942,712.718738353356,NaN,0.0191652394597158
gaussian,64,8000,16,rand,running_mean,normweighted,64,0.000272547291666667,250.421013441441,712.718738353356,2,0.00835361346325117
gaussian,64,8000,16,rand_r12,running_mean,normweighted,64,0.00127276520833333,250.421013441441,712.718738353356,2,0.00835361346325117
gaussian,64,8000,17,det,na,na,0,0.0145428485416667,134.068664864638,712.718738353356,NaN,0.0225634853698798
gaussian,64,8000,17,builtin,na,na,0,0.00539572354166667,143.167169347951,712.718738353356,NaN,0.0150444493534002
gaussian,64,8000,17,rand,running_mean,normweighted,64,0.000284099375,262.305307371029,712.718738353356,2,0.00842476959008226
gaussian,64,8000,17,rand_r12,running_mean,normweighted,64,0.00132659854166667,262.305307371029,712.718738353356,2,0.00842476959008226
gaussian,64,8000,18,det,na,na,0,0.0145672235416667,134.863736893358,712.718738353356,NaN,0.021195186579404
gaussian,64,8000,18,builtin,na,na,0,0.00519709854166667,140.555367118848,712.718738353356,NaN,0.0180344495161871
gaussian,64,8000,18,rand,running_mean,normweighted,64,0.000265120208333333,243.478013495628,712.718738353356,2,0.00868690838765801
gaussian,64,8000,18,rand_r12,running_mean,normweighted,64,0.001280556875,243.478013495628,712.718738353356,2,0.00868690838765801
gaussian,64,8000,19,det,na,na,0,0.0146403902083333,133.483319215252,712.718738353356,NaN,0.0230724446264996
gaussian,64,8000,19,builtin,na,na,0,0.00519959854166667,138.181153327208,712.718738353356,NaN,0.0200705099278331
gaussian,64,8000,19,rand,running_mean,normweighted,64,0.000267870208333333,242.488246679824,712.718738353356,2,0.00969233349612709
gaussian,64,8000,19,rand_r12,running_mean,normweighted,64,0.00114864020833333,242.488246679824,712.718738353356,2,0.00969233349612709
gaussian,64,8000,20,det,na,na,0,0.014459431875,135.559261140249,712.718738353356,NaN,0.0224015226116817
gaussian,64,8000,20,builtin,na,na,0,0.00521409854166667,134.385210345932,712.718738353356,NaN,0.0219643134249915
gaussian,64,8000,20,rand,running_mean,normweighted,64,0.000277255625,253.942615757987,712.718738353356,2,0.00827876196314558
gaussian,64,8000,20,rand_r12,running_mean,normweighted,64,0.00130189020833333,253.942615757987,712.718738353356,2,0.00827876196314558
gaussian,64,16000,1,det,na,na,0,0.0299867235416667,181.73850502015,1009.93465135126,NaN,0.016618977442477
gaussian,64,16000,1,builtin,na,na,0,0.00957072354166667,191.24312997247,1009.93465135126,NaN,0.0145984556336405
gaussian,64,16000,1,rand,running_mean,normweighted,64,0.000429594652777778,374.994707798745,1009.93465135126,2,0.00533725373694131
gaussian,64,16000,1,rand_r12,running_mean,normweighted,64,0.00275284854166667,374.994707798745,1009.93465135126,2,0.00533725373694131
gaussian,64,16000,2,det,na,na,0,0.0299787652083333,181.618798838269,1009.93465135126,NaN,0.0165972801716619
gaussian,64,16000,2,builtin,na,na,0,0.009429181875,189.211660907965,1009.93465135126,NaN,0.0136160679911804
gaussian,64,16000,2,rand,running_mean,normweighted,64,0.000412580763888889,349.876765269373,1009.93465135126,2,0.00602437679865983
gaussian,64,16000,2,rand_r12,running_mean,normweighted,64,0.00278834854166667,349.876765269373,1009.93465135126,2,0.00602437679865983
gaussian,64,16000,3,det,na,na,0,0.030285931875,181.079098201953,1009.93465135126,NaN,0.0162032378957664
gaussian,64,16000,3,builtin,na,na,0,0.00953026520833333,187.076064308714,1009.93465135126,NaN,0.0148685795698985
gaussian,64,16000,3,rand,running_mean,normweighted,64,0.000428386319444444,365.883043686875,1009.93465135126,2,0.00536532056984266
gaussian,64,16000,3,rand_r12,running_mean,normweighted,64,0.00288414020833333,365.883043686875,1009.93465135126,2,0.00536532056984266
gaussian,64,16000,4,det,na,na,0,0.0300588902083333,179.838175802854,1009.93465135126,NaN,0.0176464508916909
gaussian,64,16000,4,builtin,na,na,0,0.00945872354166667,192.539758287693,1009.93465135126,NaN,0.0121393396986071
gaussian,64,16000,4,rand,running_mean,normweighted,64,0.000454066875,380.712504683611,1009.93465135126,2,0.00639664534868559
gaussian,64,16000,4,rand_r12,running_mean,normweighted,64,0.00292701520833333,380.712504683611,1009.93465135126,2,0.00639664534868559
gaussian,64,16000,5,det,na,na,0,0.0301706402083333,182.597213286049,1009.93465135126,NaN,0.015470466625326
gaussian,64,16000,5,builtin,na,na,0,0.00955464020833333,188.049462398046,1009.93465135126,NaN,0.0151652588615977
gaussian,64,16000,5,rand,running_mean,normweighted,64,0.000418052986111111,372.095329855781,1009.93465135126,2,0.00572386935762184
gaussian,64,16000,5,rand_r12,running_mean,normweighted,64,0.00279097354166667,372.095329855781,1009.93465135126,2,0.00572386935762184
gaussian,64,16000,6,det,na,na,0,0.0304025985416667,180.912314166926,1009.93465135126,NaN,0.0178766472253381
gaussian,64,16000,6,builtin,na,na,0,0.00964122354166667,194.778468650825,1009.93465135126,NaN,0.0123891832812786
gaussian,64,16000,6,rand,running_mean,normweighted,64,0.000455789097222222,411.125455788278,1009.93465135126,2,0.00450112969585946
gaussian,64,16000,6,rand_r12,running_mean,normweighted,64,0.00292047354166667,411.125455788278,1009.93465135126,2,0.00450112969585946
gaussian,64,16000,7,det,na,na,0,0.031507181875,180.725479937959,1009.93465135126,NaN,0.0161941730542098
gaussian,64,16000,7,builtin,na,na,0,0.009820556875,195.427923476609,1009.93465135126,NaN,0.0121743609878661
gaussian,64,16000,7,rand,running_mean,normweighted,64,0.000455705763888889,409.872603193327,1009.93465135126,2,0.00440113178935893
gaussian,64,16000,7,rand_r12,running_mean,normweighted,64,0.00297276520833333,409.872603193327,1009.93465135126,2,0.00440113178935893
gaussian,64,16000,8,det,na,na,0,0.0312203902083333,185.30874942031,1009.93465135126,NaN,0.0162841691985572
gaussian,64,16000,8,builtin,na,na,0,0.0101195985416667,193.899584621333,1009.93465135126,NaN,0.0137805165128502
gaussian,64,16000,8,rand,running_mean,normweighted,64,0.000469622430555556,376.225196624854,1009.93465135126,2,0.00519130749212358
gaussian,64,16000,8,rand_r12,running_mean,normweighted,64,0.003103806875,376.225196624854,1009.93465135126,2,0.00519130749212358
gaussian,64,16000,9,det,na,na,0,0.030879056875,182.17616653232,1009.93465135126,NaN,0.0161986644967994
gaussian,64,16000,9,builtin,na,na,0,0.009776431875,188.555209131474,1009.93465135126,NaN,0.015538926102001
gaussian,64,16000,9,rand,running_mean,normweighted,64,0.000445816875,498.415326682492,1009.93465135126,2,0.00382374972838329
gaussian,64,16000,9,rand_r12,running_mean,normweighted,64,0.00300814020833333,498.415326682492,1009.93465135126,2,0.00382374972838329
gaussian,64,16000,10,det,na,na,0,0.031105181875,180.895898167597,1009.93465135126,NaN,0.0168533108236424
gaussian,64,16000,10,builtin,na,na,0,0.0102865152083333,190.914043439714,1009.93465135126,NaN,0.0143877368515604
gaussian,64,16000,10,rand,running_mean,normweighted,64,0.000431927986111111,374.246443211135,1009.93465135126,2,0.00505745154469653
gaussian,64,16000,10,rand_r12,running_mean,normweighted,64,0.00303514020833333,374.246443211135,1009.93465135126,2,0.00505745154469653
gaussian,64,16000,11,det,na,na,0,0.0312695152083333,182.632854273908,1009.93465135126,NaN,0.0153241799621924
gaussian,64,16000,11,builtin,na,na,0,0.00968322354166667,188.085365603319,1009.93465135126,NaN,0.0142453075789501
gaussian,64,16000,11,rand,running_mean,normweighted,64,0.000434011319444444,364.74123983503,1009.93465135126,2,0.00498216245524205
gaussian,64,16000,11,rand_r12,running_mean,normweighted,64,0.00307726520833333,364.74123983503,1009.93465135126,2,0.00498216245524205
gaussian,64,16000,12,det,na,na,0,0.031124806875,181.307082930384,1009.93465135126,NaN,0.0175698536505921
gaussian,64,16000,12,builtin,na,na,0,0.010981306875,188.648883118638,1009.93465135126,NaN,0.0143923105395322
gaussian,64,16000,12,rand,running_mean,normweighted,64,0.000491272708333333,379.010441778161,1009.93465135126,2,0.00615576266775016
gaussian,64,16000,12,rand_r12,running_mean,normweighted,64,0.00354909854166667,379.010441778161,1009.93465135126,2,0.00615576266775016
gaussian,64,16000,13,det,na,na,0,0.032543931875,182.950499423763,1009.93465135126,NaN,0.0166484683684496
gaussian,64,16000,13,builtin,na,na,0,0.010393306875,186.640416132624,1009.93465135126,NaN,0.0155812206008597
gaussian,64,16000,13,rand,running_mean,normweighted,64,0.000453900208333333,440.579934043121,1009.93465135126,2,0.00404579831664515
gaussian,64,16000,13,rand_r12,running_mean,normweighted,64,0.002996431875,440.579934043121,1009.93465135126,2,0.00404579831664515
gaussian,64,16000,14,det,na,na,0,0.0310549735416667,182.351693081119,1009.93465135126,NaN,0.0167927165726867
gaussian,64,16000,14,builtin,na,na,0,0.0104868902083333,191.650396653273,1009.93465135126,NaN,0.0150749927705661
gaussian,64,16000,14,rand,running_mean,normweighted,64,0.000442414097222222,381.847019846034,1009.93465135126,2,0.00494176313951018
gaussian,64,16000,14,rand_r12,running_mean,normweighted,64,0.00330009854166667,381.847019846034,1009.93465135126,2,0.00494176313951018
gaussian,64,16000,15,det,na,na,0,0.031496056875,177.711482473884,1009.93465135126,NaN,0.0174770290048723
gaussian,64,16000,15,builtin,na,na,0,0.010878556875,188.788416911229,1009.93465135126,NaN,0.0142638998675353
gaussian,64,16000,15,rand,running_mean,normweighted,64,0.000559751875,354.831965240496,1009.93465135126,2,0.00620054437112622
gaussian,64,16000,15,rand_r12,running_mean,normweighted,64,0.00348147354166667,354.831965240496,1009.93465135126,2,0.00620054437112622
gaussian,64,16000,16,det,na,na,0,0.0317927235416667,180.547529640598,1009.93465135126,NaN,0.0170773148520971
gaussian,64,16000,16,builtin,na,na,0,0.009598806875,182.856817915772,1009.93465135126,NaN,0.0150004456456749
gaussian,64,16000,16,rand,running_mean,normweighted,64,0.000437080763888889,358.119349579448,1009.93465135126,2,0.00586722889227414
gaussian,64,16000,16,rand_r12,running_mean,normweighted,64,0.00287147354166667,358.119349579448,1009.93465135126,2,0.00586722889227414
gaussian,64,16000,17,det,na,na,0,0.030642306875,181.917596675668,1009.93465135126,NaN,0.0158887227013804
gaussian,64,16000,17,builtin,na,na,0,0.00985697354166667,186.68182996477,1009.93465135126,NaN,0.014912219780199
gaussian,64,16000,17,rand,running_mean,normweighted,64,0.000435108541666667,366.590154806717,1009.93465135126,2,0.00530609327746067
gaussian,64,16000,17,rand_r12,running_mean,normweighted,64,0.00296976520833333,366.590154806717,1009.93465135126,2,0.00530609327746067
gaussian,64,16000,18,det,na,na,0,0.0305252235416667,181.829323563586,1009.93465135126,NaN,0.016652465276775
gaussian,64,16000,18,builtin,na,na,0,0.0104156402083333,192.148764119408,1009.93465135126,NaN,0.0143333471014167
gaussian,64,16000,18,rand,running_mean,normweighted,64,0.000440733541666667,369.329358779105,1009.93465135126,2,0.00499970291415163
gaussian,64,16000,18,rand_r12,running_mean,normweighted,64,0.002977681875,369.329358779105,1009.93465135126,2,0.00499970291415163
gaussian,64,16000,19,det,na,na,0,0.0309755152083333,181.782051389788,1009.93465135126,NaN,0.017200068047685
gaussian,64,16000,19,builtin,na,na,0,0.010555931875,198.523207868055,1009.93465135126,NaN,0.0114498761764078
gaussian,64,16000,19,rand,running_mean,normweighted,64,0.000414955763888889,335.893316783383,1009.93465135126,2,0.00717334807818995
gaussian,64,16000,19,rand_r12,running_mean,normweighted,64,0.00298059854166667,335.893316783383,1009.93465135126,2,0.00717334807818995
gaussian,64,16000,20,det,na,na,0,0.0304683902083333,181.637210154925,1009.93465135126,NaN,0.0166627929863984
gaussian,64,16000,20,builtin,na,na,0,0.010505806875,185.509140649423,1009.93465135126,NaN,0.0156467447902067
gaussian,64,16000,20,rand,running_mean,normweighted,64,0.000416344652777778,337.769451976509,1009.93465135126,2,0.00643775107952491
gaussian,64,16000,20,rand_r12,running_mean,normweighted,64,0.00290934854166667,337.769451976509,1009.93465135126,2,0.00643775107952491
gaussian,64,32000,1,det,na,na,0,0.0877943485416667,246.386879019018,1429.67408873491,NaN,0.0130945477775278
gaussian,64,32000,1,builtin,na,na,0,0.019316431875,264.026005650783,1429.67408873491,NaN,0.00922166541970678
gaussian,64,32000,1,rand,running_mean,normweighted,64,0.000759085208333333,523.294255216639,1429.67408873491,2,0.00372213625251423
gaussian,64,32000,1,rand_r12,running_mean,normweighted,64,0.007789681875,523.294255216639,1429.67408873491,2,0.00372213625251423
gaussian,64,32000,2,det,na,na,0,0.0867280152083333,248.970919292486,1429.67408873491,NaN,0.0116592835577721
gaussian,64,32000,2,builtin,na,na,0,0.0195585985416667,260.370197323937,1429.67408873491,NaN,0.0112916953893648
gaussian,64,32000,2,rand,running_mean,normweighted,64,0.000714001875,559.382066813236,1429.67408873491,2,0.00381587865825272
gaussian,64,32000,2,rand_r12,running_mean,normweighted,64,0.007789556875,559.382066813236,1429.67408873491,2,0.00381587865825272
gaussian,64,32000,3,det,na,na,0,0.0860692235416667,249.530315864821,1429.67408873491,NaN,0.0122886632126645
gaussian,64,32000,3,builtin,na,na,0,0.019348681875,251.169297968116,1429.67408873491,NaN,0.0122859175444577
gaussian,64,32000,3,rand,running_mean,normweighted,64,0.000776897708333333,504.211933989328,1429.67408873491,2,0.00393202615720613
gaussian,64,32000,3,rand_r12,running_mean,normweighted,64,0.00796147354166667,504.211933989328,1429.67408873491,2,0.00393202615720613
gaussian,64,32000,4,det,na,na,0,0.0849648902083333,244.737940210823,1429.67408873491,NaN,0.0131519086085594
gaussian,64,32000,4,builtin,na,na,0,0.0186680152083333,262.723043820137,1429.67408873491,NaN,0.0100232377469317
gaussian,64,32000,4,rand,running_mean,normweighted,64,0.000789251875,525.854487145464,1429.67408873491,2,0.00406243316544673
gaussian,64,32000,4,rand_r12,running_mean,normweighted,64,0.008151556875,525.854487145464,1429.67408873491,2,0.00406243316544673
gaussian,64,32000,5,det,na,na,0,0.0873877652083333,246.161562952102,1429.67408873491,NaN,0.0129699770805316
gaussian,64,32000,5,builtin,na,na,0,0.0187312235416667,249.484959916916,1429.67408873491,NaN,0.0123476290919589
gaussian,64,32000,5,rand,running_mean,normweighted,64,0.000786981041666667,525.270265323388,1429.67408873491,2,0.00356440817114886
gaussian,64,32000,5,rand_r12,running_mean,normweighted,64,0.00782934854166667,525.270265323388,1429.67408873491,2,0.00356440817114886
gaussian,64,32000,6,det,na,na,0,0.107890515208333,251.517749054221,1429.67408873491,NaN,0.0122351036564966
gaussian,64,32000,6,builtin,na,na,0,0.021609806875,260.816064088342,1429.67408873491,NaN,0.0099138773714134
gaussian,64,32000,6,rand,running_mean,normweighted,64,0.000894710208333333,539.400313124855,1429.67408873491,2,0.00403469637205894
gaussian,64,32000,6,rand_r12,running_mean,normweighted,64,0.009330681875,539.400313124855,1429.67408873491,2,0.00403469637205894
gaussian,64,32000,7,det,na,na,0,0.106919848541667,246.218413071846,1429.67408873491,NaN,0.0133179867658961
gaussian,64,32000,7,builtin,na,na,0,0.0248919735416667,265.585690306637,1429.67408873491,NaN,0.00907342537643006
gaussian,64,32000,7,rand,running_mean,normweighted,64,0.000886793541666667,484.797399094646,1429.67408873491,2,0.00497010932012791
gaussian,64,32000,7,rand_r12,running_mean,normweighted,64,0.00938789020833333,484.797399094646,1429.67408873491,2,0.00497010932012791
gaussian,64,32000,8,det,na,na,0,0.123281431875,249.523225891811,1429.67408873491,NaN,0.0123762506987443
gaussian,64,32000,8,builtin,na,na,0,0.031811931875,260.645158920208,1429.67408873491,NaN,0.0103160066984328
gaussian,64,32000,8,rand,running_mean,normweighted,64,0.001251681875,511.177477732087,1429.67408873491,2,0.00404523718149744
gaussian,64,32000,8,rand_r12,running_mean,normweighted,64,0.013774431875,511.177477732087,1429.67408873491,2,0.00404523718149744
gaussian,64,32000,9,det,na,na,0,0.0870872235416667,246.108471691464,1429.67408873491,NaN,0.0132472034887856
gaussian,64,32000,9,builtin,na,na,0,0.0189522235416667,259.399154809501,1429.67408873491,NaN,0.0109565843076709
gaussian,64,32000,9,rand,running_mean,normweighted,64,0.000789022708333333,572.742948552457,1429.67408873491,2,0.00362568007981123
gaussian,64,32000,9,rand_r12,running_mean,normweighted,64,0.00756534854166667,572.742948552457,1429.67408873491,2,0.00362568007981123
gaussian,64,32000,10,det,na,na,0,0.084324056875,246.984348048074,1429.67408873491,NaN,0.0126584141528707
gaussian,64,32000,10,builtin,na,na,0,0.019750056875,251.60704965301,1429.67408873491,NaN,0.0119821525573579
gaussian,64,32000,10,rand,running_mean,normweighted,64,0.000759793541666667,508.28399552637,1429.67408873491,2,0.00487469983319798
gaussian,64,32000,10,rand_r12,running_mean,normweighted,64,0.00771922354166667,508.28399552637,1429.67408873491,2,0.00487469983319798
gaussian,64,32000,11,det,na,na,0,0.0835807235416667,248.326032594013,1429.67408873491,NaN,0.0111022456125431
gaussian,64,32000,11,builtin,na,na,0,0.019935556875,247.548763095031,1429.67408873491,NaN,0.0124753080078146
gaussian,64,32000,11,rand,running_mean,normweighted,64,0.000749481041666667,607.818176320697,1429.67408873491,2,0.00328249092288034
gaussian,64,32000,11,rand_r12,running_mean,normweighted,64,0.00756164020833333,607.818176320697,1429.67408873491,2,0.00328249092288034
gaussian,64,32000,12,det,na,na,0,0.0838875985416667,243.69927834556,1429.67408873491,NaN,0.0128447259854175
gaussian,64,32000,12,builtin,na,na,0,0.0186670152083333,261.890010443228,1429.67408873491,NaN,0.0102339807812466
gaussian,64,32000,12,rand,running_mean,normweighted,64,0.000718668541666667,554.189998705355,1429.67408873491,2,0.00324614144354122
gaussian,64,32000,12,rand_r12,running_mean,normweighted,64,0.007544931875,554.189998705355,1429.67408873491,2,0.00324614144354122
gaussian,64,32000,13,det,na,na,0,0.086184681875,240.112490149682,1429.67408873491,NaN,0.0136673826035397
gaussian,64,32000,13,builtin,na,na,0,0.0187923902083333,250.744721628406,1429.67408873491,NaN,0.0114361304862363
gaussian,64,32000,13,rand,running_mean,normweighted,64,0.000723793541666667,541.44932816922,1429.67408873491,2,0.00362676110936845
gaussian,64,32000,13,rand_r12,running_mean,normweighted,64,0.00788389020833333,541.44932816922,1429.67408873491,2,0.00362676110936845
gaussian,64,32000,14,det,na,na,0,0.083539681875,248.368062666426,1429.67408873491,NaN,0.0127055371992623
gaussian,64,32000,14,builtin,na,na,0,0.0200267652083333,256.391673739894,1429.67408873491,NaN,0.0103394824502106
gaussian,64,32000,14,rand,running_mean,normweighted,64,0.000820731041666667,544.607844917673,1429.67408873491,2,0.00354773214568279
gaussian,64,32000,14,rand_r12,running_mean,normweighted,64,0.0106635152083333,544.607844917673,1429.67408873491,2,0.00354773214568279
gaussian,64,32000,15,det,na,na,0,0.084246306875,246.374410532172,1429.67408873491,NaN,0.0124640506322902
gaussian,64,32000,15,builtin,na,na,0,0.0192295152083333,252.876952464496,1429.67408873491,NaN,0.0107594238662266
gaussian,64,32000,15,rand,running_mean,normweighted,64,0.000749501875,567.23111351517,1429.67408873491,2,0.00369369003450006
gaussian,64,32000,15,rand_r12,running_mean,normweighted,64,0.007511306875,567.23111351517,1429.67408873491,2,0.00369369003450006
gaussian,64,32000,16,det,na,na,0,0.0842888485416667,246.586682779521,1429.67408873491,NaN,0.012204337624849
gaussian,64,32000,16,builtin,na,na,0,0.0192020985416667,265.506483901488,1429.67408873491,NaN,0.00939483134819524
gaussian,64,32000,16,rand,running_mean,normweighted,64,0.000747647708333333,552.998710346634,1429.67408873491,2,0.00332803835090061
gaussian,64,32000,16,rand_r12,running_mean,normweighted,64,0.00753159854166667,552.998710346634,1429.67408873491,2,0.00332803835090061
gaussian,64,32000,17,det,na,na,0,0.084032681875,250.59180609153,1429.67408873491,NaN,0.0118278977950183
gaussian,64,32000,17,builtin,na,na,0,0.0189880985416667,261.330625908201,1429.67408873491,NaN,0.0101657435823149
gaussian,64,32000,17,rand,running_mean,normweighted,64,0.000772585208333333,627.319323138458,1429.67408873491,2,0.00307270158052668
gaussian,64,32000,17,rand_r12,running_mean,normweighted,64,0.007976181875,627.319323138458,1429.67408873491,2,0.00307270158052668
gaussian,64,32000,18,det,na,na,0,0.0860591402083333,244.855854430587,1429.67408873491,NaN,0.0136051535406165
gaussian,64,32000,18,builtin,na,na,0,0.019841681875,257.241972232733,1429.67408873491,NaN,0.0103150081172473
gaussian,64,32000,18,rand,running_mean,normweighted,64,0.000725689375,525.767058503577,1429.67408873491,2,0.00416784158764004
gaussian,64,32000,18,rand_r12,running_mean,normweighted,64,0.00759626520833333,525.767058503577,1429.67408873491,2,0.00416784158764004
gaussian,64,32000,19,det,na,na,0,0.0841022652083333,248.701356842907,1429.67408873491,NaN,0.0127747884553896
gaussian,64,32000,19,builtin,na,na,0,0.0193294735416667,258.891418585992,1429.67408873491,NaN,0.0108546625408864
gaussian,64,32000,19,rand,running_mean,normweighted,64,0.000776793541666667,499.702913207773,1429.67408873491,2,0.00415109599619302
gaussian,64,32000,19,rand_r12,running_mean,normweighted,64,0.00752539020833333,499.702913207773,1429.67408873491,2,0.00415109599619302
gaussian,64,32000,20,det,na,na,0,0.0837717235416667,247.406727618816,1429.67408873491,NaN,0.0122564697855335
gaussian,64,32000,20,builtin,na,na,0,0.019126306875,261.986185146803,1429.67408873491,NaN,0.0102163674007994
gaussian,64,32000,20,rand,running_mean,normweighted,64,0.000783418541666667,558.814852679963,1429.67408873491,2,0.00383824707510725
gaussian,64,32000,20,rand_r12,running_mean,normweighted,64,0.00752776520833333,558.814852679963,1429.67408873491,2,0.00383824707510725
gaussian,64,64000,1,det,na,na,0,0.197591140208333,337.979789611745,2022.8613397858,NaN,0.00967517952029118
gaussian,64,64000,1,builtin,na,na,0,0.0695590152083333,352.48192000213,2022.8613397858,NaN,0.00856014826666899
gaussian,64,64000,1,rand,running_mean,normweighted,64,0.00140101520833333,716.211397743543,2022.8613397858,2,0.00282774793395439
gaussian,64,64000,1,rand_r12,running_mean,normweighted,64,0.0153276402083333,716.211397743543,2022.8613397858,2,0.00282774793395439
gaussian,64,64000,2,det,na,na,0,0.202761973541667,335.405725113717,2022.8613397858,NaN,0.00948295019767885
gaussian,64,64000,2,builtin,na,na,0,0.069105056875,353.547624835316,2022.8613397858,NaN,0.0080609451784718
gaussian,64,64000,2,rand,running_mean,normweighted,64,0.00132509854166667,726.672981769299,2022.8613397858,2,0.00290881615860285
gaussian,64,64000,2,rand_r12,running_mean,normweighted,64,0.015248431875,726.672981769299,2022.8613397858,2,0.00290881615860285
gaussian,64,64000,3,det,na,na,0,0.197177348541667,338.622577856502,2022.8613397858,NaN,0.00923307502143914
gaussian,64,64000,3,builtin,na,na,0,0.0687333902083333,359.489722861733,2022.8613397858,NaN,0.00749577187541734
gaussian,64,64000,3,rand,running_mean,normweighted,64,0.00133039020833333,698.572749000264,2022.8613397858,2,0.0027601928460153
gaussian,64,64000,3,rand_r12,running_mean,normweighted,64,0.015488181875,698.572749000264,2022.8613397858,2,0.0027601928460153
gaussian,64,64000,4,det,na,na,0,0.197673806875,337.37231388185,2022.8613397858,NaN,0.00913928877837543
gaussian,64,64000,4,builtin,na,na,0,0.069210056875,343.299903648014,2022.8613397858,NaN,0.00884487106122366
gaussian,64,64000,4,rand,running_mean,normweighted,64,0.00133589020833333,806.016740518633,2022.8613397858,2,0.00220941672317033
gaussian,64,64000,4,rand_r12,running_mean,normweighted,64,0.015131681875,806.016740518633,2022.8613397858,2,0.00220941672317033
gaussian,64,64000,5,det,na,na,0,0.197722848541667,336.124788137813,2022.8613397858,NaN,0.00939856957704215
gaussian,64,64000,5,builtin,na,na,0,0.0691326402083333,358.706060356572,2022.8613397858,NaN,0.00757690629503694
gaussian,64,64000,5,rand,running_mean,normweighted,64,0.00132426520833333,740.991171540334,2022.8613397858,2,0.00258912142159039
gaussian,64,64000,5,rand_r12,running_mean,normweighted,64,0.0151213902083333,740.991171540334,2022.8613397858,2,0.00258912142159039
gaussian,64,64000,6,det,na,na,0,0.197598348541667,342.460111568828,2022.8613397858,NaN,0.00989656032349645
gaussian,64,64000,6,builtin,na,na,0,0.068940681875,346.902542094243,2022.8613397858,NaN,0.00800399779213837
gaussian,64,64000,6,rand,running_mean,normweighted,64,0.00132734854166667,739.807941382266,2022.8613397858,2,0.00230385710939039
gaussian,64,64000,6,rand_r12,running_mean,normweighted,64,0.015307681875,739.807941382266,2022.8613397858,2,0.00230385710939039
gaussian,64,64000,7,det,na,na,0,0.197417598541667,342.32114015984,2022.8613397858,NaN,0.00932083099578515
gaussian,64,64000,7,builtin,na,na,0,0.068978181875,362.949162318295,2022.8613397858,NaN,0.00768642848539861
gaussian,64,64000,7,rand,running_mean,normweighted,64,0.00134126520833333,705.525907667919,2022.8613397858,2,0.00294896695014628
gaussian,64,64000,7,rand_r12,running_mean,normweighted,64,0.0151297235416667,705.525907667919,2022.8613397858,2,0.00294896695014628
gaussian,64,64000,8,det,na,na,0,0.197262265208333,340.745180472829,2022.8613397858,NaN,0.00968039142961665
gaussian,64,64000,8,builtin,na,na,0,0.069123806875,351.529007454315,2022.8613397858,NaN,0.00767791754468645
gaussian,64,64000,8,rand,running_mean,normweighted,64,0.00133701520833333,783.146248024629,2022.8613397858,2,0.0029125656888603
gaussian,64,64000,8,rand_r12,running_mean,normweighted,64,0.0151431402083333,783.146248024629,2022.8613397858,2,0.0029125656888603
gaussian,64,64000,9,det,na,na,0,0.197856431875,343.643568113897,2022.8613397858,NaN,0.00922952216335135
gaussian,64,64000,9,builtin,na,na,0,0.0691765985416667,350.025911597635,2022.8613397858,NaN,0.00780060456859784
gaussian,64,64000,9,rand,running_mean,normweighted,64,0.00139072354166667,680.733105395578,2022.8613397858,2,0.00329153306066175
gaussian,64,64000,9,rand_r12,running_mean,normweighted,64,0.0152260985416667,680.733105395578,2022.8613397858,2,0.00329153306066175
gaussian,64,64000,10,det,na,na,0,0.197572056875,332.017041303394,2022.8613397858,NaN,0.00985607515363959
gaussian,64,64000,10,builtin,na,na,0,0.0688187652083333,350.667959658705,2022.8613397858,NaN,0.00859835930588889
gaussian,64,64000,10,rand,running_mean,normweighted,64,0.00132714020833333,765.419128107749,2022.8613397858,2,0.00273995326247761
gaussian,64,64000,10,rand_r12,running_mean,normweighted,64,0.0150928902083333,765.419128107749,2022.8613397858,2,0.00273995326247761
gaussian,64,64000,11,det,na,na,0,0.198623473541667,334.382399409567,2022.8613397858,NaN,0.00970713763769741
gaussian,64,64000,11,builtin,na,na,0,0.068919806875,347.764397135679,2022.8613397858,NaN,0.00739849516254966
gaussian,64,64000,11,rand,running_mean,normweighted,64,0.00141951520833333,774.190262420669,2022.8613397858,2,0.00252934993986232
gaussian,64,64000,11,rand_r12,running_mean,normweighted,64,0.0153560152083333,774.190262420669,2022.8613397858,2,0.00252934993986232
gaussian,64,64000,12,det,na,na,0,0.201877390208333,336.893714569787,2022.8613397858,NaN,0.00944936913990245
gaussian,64,64000,12,builtin,na,na,0,0.069219431875,352.347656995796,2022.8613397858,NaN,0.0085121279393057
gaussian,64,64000,12,rand,running_mean,normweighted,64,0.00133634854166667,739.876786311762,2022.8613397858,2,0.00252694545378974
gaussian,64,64000,12,rand_r12,running_mean,normweighted,64,0.0151497652083333,739.876786311762,2022.8613397858,2,0.00252694545378974
gaussian,64,64000,13,det,na,na,0,0.197877390208333,337.590986773101,2022.8613397858,NaN,0.00996790964138342
gaussian,64,64000,13,builtin,na,na,0,0.069210306875,345.310302389739,2022.8613397858,NaN,0.00947262334420867
gaussian,64,64000,13,rand,running_mean,normweighted,64,0.00133672354166667,800.286956220428,2022.8613397858,2,0.0024085068091303
gaussian,64,64000,13,rand_r12,running_mean,normweighted,64,0.015226431875,800.286956220428,2022.8613397858,2,0.0024085068091303
gaussian,64,64000,14,det,na,na,0,0.197723181875,339.842484234282,2022.8613397858,NaN,0.00938108650753046
gaussian,64,64000,14,builtin,na,na,0,0.0691008485416667,346.484945033969,2022.8613397858,NaN,0.00823033691197109
gaussian,64,64000,14,rand,running_mean,normweighted,64,0.001335306875,713.962956283683,2022.8613397858,2,0.00251600541040926
gaussian,64,64000,14,rand_r12,running_mean,normweighted,64,0.0152725152083333,713.962956283683,2022.8613397858,2,0.00251600541040926
gaussian,64,64000,15,det,na,na,0,0.197532140208333,336.54135584181,2022.8613397858,NaN,0.00967455870404307
gaussian,64,64000,15,builtin,na,na,0,0.0689453902083333,345.987895810925,2022.8613397858,NaN,0.00839124178104713
gaussian,64,64000,15,rand,running_mean,normweighted,64,0.00131584854166667,822.545338795377,2022.8613397858,2,0.00239230662988196
gaussian,64,64000,15,rand_r12,running_mean,normweighted,64,0.015079931875,822.545338795377,2022.8613397858,2,0.00239230662988196
gaussian,64,64000,16,det,na,na,0,0.197647390208333,331.375497914237,2022.8613397858,NaN,0.0104163417534839
gaussian,64,64000,16,builtin,na,na,0,0.069210931875,352.646405715248,2022.8613397858,NaN,0.00793791186005092
gaussian,64,64000,16,rand,running_mean,normweighted,64,0.00139259854166667,704.046428950584,2022.8613397858,2,0.00291309371750456
gaussian,64,64000,16,rand_r12,running_mean,normweighted,64,0.0153192235416667,704.046428950584,2022.8613397858,2,0.00291309371750456
gaussian,64,64000,17,det,na,na,0,0.197552890208333,336.212661515742,2022.8613397858,NaN,0.00941210867689535
gaussian,64,64000,17,builtin,na,na,0,0.0703023485416667,340.470948244002,2022.8613397858,NaN,0.0085623379823061
gaussian,64,64000,17,rand,running_mean,normweighted,64,0.00134722354166667,747.537719655324,2022.8613397858,2,0.00233514422482763
gaussian,64,64000,17,rand_r12,running_mean,normweighted,64,0.0161514735416667,747.537719655324,2022.8613397858,2,0.00233514422482763
gaussian,64,64000,18,det,na,na,0,0.205144056875,339.188958437366,2022.8613397858,NaN,0.00906112904915845
gaussian,64,64000,18,builtin,na,na,0,0.0690406402083333,350.738177600006,2022.8613397858,NaN,0.00847313157082669
gaussian,64,64000,18,rand,running_mean,normweighted,64,0.001342431875,766.204001231761,2022.8613397858,2,0.00220222685033419
gaussian,64,64000,18,rand_r12,running_mean,normweighted,64,0.0158862235416667,766.204001231761,2022.8613397858,2,0.00220222685033419
gaussian,64,64000,19,det,na,na,0,0.200127431875,337.40858784056,2022.8613397858,NaN,0.00967416580615646
gaussian,64,64000,19,builtin,na,na,0,0.0690038485416667,355.20530156799,2022.8613397858,NaN,0.00775768177608524
gaussian,64,64000,19,rand,running_mean,normweighted,64,0.00139901520833333,818.150625662168,2022.8613397858,2,0.00244655523839932
gaussian,64,64000,19,rand_r12,running_mean,normweighted,64,0.0161535985416667,818.150625662168,2022.8613397858,2,0.00244655523839932
gaussian,64,64000,20,det,na,na,0,0.201672640208333,337.695430449801,2022.8613397858,NaN,0.00916943081442819
gaussian,64,64000,20,builtin,na,na,0,0.0692707235416667,351.39097826353,2022.8613397858,NaN,0.00842578676531566
gaussian,64,64000,20,rand,running_mean,normweighted,64,0.001323931875,729.71268949796,2022.8613397858,2,0.0026321909267812
gaussian,64,64000,20,rand_r12,running_mean,normweighted,64,0.015867056875,729.71268949796,2022.8613397858,2,0.0026321909267812
spiked_leverage,64,1000,1,det,na,na,0,0.00152314020833333,15.7213538239252,244.883645840223,NaN,0.151900353593321
spiked_leverage,64,1000,1,builtin,na,na,0,0.000904106041666667,15.4931442864642,244.883645840223,NaN,0.158326808981226
spiked_leverage,64,1000,1,rand,running_mean,normweighted,64,0.000101691208333333,37.3703907204473,244.883645840223,1,0.0329295982032897
spiked_leverage,64,1000,1,rand_r12,running_mean,normweighted,64,0.000206993875,37.3703907204473,244.883645840223,1,0.0329295982032897
spiked_leverage,64,1000,2,det,na,na,0,0.001530431875,15.7510927889011,244.883645840223,NaN,0.150757904389714
spiked_leverage,64,1000,2,builtin,na,na,0,0.000909147708333333,15.7898180932157,244.883645840223,NaN,0.146816134535586
spiked_leverage,64,1000,2,rand,running_mean,normweighted,64,0.00013203875,37.6562216298854,244.883645840223,2,0.0387422108331007
spiked_leverage,64,1000,2,rand_r12,running_mean,normweighted,64,0.000229410541666667,37.6562216298854,244.883645840223,2,0.0387422108331007
spiked_leverage,64,1000,3,det,na,na,0,0.00150584854166667,15.6221835057983,244.883645840223,NaN,0.138238428375035
spiked_leverage,64,1000,3,builtin,na,na,0,0.000919043541666667,16.2517191726355,244.883645840223,NaN,0.134225186787899
spiked_leverage,64,1000,3,rand,running_mean,normweighted,64,0.000181742986111111,27.8846936833575,244.883645840223,2,0.0582825277146142
spiked_leverage,64,1000,3,rand_r12,running_mean,normweighted,64,0.000332691875,27.8846936833575,244.883645840223,2,0.0582825277146142
spiked_leverage,64,1000,4,det,na,na,0,0.00150701520833333,15.3841896187886,244.883645840223,NaN,0.157468687139616
spiked_leverage,64,1000,4,builtin,na,na,0,0.000897390208333333,15.8113751880532,244.883645840223,NaN,0.14091641806594
spiked_leverage,64,1000,4,rand,running_mean,normweighted,64,0.000101795375,35.076927870073,244.883645840223,1,0.0472823008794564
spiked_leverage,64,1000,4,rand_r12,running_mean,normweighted,64,0.000290766041666667,35.076927870073,244.883645840223,1,0.0472823008794564
spiked_leverage,64,1000,5,det,na,na,0,0.001484056875,15.0152917988639,244.883645840223,NaN,0.162377093692811
spiked_leverage,64,1000,5,builtin,na,na,0,0.000899668541666667,15.378745126051,244.883645840223,NaN,0.160276740578213
spiked_leverage,64,1000,5,rand,running_mean,normweighted,64,0.000126002291666667,28.0061084467347,244.883645840223,2,0.0557921391177845
spiked_leverage,64,1000,5,rand_r12,running_mean,normweighted,64,0.000272224375,28.0061084467347,244.883645840223,2,0.0557921391177845
spiked_leverage,64,1000,6,det,na,na,0,0.00150597354166667,15.7086007070454,244.883645840223,NaN,0.142595580030702
spiked_leverage,64,1000,6,builtin,na,na,0,0.000903731041666667,15.0650273491879,244.883645840223,NaN,0.159778446995082
spiked_leverage,64,1000,6,rand,running_mean,normweighted,64,0.000101337041666667,43.9423497671012,244.883645840223,1,0.0263015565372522
spiked_leverage,64,1000,6,rand_r12,running_mean,normweighted,64,0.000205802208333333,43.9423497671012,244.883645840223,1,0.0263015565372522
spiked_leverage,64,1000,7,det,na,na,0,0.001517431875,15.3985821859502,244.883645840223,NaN,0.168434001857186
spiked_leverage,64,1000,7,builtin,na,na,0,0.000922356041666667,16.3494299059173,244.883645840223,NaN,0.128653437138756
spiked_leverage,64,1000,7,rand,running_mean,normweighted,64,0.000130580416666667,30.5197328917767,244.883645840223,2,0.0498589220514044
spiked_leverage,64,1000,7,rand_r12,running_mean,normweighted,64,0.000227918875,30.5197328917767,244.883645840223,2,0.0498589220514044
spiked_leverage,64,1000,8,det,na,na,0,0.00150534854166667,15.914451180877,244.883645840223,NaN,0.147281783465844
spiked_leverage,64,1000,8,builtin,na,na,0,0.000906460208333333,16.8538514614207,244.883645840223,NaN,0.139652772842282
spiked_leverage,64,1000,8,rand,running_mean,normweighted,64,0.000123264652777778,34.4286962573498,244.883645840223,2,0.0395324059662316
spiked_leverage,64,1000,8,rand_r12,running_mean,normweighted,64,0.000228335541666667,34.4286962573498,244.883645840223,2,0.0395324059662316
spiked_leverage,64,1000,9,det,na,na,0,0.001503306875,16.510858749583,244.883645840223,NaN,0.143381364672667
spiked_leverage,64,1000,9,builtin,na,na,0,0.000918564375,15.7722193541757,244.883645840223,NaN,0.129796796547284
spiked_leverage,64,1000,9,rand,running_mean,normweighted,64,0.000173590208333333,33.3937350189513,244.883645840223,2,0.0414708549843089
spiked_leverage,64,1000,9,rand_r12,running_mean,normweighted,64,0.000323483541666667,33.3937350189513,244.883645840223,2,0.0414708549843089
spiked_leverage,64,1000,10,det,na,na,0,0.001511056875,15.1652494920982,244.883645840223,NaN,0.16346727617825
spiked_leverage,64,1000,10,builtin,na,na,0,0.000885056875,15.7721350391527,244.883645840223,NaN,0.139897822328522
spiked_leverage,64,1000,10,rand,running_mean,normweighted,64,0.000181992986111111,38.0765492088735,244.883645840223,2,0.0394766572607294
spiked_leverage,64,1000,10,rand_r12,running_mean,normweighted,64,0.000332205763888889,38.0765492088735,244.883645840223,2,0.0394766572607294
spiked_leverage,64,1000,11,det,na,na,0,0.00149964020833333,15.5451980632295,244.883645840223,NaN,0.162021185650485
spiked_leverage,64,1000,11,builtin,na,na,0,0.000942439375,15.5735981789468,244.883645840223,NaN,0.154760782931963
spiked_leverage,64,1000,11,rand,running_mean,normweighted,64,0.000130971041666667,35.2476634501919,244.883645840223,2,0.038868529247859
spiked_leverage,64,1000,11,rand_r12,running_mean,normweighted,64,0.000228702208333333,35.2476634501919,244.883645840223,2,0.038868529247859
spiked_leverage,64,1000,12,det,na,na,0,0.00151501520833333,15.9470883424279,244.883645840223,NaN,0.132289147167183
spiked_leverage,64,1000,12,builtin,na,na,0,0.000907772708333333,16.0491895238106,244.883645840223,NaN,0.140853612692531
spiked_leverage,64,1000,12,rand,running_mean,normweighted,64,0.000173374930555556,27.7102691845293,244.883645840223,2,0.0743360125315165
spiked_leverage,64,1000,12,rand_r12,running_mean,normweighted,64,0.000322483541666667,27.7102691845293,244.883645840223,2,0.0743360125315165
spiked_leverage,64,1000,13,det,na,na,0,0.001519431875,15.6766184856524,244.883645840223,NaN,0.14476251499853
spiked_leverage,64,1000,13,builtin,na,na,0,0.000905939375,15.2701813745717,244.883645840223,NaN,0.162163061755713
spiked_leverage,64,1000,13,rand,running_mean,normweighted,64,0.000101745375,34.2445313762318,244.883645840223,1,0.0400221276590047
spiked_leverage,64,1000,13,rand_r12,running_mean,normweighted,64,0.000233143875,34.2445313762318,244.883645840223,1,0.0400221276590047
spiked_leverage,64,1000,14,det,na,na,0,0.00150372354166667,15.5452701984903,244.883645840223,NaN,0.15331083964751
spiked_leverage,64,1000,14,builtin,na,na,0,0.000927043541666667,15.7210874143186,244.883645840223,NaN,0.147963364745189
spiked_leverage,64,1000,14,rand,running_mean,normweighted,64,0.000123908541666667,27.8708038944433,244.883645840223,2,0.0647837953083925
spiked_leverage,64,1000,14,rand_r12,running_mean,normweighted,64,0.000228468875,27.8708038944433,244.883645840223,2,0.0647837953083925
spiked_leverage,64,1000,15,det,na,na,0,0.00150822354166667,15.607084713682,244.883645840223,NaN,0.148146199078563
spiked_leverage,64,1000,15,builtin,na,na,0,0.000903314375,15.583191072249,244.883645840223,NaN,0.160234969294758
spiked_leverage,64,1000,15,rand,running_mean,normweighted,64,0.000172479097222222,39.408968010145,244.883645840223,2,0.0335885833911625
spiked_leverage,64,1000,15,rand_r12,running_mean,normweighted,64,0.000320755625,39.408968010145,244.883645840223,2,0.0335885833911625
spiked_leverage,64,1000,16,det,na,na,0,0.001498556875,16.2715811742297,244.883645840223,NaN,0.13561344222381
spiked_leverage,64,1000,16,builtin,na,na,0,0.000908585208333333,16.3881532735225,244.883645840223,NaN,0.138139695029151
spiked_leverage,64,1000,16,rand,running_mean,normweighted,64,0.000181791597222222,28.8121921319433,244.883645840223,2,0.0563866190579834
spiked_leverage,64,1000,16,rand_r12,running_mean,normweighted,64,0.000330344652777778,28.8121921319433,244.883645840223,2,0.0563866190579834
spiked_leverage,64,1000,17,det,na,na,0,0.00149264020833333,15.8264915479143,244.883645840223,NaN,0.149400499003519
spiked_leverage,64,1000,17,builtin,na,na,0,0.000906918541666667,16.8580926145237,244.883645840223,NaN,0.12698416008015
spiked_leverage,64,1000,17,rand,running_mean,normweighted,64,0.000173611041666667,27.8124143480411,244.883645840223,2,0.0558707449043645
spiked_leverage,64,1000,17,rand_r12,running_mean,normweighted,64,0.000321161875,27.8124143480411,244.883645840223,2,0.0558707449043645
spiked_leverage,64,1000,18,det,na,na,0,0.00148664020833333,16.0380822119058,244.883645840223,NaN,0.149994983127365
spiked_leverage,64,1000,18,builtin,na,na,0,0.000902543541666667,16.0404477480078,244.883645840223,NaN,0.149207731641043
spiked_leverage,64,1000,18,rand,running_mean,normweighted,64,0.000124116875,26.7440878911825,244.883645840223,2,0.0591012581227069
spiked_leverage,64,1000,18,rand_r12,running_mean,normweighted,64,0.000306443125,26.7440878911825,244.883645840223,2,0.0591012581227069
spiked_leverage,64,1000,19,det,na,na,0,0.00151414020833333,15.5676611819247,244.883645840223,NaN,0.167269348918716
spiked_leverage,64,1000,19,builtin,na,na,0,0.000912543541666667,17.6112517818643,244.883645840223,NaN,0.0971377067186701
spiked_leverage,64,1000,19,rand,running_mean,normweighted,64,0.000177361041666667,25.3872033357302,244.883645840223,2,0.0686173308828549
spiked_leverage,64,1000,19,rand_r12,running_mean,normweighted,64,0.000327297291666667,25.3872033357302,244.883645840223,2,0.0686173308828549
spiked_leverage,64,1000,20,det,na,na,0,0.001540431875,15.7810388401768,244.883645840223,NaN,0.151927565001555
spiked_leverage,64,1000,20,builtin,na,na,0,0.000899085208333333,15.8230019603324,244.883645840223,NaN,0.147446482895168
spiked_leverage,64,1000,20,rand,running_mean,normweighted,64,0.000101612041666667,36.8234675172913,244.883645840223,1,0.040861125308613
spiked_leverage,64,1000,20,rand_r12,running_mean,normweighted,64,0.000291203541666667,36.8234675172913,244.883645840223,1,0.040861125308613
spiked_leverage,64,2000,1,det,na,na,0,0.00318884854166667,15.8456089040716,352.090897354646,NaN,0.144177349343238
spiked_leverage,64,2000,1,builtin,na,na,0,0.00157151520833333,15.5994462352351,352.090897354646,NaN,0.163591573905883
spiked_leverage,64,2000,1,rand,running_mean,normweighted,64,0.00014152806547619,45.0626055134156,352.090897354646,2,0.02723213764851
spiked_leverage,64,2000,1,rand_r12,running_mean,normweighted,64,0.000406747430555556,45.0626055134156,352.090897354646,2,0.02723213764851
spiked_leverage,64,2000,2,det,na,na,0,0.003202306875,15.4022325519404,352.090897354646,NaN,0.153853021846099
spiked_leverage,64,2000,2,builtin,na,na,0,0.001570931875,16.9169972907536,352.090897354646,NaN,0.130003523271133
spiked_leverage,64,2000,2,rand,running_mean,normweighted,64,0.000194992986111111,30.9033000177001,352.090897354646,2,0.0498650365864959
spiked_leverage,64,2000,2,rand_r12,running_mean,normweighted,64,0.000497483541666667,30.9033000177001,352.090897354646,2,0.0498650365864959
spiked_leverage,64,2000,3,det,na,na,0,0.00319201520833333,15.4776723213824,352.090897354646,NaN,0.170535797191425
spiked_leverage,64,2000,3,builtin,na,na,0,0.001555556875,16.3133558689273,352.090897354646,NaN,0.121054898575631
spiked_leverage,64,2000,3,rand,running_mean,normweighted,64,0.000185443875,28.1499619541071,352.090897354646,2,0.0554261828910476
spiked_leverage,64,2000,3,rand_r12,running_mean,normweighted,64,0.000490647708333333,28.1499619541071,352.090897354646,2,0.0554261828910476
spiked_leverage,64,2000,4,det,na,na,0,0.00323139020833333,16.0052856904105,352.090897354646,NaN,0.142647330557432
spiked_leverage,64,2000,4,builtin,na,na,0,0.001568931875,16.1144649977668,352.090897354646,NaN,0.15593170599322
spiked_leverage,64,2000,4,rand,running_mean,normweighted,64,0.000144057827380952,33.2790515767148,352.090897354646,2,0.042086085380914
spiked_leverage,64,2000,4,rand_r12,running_mean,normweighted,64,0.000501316875,33.2790515767148,352.090897354646,2,0.042086085380914
spiked_leverage,64,2000,5,det,na,na,0,0.00319839020833333,16.2859776171102,352.090897354646,NaN,0.1606273860411
spiked_leverage,64,2000,5,builtin,na,na,0,0.00158201520833333,16.1344918385838,352.090897354646,NaN,0.137916530382152
spiked_leverage,64,2000,5,rand,running_mean,normweighted,64,0.000184877208333333,32.0037675148351,352.090897354646,2,0.0515555468815689
spiked_leverage,64,2000,5,rand_r12,running_mean,normweighted,64,0.000495418541666667,32.0037675148351,352.090897354646,2,0.0515555468815689
spiked_leverage,64,2000,6,det,na,na,0,0.003197431875,15.5567071818186,352.090897354646,NaN,0.166986583684256
spiked_leverage,64,2000,6,builtin,na,na,0,0.00158297354166667,15.3088570777623,352.090897354646,NaN,0.174682507004211
spiked_leverage,64,2000,6,rand,running_mean,normweighted,64,0.000191910541666667,28.600719717945,352.090897354646,2,0.0584114982012261
spiked_leverage,64,2000,6,rand_r12,running_mean,normweighted,64,0.000535293541666667,28.600719717945,352.090897354646,2,0.0584114982012261
spiked_leverage,64,2000,7,det,na,na,0,0.003185556875,15.7468835419043,352.090897354646,NaN,0.135639949476904
spiked_leverage,64,2000,7,builtin,na,na,0,0.00159134854166667,15.7945181799216,352.090897354646,NaN,0.134458801587141
spiked_leverage,64,2000,7,rand,running_mean,normweighted,64,0.000191555486111111,41.2652918066701,352.090897354646,2,0.0360908500156963
spiked_leverage,64,2000,7,rand_r12,running_mean,normweighted,64,0.000487251875,41.2652918066701,352.090897354646,2,0.0360908500156963
spiked_leverage,64,2000,8,det,na,na,0,0.003174931875,16.2933198574756,352.090897354646,NaN,0.122824927234211
spiked_leverage,64,2000,8,builtin,na,na,0,0.00154672354166667,16.8196089829489,352.090897354646,NaN,0.121991700558006
spiked_leverage,64,2000,8,rand,running_mean,normweighted,64,0.000185835541666667,34.7755411194692,352.090897354646,2,0.0374191464614807
spiked_leverage,64,2000,8,rand_r12,running_mean,normweighted,64,0.000510210208333333,34.7755411194692,352.090897354646,2,0.0374191464614807
spiked_leverage,64,2000,9,det,na,na,0,0.00318214020833333,15.999342873011,352.090897354646,NaN,0.129162292464154
spiked_leverage,64,2000,9,builtin,na,na,0,0.00158297354166667,15.9144460288227,352.090897354646,NaN,0.142630502543357
spiked_leverage,64,2000,9,rand,running_mean,normweighted,64,0.000120398912037037,39.8671523070395,352.090897354646,1,0.0341054804158603
spiked_leverage,64,2000,9,rand_r12,running_mean,normweighted,64,0.000381844652777778,39.8671523070395,352.090897354646,1,0.0341054804158603
spiked_leverage,64,2000,10,det,na,na,0,0.00321059854166667,15.9594788051271,352.090897354646,NaN,0.134605314712738
spiked_leverage,64,2000,10,builtin,na,na,0,0.00156872354166667,15.7206647165932,352.090897354646,NaN,0.169632454101646
spiked_leverage,64,2000,10,rand,running_mean,normweighted,64,0.000189927208333333,31.858288149411,352.090897354646,2,0.0440806177002694
spiked_leverage,64,2000,10,rand_r12,running_mean,normweighted,64,0.000534981041666667,31.858288149411,352.090897354646,2,0.0440806177002694
spiked_leverage,64,2000,11,det,na,na,0,0.003190681875,16.5367612451095,352.090897354646,NaN,0.130500257171568
spiked_leverage,64,2000,11,builtin,na,na,0,0.001579431875,16.4715742079416,352.090897354646,NaN,0.11633538564943
spiked_leverage,64,2000,11,rand,running_mean,normweighted,64,0.000145599494047619,28.4241223445883,352.090897354646,2,0.0645174574920228
spiked_leverage,64,2000,11,rand_r12,running_mean,normweighted,64,0.000505122430555556,28.4241223445883,352.090897354646,2,0.0645174574920228
spiked_leverage,64,2000,12,det,na,na,0,0.00319264020833333,16.2956770954155,352.090897354646,NaN,0.142582482167895
spiked_leverage,64,2000,12,builtin,na,na,0,0.00155422354166667,16.9769889003265,352.090897354646,NaN,0.129268361521042
spiked_leverage,64,2000,12,rand,running_mean,normweighted,64,0.000190893875,42.586198619605,352.090897354646,2,0.0294373979622705
spiked_leverage,64,2000,12,rand_r12,running_mean,normweighted,64,0.000537585208333333,42.586198619605,352.090897354646,2,0.0294373979622705
spiked_leverage,64,2000,13,det,na,na,0,0.00319401520833333,15.9992505610832,352.090897354646,NaN,0.146510714995129
spiked_leverage,64,2000,13,builtin,na,na,0,0.00156164020833333,15.5043858517421,352.090897354646,NaN,0.142673911480948
spiked_leverage,64,2000,13,rand,running_mean,normweighted,64,0.000183385541666667,45.0124623074862,352.090897354646,2,0.0292314473789431
spiked_leverage,64,2000,13,rand_r12,running_mean,normweighted,64,0.000498793541666667,45.0124623074862,352.090897354646,2,0.0292314473789431
spiked_leverage,64,2000,14,det,na,na,0,0.00320839020833333,15.8065344901109,352.090897354646,NaN,0.146228555228859
spiked_leverage,64,2000,14,builtin,na,na,0,0.00157884854166667,15.4673169887218,352.090897354646,NaN,0.150527500111916
spiked_leverage,64,2000,14,rand,running_mean,normweighted,64,0.000147938779761905,25.7112330593747,352.090897354646,2,0.0744140571009114
spiked_leverage,64,2000,14,rand_r12,running_mean,normweighted,64,0.000438418541666667,25.7112330593747,352.090897354646,2,0.0744140571009114
spiked_leverage,64,2000,15,det,na,na,0,0.00321564020833333,16.1795339906446,352.090897354646,NaN,0.147000167800115
spiked_leverage,64,2000,15,builtin,na,na,0,0.001572931875,15.4357425332856,352.090897354646,NaN,0.161819349139352
spiked_leverage,64,2000,15,rand,running_mean,normweighted,64,0.000143486398809524,27.0122677976089,352.090897354646,2,0.0635637225998853
spiked_leverage,64,2000,15,rand_r12,running_mean,normweighted,64,0.000404747430555556,27.0122677976089,352.090897354646,2,0.0635637225998853
spiked_leverage,64,2000,16,det,na,na,0,0.003198806875,15.135906390502,352.090897354646,NaN,0.1554435158091
spiked_leverage,64,2000,16,builtin,na,na,0,0.001560681875,16.3826144454539,352.090897354646,NaN,0.120313286237115
spiked_leverage,64,2000,16,rand,running_mean,normweighted,64,0.000120505393518519,39.2335588103551,352.090897354646,1,0.0315737049548798
spiked_leverage,64,2000,16,rand_r12,running_mean,normweighted,64,0.000377816875,39.2335588103551,352.090897354646,1,0.0315737049548798
spiked_leverage,64,2000,17,det,na,na,0,0.003195931875,16.0586686094439,352.090897354646,NaN,0.144199096980275
spiked_leverage,64,2000,17,builtin,na,na,0,0.00158126520833333,15.7503140210038,352.090897354646,NaN,0.147777158130933
spiked_leverage,64,2000,17,rand,running_mean,normweighted,64,0.000182293875,37.276436088458,352.090897354646,2,0.0343927731580948
spiked_leverage,64,2000,17,rand_r12,running_mean,normweighted,64,0.000487585208333333,37.276436088458,352.090897354646,2,0.0343927731580948
spiked_leverage,64,2000,18,det,na,na,0,0.00318489020833333,15.7212997206075,352.090897354646,NaN,0.147327855425129
spiked_leverage,64,2000,18,builtin,na,na,0,0.001561306875,16.0827958453816,352.090897354646,NaN,0.134255841926381
spiked_leverage,64,2000,18,rand,running_mean,normweighted,64,0.000190818875,23.7553255797639,352.090897354646,2,0.0667456343088659
spiked_leverage,64,2000,18,rand_r12,running_mean,normweighted,64,0.000488231041666667,23.7553255797639,352.090897354646,2,0.0667456343088659
spiked_leverage,64,2000,19,det,na,na,0,0.00319201520833333,15.5254465567961,352.090897354646,NaN,0.159842965110458
spiked_leverage,64,2000,19,builtin,na,na,0,0.00155864020833333,15.9576277061297,352.090897354646,NaN,0.129314377453836
spiked_leverage,64,2000,19,rand,running_mean,normweighted,64,0.000189568875,27.9964248008437,352.090897354646,2,0.0576841042215701
spiked_leverage,64,2000,19,rand_r12,running_mean,normweighted,64,0.000536543541666667,27.9964248008437,352.090897354646,2,0.0576841042215701
spiked_leverage,64,2000,20,det,na,na,0,0.00319914020833333,16.0783118397392,352.090897354646,NaN,0.140003992637734
spiked_leverage,64,2000,20,builtin,na,na,0,0.00157984854166667,15.7217292040546,352.090897354646,NaN,0.167293159856749
spiked_leverage,64,2000,20,rand,running_mean,normweighted,64,0.000141498303571429,41.465262498768,352.090897354646,2,0.0315296010625263
spiked_leverage,64,2000,20,rand_r12,running_mean,normweighted,64,0.000402191875,41.465262498768,352.090897354646,2,0.0315296010625263
spiked_leverage,64,4000,1,det,na,na,0,0.006845556875,16.1166175360292,501.964142145632,NaN,0.145866868653048
spiked_leverage,64,4000,1,builtin,na,na,0,0.00283647354166667,16.1737814184833,501.964142145632,NaN,0.138695240585107
spiked_leverage,64,4000,1,rand,running_mean,normweighted,64,0.00015770068452381,53.368275719725,501.964142145632,1,0.0266397280846901
spiked_leverage,64,4000,1,rand_r12,running_mean,normweighted,64,0.000842189375,53.368275719725,501.964142145632,1,0.0266397280846901
spiked_leverage,64,4000,2,det,na,na,0,0.00687914020833333,15.4173644805674,501.964142145632,NaN,0.158364737715629
spiked_leverage,64,4000,2,builtin,na,na,0,0.00291434854166667,15.8623777191538,501.964142145632,NaN,0.156944414016825
spiked_leverage,64,4000,2,rand,running_mean,normweighted,64,0.000229099375,32.0123473559868,501.964142145632,2,0.0493803829441438
spiked_leverage,64,4000,2,rand_r12,running_mean,normweighted,64,0.000917335208333333,32.0123473559868,501.964142145632,2,0.0493803829441438
spiked_leverage,64,4000,3,det,na,na,0,0.00688851520833333,16.3821327559672,501.964142145632,NaN,0.143006592174109
spiked_leverage,64,4000,3,builtin,na,na,0,0.00283984854166667,16.3045595233132,501.964142145632,NaN,0.140244647907887
spiked_leverage,64,4000,3,rand,running_mean,normweighted,64,0.000180916597222222,39.0661857133468,501.964142145632,2,0.0317369366356029
spiked_leverage,64,4000,3,rand_r12,running_mean,normweighted,64,0.000711231041666667,39.0661857133468,501.964142145632,2,0.0317369366356029
spiked_leverage,64,4000,4,det,na,na,0,0.00685009854166667,15.6931164881703,501.964142145632,NaN,0.154139920817644
spiked_leverage,64,4000,4,builtin,na,na,0,0.00285509854166667,17.1774265918474,501.964142145632,NaN,0.125883470599463
spiked_leverage,64,4000,4,rand,running_mean,normweighted,64,0.000178715208333333,31.6883631139251,501.964142145632,2,0.0542479304192877
spiked_leverage,64,4000,4,rand_r12,running_mean,normweighted,64,0.000594939375,31.6883631139251,501.964142145632,2,0.0542479304192877
spiked_leverage,64,4000,5,det,na,na,0,0.006891556875,15.7655249955719,501.964142145632,NaN,0.158943563124317
spiked_leverage,64,4000,5,builtin,na,na,0,0.00285914020833333,15.4131582868467,501.964142145632,NaN,0.153000194102808
spiked_leverage,64,4000,5,rand,running_mean,normweighted,64,0.000178673541666667,53.7837366076002,501.964142145632,2,0.0228919370298199
spiked_leverage,64,4000,5,rand_r12,running_mean,normweighted,64,0.000729356041666667,53.7837366076002,501.964142145632,2,0.0228919370298199
spiked_leverage,64,4000,6,det,na,na,0,0.006889681875,15.6811657213299,501.964142145632,NaN,0.155668015318064
spiked_leverage,64,4000,6,builtin,na,na,0,0.002936681875,16.7566540137609,501.964142145632,NaN,0.120360216895295
spiked_leverage,64,4000,6,rand,running_mean,normweighted,64,0.000233130625,40.1684086388131,501.964142145632,2,0.0301255228174273
spiked_leverage,64,4000,6,rand_r12,running_mean,normweighted,64,0.000952168541666667,40.1684086388131,501.964142145632,2,0.0301255228174273
spiked_leverage,64,4000,7,det,na,na,0,0.006879181875,16.214836181491,501.964142145632,NaN,0.141172967259553
spiked_leverage,64,4000,7,builtin,na,na,0,0.002756056875,16.0642522530139,501.964142145632,NaN,0.141124504100028
spiked_leverage,64,4000,7,rand,running_mean,normweighted,64,0.000231224375,27.9599515406403,501.964142145632,2,0.0518182670962698
spiked_leverage,64,4000,7,rand_r12,running_mean,normweighted,64,0.000903710208333333,27.9599515406403,501.964142145632,2,0.0518182670962698
spiked_leverage,64,4000,8,det,na,na,0,0.00686364020833333,16.4350226240294,501.964142145632,NaN,0.138903385126601
spiked_leverage,64,4000,8,builtin,na,na,0,0.00274097354166667,16.1154801824096,501.964142145632,NaN,0.136688957682105
spiked_leverage,64,4000,8,rand,running_mean,normweighted,64,0.000229703541666667,33.22797631509,501.964142145632,2,0.0432344674554537
spiked_leverage,64,4000,8,rand_r12,running_mean,normweighted,64,0.000915897708333333,33.22797631509,501.964142145632,2,0.0432344674554537
spiked_leverage,64,4000,9,det,na,na,0,0.006924556875,15.9976546113486,501.964142145632,NaN,0.13338268327564
spiked_leverage,64,4000,9,builtin,na,na,0,0.00288772354166667,15.7096632782116,501.964142145632,NaN,0.16945605585991
spiked_leverage,64,4000,9,rand,running_mean,normweighted,64,0.000180229097222222,24.7728972937452,501.964142145632,2,0.0629555272345625
spiked_leverage,64,4000,9,rand_r12,running_mean,normweighted,64,0.000691460208333333,24.7728972937452,501.964142145632,2,0.0629555272345625
spiked_leverage,64,4000,10,det,na,na,0,0.006898306875,15.9953514733111,501.964142145632,NaN,0.147744646145176
spiked_leverage,64,4000,10,builtin,na,na,0,0.002730931875,15.7999205215774,501.964142145632,NaN,0.152731032711028
spiked_leverage,64,4000,10,rand,running_mean,normweighted,64,0.000158432827380952,49.9786248461496,501.964142145632,1,0.0243683423479826
spiked_leverage,64,4000,10,rand_r12,running_mean,normweighted,64,0.000800251875,49.9786248461496,501.964142145632,1,0.0243683423479826
spiked_leverage,64,4000,11,det,na,na,0,0.00689076520833333,16.8664681631931,501.964142145632,NaN,0.122841811142778
spiked_leverage,64,4000,11,builtin,na,na,0,0.002914306875,17.1618233770773,501.964142145632,NaN,0.11909234603955
spiked_leverage,64,4000,11,rand,running_mean,normweighted,64,0.000234215208333333,25.494296588632,501.964142145632,2,0.0662868776170456
spiked_leverage,64,4000,11,rand_r12,running_mean,normweighted,64,0.000837293541666667,25.494296588632,501.964142145632,2,0.0662868776170456
spiked_leverage,64,4000,12,det,na,na,0,0.006874556875,15.9712472328187,501.964142145632,NaN,0.141965240520574
spiked_leverage,64,4000,12,builtin,na,na,0,0.00289847354166667,15.4705630115487,501.964142145632,NaN,0.173069698965498
spiked_leverage,64,4000,12,rand,running_mean,normweighted,64,0.000157920922619048,69.781394953042,501.964142145632,1,0.0160959783206169
spiked_leverage,64,4000,12,rand_r12,running_mean,normweighted,64,0.000848314375,69.781394953042,501.964142145632,1,0.0160959783206169
spiked_leverage,64,4000,13,det,na,na,0,0.00681176520833333,15.4901641605107,501.964142145632,NaN,0.157738708971949
spiked_leverage,64,4000,13,builtin,na,na,0,0.00288084854166667,15.4642316002555,501.964142145632,NaN,0.163528185961541
spiked_leverage,64,4000,13,rand,running_mean,normweighted,64,0.000180881875,35.4280971458411,501.964142145632,2,0.0430350820925097
spiked_leverage,64,4000,13,rand_r12,running_mean,normweighted,64,0.000722481041666667,35.4280971458411,501.964142145632,2,0.0430350820925097
spiked_leverage,64,4000,14,det,na,na,0,0.00684834854166667,15.2362551531262,501.964142145632,NaN,0.172755432920557
spiked_leverage,64,4000,14,builtin,na,na,0,0.00285801520833333,15.553911431638,501.964142145632,NaN,0.154565049646065
spiked_leverage,64,4000,14,rand,running_mean,normweighted,64,0.000158135208333333,44.5610884467367,501.964142145632,1,0.0262911562924913
spiked_leverage,64,4000,14,rand_r12,running_mean,normweighted,64,0.000764022708333333,44.5610884467367,501.964142145632,1,0.0262911562924913
spiked_leverage,64,4000,15,det,na,na,0,0.006869306875,15.8636830553912,501.964142145632,NaN,0.150991749060448
spiked_leverage,64,4000,15,builtin,na,na,0,0.00284847354166667,15.8250904760935,501.964142145632,NaN,0.142899155084144
spiked_leverage,64,4000,15,rand,running_mean,normweighted,64,0.000179624930555556,47.2046036523155,501.964142145632,2,0.0238883880195393
spiked_leverage,64,4000,15,rand_r12,running_mean,normweighted,64,0.000710876875,47.2046036523155,501.964142145632,2,0.0238883880195393
spiked_leverage,64,4000,16,det,na,na,0,0.006853056875,16.2574900842427,501.964142145632,NaN,0.149494912290836
spiked_leverage,64,4000,16,builtin,na,na,0,0.00288414020833333,16.8196891290644,501.964142145632,NaN,0.129205777638432
spiked_leverage,64,4000,16,rand,running_mean,normweighted,64,0.000157962589285714,72.5425799523881,501.964142145632,1,0.0153358833296046
spiked_leverage,64,4000,16,rand_r12,running_mean,normweighted,64,0.000840939375,72.5425799523881,501.964142145632,1,0.0153358833296046
spiked_leverage,64,4000,17,det,na,na,0,0.006889181875,15.7336887054183,501.964142145632,NaN,0.147121179287843
spiked_leverage,64,4000,17,builtin,na,na,0,0.00294289020833333,17.1684498278034,501.964142145632,NaN,0.127378166194791
spiked_leverage,64,4000,17,rand,running_mean,normweighted,64,0.000229734791666667,44.5811363841859,501.964142145632,2,0.0313455786609981
spiked_leverage,64,4000,17,rand_r12,running_mean,normweighted,64,0.000927856041666667,44.5811363841859,501.964142145632,2,0.0313455786609981
spiked_leverage,64,4000,18,det,na,na,0,0.00681739020833333,16.1864716090748,501.964142145632,NaN,0.12852670423665
spiked_leverage,64,4000,18,builtin,na,na,0,0.002904556875,16.349002335187,501.964142145632,NaN,0.129307392188726
spiked_leverage,64,4000,18,rand,running_mean,normweighted,64,0.000179840208333333,51.0932549804923,501.964142145632,2,0.0222387478034113
spiked_leverage,64,4000,18,rand_r12,running_mean,normweighted,64,0.000708064375,51.0932549804923,501.964142145632,2,0.0222387478034113
spiked_leverage,64,4000,19,det,na,na,0,0.006807431875,15.8594949725519,501.964142145632,NaN,0.137080271911221
spiked_leverage,64,4000,19,builtin,na,na,0,0.00286889020833333,16.440854503457,501.964142145632,NaN,0.130615315581243
spiked_leverage,64,4000,19,rand,running_mean,normweighted,64,0.000187013819444444,41.4570722983836,501.964142145632,2,0.0331066883106085
spiked_leverage,64,4000,19,rand_r12,running_mean,normweighted,64,0.000792960208333333,41.4570722983836,501.964142145632,2,0.0331066883106085
spiked_leverage,64,4000,20,det,na,na,0,0.00692247354166667,15.9738038173285,501.964142145632,NaN,0.141870356075788
spiked_leverage,64,4000,20,builtin,na,na,0,0.002903931875,16.5691211301564,501.964142145632,NaN,0.127005164746142
spiked_leverage,64,4000,20,rand,running_mean,normweighted,64,0.000182381875,26.8523581899162,501.964142145632,2,0.0673041823849424
spiked_leverage,64,4000,20,rand_r12,running_mean,normweighted,64,0.000727668541666667,26.8523581899162,501.964142145632,2,0.0673041823849424
spiked_leverage,64,8000,1,det,na,na,0,0.014756556875,15.8992745622923,712.718738353356,NaN,0.14379937872267
spiked_leverage,64,8000,1,builtin,na,na,0,0.00524159854166667,16.299267301513,712.718738353356,NaN,0.121740200104854
spiked_leverage,64,8000,1,rand,running_mean,normweighted,64,0.000309984791666667,35.960548549711,712.718738353356,2,0.0395124294995432
spiked_leverage,64,8000,1,rand_r12,running_mean,normweighted,64,0.00148834854166667,35.960548549711,712.718738353356,2,0.0395124294995432
spiked_leverage,64,8000,2,det,na,na,0,0.014676806875,15.6792305151654,712.718738353356,NaN,0.1694390273789
spiked_leverage,64,8000,2,builtin,na,na,0,0.00532164020833333,17.4201004047745,712.718738353356,NaN,0.106054609564166
spiked_leverage,64,8000,2,rand,running_mean,normweighted,64,0.000299661875,40.3062039896093,712.718738353356,2,0.0392082535731286
spiked_leverage,64,8000,2,rand_r12,running_mean,normweighted,64,0.00130584854166667,40.3062039896093,712.718738353356,2,0.0392082535731286
spiked_leverage,64,8000,3,det,na,na,0,0.014705681875,16.4620619159086,712.718738353356,NaN,0.146760032103569
spiked_leverage,64,8000,3,builtin,na,na,0,0.005221306875,17.0782998343304,712.718738353356,NaN,0.118081328481446
spiked_leverage,64,8000,3,rand,running_mean,normweighted,64,0.000305911875,32.446943137307,712.718738353356,2,0.0543499894031196
spiked_leverage,64,8000,3,rand_r12,running_mean,normweighted,64,0.00129922354166667,32.446943137307,712.718738353356,2,0.0543499894031196
spiked_leverage,64,8000,4,det,na,na,0,0.014582306875,16.2917217838673,712.718738353356,NaN,0.157615157664004
spiked_leverage,64,8000,4,builtin,na,na,0,0.00528159854166667,15.4416628032174,712.718738353356,NaN,0.174650348220651
spiked_leverage,64,8000,4,rand,running_mean,normweighted,64,0.000270078541666667,32.4453167023201,712.718738353356,2,0.0498824103848847
spiked_leverage,64,8000,4,rand_r12,running_mean,normweighted,64,0.00139039020833333,32.4453167023201,712.718738353356,2,0.0498824103848847
spiked_leverage,64,8000,5,det,na,na,0,0.0147531402083333,15.7518401033858,712.718738353356,NaN,0.151253318457199
spiked_leverage,64,8000,5,builtin,na,na,0,0.00526239020833333,17.240886042052,712.718738353356,NaN,0.121534914018443
spiked_leverage,64,8000,5,rand,running_mean,normweighted,64,0.000267432708333333,35.0255123815491,712.718738353356,2,0.04161889634916
spiked_leverage,64,8000,5,rand_r12,running_mean,normweighted,64,0.001488556875,35.0255123815491,712.718738353356,2,0.04161889634916
spiked_leverage,64,8000,6,det,na,na,0,0.0148297652083333,16.830874891024,712.718738353356,NaN,0.121596917997995
spiked_leverage,64,8000,6,builtin,na,na,0,0.005223931875,16.1922368314004,712.718738353356,NaN,0.132759721671442
spiked_leverage,64,8000,6,rand,running_mean,normweighted,64,0.000239060541666667,65.5930455781362,712.718738353356,1,0.0162226300494985
spiked_leverage,64,8000,6,rand_r12,running_mean,normweighted,64,0.00118976520833333,65.5930455781362,712.718738353356,1,0.0162226300494985
spiked_leverage,64,8000,7,det,na,na,0,0.0147568902083333,15.857295344381,712.718738353356,NaN,0.158639772667719
spiked_leverage,64,8000,7,builtin,na,na,0,0.005272806875,15.9040652706183,712.718738353356,NaN,0.148878899338052
spiked_leverage,64,8000,7,rand,running_mean,normweighted,64,0.000307411875,24.3621057279063,712.718738353356,2,0.0737847729070816
spiked_leverage,64,8000,7,rand_r12,running_mean,normweighted,64,0.001317181875,24.3621057279063,712.718738353356,2,0.0737847729070816
spiked_leverage,64,8000,8,det,na,na,0,0.014699306875,15.7345641230583,712.718738353356,NaN,0.152239417108334
spiked_leverage,64,8000,8,builtin,na,na,0,0.005270181875,16.8772801002251,712.718738353356,NaN,0.116699171891888
spiked_leverage,64,8000,8,rand,running_mean,normweighted,64,0.000301151458333333,34.4447577922248,712.718738353356,2,0.0393012433370613
spiked_leverage,64,8000,8,rand_r12,running_mean,normweighted,64,0.001291681875,34.4447577922248,712.718738353356,2,0.0393012433370613
spiked_leverage,64,8000,9,det,na,na,0,0.014840306875,15.9658812500414,712.718738353356,NaN,0.152348841208775
spiked_leverage,64,8000,9,builtin,na,na,0,0.00534772354166667,17.3209767148223,712.718738353356,NaN,0.106829711515514
spiked_leverage,64,8000,9,rand,running_mean,normweighted,64,0.000300891041666667,26.5241871758559,712.718738353356,2,0.0652870194663364
spiked_leverage,64,8000,9,rand_r12,running_mean,normweighted,64,0.001298931875,26.5241871758559,712.718738353356,2,0.0652870194663364
spiked_leverage,64,8000,10,det,na,na,0,0.014760181875,15.3752227901825,712.718738353356,NaN,0.171330500439756
spiked_leverage,64,8000,10,builtin,na,na,0,0.00539909854166667,16.4823432019721,712.718738353356,NaN,0.125478586417731
spiked_leverage,64,8000,10,rand,running_mean,normweighted,64,0.000300766041666667,40.9672851797078,712.718738353356,2,0.0292849358598256
spiked_leverage,64,8000,10,rand_r12,running_mean,normweighted,64,0.00130414020833333,40.9672851797078,712.718738353356,2,0.0292849358598256
spiked_leverage,64,8000,11,det,na,na,0,0.0147848485416667,15.933242792833,712.718738353356,NaN,0.130601584940806
spiked_leverage,64,8000,11,builtin,na,na,0,0.00535601520833333,16.6190783740145,712.718738353356,NaN,0.127458722654221
spiked_leverage,64,8000,11,rand,running_mean,normweighted,64,0.000297914097222222,26.5518371531872,712.718738353356,2,0.0707853303321109
spiked_leverage,64,8000,11,rand_r12,running_mean,normweighted,64,0.00158201520833333,26.5518371531872,712.718738353356,2,0.0707853303321109
spiked_leverage,64,8000,12,det,na,na,0,0.014586306875,15.1449548781482,712.718738353356,NaN,0.160926938801785
spiked_leverage,64,8000,12,builtin,na,na,0,0.005275556875,15.303940530603,712.718738353356,NaN,0.159354482077151
spiked_leverage,64,8000,12,rand,running_mean,normweighted,64,0.000294039097222222,28.3188767853584,712.718738353356,2,0.0568027485227195
spiked_leverage,64,8000,12,rand_r12,running_mean,normweighted,64,0.00149034854166667,28.3188767853584,712.718738353356,2,0.0568027485227195
spiked_leverage,64,8000,13,det,na,na,0,0.0145576402083333,15.5069504521149,712.718738353356,NaN,0.177025685876449
spiked_leverage,64,8000,13,builtin,na,na,0,0.00522372354166667,15.8073860691125,712.718738353356,NaN,0.154382159912947
spiked_leverage,64,8000,13,rand,running_mean,normweighted,64,0.000271307708333333,28.5077830579168,712.718738353356,2,0.0579104410087979
spiked_leverage,64,8000,13,rand_r12,running_mean,normweighted,64,0.001368806875,28.5077830579168,712.718738353356,2,0.0579104410087979
spiked_leverage,64,8000,14,det,na,na,0,0.014820806875,16.8649246044053,712.718738353356,NaN,0.119494338451884
spiked_leverage,64,8000,14,builtin,na,na,0,0.00529284854166667,16.0439726412523,712.718738353356,NaN,0.156409514167617
spiked_leverage,64,8000,14,rand,running_mean,normweighted,64,0.000304338958333333,29.2160439169856,712.718738353356,2,0.0606136626970186
spiked_leverage,64,8000,14,rand_r12,running_mean,normweighted,64,0.001527306875,29.2160439169856,712.718738353356,2,0.0606136626970186
spiked_leverage,64,8000,15,det,na,na,0,0.0148585152083333,16.8610326510716,712.718738353356,NaN,0.12768478275449
spiked_leverage,64,8000,15,builtin,na,na,0,0.00533726520833333,16.7504550143615,712.718738353356,NaN,0.137690601712415
spiked_leverage,64,8000,15,rand,running_mean,normweighted,64,0.000261953541666667,36.1456566194124,712.718738353356,2,0.039656518611113
spiked_leverage,64,8000,15,rand_r12,running_mean,normweighted,64,0.00117884854166667,36.1456566194124,712.718738353356,2,0.039656518611113
spiked_leverage,64,8000,16,det,na,na,0,0.0146492652083333,16.8113676841089,712.718738353356,NaN,0.136365536661633
spiked_leverage,64,8000,16,builtin,na,na,0,0.00532901520833333,15.8965573464856,712.718738353356,NaN,0.151987671654641
spiked_leverage,64,8000,16,rand,running_mean,normweighted,64,0.000297594652777778,29.9272339217521,712.718738353356,2,0.0543825072463432
spiked_leverage,64,8000,16,rand_r12,running_mean,normweighted,64,0.00142497354166667,29.9272339217521,712.718738353356,2,0.0543825072463432
spiked_leverage,64,8000,17,det,na,na,0,0.014563931875,15.8873635618432,712.718738353356,NaN,0.160326371310941
spiked_leverage,64,8000,17,builtin,na,na,0,0.005436931875,16.8596579464015,712.718738353356,NaN,0.121242565757682
spiked_leverage,64,8000,17,rand,running_mean,normweighted,64,0.000300066875,44.8053986940227,712.718738353356,2,0.0312105507160296
spiked_leverage,64,8000,17,rand_r12,running_mean,normweighted,64,0.00142722354166667,44.8053986940227,712.718738353356,2,0.0312105507160296
spiked_leverage,64,8000,18,det,na,na,0,0.0147751402083333,15.6294032094614,712.718738353356,NaN,0.170989577001926
spiked_leverage,64,8000,18,builtin,na,na,0,0.00529376520833333,15.4309951894407,712.718738353356,NaN,0.155634949903282
spiked_leverage,64,8000,18,rand,running_mean,normweighted,64,0.000274993875,92.746657009988,712.718738353356,1,0.0114070675518224
spiked_leverage,64,8000,18,rand_r12,running_mean,normweighted,64,0.001358181875,92.746657009988,712.718738353356,1,0.0114070675518224
spiked_leverage,64,8000,19,det,na,na,0,0.0145129735416667,16.9661513466238,712.718738353356,NaN,0.111082123075417
spiked_leverage,64,8000,19,builtin,na,na,0,0.00521372354166667,15.3812336840271,712.718738353356,NaN,0.173618095982387
spiked_leverage,64,8000,19,rand,running_mean,normweighted,64,0.000271036875,28.0376901373275,712.718738353356,2,0.0539303337549088
spiked_leverage,64,8000,19,rand_r12,running_mean,normweighted,64,0.001412181875,28.0376901373275,712.718738353356,2,0.0539303337549088
spiked_leverage,64,8000,20,det,na,na,0,0.014616556875,15.2460865513387,712.718738353356,NaN,0.164647361724759
spiked_leverage,64,8000,20,builtin,na,na,0,0.00534609854166667,15.7954819629508,712.718738353356,NaN,0.131286296124414
spiked_leverage,64,8000,20,rand,running_mean,normweighted,64,0.000311802986111111,23.9268014122975,712.718738353356,2,0.072521080090627
spiked_leverage,64,8000,20,rand_r12,running_mean,normweighted,64,0.00146172354166667,23.9268014122975,712.718738353356,2,0.072521080090627
spiked_leverage,64,16000,1,det,na,na,0,0.0301304735416667,16.1238171642672,1009.93465135126,NaN,0.128618121092932
spiked_leverage,64,16000,1,builtin,na,na,0,0.009462306875,16.2754831371158,1009.93465135126,NaN,0.132906778409995
spiked_leverage,64,16000,1,rand,running_mean,normweighted,64,0.000435039097222222,24.8568352831134,1009.93465135126,2,0.0670021557801963
spiked_leverage,64,16000,1,rand_r12,running_mean,normweighted,64,0.002769556875,24.8568352831134,1009.93465135126,2,0.0670021557801963
spiked_leverage,64,16000,2,det,na,na,0,0.0303819735416667,15.9677109190805,1009.93465135126,NaN,0.159262858485401
spiked_leverage,64,16000,2,builtin,na,na,0,0.00962801520833333,16.4957739637216,1009.93465135126,NaN,0.119118356933944
spiked_leverage,64,16000,2,rand,running_mean,normweighted,64,0.000436594652777778,31.9920808225173,1009.93465135126,2,0.0436666866297689
spiked_leverage,64,16000,2,rand_r12,running_mean,normweighted,64,0.002867556875,31.9920808225173,1009.93465135126,2,0.0436666866297689
spiked_leverage,64,16000,3,det,na,na,0,0.030179181875,17.1058449704122,1009.93465135126,NaN,0.125923829413024
spiked_leverage,64,16000,3,builtin,na,na,0,0.00956664020833333,17.2206105632452,1009.93465135126,NaN,0.126668335267384
spiked_leverage,64,16000,3,rand,running_mean,normweighted,64,0.000451719652777778,30.3159023009446,1009.93465135126,2,0.0451702954148016
spiked_leverage,64,16000,3,rand_r12,running_mean,normweighted,64,0.00290576520833333,30.3159023009446,1009.93465135126,2,0.0451702954148016
spiked_leverage,64,16000,4,det,na,na,0,0.030225556875,16.8056984693217,1009.93465135126,NaN,0.122394554351329
spiked_leverage,64,16000,4,builtin,na,na,0,0.00953951520833333,16.6259973104941,1009.93465135126,NaN,0.135147734533159
spiked_leverage,64,16000,4,rand,running_mean,normweighted,64,0.000433691875,41.8277920562598,1009.93465135126,2,0.0298432886716572
spiked_leverage,64,16000,4,rand_r12,running_mean,normweighted,64,0.002798056875,41.8277920562598,1009.93465135126,2,0.0298432886716572
spiked_leverage,64,16000,5,det,na,na,0,0.0305722652083333,17.0353542452147,1009.93465135126,NaN,0.117935956270016
spiked_leverage,64,16000,5,builtin,na,na,0,0.00969959854166667,16.7538140149117,1009.93465135126,NaN,0.119748328008579
spiked_leverage,64,16000,5,rand,running_mean,normweighted,64,0.000521539097222222,43.0422476911326,1009.93465135126,2,0.0272180875617021
spiked_leverage,64,16000,5,rand_r12,running_mean,normweighted,64,0.003247181875,43.0422476911326,1009.93465135126,2,0.0272180875617021
spiked_leverage,64,16000,6,det,na,na,0,0.031085931875,16.3235821197583,1009.93465135126,NaN,0.147222356491025
spiked_leverage,64,16000,6,builtin,na,na,0,0.00976347354166667,15.9916330138622,1009.93465135126,NaN,0.157868146164216
spiked_leverage,64,16000,6,rand,running_mean,normweighted,64,0.000423872430555556,25.8060367263544,1009.93465135126,2,0.0687362641832968
spiked_leverage,64,16000,6,rand_r12,running_mean,normweighted,64,0.00290072354166667,25.8060367263544,1009.93465135126,2,0.0687362641832968
spiked_leverage,64,16000,7,det,na,na,0,0.0307373902083333,16.2421394824603,1009.93465135126,NaN,0.146197631337098
spiked_leverage,64,16000,7,builtin,na,na,0,0.009853056875,16.2421394824603,1009.93465135126,NaN,0.146197631337098
spiked_leverage,64,16000,7,rand,running_mean,normweighted,64,0.000442205763888889,37.570235522259,1009.93465135126,2,0.0368237986016244
spiked_leverage,64,16000,7,rand_r12,running_mean,normweighted,64,0.00294972354166667,37.570235522259,1009.93465135126,2,0.0368237986016244
spiked_leverage,64,16000,8,det,na,na,0,0.030982556875,16.5724799215689,1009.93465135126,NaN,0.135628772273393
spiked_leverage,64,16000,8,builtin,na,na,0,0.00967972354166667,15.7845417695563,1009.93465135126,NaN,0.156327528357684
spiked_leverage,64,16000,8,rand,running_mean,normweighted,64,0.000427219652777778,87.4134688665061,1009.93465135126,2,0.0127205504885563
spiked_leverage,64,16000,8,rand_r12,running_mean,normweighted,64,0.002834431875,87.4134688665061,1009.93465135126,2,0.0127205504885563
spiked_leverage,64,16000,9,det,na,na,0,0.0303352652083333,15.6113265918653,1009.93465135126,NaN,0.158637615916388
spiked_leverage,64,16000,9,builtin,na,na,0,0.00953076520833333,17.4400999582758,1009.93465135126,NaN,0.124203438790364
spiked_leverage,64,16000,9,rand,running_mean,normweighted,64,0.000436622430555556,39.3306923065925,1009.93465135126,2,0.0338435895179074
spiked_leverage,64,16000,9,rand_r12,running_mean,normweighted,64,0.00293426520833333,39.3306923065925,1009.93465135126,2,0.0338435895179074
spiked_leverage,64,16000,10,det,na,na,0,0.0304489735416667,15.8343019752147,1009.93465135126,NaN,0.153987879387002
spiked_leverage,64,16000,10,builtin,na,na,0,0.009529056875,16.5696018279505,1009.93465135126,NaN,0.142056937012423
spiked_leverage,64,16000,10,rand,running_mean,normweighted,64,0.000439622430555556,35.0153975011375,1009.93465135126,2,0.0369214582892518
spiked_leverage,64,16000,10,rand_r12,running_mean,normweighted,64,0.00299472354166667,35.0153975011375,1009.93465135126,2,0.0369214582892518
spiked_leverage,64,16000,11,det,na,na,0,0.0309121402083333,16.520435265232,1009.93465135126,NaN,0.132513334280474
spiked_leverage,64,16000,11,builtin,na,na,0,0.00946951520833333,17.8444227689812,1009.93465135126,NaN,0.101097073712066
spiked_leverage,64,16000,11,rand,running_mean,normweighted,64,0.000441275208333333,34.6565069027042,1009.93465135126,2,0.0393037369280444
spiked_leverage,64,16000,11,rand_r12,running_mean,normweighted,64,0.00295334854166667,34.6565069027042,1009.93465135126,2,0.0393037369280444
spiked_leverage,64,16000,12,det,na,na,0,0.0301606402083333,16.7777787157062,1009.93465135126,NaN,0.133667225282012
spiked_leverage,64,16000,12,builtin,na,na,0,0.00973226520833333,17.0218935074531,1009.93465135126,NaN,0.123392351470843
spiked_leverage,64,16000,12,rand,running_mean,normweighted,64,0.000453372430555556,38.7796237058724,1009.93465135126,2,0.0421424491636537
spiked_leverage,64,16000,12,rand_r12,running_mean,normweighted,64,0.00309451520833333,38.7796237058724,1009.93465135126,2,0.0421424491636537
spiked_leverage,64,16000,13,det,na,na,0,0.0307578902083333,16.197613446105,1009.93465135126,NaN,0.149080313995301
spiked_leverage,64,16000,13,builtin,na,na,0,0.00937289020833333,17.2825614167078,1009.93465135126,NaN,0.120549627508266
spiked_leverage,64,16000,13,rand,running_mean,normweighted,64,0.000429761319444444,23.5958197797982,1009.93465135126,2,0.0819000773736962
spiked_leverage,64,16000,13,rand_r12,running_mean,normweighted,64,0.002812306875,23.5958197797982,1009.93465135126,2,0.0819000773736962
spiked_leverage,64,16000,14,det,na,na,0,0.030338556875,16.5168492396926,1009.93465135126,NaN,0.138136265846797
spiked_leverage,64,16000,14,builtin,na,na,0,0.00976784854166667,16.4208289934004,1009.93465135126,NaN,0.149294144928876
spiked_leverage,64,16000,14,rand,running_mean,normweighted,64,0.000411983541666667,33.3363822624618,1009.93465135126,2,0.0420578176275124
spiked_leverage,64,16000,14,rand_r12,running_mean,normweighted,64,0.00284672354166667,33.3363822624618,1009.93465135126,2,0.0420578176275124
spiked_leverage,64,16000,15,det,na,na,0,0.0304100152083333,16.27452868486,1009.93465135126,NaN,0.132881789512358
spiked_leverage,64,16000,15,builtin,na,na,0,0.00969014020833333,15.9368388529342,1009.93465135126,NaN,0.140635813010492
spiked_leverage,64,16000,15,rand,running_mean,normweighted,64,0.000444150208333333,24.5767780896174,1009.93465135126,2,0.084065404920457
spiked_leverage,64,16000,15,rand_r12,running_mean,normweighted,64,0.00298672354166667,24.5767780896174,1009.93465135126,2,0.084065404920457
spiked_leverage,64,16000,16,det,na,na,0,0.0304083485416667,16.183936811852,1009.93465135126,NaN,0.147677535920115
spiked_leverage,64,16000,16,builtin,na,na,0,0.00951989020833333,16.183936811852,1009.93465135126,NaN,0.147677535920115
spiked_leverage,64,16000,16,rand,running_mean,normweighted,64,0.000429344652777778,31.9365827870742,1009.93465135126,2,0.0435097814809149
spiked_leverage,64,16000,16,rand_r12,running_mean,normweighted,64,0.00283439020833333,31.9365827870742,1009.93465135126,2,0.0435097814809149
spiked_leverage,64,16000,17,det,na,na,0,0.0301408485416667,16.5935451397278,1009.93465135126,NaN,0.143234251675615
spiked_leverage,64,16000,17,builtin,na,na,0,0.00977959854166667,16.0049376962821,1009.93465135126,NaN,0.143007117631219
spiked_leverage,64,16000,17,rand,running_mean,normweighted,64,0.000455094652777778,29.4301362001217,1009.93465135126,2,0.0562020159319625
spiked_leverage,64,16000,17,rand_r12,running_mean,normweighted,64,0.003082056875,29.4301362001217,1009.93465135126,2,0.0562020159319625
spiked_leverage,64,16000,18,det,na,na,0,0.0305815985416667,15.9444753073804,1009.93465135126,NaN,0.1526456519771
spiked_leverage,64,16000,18,builtin,na,na,0,0.00946972354166667,16.3156796047523,1009.93465135126,NaN,0.146343821636877
spiked_leverage,64,16000,18,rand,running_mean,normweighted,64,0.000451386319444444,35.0530271190382,1009.93465135126,2,0.0402880617913279
spiked_leverage,64,16000,18,rand_r12,running_mean,normweighted,64,0.00293714020833333,35.0530271190382,1009.93465135126,2,0.0402880617913279
spiked_leverage,64,16000,19,det,na,na,0,0.0299452652083333,16.5933777338228,1009.93465135126,NaN,0.146925064032907
spiked_leverage,64,16000,19,builtin,na,na,0,0.00974909854166667,16.6455474446001,1009.93465135126,NaN,0.131197236879621
spiked_leverage,64,16000,19,rand,running_mean,normweighted,64,0.000457914097222222,30.5606771118276,1009.93465135126,2,0.059587017205708
spiked_leverage,64,16000,19,rand_r12,running_mean,normweighted,64,0.00306547354166667,30.5606771118276,1009.93465135126,2,0.059587017205708
spiked_leverage,64,16000,20,det,na,na,0,0.0302778485416667,15.4377220683175,1009.93465135126,NaN,0.16843141310916
spiked_leverage,64,16000,20,builtin,na,na,0,0.00974201520833333,17.2931211984239,1009.93465135126,NaN,0.10282323984135
spiked_leverage,64,16000,20,rand,running_mean,normweighted,64,0.000453025208333333,29.1769258028523,1009.93465135126,2,0.0569745401749146
spiked_leverage,64,16000,20,rand_r12,running_mean,normweighted,64,0.003027056875,29.1769258028523,1009.93465135126,2,0.0569745401749146
spiked_leverage,64,32000,1,det,na,na,0,0.082996681875,16.6081422433715,1429.67408873491,NaN,0.135513903843975
spiked_leverage,64,32000,1,builtin,na,na,0,0.0189122652083333,17.039651007392,1429.67408873491,NaN,0.140143032019475
spiked_leverage,64,32000,1,rand,running_mean,normweighted,64,0.000724064375,21.8975544810795,1429.67408873491,2,0.0948147412191951
spiked_leverage,64,32000,1,rand_r12,running_mean,normweighted,64,0.007749931875,21.8975544810795,1429.67408873491,2,0.0948147412191951
spiked_leverage,64,32000,2,det,na,na,0,0.082253056875,16.2066523652751,1429.67408873491,NaN,0.141955436866974
spiked_leverage,64,32000,2,builtin,na,na,0,0.019261556875,16.736202182818,1429.67408873491,NaN,0.141977009777646
spiked_leverage,64,32000,2,rand,running_mean,normweighted,64,0.000770460208333333,26.7847442821545,1429.67408873491,2,0.070526605532369
spiked_leverage,64,32000,2,rand_r12,running_mean,normweighted,64,0.007582181875,26.7847442821545,1429.67408873491,2,0.070526605532369
spiked_leverage,64,32000,3,det,na,na,0,0.082410806875,16.780435846584,1429.67408873491,NaN,0.140838419191062
spiked_leverage,64,32000,3,builtin,na,na,0,0.0193718485416667,16.217110350177,1429.67408873491,NaN,0.146801141622408
spiked_leverage,64,32000,3,rand,running_mean,normweighted,64,0.000796106041666667,22.7129452933873,1429.67408873491,2,0.0842169359119909
spiked_leverage,64,32000,3,rand_r12,running_mean,normweighted,64,0.00757689020833333,22.7129452933873,1429.67408873491,2,0.0842169359119909
spiked_leverage,64,32000,4,det,na,na,0,0.0822176402083333,15.7374023170359,1429.67408873491,NaN,0.157540495793852
spiked_leverage,64,32000,4,builtin,na,na,0,0.0191876402083333,18.6813686927541,1429.67408873491,NaN,0.0856538783790965
spiked_leverage,64,32000,4,rand,running_mean,normweighted,64,0.000724022708333333,40.8855330577108,1429.67408873491,2,0.0302479133677001
spiked_leverage,64,32000,4,rand_r12,running_mean,normweighted,64,0.00760376520833333,40.8855330577108,1429.67408873491,2,0.0302479133677001
spiked_leverage,64,32000,5,det,na,na,0,0.0824832235416667,16.3230253163633,1429.67408873491,NaN,0.143520422615023
spiked_leverage,64,32000,5,builtin,na,na,0,0.0191643485416667,17.6605827660715,1429.67408873491,NaN,0.102028281225656
spiked_leverage,64,32000,5,rand,running_mean,normweighted,64,0.000762439375,30.6392763733138,1429.67408873491,2,0.0533679046044794
spiked_leverage,64,32000,5,rand_r12,running_mean,normweighted,64,0.007591181875,30.6392763733138,1429.67408873491,2,0.0533679046044794
spiked_leverage,64,32000,6,det,na,na,0,0.0824572235416667,17.0645023388854,1429.67408873491,NaN,0.118124694118863
spiked_leverage,64,32000,6,builtin,na,na,0,0.0193835985416667,17.3243123780113,1429.67408873491,NaN,0.13881627678895
spiked_leverage,64,32000,6,rand,running_mean,normweighted,64,0.000722210208333333,30.7153542794215,1429.67408873491,2,0.062013387615128
spiked_leverage,64,32000,6,rand_r12,running_mean,normweighted,64,0.007507556875,30.7153542794215,1429.67408873491,2,0.062013387615128
spiked_leverage,64,32000,7,det,na,na,0,0.0822669735416667,16.7553933562621,1429.67408873491,NaN,0.124861050382971
spiked_leverage,64,32000,7,builtin,na,na,0,0.0195662652083333,18.164585924078,1429.67408873491,NaN,0.116974444159772
spiked_leverage,64,32000,7,rand,running_mean,normweighted,64,0.000765460208333333,25.840122266908,1429.67408873491,2,0.0762170334206656
spiked_leverage,64,32000,7,rand_r12,running_mean,normweighted,64,0.00751739020833333,25.840122266908,1429.67408873491,2,0.0762170334206656
spiked_leverage,64,32000,8,det,na,na,0,0.0822668902083333,18.3955733920898,1429.67408873491,NaN,0.100903254126889
spiked_leverage,64,32000,8,builtin,na,na,0,0.0197221402083333,17.815698232932,1429.67408873491,NaN,0.111266744362812
spiked_leverage,64,32000,8,rand,running_mean,normweighted,64,0.000783147708333333,75.1884896834543,1429.67408873491,2,0.0142853301545151
spiked_leverage,64,32000,8,rand_r12,running_mean,normweighted,64,0.00752784854166667,75.1884896834543,1429.67408873491,2,0.0142853301545151
spiked_leverage,64,32000,9,det,na,na,0,0.0821253485416667,16.2199775661579,1429.67408873491,NaN,0.132681555232891
spiked_leverage,64,32000,9,builtin,na,na,0,0.0193120152083333,16.5813481910166,1429.67408873491,NaN,0.132578055843057
spiked_leverage,64,32000,9,rand,running_mean,normweighted,64,0.000766814375,25.7118356641988,1429.67408873491,2,0.0697107450580984
spiked_leverage,64,32000,9,rand_r12,running_mean,normweighted,64,0.00755609854166667,25.7118356641988,1429.67408873491,2,0.0697107450580984
spiked_leverage,64,32000,10,det,na,na,0,0.082646556875,17.1353829159627,1429.67408873491,NaN,0.138802692172484
spiked_leverage,64,32000,10,builtin,na,na,0,0.0193369735416667,16.8940182461897,1429.67408873491,NaN,0.139933329311233
spiked_leverage,64,32000,10,rand,running_mean,normweighted,64,0.000759668541666667,29.1437000444831,1429.67408873491,2,0.0642595346953319
spiked_leverage,64,32000,10,rand_r12,running_mean,normweighted,64,0.00750384854166667,29.1437000444831,1429.67408873491,2,0.0642595346953319
spiked_leverage,64,32000,11,det,na,na,0,0.0824368902083333,16.5374379972797,1429.67408873491,NaN,0.142803013809023
spiked_leverage,64,32000,11,builtin,na,na,0,0.019839306875,16.1028105171622,1429.67408873491,NaN,0.157088125355039
spiked_leverage,64,32000,11,rand,running_mean,normweighted,64,0.000845147708333333,21.7344385405244,1429.67408873491,2,0.115280438753357
spiked_leverage,64,32000,11,rand_r12,running_mean,normweighted,64,0.00942614020833333,21.7344385405244,1429.67408873491,2,0.115280438753357
spiked_leverage,64,32000,12,det,na,na,0,0.0841498485416667,16.9059816393892,1429.67408873491,NaN,0.140402015838299
spiked_leverage,64,32000,12,builtin,na,na,0,0.0189290152083333,17.285216572614,1429.67408873491,NaN,0.125996140370117
spiked_leverage,64,32000,12,rand,running_mean,normweighted,64,0.000766126875,21.5997459609722,1429.67408873491,2,0.0934977018216987
spiked_leverage,64,32000,12,rand_r12,running_mean,normweighted,64,0.00793172354166667,21.5997459609722,1429.67408873491,2,0.0934977018216987
spiked_leverage,64,32000,13,det,na,na,0,0.084381181875,16.6590462567511,1429.67408873491,NaN,0.143477588045596
spiked_leverage,64,32000,13,builtin,na,na,0,0.018856306875,16.2434898231948,1429.67408873491,NaN,0.167483067141015
spiked_leverage,64,32000,13,rand,running_mean,normweighted,64,0.000743251875,24.931013084925,1429.67408873491,2,0.0736168226702236
spiked_leverage,64,32000,13,rand_r12,running_mean,normweighted,64,0.007894056875,24.931013084925,1429.67408873491,2,0.0736168226702236
spiked_leverage,64,32000,14,det,na,na,0,0.0831373902083333,17.3901765463096,1429.67408873491,NaN,0.114446095275543
spiked_leverage,64,32000,14,builtin,na,na,0,0.0192500152083333,16.5140663953254,1429.67408873491,NaN,0.127193209317056
spiked_leverage,64,32000,14,rand,running_mean,normweighted,64,0.000715606041666667,30.3273317486192,1429.67408873491,2,0.0530552223414396
spiked_leverage,64,32000,14,rand_r12,running_mean,normweighted,64,0.00787959854166667,30.3273317486192,1429.67408873491,2,0.0530552223414396
spiked_leverage,64,32000,15,det,na,na,0,0.0825065152083333,15.9439917925154,1429.67408873491,NaN,0.160411401021089
spiked_leverage,64,32000,15,builtin,na,na,0,0.019045806875,16.3042822719176,1429.67408873491,NaN,0.149851463667645
spiked_leverage,64,32000,15,rand,running_mean,normweighted,64,0.000742793541666667,22.0431975293374,1429.67408873491,2,0.088325475299166
spiked_leverage,64,32000,15,rand_r12,running_mean,normweighted,64,0.007954431875,22.0431975293374,1429.67408873491,2,0.088325475299166
spiked_leverage,64,32000,16,det,na,na,0,0.0826225985416667,17.4913641951253,1429.67408873491,NaN,0.110919972171229
spiked_leverage,64,32000,16,builtin,na,na,0,0.0192011402083333,16.3453215840631,1429.67408873491,NaN,0.135381082864004
spiked_leverage,64,32000,16,rand,running_mean,normweighted,64,0.000766460208333333,27.7305153591857,1429.67408873491,2,0.0583583420203615
spiked_leverage,64,32000,16,rand_r12,running_mean,normweighted,64,0.00786576520833333,27.7305153591857,1429.67408873491,2,0.0583583420203615
spiked_leverage,64,32000,17,det,na,na,0,0.0843672235416667,16.5220484358378,1429.67408873491,NaN,0.1486308764642
spiked_leverage,64,32000,17,builtin,na,na,0,0.019148681875,15.6182411075985,1429.67408873491,NaN,0.150512699433942
spiked_leverage,64,32000,17,rand,running_mean,normweighted,64,0.000720189375,27.5784583595983,1429.67408873491,2,0.0589934804329369
spiked_leverage,64,32000,17,rand_r12,running_mean,normweighted,64,0.00799289020833333,27.5784583595983,1429.67408873491,2,0.0589934804329369
spiked_leverage,64,32000,18,det,na,na,0,0.0825822652083333,16.2729193997055,1429.67408873491,NaN,0.142763863102989
spiked_leverage,64,32000,18,builtin,na,na,0,0.0192790152083333,16.6162767078182,1429.67408873491,NaN,0.142887624357639
spiked_leverage,64,32000,18,rand,running_mean,normweighted,64,0.000771168541666667,29.4584950223631,1429.67408873491,2,0.0546615475810913
spiked_leverage,64,32000,18,rand_r12,running_mean,normweighted,64,0.00809014020833333,29.4584950223631,1429.67408873491,2,0.0546615475810913
spiked_leverage,64,32000,19,det,na,na,0,0.0828980985416667,16.7966902118765,1429.67408873491,NaN,0.146078335893752
spiked_leverage,64,32000,19,builtin,na,na,0,0.019171431875,17.178348896259,1429.67408873491,NaN,0.130092053359297
spiked_leverage,64,32000,19,rand,running_mean,normweighted,64,0.000763356041666667,35.4927127102307,1429.67408873491,2,0.0370960936961433
spiked_leverage,64,32000,19,rand_r12,running_mean,normweighted,64,0.00787434854166667,35.4927127102307,1429.67408873491,2,0.0370960936961433
spiked_leverage,64,32000,20,det,na,na,0,0.0827426402083333,16.8231862645644,1429.67408873491,NaN,0.134637344234429
spiked_leverage,64,32000,20,builtin,na,na,0,0.0193064735416667,16.2964334989216,1429.67408873491,NaN,0.146772380434113
spiked_leverage,64,32000,20,rand,running_mean,normweighted,64,0.000722251875,24.73929190955,1429.67408873491,2,0.0701806757189335
spiked_leverage,64,32000,20,rand_r12,running_mean,normweighted,64,0.00813251520833333,24.73929190955,1429.67408873491,2,0.0701806757189335
spiked_leverage,64,64000,1,det,na,na,0,0.197847056875,17.5803622929449,2022.8613397858,NaN,0.151464892323334
spiked_leverage,64,64000,1,builtin,na,na,0,0.069261431875,19.1473194053767,2022.8613397858,NaN,0.107881140326878
spiked_leverage,64,64000,1,rand,running_mean,normweighted,64,0.001387806875,20.9661222713621,2022.8613397858,2,0.108131545319764
spiked_leverage,64,64000,1,rand_r12,running_mean,normweighted,64,0.0151902652083333,20.9661222713621,2022.8613397858,2,0.108131545319764
spiked_leverage,64,64000,2,det,na,na,0,0.197732265208333,17.3852871074658,2022.8613397858,NaN,0.141171722359663
spiked_leverage,64,64000,2,builtin,na,na,0,0.068804556875,18.1963925037884,2022.8613397858,NaN,0.110707911058518
spiked_leverage,64,64000,2,rand,running_mean,normweighted,64,0.00142626520833333,22.1850063603898,2022.8613397858,2,0.086687064181516
spiked_leverage,64,64000,2,rand_r12,running_mean,normweighted,64,0.015318931875,22.1850063603898,2022.8613397858,2,0.086687064181516
spiked_leverage,64,64000,3,det,na,na,0,0.197758265208333,17.4234799516421,2022.8613397858,NaN,0.127863419048974
spiked_leverage,64,64000,3,builtin,na,na,0,0.068997181875,18.3654902814986,2022.8613397858,NaN,0.107560339614135
spiked_leverage,64,64000,3,rand,running_mean,normweighted,64,0.001397056875,25.9929548738798,2022.8613397858,2,0.0626673547306762
spiked_leverage,64,64000,3,rand_r12,running_mean,normweighted,64,0.0153199735416667,25.9929548738798,2022.8613397858,2,0.0626673547306762
spiked_leverage,64,64000,4,det,na,na,0,0.197516265208333,18.7783782935346,2022.8613397858,NaN,0.119072209249594
spiked_leverage,64,64000,4,builtin,na,na,0,0.0691559735416667,19.0359552267163,2022.8613397858,NaN,0.092645783079607
spiked_leverage,64,64000,4,rand,running_mean,normweighted,64,0.00133314020833333,22.2864558006067,2022.8613397858,2,0.0837528465610716
spiked_leverage,64,64000,4,rand_r12,running_mean,normweighted,64,0.0160529735416667,22.2864558006067,2022.8613397858,2,0.0837528465610716
spiked_leverage,64,64000,5,det,na,na,0,0.203285515208333,16.430531932811,2022.8613397858,NaN,0.132673721011582
spiked_leverage,64,64000,5,builtin,na,na,0,0.0697623902083333,16.8438477661427,2022.8613397858,NaN,0.127662740992689
spiked_leverage,64,64000,5,rand,running_mean,normweighted,64,0.00133726520833333,25.3521660239322,2022.8613397858,2,0.071336215622145
spiked_leverage,64,64000,5,rand_r12,running_mean,normweighted,64,0.0152489735416667,25.3521660239322,2022.8613397858,2,0.071336215622145
spiked_leverage,64,64000,6,det,na,na,0,0.197597181875,16.6266921085084,2022.8613397858,NaN,0.154314989560922
spiked_leverage,64,64000,6,builtin,na,na,0,0.0687702235416667,18.5514829904162,2022.8613397858,NaN,0.0954316169849865
spiked_leverage,64,64000,6,rand,running_mean,normweighted,64,0.00134559854166667,23.1662706803361,2022.8613397858,2,0.0930005412631838
spiked_leverage,64,64000,6,rand_r12,running_mean,normweighted,64,0.0151390152083333,23.1662706803361,2022.8613397858,2,0.0930005412631838
spiked_leverage,64,64000,7,det,na,na,0,0.197254265208333,17.8520534470065,2022.8613397858,NaN,0.140629583414262
spiked_leverage,64,64000,7,builtin,na,na,0,0.0687143485416667,16.7491219283075,2022.8613397858,NaN,0.155674922390019
spiked_leverage,64,64000,7,rand,running_mean,normweighted,64,0.00133934854166667,23.6265397354105,2022.8613397858,2,0.0952860031518317
spiked_leverage,64,64000,7,rand_r12,running_mean,normweighted,64,0.0151925985416667,23.6265397354105,2022.8613397858,2,0.0952860031518317
spiked_leverage,64,64000,8,det,na,na,0,0.197857181875,17.4597274644207,2022.8613397858,NaN,0.131128926902716
spiked_leverage,64,64000,8,builtin,na,na,0,0.0694405152083333,18.3594009352693,2022.8613397858,NaN,0.113441737410758
spiked_leverage,64,64000,8,rand,running_mean,normweighted,64,0.00133809854166667,23.2865297580054,2022.8613397858,2,0.0767828005878251
spiked_leverage,64,64000,8,rand_r12,running_mean,normweighted,64,0.0152188902083333,23.2865297580054,2022.8613397858,2,0.0767828005878251
spiked_leverage,64,64000,9,det,na,na,0,0.199063098541667,17.3586146399879,2022.8613397858,NaN,0.143664290527289
spiked_leverage,64,64000,9,builtin,na,na,0,0.068349806875,18.1019457074835,2022.8613397858,NaN,0.126788490912504
spiked_leverage,64,64000,9,rand,running_mean,normweighted,64,0.00132201520833333,27.4727481795208,2022.8613397858,2,0.0620107668892477
spiked_leverage,64,64000,9,rand_r12,running_mean,normweighted,64,0.016335306875,27.4727481795208,2022.8613397858,2,0.0620107668892477
spiked_leverage,64,64000,10,det,na,na,0,0.272684848541667,17.8651666388865,2022.8613397858,NaN,0.139622907183021
spiked_leverage,64,64000,10,builtin,na,na,0,0.0904287652083333,17.4419508853482,2022.8613397858,NaN,0.122575476048743
spiked_leverage,64,64000,10,rand,running_mean,normweighted,64,0.00180276520833333,25.7573390548596,2022.8613397858,2,0.0691205106434258
spiked_leverage,64,64000,10,rand_r12,running_mean,normweighted,64,0.0216615152083333,25.7573390548596,2022.8613397858,2,0.0691205106434258
spiked_leverage,64,64000,11,det,na,na,0,0.268006098541667,17.641529009274,2022.8613397858,NaN,0.128161820131926
spiked_leverage,64,64000,11,builtin,na,na,0,0.0903568485416667,17.2007194828606,2022.8613397858,NaN,0.127718644174053
spiked_leverage,64,64000,11,rand,running_mean,normweighted,64,0.001907681875,24.7585086769218,2022.8613397858,2,0.0771134199812193
spiked_leverage,64,64000,11,rand_r12,running_mean,normweighted,64,0.0227158902083333,24.7585086769218,2022.8613397858,2,0.0771134199812193
spiked_leverage,64,64000,12,det,na,na,0,0.269106473541667,17.0242023267557,2022.8613397858,NaN,0.129964780991169
spiked_leverage,64,64000,12,builtin,na,na,0,0.089489431875,18.1809835625391,2022.8613397858,NaN,0.110079966741433
spiked_leverage,64,64000,12,rand,running_mean,normweighted,64,0.002048181875,23.2336533722838,2022.8613397858,2,0.088297533980573
spiked_leverage,64,64000,12,rand_r12,running_mean,normweighted,64,0.0226906402083333,23.2336533722838,2022.8613397858,2,0.088297533980573
spiked_leverage,64,64000,13,det,na,na,0,0.270351848541667,17.0335704517749,2022.8613397858,NaN,0.145294904076071
spiked_leverage,64,64000,13,builtin,na,na,0,0.0883606402083333,18.4815098413803,2022.8613397858,NaN,0.103642165417064
spiked_leverage,64,64000,13,rand,running_mean,normweighted,64,0.00198672354166667,21.1868510973652,2022.8613397858,2,0.103650187487849
spiked_leverage,64,64000,13,rand_r12,running_mean,normweighted,64,0.0220024735416667,21.1868510973652,2022.8613397858,2,0.103650187487849
spiked_leverage,64,64000,14,det,na,na,0,0.266370681875,17.5018329080374,2022.8613397858,NaN,0.13195207985289
spiked_leverage,64,64000,14,builtin,na,na,0,0.086708681875,17.692518253722,2022.8613397858,NaN,0.131048446321336
spiked_leverage,64,64000,14,rand,running_mean,normweighted,64,0.001907556875,23.9668065347332,2022.8613397858,2,0.0910333057025068
spiked_leverage,64,64000,14,rand_r12,running_mean,normweighted,64,0.022633056875,23.9668065347332,2022.8613397858,2,0.0910333057025068
spiked_leverage,64,64000,15,det,na,na,0,0.266097806875,17.286069139236,2022.8613397858,NaN,0.156185940902996
spiked_leverage,64,64000,15,builtin,na,na,0,0.087410556875,17.4620851306556,2022.8613397858,NaN,0.136773094019471
spiked_leverage,64,64000,15,rand,running_mean,normweighted,64,0.00190376520833333,24.3428773643926,2022.8613397858,2,0.0739238798747018
spiked_leverage,64,64000,15,rand_r12,running_mean,normweighted,64,0.0221472652083333,24.3428773643926,2022.8613397858,2,0.0739238798747018
spiked_leverage,64,64000,16,det,na,na,0,0.216072181875,17.9610722676688,2022.8613397858,NaN,0.110624695911455
spiked_leverage,64,64000,16,builtin,na,na,0,0.0882021402083333,18.8174847692171,2022.8613397858,NaN,0.1102230525716
spiked_leverage,64,64000,16,rand,running_mean,normweighted,64,0.00177626520833333,25.0684464489348,2022.8613397858,2,0.0808126759982145
spiked_leverage,64,64000,16,rand_r12,running_mean,normweighted,64,0.0213199735416667,25.0684464489348,2022.8613397858,2,0.0808126759982145
spiked_leverage,64,64000,17,det,na,na,0,0.202373806875,17.505834681851,2022.8613397858,NaN,0.135497024208297
spiked_leverage,64,64000,17,builtin,na,na,0,0.088974556875,18.4281380756808,2022.8613397858,NaN,0.10256065984072
spiked_leverage,64,64000,17,rand,running_mean,normweighted,64,0.001895181875,24.1003107761716,2022.8613397858,2,0.0787934492849761
spiked_leverage,64,64000,17,rand_r12,running_mean,normweighted,64,0.0220608485416667,24.1003107761716,2022.8613397858,2,0.0787934492849761
spiked_leverage,64,64000,18,det,na,na,0,0.202017598541667,18.0045268877888,2022.8613397858,NaN,0.116483692466664
spiked_leverage,64,64000,18,builtin,na,na,0,0.087477056875,17.2426202876716,2022.8613397858,NaN,0.129223280908017
spiked_leverage,64,64000,18,rand,running_mean,normweighted,64,0.00178509854166667,23.0533554783648,2022.8613397858,2,0.0767430363953354
spiked_leverage,64,64000,18,rand_r12,running_mean,normweighted,64,0.0220378902083333,23.0533554783648,2022.8613397858,2,0.0767430363953354
spiked_leverage,64,64000,19,det,na,na,0,0.200426015208333,17.0384993498762,2022.8613397858,NaN,0.138147783955972
spiked_leverage,64,64000,19,builtin,na,na,0,0.085848056875,17.5453585467207,2022.8613397858,NaN,0.141146369276724
spiked_leverage,64,64000,19,rand,running_mean,normweighted,64,0.001786306875,22.6220842337708,2022.8613397858,2,0.100561425932996
spiked_leverage,64,64000,19,rand_r12,running_mean,normweighted,64,0.0219221402083333,22.6220842337708,2022.8613397858,2,0.100561425932996
spiked_leverage,64,64000,20,det,na,na,0,0.198064473541667,17.163424198782,2022.8613397858,NaN,0.152417648724063
spiked_leverage,64,64000,20,builtin,na,na,0,0.0859133902083333,17.6800842343325,2022.8613397858,NaN,0.117428888104332
spiked_leverage,64,64000,20,rand,running_mean,normweighted,64,0.00167226520833333,21.2518416788407,2022.8613397858,2,0.0933268148921908
spiked_leverage,64,64000,20,rand_r12,running_mean,normweighted,64,0.021668556875,21.2518416788407,2022.8613397858,2,0.0933268148921908
needle,64,1000,1,det,na,na,0,0.00162714020833333,12.485054520489,244.883645840223,NaN,0.189435129014295
needle,64,1000,1,builtin,na,na,0,0.000963181875,12.64247100562,244.883645840223,NaN,0.178221238022747
needle,64,1000,1,rand,running_mean,normweighted,64,0.000193652208333333,32.371158532973,244.883645840223,2,0.0388995281978288
needle,64,1000,1,rand_r12,running_mean,normweighted,64,0.000358858541666667,32.371158532973,244.883645840223,2,0.0388995281978288
needle,64,1000,2,det,na,na,0,0.00169472354166667,13.3229607934485,244.883645840223,NaN,0.161454269782668
needle,64,1000,2,builtin,na,na,0,0.00101777270833333,12.2057772238292,244.883645840223,NaN,0.218229244912459
needle,64,1000,2,rand,running_mean,normweighted,64,0.000224010208333333,17.4738669136114,244.883645840223,2,0.109672056599469
needle,64,1000,2,rand_r12,running_mean,normweighted,64,0.000385747430555556,17.4738669136114,244.883645840223,2,0.109672056599469
needle,64,1000,3,det,na,na,0,0.00169676520833333,12.7241220284343,244.883645840223,NaN,0.172701313074735
needle,64,1000,3,builtin,na,na,0,0.00101451520833333,13.0251898358337,244.883645840223,NaN,0.158801122165947
needle,64,1000,3,rand,running_mean,normweighted,64,0.000124106458333333,44.3686398028228,244.883645840223,1,0.027238033733713
needle,64,1000,3,rand_r12,running_mean,normweighted,64,0.000348927986111111,44.3686398028228,244.883645840223,1,0.027238033733713
needle,64,1000,4,det,na,na,0,0.00170422354166667,12.4859251238191,244.883645840223,NaN,0.208611304000943
needle,64,1000,4,builtin,na,na,0,0.001046681875,13.1864211505382,244.883645840223,NaN,0.151046276634308
needle,64,1000,4,rand,running_mean,normweighted,64,0.000152159017857143,23.517459876393,244.883645840223,2,0.0659230463470295
needle,64,1000,4,rand_r12,running_mean,normweighted,64,0.000371372430555556,23.517459876393,244.883645840223,2,0.0659230463470295
needle,64,1000,5,det,na,na,0,0.001671806875,13.5674932985628,244.883645840223,NaN,0.157008667053045
needle,64,1000,5,builtin,na,na,0,0.00104451520833333,13.3727645442479,244.883645840223,NaN,0.16644136399933
needle,64,1000,5,rand,running_mean,normweighted,64,0.000129575208333333,28.9523111665218,244.883645840223,1,0.0435099624241705
needle,64,1000,5,rand_r12,running_mean,normweighted,64,0.000338205763888889,28.9523111665218,244.883645840223,1,0.0435099624241705
needle,64,1000,6,det,na,na,0,0.00169226520833333,12.8183725717595,244.883645840223,NaN,0.191157500018631
needle,64,1000,6,builtin,na,na,0,0.001020431875,12.8492840402371,244.883645840223,NaN,0.188149488791409
needle,64,1000,6,rand,running_mean,normweighted,64,0.000155992351190476,26.4891744553719,244.883645840223,2,0.0640306060500292
needle,64,1000,6,rand_r12,running_mean,normweighted,64,0.000315724375,26.4891744553719,244.883645840223,2,0.0640306060500292
needle,64,1000,7,det,na,na,0,0.001770931875,13.4321627352948,244.883645840223,NaN,0.166633515253403
needle,64,1000,7,builtin,na,na,0,0.00102972354166667,13.7311801470545,244.883645840223,NaN,0.144439246006164
needle,64,1000,7,rand,running_mean,normweighted,64,0.000129267916666667,35.3078024005823,244.883645840223,1,0.0339054889251571
needle,64,1000,7,rand_r12,running_mean,normweighted,64,0.000279955763888889,35.3078024005823,244.883645840223,1,0.0339054889251571
needle,64,1000,8,det,na,na,0,0.00169209854166667,13.3387945740228,244.883645840223,NaN,0.175106688819682
needle,64,1000,8,builtin,na,na,0,0.00100022354166667,12.8652521557427,244.883645840223,NaN,0.184192565077198
needle,64,1000,8,rand,running_mean,normweighted,64,0.000224620208333333,29.0124159721207,244.883645840223,2,0.0479824193096791
needle,64,1000,8,rand_r12,running_mean,normweighted,64,0.000383900208333333,29.0124159721207,244.883645840223,2,0.0479824193096791
needle,64,1000,9,det,na,na,0,0.00169584854166667,13.2026539573681,244.883645840223,NaN,0.185765257805199
needle,64,1000,9,builtin,na,na,0,0.00102564020833333,13.1457897246326,244.883645840223,NaN,0.162704250145073
needle,64,1000,9,rand,running_mean,normweighted,64,0.000129377291666667,34.5092515754766,244.883645840223,1,0.0388175111746116
needle,64,1000,9,rand_r12,running_mean,normweighted,64,0.000339622430555556,34.5092515754766,244.883645840223,1,0.0388175111746116
needle,64,1000,10,det,na,na,0,0.00170834854166667,13.0179682997301,244.883645840223,NaN,0.170431517886218
needle,64,1000,10,builtin,na,na,0,0.001022931875,13.1812153230203,244.883645840223,NaN,0.166365396981817
needle,64,1000,10,rand,running_mean,normweighted,64,0.000223039970238095,25.8953137411264,244.883645840223,2,0.0561042722399449
needle,64,1000,10,rand_r12,running_mean,normweighted,64,0.000384150208333333,25.8953137411264,244.883645840223,2,0.0561042722399449
needle,64,1000,11,det,na,na,0,0.00168689020833333,12.9206768204997,244.883645840223,NaN,0.181932260322489
needle,64,1000,11,builtin,na,na,0,0.000988897708333333,14.0735937777834,244.883645840223,NaN,0.139318974195605
needle,64,1000,11,rand,running_mean,normweighted,64,0.000212453541666667,22.7788105573015,244.883645840223,2,0.0741920717478305
needle,64,1000,11,rand_r12,running_mean,normweighted,64,0.000375941875,22.7788105573015,244.883645840223,2,0.0741920717478305
needle,64,1000,12,det,na,na,0,0.001705181875,13.3498248465832,244.883645840223,NaN,0.158247855055692
needle,64,1000,12,builtin,na,na,0,0.000984751875,12.893777782389,244.883645840223,NaN,0.205519484887244
needle,64,1000,12,rand,running_mean,normweighted,64,0.000155534017857143,27.4041848772362,244.883645840223,2,0.0483978742755384
needle,64,1000,12,rand_r12,running_mean,normweighted,64,0.000335391041666667,27.4041848772362,244.883645840223,2,0.0483978742755384
needle,64,1000,13,det,na,na,0,0.00168901520833333,12.8285175468041,244.883645840223,NaN,0.206058940388687
needle,64,1000,13,builtin,na,na,0,0.000969064375,12.9330192197853,244.883645840223,NaN,0.174773464752591
needle,64,1000,13,rand,running_mean,normweighted,64,0.000122533171296296,43.512772360088,244.883645840223,1,0.0284814501880325
needle,64,1000,13,rand_r12,running_mean,normweighted,64,0.000353205763888889,43.512772360088,244.883645840223,1,0.0284814501880325
needle,64,1000,14,det,na,na,0,0.001684306875,12.5022689285135,244.883645840223,NaN,0.199497375029105
needle,64,1000,14,builtin,na,na,0,0.000984918541666667,12.8852507719866,244.883645840223,NaN,0.164292005227864
needle,64,1000,14,rand,running_mean,normweighted,64,0.000214486398809524,24.0112135665527,244.883645840223,2,0.0584769454970315
needle,64,1000,14,rand_r12,running_mean,normweighted,64,0.000371302986111111,24.0112135665527,244.883645840223,2,0.0584769454970315
needle,64,1000,15,det,na,na,0,0.001691681875,12.9962619936047,244.883645840223,NaN,0.188626113055444
needle,64,1000,15,builtin,na,na,0,0.000980335208333333,13.3132955704509,244.883645840223,NaN,0.162423506488893
needle,64,1000,15,rand,running_mean,normweighted,64,0.000123056319444444,25.7866267664569,244.883645840223,1,0.0569367473435921
needle,64,1000,15,rand_r12,running_mean,normweighted,64,0.000325497430555556,25.7866267664569,244.883645840223,1,0.0569367473435921
needle,64,1000,16,det,na,na,0,0.00164351520833333,13.2367438313767,244.883645840223,NaN,0.175599722597035
needle,64,1000,16,builtin,na,na,0,0.000968189375,13.5833771649683,244.883645840223,NaN,0.153590603846553
needle,64,1000,16,rand,running_mean,normweighted,64,0.000122606458333333,33.9645202340116,244.883645840223,1,0.0413187777365906
needle,64,1000,16,rand_r12,running_mean,normweighted,64,0.000324733541666667,33.9645202340116,244.883645840223,1,0.0413187777365906
needle,64,1000,17,det,na,na,0,0.001622931875,13.6912160795465,244.883645840223,NaN,0.143364449928635
needle,64,1000,17,builtin,na,na,0,0.000976876875,13.1919165627318,244.883645840223,NaN,0.143907625798047
needle,64,1000,17,rand,running_mean,normweighted,64,0.000144123303571429,30.3680591662669,244.883645840223,2,0.042610080322249
needle,64,1000,17,rand_r12,running_mean,normweighted,64,0.000358261319444444,30.3680591662669,244.883645840223,2,0.042610080322249
needle,64,1000,18,det,na,na,0,0.00162084854166667,12.3087337722582,244.883645840223,NaN,0.225424619263065
needle,64,1000,18,builtin,na,na,0,0.000992793541666667,12.6851360506544,244.883645840223,NaN,0.184407207541385
needle,64,1000,18,rand,running_mean,normweighted,64,0.000144385208333333,25.9770747199034,244.883645840223,2,0.0550962904097095
needle,64,1000,18,rand_r12,running_mean,normweighted,64,0.000356511319444444,25.9770747199034,244.883645840223,2,0.0550962904097095
needle,64,1000,19,det,na,na,0,0.001631556875,12.8305852191911,244.883645840223,NaN,0.186279384184309
needle,64,1000,19,builtin,na,na,0,0.000931140208333333,13.8923928843157,244.883645840223,NaN,0.152208457248803
needle,64,1000,19,rand,running_mean,normweighted,64,0.000191652208333333,21.6848308856658,244.883645840223,2,0.0701722414674433
needle,64,1000,19,rand_r12,running_mean,normweighted,64,0.000366664097222222,21.6848308856658,244.883645840223,2,0.0701722414674433
needle,64,1000,20,det,na,na,0,0.00163339020833333,12.9976183369503,244.883645840223,NaN,0.192107051245075
needle,64,1000,20,builtin,na,na,0,0.000936640208333333,13.2118394411648,244.883645840223,NaN,0.153829894250549
needle,64,1000,20,rand,running_mean,normweighted,64,0.000193590208333333,19.2340602381148,244.883645840223,2,0.10540314657544
needle,64,1000,20,rand_r12,running_mean,normweighted,64,0.000359636319444444,19.2340602381148,244.883645840223,2,0.10540314657544
needle,64,2000,1,det,na,na,0,0.00331689020833333,12.8820840693545,352.090897354646,NaN,0.178596022183312
needle,64,2000,1,builtin,na,na,0,0.001656681875,13.5767232909935,352.090897354646,NaN,0.146328659649372
needle,64,2000,1,rand,running_mean,normweighted,64,0.000139361666666667,41.8645100703834,352.090897354646,1,0.0267287395627003
needle,64,2000,1,rand_r12,running_mean,normweighted,64,0.000428955763888889,41.8645100703834,352.090897354646,1,0.0267287395627003
needle,64,2000,2,det,na,na,0,0.00318939020833333,13.0350119820306,352.090897354646,NaN,0.192390760955105
needle,64,2000,2,builtin,na,na,0,0.00158234854166667,12.9785881140234,352.090897354646,NaN,0.159433389747839
needle,64,2000,2,rand,running_mean,normweighted,64,0.000139116875,48.5766331070566,352.090897354646,1,0.0233408545796941
needle,64,2000,2,rand_r12,running_mean,normweighted,64,0.000472939375,48.5766331070566,352.090897354646,1,0.0233408545796941
needle,64,2000,3,det,na,na,0,0.00316514020833333,12.7882254462857,352.090897354646,NaN,0.185155939421117
needle,64,2000,3,builtin,na,na,0,0.00159884854166667,13.4886419599477,352.090897354646,NaN,0.150099342293519
needle,64,2000,3,rand,running_mean,normweighted,64,0.000214801875,22.5375466577256,352.090897354646,2,0.0632762402419692
needle,64,2000,3,rand_r12,running_mean,normweighted,64,0.000525585208333333,22.5375466577256,352.090897354646,2,0.0632762402419692
needle,64,2000,4,det,na,na,0,0.00314634854166667,13.4900771126829,352.090897354646,NaN,0.158654123370658
needle,64,2000,4,builtin,na,na,0,0.00156684854166667,13.8291506360411,352.090897354646,NaN,0.152544696078956
needle,64,2000,4,rand,running_mean,normweighted,64,0.00013307,49.4634866404448,352.090897354646,1,0.0258573700442787
needle,64,2000,4,rand_r12,running_mean,normweighted,64,0.000415219652777778,49.4634866404448,352.090897354646,1,0.0258573700442787
needle,64,2000,5,det,na,na,0,0.00315576520833333,12.9873540195223,352.090897354646,NaN,0.182033241438138
needle,64,2000,5,builtin,na,na,0,0.00156534854166667,13.3357466124656,352.090897354646,NaN,0.148710923929278
needle,64,2000,5,rand,running_mean,normweighted,64,0.000206953541666667,24.4258016268843,352.090897354646,2,0.0617749741920748
needle,64,2000,5,rand_r12,running_mean,normweighted,64,0.000528772708333333,24.4258016268843,352.090897354646,2,0.0617749741920748
needle,64,2000,6,det,na,na,0,0.00312272354166667,13.2194786918526,352.090897354646,NaN,0.154503768917887
needle,64,2000,6,builtin,na,na,0,0.001556056875,13.102255375146,352.090897354646,NaN,0.169225712279573
needle,64,2000,6,rand,running_mean,normweighted,64,0.000206036875,30.1978960235409,352.090897354646,2,0.0417790888644993
needle,64,2000,6,rand_r12,running_mean,normweighted,64,0.000515376875,30.1978960235409,352.090897354646,2,0.0417790888644993
needle,64,2000,7,det,na,na,0,0.003134681875,13.5894153851123,352.090897354646,NaN,0.161999852522588
needle,64,2000,7,builtin,na,na,0,0.001530681875,13.8967760156837,352.090897354646,NaN,0.154662752220423
needle,64,2000,7,rand,running_mean,normweighted,64,0.0001327575,38.1265447764278,352.090897354646,1,0.0306793387342711
needle,64,2000,7,rand_r12,running_mean,normweighted,64,0.000414469652777778,38.1265447764278,352.090897354646,1,0.0306793387342711
needle,64,2000,8,det,na,na,0,0.00314197354166667,12.8031198787492,352.090897354646,NaN,0.191376202466353
needle,64,2000,8,builtin,na,na,0,0.00151997354166667,12.9899680534394,352.090897354646,NaN,0.165219813452194
needle,64,2000,8,rand,running_mean,normweighted,64,0.000130590833333333,54.1620946522015,352.090897354646,1,0.02057722087214
needle,64,2000,8,rand_r12,running_mean,normweighted,64,0.000375356041666667,54.1620946522015,352.090897354646,1,0.02057722087214
needle,64,2000,9,det,na,na,0,0.003161306875,13.2229746609741,352.090897354646,NaN,0.152967599384473
needle,64,2000,9,builtin,na,na,0,0.00151909854166667,12.3538494102376,352.090897354646,NaN,0.211010654465425
needle,64,2000,9,rand,running_mean,normweighted,64,0.000149123303571429,29.4152699012909,352.090897354646,2,0.0435744683089363
needle,64,2000,9,rand_r12,running_mean,normweighted,64,0.000322453541666667,29.4152699012909,352.090897354646,2,0.0435744683089363
needle,64,2000,10,det,na,na,0,0.00311526520833333,13.4106803881085,352.090897354646,NaN,0.163783110833763
needle,64,2000,10,builtin,na,na,0,0.00154659854166667,12.832851425095,352.090897354646,NaN,0.17262849952081
needle,64,2000,10,rand,running_mean,normweighted,64,0.000129278333333333,56.3824930555639,352.090897354646,1,0.0194263308897982
needle,64,2000,10,rand_r12,running_mean,normweighted,64,0.000402564375,56.3824930555639,352.090897354646,1,0.0194263308897982
needle,64,2000,11,det,na,na,0,0.00311014020833333,13.2364584233475,352.090897354646,NaN,0.182722440815918
needle,64,2000,11,builtin,na,na,0,0.00156547354166667,13.9539780723429,352.090897354646,NaN,0.149804572945328
needle,64,2000,11,rand,running_mean,normweighted,64,0.000185443875,34.3752073443301,352.090897354646,2,0.0346783120630611
needle,64,2000,11,rand_r12,running_mean,normweighted,64,0.000491543541666667,34.3752073443301,352.090897354646,2,0.0346783120630611
needle,64,2000,12,det,na,na,0,0.00320989020833333,13.141076433194,352.090897354646,NaN,0.200535022724115
needle,64,2000,12,builtin,na,na,0,0.00158201520833333,13.6276524863709,352.090897354646,NaN,0.157179680245975
needle,64,2000,12,rand,running_mean,normweighted,64,0.000148599494047619,23.2926633660401,352.090897354646,2,0.0761809742569039
needle,64,2000,12,rand_r12,running_mean,normweighted,64,0.000440689375,23.2926633660401,352.090897354646,2,0.0761809742569039
needle,64,2000,13,det,na,na,0,0.00320551520833333,12.7264736797513,352.090897354646,NaN,0.174409377209492
needle,64,2000,13,builtin,na,na,0,0.00159222354166667,13.7497211756852,352.090897354646,NaN,0.1523811979046
needle,64,2000,13,rand,running_mean,normweighted,64,0.000123179375,38.644376637261,352.090897354646,1,0.0344665396308049
needle,64,2000,13,rand_r12,running_mean,normweighted,64,0.000458418541666667,38.644376637261,352.090897354646,1,0.0344665396308049
needle,64,2000,14,det,na,na,0,0.00319559854166667,12.8145483195055,352.090897354646,NaN,0.17454014713374
needle,64,2000,14,builtin,na,na,0,0.001520181875,13.4645451675993,352.090897354646,NaN,0.152247104959815
needle,64,2000,14,rand,running_mean,normweighted,64,0.000195630625,25.7450559018706,352.090897354646,2,0.0617438167768887
needle,64,2000,14,rand_r12,running_mean,normweighted,64,0.000489080763888889,25.7450559018706,352.090897354646,2,0.0617438167768887
needle,64,2000,15,det,na,na,0,0.003190056875,12.7463846444004,352.090897354646,NaN,0.17604610699438
needle,64,2000,15,builtin,na,na,0,0.00154239020833333,12.7818554303588,352.090897354646,NaN,0.16731333054512
needle,64,2000,15,rand,running_mean,normweighted,64,0.000121565578703704,29.3726344680476,352.090897354646,1,0.0503132030868241
needle,64,2000,15,rand_r12,running_mean,normweighted,64,0.000394997430555556,29.3726344680476,352.090897354646,1,0.0503132030868241
needle,64,2000,16,det,na,na,0,0.00320609854166667,12.9114389941205,352.090897354646,NaN,0.175759602690426
needle,64,2000,16,builtin,na,na,0,0.00153401520833333,13.7812136022897,352.090897354646,NaN,0.163098326893844
needle,64,2000,16,rand,running_mean,normweighted,64,0.000142522113095238,28.2594642645467,352.090897354646,2,0.0486972642214199
needle,64,2000,16,rand_r12,running_mean,normweighted,64,0.000421136319444444,28.2594642645467,352.090897354646,2,0.0486972642214199
needle,64,2000,17,det,na,na,0,0.003198306875,12.8881754056929,352.090897354646,NaN,0.169487350840967
needle,64,2000,17,builtin,na,na,0,0.00152384854166667,12.798496147927,352.090897354646,NaN,0.187674374188398
needle,64,2000,17,rand,running_mean,normweighted,64,0.00012074150462963,41.0438537629697,352.090897354646,1,0.0289121044329482
needle,64,2000,17,rand_r12,running_mean,normweighted,64,0.000421772708333333,41.0438537629697,352.090897354646,1,0.0289121044329482
needle,64,2000,18,det,na,na,0,0.00318964020833333,12.7836930582284,352.090897354646,NaN,0.205182169973796
needle,64,2000,18,builtin,na,na,0,0.00152689020833333,13.0523255321654,352.090897354646,NaN,0.159596247508666
needle,64,2000,18,rand,running_mean,normweighted,64,0.000120422060185185,47.8573420853677,352.090897354646,1,0.0224645417611158
needle,64,2000,18,rand_r12,running_mean,normweighted,64,0.000394775208333333,47.8573420853677,352.090897354646,1,0.0224645417611158
needle,64,2000,19,det,na,na,0,0.00320151520833333,12.6495202674455,352.090897354646,NaN,0.199784073341945
needle,64,2000,19,builtin,na,na,0,0.001518181875,13.4762308716029,352.090897354646,NaN,0.142941891982308
needle,64,2000,19,rand,running_mean,normweighted,64,0.000121597986111111,53.3136051134326,352.090897354646,1,0.0210550873705387
needle,64,2000,19,rand_r12,running_mean,normweighted,64,0.000449710208333333,53.3136051134326,352.090897354646,1,0.0210550873705387
needle,64,2000,20,det,na,na,0,0.00319989020833333,12.9904121589109,352.090897354646,NaN,0.197231360713842
needle,64,2000,20,builtin,na,na,0,0.00152359854166667,13.2044833364714,352.090897354646,NaN,0.185659717894833
needle,64,2000,20,rand,running_mean,normweighted,64,0.000142885208333333,23.3247946313884,352.090897354646,2,0.056222269347839
needle,64,2000,20,rand_r12,running_mean,normweighted,64,0.000498647708333333,23.3247946313884,352.090897354646,2,0.056222269347839
needle,64,4000,1,det,na,na,0,0.00682489020833333,12.8460874250777,501.964142145632,NaN,0.169844875428114
needle,64,4000,1,builtin,na,na,0,0.00277372354166667,13.1985993396364,501.964142145632,NaN,0.166441056703819
needle,64,4000,1,rand,running_mean,normweighted,64,0.000183659652777778,33.7461929204442,501.964142145632,2,0.0374788485759213
needle,64,4000,1,rand_r12,running_mean,normweighted,64,0.000622293541666667,33.7461929204442,501.964142145632,2,0.0374788485759213
needle,64,4000,2,det,na,na,0,0.006882306875,13.1450403979336,501.964142145632,NaN,0.168513125662857
needle,64,4000,2,builtin,na,na,0,0.00273759854166667,12.9209664675477,501.964142145632,NaN,0.184217192724046
needle,64,4000,2,rand,running_mean,normweighted,64,0.000179916597222222,25.8188534908236,501.964142145632,2,0.0474803704340416
needle,64,4000,2,rand_r12,running_mean,normweighted,64,0.000706814375,25.8188534908236,501.964142145632,2,0.0474803704340416
needle,64,4000,3,det,na,na,0,0.006885681875,13.1468909529877,501.964142145632,NaN,0.169178758934469
needle,64,4000,3,builtin,na,na,0,0.00277439020833333,13.4149848790552,501.964142145632,NaN,0.157318373718378
needle,64,4000,3,rand,running_mean,normweighted,64,0.000158444732142857,61.3686117464116,501.964142145632,1,0.0178067353044508
needle,64,4000,3,rand_r12,running_mean,normweighted,64,0.000787731041666667,61.3686117464116,501.964142145632,1,0.0178067353044508
needle,64,4000,4,det,na,na,0,0.00683851520833333,13.3806624018458,501.964142145632,NaN,0.149269361560247
needle,64,4000,4,builtin,na,na,0,0.002731681875,13.378725716456,501.964142145632,NaN,0.167267137125116
needle,64,4000,4,rand,running_mean,normweighted,64,0.000158153065476191,56.5842678025513,501.964142145632,1,0.019886162277875
needle,64,4000,4,rand_r12,running_mean,normweighted,64,0.000592939375,56.5842678025513,501.964142145632,1,0.019886162277875
needle,64,4000,5,det,na,na,0,0.00689822354166667,14.1122658116969,501.964142145632,NaN,0.13293110338506
needle,64,4000,5,builtin,na,na,0,0.00274634854166667,13.3240779360136,501.964142145632,NaN,0.179668261568932
needle,64,4000,5,rand,running_mean,normweighted,64,0.000158534017857143,26.5978623320441,501.964142145632,1,0.0507318643327634
needle,64,4000,5,rand_r12,running_mean,normweighted,64,0.000805168541666667,26.5978623320441,501.964142145632,1,0.0507318643327634
needle,64,4000,6,det,na,na,0,0.00685389020833333,13.1716580980298,501.964142145632,NaN,0.177246570477586
needle,64,4000,6,builtin,na,na,0,0.002734306875,13.2202000175973,501.964142145632,NaN,0.177932758922055
needle,64,4000,6,rand,running_mean,normweighted,64,0.000179992986111111,19.6206742789734,501.964142145632,2,0.0866103747351867
needle,64,4000,6,rand_r12,running_mean,normweighted,64,0.000813251875,19.6206742789734,501.964142145632,2,0.0866103747351867
needle,64,4000,7,det,na,na,0,0.00689859854166667,12.9718367322435,501.964142145632,NaN,0.178217837341575
needle,64,4000,7,builtin,na,na,0,0.002762681875,13.4476919247043,501.964142145632,NaN,0.154382031729053
needle,64,4000,7,rand,running_mean,normweighted,64,0.000157855446428571,35.4792351892765,501.964142145632,1,0.0341747920786009
needle,64,4000,7,rand_r12,running_mean,normweighted,64,0.000590272708333333,35.4792351892765,501.964142145632,1,0.0341747920786009
needle,64,4000,8,det,na,na,0,0.006856056875,13.2741086998295,501.964142145632,NaN,0.154957203855354
needle,64,4000,8,builtin,na,na,0,0.00276489020833333,13.8294540115944,501.964142145632,NaN,0.146216881149793
needle,64,4000,8,rand,running_mean,normweighted,64,0.000157944732142857,50.6563159185171,501.964142145632,1,0.0223243766737827
needle,64,4000,8,rand_r12,running_mean,normweighted,64,0.000607626875,50.6563159185171,501.964142145632,1,0.0223243766737827
needle,64,4000,9,det,na,na,0,0.00687326520833333,12.7013849948826,501.964142145632,NaN,0.195783807349655
needle,64,4000,9,builtin,na,na,0,0.00273922354166667,12.4607030296671,501.964142145632,NaN,0.217669669315924
needle,64,4000,9,rand,running_mean,normweighted,64,0.000157718541666667,37.9393770916575,501.964142145632,1,0.0317209071219199
needle,64,4000,9,rand_r12,running_mean,normweighted,64,0.000595515208333333,37.9393770916575,501.964142145632,1,0.0317209071219199
needle,64,4000,10,det,na,na,0,0.006875556875,13.5303501513532,501.964142145632,NaN,0.144133898686202
needle,64,4000,10,builtin,na,na,0,0.00270197354166667,13.6663694019172,501.964142145632,NaN,0.143353893646415
needle,64,4000,10,rand,running_mean,normweighted,64,0.000158153065476191,23.7988642880243,501.964142145632,1,0.0725883440815452
needle,64,4000,10,rand_r12,running_mean,normweighted,64,0.000782168541666667,23.7988642880243,501.964142145632,1,0.0725883440815452
needle,64,4000,11,det,na,na,0,0.00686134854166667,12.8091416058292,501.964142145632,NaN,0.179134640349306
needle,64,4000,11,builtin,na,na,0,0.00271914020833333,13.6264410643558,501.964142145632,NaN,0.127908635014992
needle,64,4000,11,rand,running_mean,normweighted,64,0.000178916597222222,30.1900567792054,501.964142145632,2,0.0392987257708437
needle,64,4000,11,rand_r12,running_mean,normweighted,64,0.000731126875,30.1900567792054,501.964142145632,2,0.0392987257708437
needle,64,4000,12,det,na,na,0,0.00688964020833333,12.8391760125139,501.964142145632,NaN,0.196550963064953
needle,64,4000,12,builtin,na,na,0,0.002760181875,13.4811565154054,501.964142145632,NaN,0.147969908361003
needle,64,4000,12,rand,running_mean,normweighted,64,0.000179374930555556,30.3404688825377,501.964142145632,2,0.0397387803677525
needle,64,4000,12,rand_r12,running_mean,normweighted,64,0.000707210208333333,30.3404688825377,501.964142145632,2,0.0397387803677525
needle,64,4000,13,det,na,na,0,0.00684859854166667,13.0092381961295,501.964142145632,NaN,0.181876021302639
needle,64,4000,13,builtin,na,na,0,0.00268264020833333,13.3174118552874,501.964142145632,NaN,0.153065850929866
needle,64,4000,13,rand,running_mean,normweighted,64,0.000158492351190476,50.1241689630669,501.964142145632,1,0.0231493590326291
needle,64,4000,13,rand_r12,running_mean,normweighted,64,0.000790481041666667,50.1241689630669,501.964142145632,1,0.0231493590326291
needle,64,4000,14,det,na,na,0,0.006882431875,13.5273134942962,501.964142145632,NaN,0.15832949498314
needle,64,4000,14,builtin,na,na,0,0.00271764020833333,13.946789826977,501.964142145632,NaN,0.141225283219074
needle,64,4000,14,rand,running_mean,normweighted,64,0.000179534652777778,24.8357977764594,501.964142145632,2,0.0560134282685693
needle,64,4000,14,rand_r12,running_mean,normweighted,64,0.000730897708333333,24.8357977764594,501.964142145632,2,0.0560134282685693
needle,64,4000,15,det,na,na,0,0.006869806875,12.2934232572024,501.964142145632,NaN,0.211119081007885
needle,64,4000,15,builtin,na,na,0,0.00273022354166667,12.4809024655405,501.964142145632,NaN,0.198370889278282
needle,64,4000,15,rand,running_mean,normweighted,64,0.000158551875,30.4172773697193,501.964142145632,1,0.0472655235637745
needle,64,4000,15,rand_r12,running_mean,normweighted,64,0.000796251875,30.4172773697193,501.964142145632,1,0.0472655235637745
needle,64,4000,16,det,na,na,0,0.00688776520833333,12.6466202389385,501.964142145632,NaN,0.187181582855362
needle,64,4000,16,builtin,na,na,0,0.002839306875,12.9970999833556,501.964142145632,NaN,0.154793502184864
needle,64,4000,16,rand,running_mean,normweighted,64,0.000179277708333333,22.6230510768536,501.964142145632,2,0.0597641396016367
needle,64,4000,16,rand_r12,running_mean,normweighted,64,0.000738564375,22.6230510768536,501.964142145632,2,0.0597641396016367
needle,64,4000,17,det,na,na,0,0.00686614020833333,13.0941038246852,501.964142145632,NaN,0.200450495420072
needle,64,4000,17,builtin,na,na,0,0.002663556875,13.5816708362796,501.964142145632,NaN,0.156325675569716
needle,64,4000,17,rand,running_mean,normweighted,64,0.000180041597222222,22.2607587318135,501.964142145632,2,0.0754889099586678
needle,64,4000,17,rand_r12,running_mean,normweighted,64,0.000863460208333333,22.2607587318135,501.964142145632,2,0.0754889099586678
needle,64,4000,18,det,na,na,0,0.00692409854166667,12.7950838506349,501.964142145632,NaN,0.208173122549122
needle,64,4000,18,builtin,na,na,0,0.00268939020833333,13.3518358212144,501.964142145632,NaN,0.168871782557032
needle,64,4000,18,rand,running_mean,normweighted,64,0.000158367351190476,89.3339516030966,501.964142145632,1,0.0130835896127002
needle,64,4000,18,rand_r12,running_mean,normweighted,64,0.000720098541666667,89.3339516030966,501.964142145632,1,0.0130835896127002
needle,64,4000,19,det,na,na,0,0.00689364020833333,12.6512447818198,501.964142145632,NaN,0.190202677773804
needle,64,4000,19,builtin,na,na,0,0.002745681875,13.2816721592885,501.964142145632,NaN,0.158980675260065
needle,64,4000,19,rand,running_mean,normweighted,64,0.000157879255952381,35.9805873086428,501.964142145632,1,0.036260140439855
needle,64,4000,19,rand_r12,running_mean,normweighted,64,0.000601626875,35.9805873086428,501.964142145632,1,0.036260140439855
needle,64,4000,20,det,na,na,0,0.006878681875,12.9989068615033,501.964142145632,NaN,0.164825627855271
needle,64,4000,20,builtin,na,na,0,0.002718556875,12.8841391083228,501.964142145632,NaN,0.189422030923926
needle,64,4000,20,rand,running_mean,normweighted,64,0.000158159017857143,30.1460420763314,501.964142145632,1,0.0403501491322275
needle,64,4000,20,rand_r12,running_mean,normweighted,64,0.000794897708333333,30.1460420763314,501.964142145632,1,0.0403501491322275
needle,64,8000,1,det,na,na,0,0.0144604735416667,13.1781895780731,712.718738353356,NaN,0.165873245012181
needle,64,8000,1,builtin,na,na,0,0.005224556875,13.1806012299897,712.718738353356,NaN,0.165422571767617
needle,64,8000,1,rand,running_mean,normweighted,64,0.000255276458333333,24.0403141888959,712.718738353356,2,0.057598615272797
needle,64,8000,1,rand_r12,running_mean,normweighted,64,0.00139164020833333,24.0403141888959,712.718738353356,2,0.057598615272797
needle,64,8000,2,det,na,na,0,0.014769181875,12.5114735992214,712.718738353356,NaN,0.197924232326721
needle,64,8000,2,builtin,na,na,0,0.00537184854166667,12.9563153227006,712.718738353356,NaN,0.164464709195151
needle,64,8000,2,rand,running_mean,normweighted,64,0.000301927986111111,20.3181685510072,712.718738353356,2,0.0961486909334947
needle,64,8000,2,rand_r12,running_mean,normweighted,64,0.00144072354166667,20.3181685510072,712.718738353356,2,0.0961486909334947
needle,64,8000,3,det,na,na,0,0.0148374735416667,13.4522264778814,712.718738353356,NaN,0.149352691637723
needle,64,8000,3,builtin,na,na,0,0.005317431875,12.888868178521,712.718738353356,NaN,0.163830459308824
needle,64,8000,3,rand,running_mean,normweighted,64,0.000254560541666667,29.7931714770873,712.718738353356,1,0.0446246254692442
needle,64,8000,3,rand_r12,running_mean,normweighted,64,0.00118684854166667,29.7931714770873,712.718738353356,1,0.0446246254692442
needle,64,8000,4,det,na,na,0,0.0146862235416667,12.7762421656445,712.718738353356,NaN,0.180510442507616
needle,64,8000,4,builtin,na,na,0,0.005365556875,12.3560393951023,712.718738353356,NaN,0.18167993307184
needle,64,8000,4,rand,running_mean,normweighted,64,0.000233310541666667,54.7622647923866,712.718738353356,1,0.0191115802007118
needle,64,8000,4,rand_r12,running_mean,normweighted,64,0.00134689020833333,54.7622647923866,712.718738353356,1,0.0191115802007118
needle,64,8000,5,det,na,na,0,0.0145807652083333,13.0374434205178,712.718738353356,NaN,0.171733932236046
needle,64,8000,5,builtin,na,na,0,0.00531984854166667,13.6874934664598,712.718738353356,NaN,0.154203968930295
needle,64,8000,5,rand,running_mean,normweighted,64,0.000233043875,93.76273066823,712.718738353356,1,0.0110425563575482
needle,64,8000,5,rand_r12,running_mean,normweighted,64,0.00134839020833333,93.76273066823,712.718738353356,1,0.0110425563575482
needle,64,8000,6,det,na,na,0,0.0147701402083333,13.4985688401144,712.718738353356,NaN,0.163734645984758
needle,64,8000,6,builtin,na,na,0,0.005259931875,13.3750010391853,712.718738353356,NaN,0.158649260929848
needle,64,8000,6,rand,running_mean,normweighted,64,0.000254849375,17.0308426114752,712.718738353356,2,0.106530333510815
needle,64,8000,6,rand_r12,running_mean,normweighted,64,0.001365681875,17.0308426114752,712.718738353356,2,0.106530333510815
needle,64,8000,7,det,na,na,0,0.0147045985416667,12.8373667021465,712.718738353356,NaN,0.171902978490717
needle,64,8000,7,builtin,na,na,0,0.00531439020833333,12.7989513606006,712.718738353356,NaN,0.165989871765429
needle,64,8000,7,rand,running_mean,normweighted,64,0.000255734791666667,30.0173285192067,712.718738353356,2,0.0432790159865274
needle,64,8000,7,rand_r12,running_mean,normweighted,64,0.00116984854166667,30.0173285192067,712.718738353356,2,0.0432790159865274
needle,64,8000,8,det,na,na,0,0.0146955152083333,13.6405313018748,712.718738353356,NaN,0.150582000754602
needle,64,8000,8,builtin,na,na,0,0.00531926520833333,13.0883140980773,712.718738353356,NaN,0.167234827898675
needle,64,8000,8,rand,running_mean,normweighted,64,0.000239960541666667,31.5564543802734,712.718738353356,1,0.0410103997239524
needle,64,8000,8,rand_r12,running_mean,normweighted,64,0.00144176520833333,31.5564543802734,712.718738353356,1,0.0410103997239524
needle,64,8000,9,det,na,na,0,0.014678806875,12.9295091970229,712.718738353356,NaN,0.188117482133688
needle,64,8000,9,builtin,na,na,0,0.00520772354166667,12.7872380366285,712.718738353356,NaN,0.173181195617783
needle,64,8000,9,rand,running_mean,normweighted,64,0.000255443125,18.5418284135333,712.718738353356,2,0.107137483132917
needle,64,8000,9,rand_r12,running_mean,normweighted,64,0.00129939020833333,18.5418284135333,712.718738353356,2,0.107137483132917
needle,64,8000,10,det,na,na,0,0.014714806875,13.0198647745885,712.718738353356,NaN,0.192492523868705
needle,64,8000,10,builtin,na,na,0,0.005305431875,13.0198647745885,712.718738353356,NaN,0.192492523868705
needle,64,8000,10,rand,running_mean,normweighted,64,0.000261085541666667,27.8853541256381,712.718738353356,1,0.04614326719134
needle,64,8000,10,rand_r12,running_mean,normweighted,64,0.001185181875,27.8853541256381,712.718738353356,1,0.04614326719134
needle,64,8000,11,det,na,na,0,0.014543306875,13.5471551998813,712.718738353356,NaN,0.189297019788732
needle,64,8000,11,builtin,na,na,0,0.005236806875,14.44568340261,712.718738353356,NaN,0.125355254695848
needle,64,8000,11,rand,running_mean,normweighted,64,0.000234560541666667,67.0344393033514,712.718738353356,1,0.015617254445034
needle,64,8000,11,rand_r12,running_mean,normweighted,64,0.00118764020833333,67.0344393033514,712.718738353356,1,0.015617254445034
needle,64,8000,12,det,na,na,0,0.014875681875,12.5086815999568,712.718738353356,NaN,0.196989797946247
needle,64,8000,12,builtin,na,na,0,0.005078181875,13.2480856405791,712.718738353356,NaN,0.150012747783837
needle,64,8000,12,rand,running_mean,normweighted,64,0.000238152208333333,94.3712634152874,712.718738353356,1,0.011001486428597
needle,64,8000,12,rand_r12,running_mean,normweighted,64,0.001007931875,94.3712634152874,712.718738353356,1,0.011001486428597
needle,64,8000,13,det,na,na,0,0.0147760985416667,12.645386554521,712.718738353356,NaN,0.203733333782322
needle,64,8000,13,builtin,na,na,0,0.00533514020833333,13.5453283051172,712.718738353356,NaN,0.15826754370872
needle,64,8000,13,rand,running_mean,normweighted,64,0.000261360541666667,33.5015952514343,712.718738353356,1,0.0444971820438339
needle,64,8000,13,rand_r12,running_mean,normweighted,64,0.00124276520833333,33.5015952514343,712.718738353356,1,0.0444971820438339
needle,64,8000,14,det,na,na,0,0.0148240152083333,12.9641073758048,712.718738353356,NaN,0.178752373774179
needle,64,8000,14,builtin,na,na,0,0.00537214020833333,12.5978607994091,712.718738353356,NaN,0.186303783498394
needle,64,8000,14,rand,running_mean,normweighted,64,0.000233427208333333,47.73275083717,712.718738353356,1,0.0245474073640448
needle,64,8000,14,rand_r12,running_mean,normweighted,64,0.00134872354166667,47.73275083717,712.718738353356,1,0.0245474073640448
needle,64,8000,15,det,na,na,0,0.0147890985416667,13.0513477584948,712.718738353356,NaN,0.174226065658434
needle,64,8000,15,builtin,na,na,0,0.005302056875,12.5626332058861,712.718738353356,NaN,0.17550195379564
needle,64,8000,15,rand,running_mean,normweighted,64,0.000233168875,23.3135712119944,712.718738353356,1,0.0704527890822788
needle,64,8000,15,rand_r12,running_mean,normweighted,64,0.00132872354166667,23.3135712119944,712.718738353356,1,0.0704527890822788
needle,64,8000,16,det,na,na,0,0.014747306875,13.3520943574444,712.718738353356,NaN,0.158278451931692
needle,64,8000,16,builtin,na,na,0,0.00529739020833333,13.6367195170012,712.718738353356,NaN,0.162230656730285
needle,64,8000,16,rand,running_mean,normweighted,64,0.000263768875,26.4219480899332,712.718738353356,1,0.0512736831404957
needle,64,8000,16,rand_r12,running_mean,normweighted,64,0.001419931875,26.4219480899332,712.718738353356,1,0.0512736831404957
needle,64,8000,17,det,na,na,0,0.014854806875,13.0006343703705,712.718738353356,NaN,0.18894311982489
needle,64,8000,17,builtin,na,na,0,0.00531951520833333,13.2394772726532,712.718738353356,NaN,0.176816588363547
needle,64,8000,17,rand,running_mean,normweighted,64,0.000239610541666667,50.7274949867065,712.718738353356,1,0.022571159600518
needle,64,8000,17,rand_r12,running_mean,normweighted,64,0.00135109854166667,50.7274949867065,712.718738353356,1,0.022571159600518
needle,64,8000,18,det,na,na,0,0.0147876402083333,13.3765296644331,712.718738353356,NaN,0.182885286224684
needle,64,8000,18,builtin,na,na,0,0.00527689020833333,13.5926355151548,712.718738353356,NaN,0.161206188460433
needle,64,8000,18,rand,running_mean,normweighted,64,0.000261685541666667,37.9292904667828,712.718738353356,1,0.0320158305342639
needle,64,8000,18,rand_r12,running_mean,normweighted,64,0.00128284854166667,37.9292904667828,712.718738353356,1,0.0320158305342639
needle,64,8000,19,det,na,na,0,0.014902681875,13.1496895492613,712.718738353356,NaN,0.173102223435684
needle,64,8000,19,builtin,na,na,0,0.00532526520833333,12.7660386780384,712.718738353356,NaN,0.185074136552899
needle,64,8000,19,rand,running_mean,normweighted,64,0.000255152208333333,35.227492043426,712.718738353356,1,0.0347971550805782
needle,64,8000,19,rand_r12,running_mean,normweighted,64,0.001246431875,35.227492043426,712.718738353356,1,0.0347971550805782
needle,64,8000,20,det,na,na,0,0.014958931875,13.6391230986337,712.718738353356,NaN,0.162081356941624
needle,64,8000,20,builtin,na,na,0,0.00554184854166667,12.6258254392485,712.718738353356,NaN,0.188669245666914
needle,64,8000,20,rand,running_mean,normweighted,64,0.000261202208333333,60.4512927863812,712.718738353356,1,0.0196738902839983
needle,64,8000,20,rand_r12,running_mean,normweighted,64,0.001498431875,60.4512927863812,712.718738353356,1,0.0196738902839983
needle,64,16000,1,det,na,na,0,0.030905306875,12.7831966902304,1009.93465135126,NaN,0.182043995802202
needle,64,16000,1,builtin,na,na,0,0.00981372354166667,13.323328267709,1009.93465135126,NaN,0.180362549409388
needle,64,16000,1,rand,running_mean,normweighted,64,0.000383025208333333,28.7360595941496,1009.93465135126,1,0.0449031986553836
needle,64,16000,1,rand_r12,running_mean,normweighted,64,0.00298284854166667,28.7360595941496,1009.93465135126,1,0.0449031986553836
needle,64,16000,2,det,na,na,0,0.0307528485416667,13.0640150883551,1009.93465135126,NaN,0.171134026239868
needle,64,16000,2,builtin,na,na,0,0.00972247354166667,13.5065134445513,1009.93465135126,NaN,0.158198090399109
needle,64,16000,2,rand,running_mean,normweighted,64,0.000404330763888889,46.8483461304867,1009.93465135126,1,0.0234741944833573
needle,64,16000,2,rand_r12,running_mean,normweighted,64,0.00292076520833333,46.8483461304867,1009.93465135126,1,0.0234741944833573
needle,64,16000,3,det,na,na,0,0.0306808485416667,12.651877464985,1009.93465135126,NaN,0.205962826248784
needle,64,16000,3,builtin,na,na,0,0.00964759854166667,12.651877464985,1009.93465135126,NaN,0.205962826248783
needle,64,16000,3,rand,running_mean,normweighted,64,0.000418622430555556,41.8110310672311,1009.93465135126,1,0.0289492517813351
needle,64,16000,3,rand_r12,running_mean,normweighted,64,0.003019181875,41.8110310672311,1009.93465135126,1,0.0289492517813351
needle,64,16000,4,det,na,na,0,0.0303281402083333,13.3103427779731,1009.93465135126,NaN,0.185441552066668
needle,64,16000,4,builtin,na,na,0,0.00975176520833333,13.5419853737127,1009.93465135126,NaN,0.169655896864629
needle,64,16000,4,rand,running_mean,normweighted,64,0.000419414097222222,53.5307827075207,1009.93465135126,1,0.0200154787419322
needle,64,16000,4,rand_r12,running_mean,normweighted,64,0.00314147354166667,53.5307827075207,1009.93465135126,1,0.0200154787419322
needle,64,16000,5,det,na,na,0,0.030323556875,13.4470446924446,1009.93465135126,NaN,0.170689211307174
needle,64,16000,5,builtin,na,na,0,0.00970201520833333,13.0403117772158,1009.93465135126,NaN,0.172441716074042
needle,64,16000,5,rand,running_mean,normweighted,64,0.000382941875,24.7467144879226,1009.93465135126,1,0.0566315663398533
needle,64,16000,5,rand_r12,running_mean,normweighted,64,0.00297259854166667,24.7467144879226,1009.93465135126,1,0.0566315663398533
needle,64,16000,6,det,na,na,0,0.0304613485416667,13.5880323374783,1009.93465135126,NaN,0.179655335737637
needle,64,16000,6,builtin,na,na,0,0.00954134854166667,14.3302559060268,1009.93465135126,NaN,0.156599945200798
needle,64,16000,6,rand,running_mean,normweighted,64,0.000382844652777778,35.9776229973568,1009.93465135126,1,0.0311554203833876
needle,64,16000,6,rand_r12,running_mean,normweighted,64,0.00300747354166667,35.9776229973568,1009.93465135126,1,0.0311554203833876
needle,64,16000,7,det,na,na,0,0.0305185152083333,13.1573863853138,1009.93465135126,NaN,0.177409243348393
needle,64,16000,7,builtin,na,na,0,0.00964964020833333,13.0365478350439,1009.93465135126,NaN,0.181302232519322
needle,64,16000,7,rand,running_mean,normweighted,64,0.000382761319444444,59.6190370794593,1009.93465135126,1,0.0189209532338824
needle,64,16000,7,rand_r12,running_mean,normweighted,64,0.003221056875,59.6190370794593,1009.93465135126,1,0.0189209532338824
needle,64,16000,8,det,na,na,0,0.030264681875,12.6870323192646,1009.93465135126,NaN,0.199479819522845
needle,64,16000,8,builtin,na,na,0,0.009645806875,13.0557386907531,1009.93465135126,NaN,0.157272619869936
needle,64,16000,8,rand,running_mean,normweighted,64,0.000382372430555556,26.9457524693788,1009.93465135126,1,0.053668422744709
needle,64,16000,8,rand_r12,running_mean,normweighted,64,0.00293489020833333,26.9457524693788,1009.93465135126,1,0.053668422744709
needle,64,16000,9,det,na,na,0,0.0302195985416667,13.2828934862177,1009.93465135126,NaN,0.169575492807293
needle,64,16000,9,builtin,na,na,0,0.00955809854166667,13.2536687200117,1009.93465135126,NaN,0.167342631764461
needle,64,16000,9,rand,running_mean,normweighted,64,0.000413691875,23.1982731455943,1009.93465135126,1,0.0601395428228765
needle,64,16000,9,rand_r12,running_mean,normweighted,64,0.002951431875,23.1982731455943,1009.93465135126,1,0.0601395428228765
needle,64,16000,10,det,na,na,0,0.030249556875,12.6222223198079,1009.93465135126,NaN,0.175688025588281
needle,64,16000,10,builtin,na,na,0,0.009512056875,12.4566059876334,1009.93465135126,NaN,0.208659811708757
needle,64,16000,10,rand,running_mean,normweighted,64,0.000439122430555556,26.8796631287061,1009.93465135126,2,0.048002564369543
needle,64,16000,10,rand_r12,running_mean,normweighted,64,0.003024306875,26.8796631287061,1009.93465135126,2,0.048002564369543
needle,64,16000,11,det,na,na,0,0.030125306875,12.8724025494357,1009.93465135126,NaN,0.178579777249849
needle,64,16000,11,builtin,na,na,0,0.00948584854166667,13.7318872612188,1009.93465135126,NaN,0.140312403436042
needle,64,16000,11,rand,running_mean,normweighted,64,0.000453664097222222,31.7544613693745,1009.93465135126,2,0.0379040384205284
needle,64,16000,11,rand_r12,running_mean,normweighted,64,0.00313947354166667,31.7544613693745,1009.93465135126,2,0.0379040384205284
needle,64,16000,12,det,na,na,0,0.030203556875,12.5437386698922,1009.93465135126,NaN,0.198587269293501
needle,64,16000,12,builtin,na,na,0,0.00978864020833333,13.3939694012061,1009.93465135126,NaN,0.159843209120136
needle,64,16000,12,rand,running_mean,normweighted,64,0.000418761319444444,38.8311236275214,1009.93465135126,1,0.0302804340654868
needle,64,16000,12,rand_r12,running_mean,normweighted,64,0.003022556875,38.8311236275214,1009.93465135126,1,0.0302804340654868
needle,64,16000,13,det,na,na,0,0.0300907652083333,12.7284840598828,1009.93465135126,NaN,0.197207670656031
needle,64,16000,13,builtin,na,na,0,0.00982059854166667,12.75835222001,1009.93465135126,NaN,0.177678206145177
needle,64,16000,13,rand,running_mean,normweighted,64,0.000453469652777778,24.3246619623651,1009.93465135126,2,0.062405373182096
needle,64,16000,13,rand_r12,running_mean,normweighted,64,0.00317551520833333,24.3246619623651,1009.93465135126,2,0.062405373182096
needle,64,16000,14,det,na,na,0,0.030110681875,12.6915105664097,1009.93465135126,NaN,0.201510523449789
needle,64,16000,14,builtin,na,na,0,0.00961747354166667,13.0519215277036,1009.93465135126,NaN,0.177268993213882
needle,64,16000,14,rand,running_mean,normweighted,64,0.000418761319444444,88.6378974100943,1009.93465135126,1,0.0116988299261839
needle,64,16000,14,rand_r12,running_mean,normweighted,64,0.00301439020833333,88.6378974100943,1009.93465135126,1,0.0116988299261839
needle,64,16000,15,det,na,na,0,0.030288806875,13.8375892272129,1009.93465135126,NaN,0.134802992823002
needle,64,16000,15,builtin,na,na,0,0.00971272354166667,13.6051155389538,1009.93465135126,NaN,0.163409823977558
needle,64,16000,15,rand,running_mean,normweighted,64,0.000431400208333333,84.4694868280345,1009.93465135126,1,0.0126277037749136
needle,64,16000,15,rand_r12,running_mean,normweighted,64,0.00302497354166667,84.4694868280345,1009.93465135126,1,0.0126277037749136
needle,64,16000,16,det,na,na,0,0.0302427235416667,12.7702300411294,1009.93465135126,NaN,0.189067854322573
needle,64,16000,16,builtin,na,na,0,0.00959039020833333,14.017734569258,1009.93465135126,NaN,0.142591854404662
needle,64,16000,16,rand,running_mean,normweighted,64,0.000444136319444444,23.8018478559932,1009.93465135126,2,0.0734376584100699
needle,64,16000,16,rand_r12,running_mean,normweighted,64,0.00317926520833333,23.8018478559932,1009.93465135126,2,0.0734376584100699
needle,64,16000,17,det,na,na,0,0.0306750985416667,13.1843003203531,1009.93465135126,NaN,0.170940653525011
needle,64,16000,17,builtin,na,na,0,0.009822431875,13.2899132595762,1009.93465135126,NaN,0.149229251641122
needle,64,16000,17,rand,running_mean,normweighted,64,0.000400719652777778,43.8297341619855,1009.93465135126,1,0.0246240963538925
needle,64,16000,17,rand_r12,running_mean,normweighted,64,0.00293451520833333,43.8297341619855,1009.93465135126,1,0.0246240963538925
needle,64,16000,18,det,na,na,0,0.0301291402083333,13.5924864256552,1009.93465135126,NaN,0.160658218491018
needle,64,16000,18,builtin,na,na,0,0.00965534854166667,14.3163584665099,1009.93465135126,NaN,0.124916701294528
needle,64,16000,18,rand,running_mean,normweighted,64,0.000395289097222222,50.9805312282581,1009.93465135126,1,0.0225918191745096
needle,64,16000,18,rand_r12,running_mean,normweighted,64,0.00290334854166667,50.9805312282581,1009.93465135126,1,0.0225918191745096
needle,64,16000,19,det,na,na,0,0.0300890985416667,12.987299428307,1009.93465135126,NaN,0.175304589204182
needle,64,16000,19,builtin,na,na,0,0.009563056875,13.3365948173682,1009.93465135126,NaN,0.15701166500332
needle,64,16000,19,rand,running_mean,normweighted,64,0.000432941875,20.447327130818,1009.93465135126,1,0.0755182132791512
needle,64,16000,19,rand_r12,running_mean,normweighted,64,0.00306097354166667,20.447327130818,1009.93465135126,1,0.0755182132791512
needle,64,16000,20,det,na,na,0,0.030349681875,13.0201420177836,1009.93465135126,NaN,0.164140742115133
needle,64,16000,20,builtin,na,na,0,0.009882556875,13.1667436854194,1009.93465135126,NaN,0.180203144494199
needle,64,16000,20,rand,running_mean,normweighted,64,0.000383636319444444,65.3186308064546,1009.93465135126,1,0.0172705275502793
needle,64,16000,20,rand_r12,running_mean,normweighted,64,0.00296139020833333,65.3186308064546,1009.93465135126,1,0.0172705275502793
needle,64,32000,1,det,na,na,0,0.0830524735416667,13.0275123695001,1429.67408873491,NaN,0.169723732060945
needle,64,32000,1,builtin,na,na,0,0.0188322235416667,12.7000721458392,1429.67408873491,NaN,0.18900750855181
needle,64,32000,1,rand,running_mean,normweighted,64,0.000717606041666667,53.4655554079933,1429.67408873491,1,0.0206492240039635
needle,64,32000,1,rand_r12,running_mean,normweighted,64,0.00784801520833333,53.4655554079933,1429.67408873491,1,0.0206492240039635
needle,64,32000,2,det,na,na,0,0.0828475152083333,13.0052011439234,1429.67408873491,NaN,0.173975241239334
needle,64,32000,2,builtin,na,na,0,0.019219181875,13.2325996212325,1429.67408873491,NaN,0.164135175421511
needle,64,32000,2,rand,running_mean,normweighted,64,0.000721689375,72.2693513568251,1429.67408873491,1,0.0142596919419623
needle,64,32000,2,rand_r12,running_mean,normweighted,64,0.007602306875,72.2693513568251,1429.67408873491,1,0.0142596919419623
needle,64,32000,3,det,na,na,0,0.082521431875,14.304572128507,1429.67408873491,NaN,0.133750028914431
needle,64,32000,3,builtin,na,na,0,0.0193938485416667,13.3584129576753,1429.67408873491,NaN,0.179350909772378
needle,64,32000,3,rand,running_mean,normweighted,64,0.000790772708333333,25.8125326380093,1429.67408873491,2,0.0523072994292488
needle,64,32000,3,rand_r12,running_mean,normweighted,64,0.00757859854166667,25.8125326380093,1429.67408873491,2,0.0523072994292488
needle,64,32000,4,det,na,na,0,0.0824222235416667,13.3407378861192,1429.67408873491,NaN,0.165674234005762
needle,64,32000,4,builtin,na,na,0,0.019639681875,13.1845181588668,1429.67408873491,NaN,0.174916431777651
needle,64,32000,4,rand,running_mean,normweighted,64,0.000684564375,101.578526543125,1429.67408873491,1,0.00996643135965186
needle,64,32000,4,rand_r12,running_mean,normweighted,64,0.00746439020833333,101.578526543125,1429.67408873491,1,0.00996643135965186
needle,64,32000,5,det,na,na,0,0.0825816402083333,12.9635950125672,1429.67408873491,NaN,0.181982462657631
needle,64,32000,5,builtin,na,na,0,0.0189885985416667,14.2031611387052,1429.67408873491,NaN,0.122198622770999
needle,64,32000,5,rand,running_mean,normweighted,64,0.000718397708333333,100.011327127095,1429.67408873491,1,0.0103154244201272
needle,64,32000,5,rand_r12,running_mean,normweighted,64,0.007965306875,100.011327127095,1429.67408873491,1,0.0103154244201272
needle,64,32000,6,det,na,na,0,0.082683931875,12.8217612152193,1429.67408873491,NaN,0.191645910111027
needle,64,32000,6,builtin,na,na,0,0.0189142235416667,12.9695282587246,1429.67408873491,NaN,0.170935880199489
needle,64,32000,6,rand,running_mean,normweighted,64,0.000759481041666667,22.4303745701284,1429.67408873491,2,0.0767439309043939
needle,64,32000,6,rand_r12,running_mean,normweighted,64,0.00804914020833333,22.4303745701284,1429.67408873491,2,0.0767439309043939
needle,64,32000,7,det,na,na,0,0.0828357235416667,13.2690609678963,1429.67408873491,NaN,0.170040042155424
needle,64,32000,7,builtin,na,na,0,0.0191332652083333,13.2759579992263,1429.67408873491,NaN,0.163165895965566
needle,64,32000,7,rand,running_mean,normweighted,64,0.000767356041666667,56.8751812038107,1429.67408873491,1,0.019135924057093
needle,64,32000,7,rand_r12,running_mean,normweighted,64,0.007809806875,56.8751812038107,1429.67408873491,1,0.019135924057093
needle,64,32000,8,det,na,na,0,0.0825582652083333,13.0596256191725,1429.67408873491,NaN,0.177022441490059
needle,64,32000,8,builtin,na,na,0,0.0190578485416667,13.0746795074885,1429.67408873491,NaN,0.177686297606604
needle,64,32000,8,rand,running_mean,normweighted,64,0.000740147708333333,152.988718126825,1429.67408873491,1,0.00660887689808015
needle,64,32000,8,rand_r12,running_mean,normweighted,64,0.00787414020833333,152.988718126825,1429.67408873491,1,0.00660887689808015
needle,64,32000,9,det,na,na,0,0.0830325985416667,13.4610871280289,1429.67408873491,NaN,0.158589786727216
needle,64,32000,9,builtin,na,na,0,0.0188673902083333,13.4804275088462,1429.67408873491,NaN,0.160445539928316
needle,64,32000,9,rand,running_mean,normweighted,64,0.000691001875,44.7235671353377,1429.67408873491,1,0.0247305133589039
needle,64,32000,9,rand_r12,running_mean,normweighted,64,0.007899181875,44.7235671353377,1429.67408873491,1,0.0247305133589039
needle,64,32000,10,det,na,na,0,0.0826337652083333,13.1677486587984,1429.67408873491,NaN,0.162598871207839
needle,64,32000,10,builtin,na,na,0,0.018960431875,13.2182021697357,1429.67408873491,NaN,0.149535622572083
needle,64,32000,10,rand,running_mean,normweighted,64,0.000738356041666667,24.7181837671302,1429.67408873491,1,0.0606549696839834
needle,64,32000,10,rand_r12,running_mean,normweighted,64,0.00785414020833333,24.7181837671302,1429.67408873491,1,0.0606549696839834
needle,64,32000,11,det,na,na,0,0.082727181875,13.1801745189301,1429.67408873491,NaN,0.175001529572585
needle,64,32000,11,builtin,na,na,0,0.019083431875,12.6289369210104,1429.67408873491,NaN,0.201820180394355
needle,64,32000,11,rand,running_mean,normweighted,64,0.000688376875,63.1453034661728,1429.67408873491,1,0.0168496591532963
needle,64,32000,11,rand_r12,running_mean,normweighted,64,0.00781926520833333,63.1453034661728,1429.67408873491,1,0.0168496591532963
needle,64,32000,12,det,na,na,0,0.0833533485416667,12.5253278756362,1429.67408873491,NaN,0.206874830001744
needle,64,32000,12,builtin,na,na,0,0.0197702235416667,12.8399569471723,1429.67408873491,NaN,0.204829788311949
needle,64,32000,12,rand,running_mean,normweighted,64,0.000684085208333333,45.751565568827,1429.67408873491,1,0.0250914666270339
needle,64,32000,12,rand_r12,running_mean,normweighted,64,0.007963556875,45.751565568827,1429.67408873491,1,0.0250914666270339
needle,64,32000,13,det,na,na,0,0.0844059735416667,13.1809557342433,1429.67408873491,NaN,0.163975071612976
needle,64,32000,13,builtin,na,na,0,0.0189096402083333,13.6508044489454,1429.67408873491,NaN,0.135690008322736
needle,64,32000,13,rand,running_mean,normweighted,64,0.000688397708333333,177.569506956092,1429.67408873491,1,0.00572182584315441
needle,64,32000,13,rand_r12,running_mean,normweighted,64,0.007796681875,177.569506956092,1429.67408873491,1,0.00572182584315441
needle,64,32000,14,det,na,na,0,0.0825862652083333,13.1517339323602,1429.67408873491,NaN,0.173398403714091
needle,64,32000,14,builtin,na,na,0,0.0189213485416667,13.2303232903752,1429.67408873491,NaN,0.168765852654695
needle,64,32000,14,rand,running_mean,normweighted,64,0.000741314375,33.9219323215816,1429.67408873491,1,0.0341308615458107
needle,64,32000,14,rand_r12,running_mean,normweighted,64,0.007805181875,33.9219323215816,1429.67408873491,1,0.0341308615458107
needle,64,32000,15,det,na,na,0,0.082838306875,12.7909209150431,1429.67408873491,NaN,0.181052185521437
needle,64,32000,15,builtin,na,na,0,0.0190793485416667,12.8042819781185,1429.67408873491,NaN,0.163870836336695
needle,64,32000,15,rand,running_mean,normweighted,64,0.000698501875,51.9754796184708,1429.67408873491,1,0.0233251277830407
needle,64,32000,15,rand_r12,running_mean,normweighted,64,0.00792172354166667,51.9754796184708,1429.67408873491,1,0.0233251277830407
needle,64,32000,16,det,na,na,0,0.0827592652083333,12.5626849040878,1429.67408873491,NaN,0.197682265811444
needle,64,32000,16,builtin,na,na,0,0.018915306875,12.5810022436401,1429.67408873491,NaN,0.196923567330474
needle,64,32000,16,rand,running_mean,normweighted,64,0.000768210208333333,32.8666820909452,1429.67408873491,2,0.038238374212877
needle,64,32000,16,rand_r12,running_mean,normweighted,64,0.00792901520833333,32.8666820909452,1429.67408873491,2,0.038238374212877
needle,64,32000,17,det,na,na,0,0.082535681875,12.6924181132637,1429.67408873491,NaN,0.198066773851086
needle,64,32000,17,builtin,na,na,0,0.0186840152083333,13.0897763014414,1429.67408873491,NaN,0.157592864943979
needle,64,32000,17,rand,running_mean,normweighted,64,0.000738335208333333,34.9084008502314,1429.67408873491,1,0.0356025974148424
needle,64,32000,17,rand_r12,running_mean,normweighted,64,0.00785272354166667,34.9084008502314,1429.67408873491,1,0.0356025974148424
needle,64,32000,18,det,na,na,0,0.082450931875,12.7137395486754,1429.67408873491,NaN,0.212977462691346
needle,64,32000,18,builtin,na,na,0,0.019210306875,14.3565034086134,1429.67408873491,NaN,0.131278207406415
needle,64,32000,18,rand,running_mean,normweighted,64,0.000765710208333333,26.675570590484,1429.67408873491,2,0.0597136847562216
needle,64,32000,18,rand_r12,running_mean,normweighted,64,0.007827556875,26.675570590484,1429.67408873491,2,0.0597136847562216
needle,64,32000,19,det,na,na,0,0.0830417235416667,13.2660021573133,1429.67408873491,NaN,0.178752886357332
needle,64,32000,19,builtin,na,na,0,0.019081056875,13.2836877398815,1429.67408873491,NaN,0.17162943724862
needle,64,32000,19,rand,running_mean,normweighted,64,0.000738522708333333,63.2002981029725,1429.67408873491,1,0.0164063218377176
needle,64,32000,19,rand_r12,running_mean,normweighted,64,0.00780747354166667,63.2002981029725,1429.67408873491,1,0.0164063218377176
needle,64,32000,20,det,na,na,0,0.082636181875,14.062841443903,1429.67408873491,NaN,0.151953201841719
needle,64,32000,20,builtin,na,na,0,0.0193164735416667,13.854797693549,1429.67408873491,NaN,0.139428446352557
needle,64,32000,20,rand,running_mean,normweighted,64,0.000739126875,39.3103858701313,1429.67408873491,1,0.0297407078751434
needle,64,32000,20,rand_r12,running_mean,normweighted,64,0.007885306875,39.3103858701313,1429.67408873491,1,0.0297407078751434
needle,64,64000,1,det,na,na,0,0.198582765208333,13.3704133234858,2022.8613397858,NaN,0.177562409115135
needle,64,64000,1,builtin,na,na,0,0.068822056875,13.3129667409795,2022.8613397858,NaN,0.175867847574536
needle,64,64000,1,rand,running_mean,normweighted,64,0.00129664020833333,136.193156600354,2022.8613397858,1,0.00748302133923178
needle,64,64000,1,rand_r12,running_mean,normweighted,64,0.0157993902083333,136.193156600354,2022.8613397858,1,0.00748302133923178
needle,64,64000,2,det,na,na,0,0.199086140208333,12.9535749457836,2022.8613397858,NaN,0.165716697655592
needle,64,64000,2,builtin,na,na,0,0.0687850152083333,13.0432883873008,2022.8613397858,NaN,0.171563624277805
needle,64,64000,2,rand,running_mean,normweighted,64,0.001301806875,40.4811440231725,2022.8613397858,1,0.0290310648658993
needle,64,64000,2,rand_r12,running_mean,normweighted,64,0.0158887235416667,40.4811440231725,2022.8613397858,1,0.0290310648658993
needle,64,64000,3,det,na,na,0,0.200348515208333,13.0828440487886,2022.8613397858,NaN,0.17734697951178
needle,64,64000,3,builtin,na,na,0,0.0686983485416667,12.9488712293932,2022.8613397858,NaN,0.178684874942535
needle,64,64000,3,rand,running_mean,normweighted,64,0.001301556875,49.6123855831236,2022.8613397858,1,0.0222271318866867
needle,64,64000,3,rand_r12,running_mean,normweighted,64,0.0158474735416667,49.6123855831236,2022.8613397858,1,0.0222271318866867
needle,64,64000,4,det,na,na,0,0.199941140208333,12.4870075390365,2022.8613397858,NaN,0.212883503043625
needle,64,64000,4,builtin,na,na,0,0.068695056875,13.3286968584272,2022.8613397858,NaN,0.159754839771201
needle,64,64000,4,rand,running_mean,normweighted,64,0.00129784854166667,29.9878549196609,2022.8613397858,1,0.0418802472182541
needle,64,64000,4,rand_r12,running_mean,normweighted,64,0.0159678485416667,29.9878549196609,2022.8613397858,1,0.0418802472182541
needle,64,64000,5,det,na,na,0,0.199960473541667,13.2931339568931,2022.8613397858,NaN,0.166099390571822
needle,64,64000,5,builtin,na,na,0,0.0687327235416667,13.1097669533238,2022.8613397858,NaN,0.184923916213061
needle,64,64000,5,rand,running_mean,normweighted,64,0.00128647354166667,178.865867419924,2022.8613397858,1,0.00576362226078094
needle,64,64000,5,rand_r12,running_mean,normweighted,64,0.016012306875,178.865867419924,2022.8613397858,1,0.00576362226078094
needle,64,64000,6,det,na,na,0,0.199905515208333,12.8366557636101,2022.8613397858,NaN,0.170067910210929
needle,64,64000,6,builtin,na,na,0,0.068997681875,13.006414251514,2022.8613397858,NaN,0.168382763376074
needle,64,64000,6,rand,running_mean,normweighted,64,0.001372306875,37.9675590451486,2022.8613397858,1,0.0305163867464011
needle,64,64000,6,rand_r12,running_mean,normweighted,64,0.0167038485416667,37.9675590451486,2022.8613397858,1,0.0305163867464011
needle,64,64000,7,det,na,na,0,0.199501640208333,12.9114363991815,2022.8613397858,NaN,0.190367851480507
needle,64,64000,7,builtin,na,na,0,0.0685509735416667,13.0355682652092,2022.8613397858,NaN,0.15906393575147
needle,64,64000,7,rand,running_mean,normweighted,64,0.001298056875,35.4583750195168,2022.8613397858,1,0.0331052417574814
needle,64,64000,7,rand_r12,running_mean,normweighted,64,0.0157563485416667,35.4583750195168,2022.8613397858,1,0.0331052417574814
needle,64,64000,8,det,na,na,0,0.197470056875,12.6840252342619,2022.8613397858,NaN,0.19894768544097
needle,64,64000,8,builtin,na,na,0,0.0690820985416667,12.5070620269781,2022.8613397858,NaN,0.193989564134744
needle,64,64000,8,rand,running_mean,normweighted,64,0.00129559854166667,43.3614942440558,2022.8613397858,1,0.0262561081729113
needle,64,64000,8,rand_r12,running_mean,normweighted,64,0.015303556875,43.3614942440558,2022.8613397858,1,0.0262561081729113
needle,64,64000,9,det,na,na,0,0.203031598541667,13.1762224982312,2022.8613397858,NaN,0.171707599246525
needle,64,64000,9,builtin,na,na,0,0.0691289735416667,13.1196672518361,2022.8613397858,NaN,0.169434407141255
needle,64,64000,9,rand,running_mean,normweighted,64,0.00129872354166667,139.821107130793,2022.8613397858,1,0.00721646471331963
needle,64,64000,9,rand_r12,running_mean,normweighted,64,0.0154477652083333,139.821107130793,2022.8613397858,1,0.00721646471331963
needle,64,64000,10,det,na,na,0,0.199559806875,13.0152548988273,2022.8613397858,NaN,0.173082362148158
needle,64,64000,10,builtin,na,na,0,0.0685002235416667,13.3800375715117,2022.8613397858,NaN,0.161039256986577
needle,64,64000,10,rand,running_mean,normweighted,64,0.001300556875,38.2239527124826,2022.8613397858,1,0.0310086997843315
needle,64,64000,10,rand_r12,running_mean,normweighted,64,0.0155062235416667,38.2239527124826,2022.8613397858,1,0.0310086997843315
needle,64,64000,11,det,na,na,0,0.200499515208333,12.7962472237178,2022.8613397858,NaN,0.184714989550058
needle,64,64000,11,builtin,na,na,0,0.0924012235416667,12.6252034611542,2022.8613397858,NaN,0.186904609199882
needle,64,64000,11,rand,running_mean,normweighted,64,0.00226172354166667,29.8824423555477,2022.8613397858,1,0.0455268218192006
needle,64,64000,11,rand_r12,running_mean,normweighted,64,0.0231442235416667,29.8824423555477,2022.8613397858,1,0.0455268218192006
needle,64,64000,12,det,na,na,0,0.204350931875,13.0900626061162,2022.8613397858,NaN,0.197676295942573
needle,64,64000,12,builtin,na,na,0,0.0852943485416667,13.1649496211714,2022.8613397858,NaN,0.180762274594369
needle,64,64000,12,rand,running_mean,normweighted,64,0.00164139020833333,64.4651801568381,2022.8613397858,1,0.0166716225941853
needle,64,64000,12,rand_r12,running_mean,normweighted,64,0.0214053485416667,64.4651801568381,2022.8613397858,1,0.0166716225941853
needle,64,64000,13,det,na,na,0,0.230496515208333,13.4097675629721,2022.8613397858,NaN,0.185626817690129
needle,64,64000,13,builtin,na,na,0,0.086676181875,12.9761485167599,2022.8613397858,NaN,0.189179782873626
needle,64,64000,13,rand,running_mean,normweighted,64,0.00174864020833333,73.4411552727604,2022.8613397858,1,0.0158976504215595
needle,64,64000,13,rand_r12,running_mean,normweighted,64,0.0219260152083333,73.4411552727604,2022.8613397858,1,0.0158976504215595
needle,64,64000,14,det,na,na,0,0.205676556875,12.8723217393177,2022.8613397858,NaN,0.193379149595203
needle,64,64000,14,builtin,na,na,0,0.0872961402083333,13.832494502443,2022.8613397858,NaN,0.144501897974618
needle,64,64000,14,rand,running_mean,normweighted,64,0.00174197354166667,118.040125826852,2022.8613397858,1,0.00856332740708608
needle,64,64000,14,rand_r12,running_mean,normweighted,64,0.0220512652083333,118.040125826852,2022.8613397858,1,0.00856332740708608
needle,64,64000,15,det,na,na,0,0.218983390208333,13.3506877107383,2022.8613397858,NaN,0.15350390028079
needle,64,64000,15,builtin,na,na,0,0.0881865985416667,12.7481402322062,2022.8613397858,NaN,0.17890312612694
needle,64,64000,15,rand,running_mean,normweighted,64,0.001740556875,35.6809538689423,2022.8613397858,1,0.0329598054476082
needle,64,64000,15,rand_r12,running_mean,normweighted,64,0.021817681875,35.6809538689423,2022.8613397858,1,0.0329598054476082
needle,64,64000,16,det,na,na,0,0.222586723541667,13.9157626272059,2022.8613397858,NaN,0.142999636684151
needle,64,64000,16,builtin,na,na,0,0.0866252235416667,13.7282181880926,2022.8613397858,NaN,0.137829603775096
needle,64,64000,16,rand,running_mean,normweighted,64,0.001740681875,24.3641883638419,2022.8613397858,1,0.0586028474126133
needle,64,64000,16,rand_r12,running_mean,normweighted,64,0.022018181875,24.3641883638419,2022.8613397858,1,0.0586028474126133
needle,64,64000,17,det,na,na,0,0.202053973541667,12.6615162032415,2022.8613397858,NaN,0.218596976295742
needle,64,64000,17,builtin,na,na,0,0.087215181875,14.1313325791144,2022.8613397858,NaN,0.13338671409214
needle,64,64000,17,rand,running_mean,normweighted,64,0.00174139020833333,61.4972839740168,2022.8613397858,1,0.0181933685243457
needle,64,64000,17,rand_r12,running_mean,normweighted,64,0.0219874735416667,61.4972839740168,2022.8613397858,1,0.0181933685243457
needle,64,64000,18,det,na,na,0,0.207164806875,13.0210690187343,2022.8613397858,NaN,0.161346322678475
needle,64,64000,18,builtin,na,na,0,0.0893611402083333,12.9214151101614,2022.8613397858,NaN,0.17040910241006
needle,64,64000,18,rand,running_mean,normweighted,64,0.001868681875,49.2111358566692,2022.8613397858,1,0.0260515848209849
needle,64,64000,18,rand_r12,running_mean,normweighted,64,0.0231898902083333,49.2111358566692,2022.8613397858,1,0.0260515848209849
needle,64,64000,19,det,na,na,0,0.207204806875,12.8793013498733,2022.8613397858,NaN,0.195913779525572
needle,64,64000,19,builtin,na,na,0,0.0889077235416667,13.3272125930582,2022.8613397858,NaN,0.164119887790693
needle,64,64000,19,rand,running_mean,normweighted,64,0.00179789020833333,30.3352601306856,2022.8613397858,2,0.0404005500523199
needle,64,64000,19,rand_r12,running_mean,normweighted,64,0.023302681875,30.3352601306856,2022.8613397858,2,0.0404005500523199
needle,64,64000,20,det,na,na,0,0.230722515208333,13.4199321132457,2022.8613397858,NaN,0.156308333212155
needle,64,64000,20,builtin,na,na,0,0.087998806875,13.1473856965529,2022.8613397858,NaN,0.16017040641612
needle,64,64000,20,rand,running_mean,normweighted,64,0.001746931875,87.3407148243666,2022.8613397858,1,0.0118412744487258
needle,64,64000,20,rand_r12,running_mean,normweighted,64,0.0232170985416667,87.3407148243666,2022.8613397858,1,0.0118412744487258
