family,k,n,seed,method,mode,sampling,block_size,time_s,frobinv,osinsky,tested_per_k,sigma_min
gaussian,128,1000,1,det,na,na,0,0.004052806875,71.7959227527937,334.281318652419,NaN,0.0348039761496739
gaussian,128,1000,1,builtin,na,na,0,0.00272751520833333,73.2917071148606,334.281318652419,NaN,0.0354749611612607
gaussian,128,1000,1,rand,running_mean,normweighted,128,0.000870265208333333,104.2164162077,334.281318652419,2,0.0210974046778022
gaussian,128,1000,1,rand_r12,running_mean,normweighted,128,0.00125884854166667,104.2164162077,334.281318652419,2,0.0210974046778022
gaussian,128,1000,2,det,na,na,0,0.00414539020833333,70.0317206527237,334.281318652419,NaN,0.0407961775908368
gaussian,128,1000,2,builtin,na,na,0,0.00275639020833333,77.3991224813165,334.281318652419,NaN,0.0254921709564384
gaussian,128,1000,2,rand,running_mean,normweighted,128,0.000875140208333333,111.185569123035,334.281318652419,2,0.0212524284146434
gaussian,128,1000,2,rand_r12,running_mean,normweighted,128,0.00124697354166667,111.185569123035,334.281318652419,2,0.0212524284146434
gaussian,128,1000,3,det,na,na,0,0.004016681875,70.4357480454672,334.281318652419,NaN,0.0412708611166664
gaussian,128,1000,3,builtin,na,na,0,0.00270689020833333,76.0786327735676,334.281318652419,NaN,0.0327420504014905
gaussian,128,1000,3,rand,running_mean,normweighted,128,0.000892418541666667,108.40487394218,334.281318652419,2,0.016497150392172
gaussian,128,1000,3,rand_r12,running_mean,normweighted,128,0.00122876520833333,108.40487394218,334.281318652419,2,0.016497150392172
gaussian,128,1000,4,det,na,na,0,0.004078931875,68.6125822922621,334.281318652419,NaN,0.0459445783182438
gaussian,128,1000,4,builtin,na,na,0,0.003061056875,72.9144658758625,334.281318652419,NaN,0.0367197977468461
gaussian,128,1000,4,rand,running_mean,normweighted,128,0.000870710208333333,106.168358736075,334.281318652419,2,0.0231107910792426
gaussian,128,1000,4,rand_r12,running_mean,normweighted,128,0.001329181875,106.168358736075,334.281318652419,2,0.0231107910792426
gaussian,128,1000,5,det,na,na,0,0.00437409854166667,69.6458324665791,334.281318652419,NaN,0.0440166088471752
gaussian,128,1000,5,builtin,na,na,0,0.003102681875,75.7094002952986,334.281318652419,NaN,0.0338012142201054
gaussian,128,1000,5,rand,running_mean,normweighted,128,0.00105009854166667,103.532050343554,334.281318652419,2,0.0231828889686656
gaussian,128,1000,5,rand_r12,running_mean,normweighted,128,0.00141914020833333,103.532050343554,334.281318652419,2,0.0231828889686656
gaussian,128,1000,6,det,na,na,0,0.004940306875,69.214422408358,334.281318652419,NaN,0.039421011585903
gaussian,128,1000,6,builtin,na,na,0,0.00345964020833333,74.5694286790344,334.281318652419,NaN,0.0342795909848018
gaussian,128,1000,6,rand,running_mean,normweighted,128,0.001015306875,103.687830692496,334.281318652419,2,0.0239034561096208
gaussian,128,1000,6,rand_r12,running_mean,normweighted,128,0.00141397354166667,103.687830692496,334.281318652419,2,0.0239034561096208
gaussian,128,1000,7,det,na,na,0,0.00452226520833333,69.3326940717557,334.281318652419,NaN,0.0451446142506567
gaussian,128,1000,7,builtin,na,na,0,0.00295784854166667,77.5524918802688,334.281318652419,NaN,0.0312557403521109
gaussian,128,1000,7,rand,running_mean,normweighted,128,0.000886460208333333,114.882862648077,334.281318652419,2,0.022796999798628
gaussian,128,1000,7,rand_r12,running_mean,normweighted,128,0.00124764020833333,114.882862648077,334.281318652419,2,0.022796999798628
gaussian,128,1000,8,det,na,na,0,0.004543681875,71.0055853075799,334.281318652419,NaN,0.0399117045040568
gaussian,128,1000,8,builtin,na,na,0,0.00309922354166667,74.8985567458699,334.281318652419,NaN,0.0348207657967753
gaussian,128,1000,8,rand,running_mean,normweighted,128,0.000971431875,113.910364819156,334.281318652419,2,0.0201798672277725
gaussian,128,1000,8,rand_r12,running_mean,normweighted,128,0.001226181875,113.910364819156,334.281318652419,2,0.0201798672277725
gaussian,128,1000,9,det,na,na,0,0.00417901520833333,71.5095469979575,334.281318652419,NaN,0.0371756932100079
gaussian,128,1000,9,builtin,na,na,0,0.002835931875,72.885690783954,334.281318652419,NaN,0.0359932717876268
gaussian,128,1000,9,rand,running_mean,normweighted,128,0.00102734854166667,110.01332052986,334.281318652419,2,0.0209499070189921
gaussian,128,1000,9,rand_r12,running_mean,normweighted,128,0.00129789020833333,110.01332052986,334.281318652419,2,0.0209499070189921
gaussian,128,1000,10,det,na,na,0,0.00398501520833333,69.5367432020442,334.281318652419,NaN,0.0454336104198945
gaussian,128,1000,10,builtin,na,na,0,0.00282497354166667,73.2266743362666,334.281318652419,NaN,0.0365004027734038
gaussian,128,1000,10,rand,running_mean,normweighted,128,0.000862585208333333,112.589640069474,334.281318652419,2,0.0200218433607035
gaussian,128,1000,10,rand_r12,running_mean,normweighted,128,0.00125609854166667,112.589640069474,334.281318652419,2,0.0200218433607035
gaussian,128,1000,11,det,na,na,0,0.004046306875,68.7332413244562,334.281318652419,NaN,0.0415757543258989
gaussian,128,1000,11,builtin,na,na,0,0.002730056875,74.639068222802,334.281318652419,NaN,0.0328743346311405
gaussian,128,1000,11,rand,running_mean,normweighted,128,0.000876251875,106.235713581062,334.281318652419,2,0.0229576566546208
gaussian,128,1000,11,rand_r12,running_mean,normweighted,128,0.00122689020833333,106.235713581062,334.281318652419,2,0.0229576566546208
gaussian,128,1000,12,det,na,na,0,0.00397822354166667,69.3938933848242,334.281318652419,NaN,0.0395625925274563
gaussian,128,1000,12,builtin,na,na,0,0.00282384854166667,71.5335193793315,334.281318652419,NaN,0.0412034211018974
gaussian,128,1000,12,rand,running_mean,normweighted,128,0.000877543541666667,105.331357815769,334.281318652419,2,0.0205154197494442
gaussian,128,1000,12,rand_r12,running_mean,normweighted,128,0.00121426520833333,105.331357815769,334.281318652419,2,0.0205154197494442
gaussian,128,1000,13,det,na,na,0,0.004044306875,70.5933034619981,334.281318652419,NaN,0.0417067130754182
gaussian,128,1000,13,builtin,na,na,0,0.00268601520833333,75.1218970484295,334.281318652419,NaN,0.0340129915533787
gaussian,128,1000,13,rand,running_mean,normweighted,128,0.000878793541666667,104.045700473421,334.281318652419,2,0.0266759494195581
gaussian,128,1000,13,rand_r12,running_mean,normweighted,128,0.001226556875,104.045700473421,334.281318652419,2,0.0266759494195581
gaussian,128,1000,14,det,na,na,0,0.00403926520833333,69.3409742796843,334.281318652419,NaN,0.0426231452866194
gaussian,128,1000,14,builtin,na,na,0,0.00285364020833333,73.5051689717133,334.281318652419,NaN,0.0374884609451059
gaussian,128,1000,14,rand,running_mean,normweighted,128,0.000922064375,109.249368494844,334.281318652419,2,0.0222370635153778
gaussian,128,1000,14,rand_r12,running_mean,normweighted,128,0.00131889020833333,109.249368494844,334.281318652419,2,0.0222370635153778
gaussian,128,1000,15,det,na,na,0,0.00406264020833333,70.6267874896878,334.281318652419,NaN,0.0403442443224681
gaussian,128,1000,15,builtin,na,na,0,0.00277059854166667,75.4230369732954,334.281318652419,NaN,0.0294682733194961
gaussian,128,1000,15,rand,running_mean,normweighted,128,0.000822772708333333,117.528867773108,334.281318652419,2,0.0213682977134629
gaussian,128,1000,15,rand_r12,running_mean,normweighted,128,0.001145431875,117.528867773108,334.281318652419,2,0.0213682977134629
gaussian,128,1000,16,det,na,na,0,0.00409776520833333,72.5208833454074,334.281318652419,NaN,0.0364640333624049
gaussian,128,1000,16,builtin,na,na,0,0.00273172354166667,78.3118284960857,334.281318652419,NaN,0.0299273650890156
gaussian,128,1000,16,rand,running_mean,normweighted,128,0.000870793541666667,100.910740275865,334.281318652419,2,0.0247706404506622
gaussian,128,1000,16,rand_r12,running_mean,normweighted,128,0.00124639020833333,100.910740275865,334.281318652419,2,0.0247706404506622
gaussian,128,1000,17,det,na,na,0,0.00401509854166667,70.9664863923375,334.281318652419,NaN,0.0398045251869954
gaussian,128,1000,17,builtin,na,na,0,0.002717556875,73.4224540024466,334.281318652419,NaN,0.037062258814007
gaussian,128,1000,17,rand,running_mean,normweighted,128,0.000862126875,108.198675112342,334.281318652419,2,0.0189802602008987
gaussian,128,1000,17,rand_r12,running_mean,normweighted,128,0.00120214020833333,108.198675112342,334.281318652419,2,0.0189802602008987
gaussian,128,1000,18,det,na,na,0,0.00403576520833333,71.5215246313615,334.281318652419,NaN,0.0405821650750704
gaussian,128,1000,18,builtin,na,na,0,0.00274601520833333,71.1138351591173,334.281318652419,NaN,0.0399557112997535
gaussian,128,1000,18,rand,running_mean,normweighted,128,0.000854106041666667,101.459260692815,334.281318652419,2,0.0229906172240841
gaussian,128,1000,18,rand_r12,running_mean,normweighted,128,0.00121384854166667,101.459260692815,334.281318652419,2,0.0229906172240841
gaussian,128,1000,19,det,na,na,0,0.00405264020833333,71.6508157121671,334.281318652419,NaN,0.0409625015021789
gaussian,128,1000,19,builtin,na,na,0,0.00272551520833333,72.2811029688383,334.281318652419,NaN,0.0340923751576574
gaussian,128,1000,19,rand,running_mean,normweighted,128,0.000808085208333333,124.240978307891,334.281318652419,2,0.0165525690429282
gaussian,128,1000,19,rand_r12,running_mean,normweighted,128,0.001184556875,124.240978307891,334.281318652419,2,0.0165525690429282
gaussian,128,1000,20,det,na,na,0,0.00401089020833333,67.6123297188406,334.281318652419,NaN,0.0493508505346022
gaussian,128,1000,20,builtin,na,na,0,0.00275464020833333,72.3287329109782,334.281318652419,NaN,0.0377030712199169
gaussian,128,1000,20,rand,running_mean,normweighted,128,0.000818085208333333,110.153930330327,334.281318652419,2,0.0206395869105537
gaussian,128,1000,20,rand_r12,running_mean,normweighted,128,0.001716181875,110.153930330327,334.281318652419,2,0.0206395869105537
gaussian,128,2000,1,det,na,na,0,0.00868822354166667,95.682633528471,489.636599939179,NaN,0.0335543585328126
gaussian,128,2000,1,builtin,na,na,0,0.004578681875,103.647669898196,489.636599939179,NaN,0.0241069769579511
gaussian,128,2000,1,rand,running_mean,normweighted,128,0.000933439375,154.085051419782,489.636599939179,2,0.0146260964644576
gaussian,128,2000,1,rand_r12,running_mean,normweighted,128,0.00169026520833333,154.085051419782,489.636599939179,2,0.0146260964644576
gaussian,128,2000,2,det,na,na,0,0.00829189020833333,96.4835461399079,489.636599939179,NaN,0.0278537618736131
gaussian,128,2000,2,builtin,na,na,0,0.004450181875,101.289832373285,489.636599939179,NaN,0.0235514448924263
gaussian,128,2000,2,rand,running_mean,normweighted,128,0.000917439375,149.203107621613,489.636599939179,2,0.0167062128008884
gaussian,128,2000,2,rand_r12,running_mean,normweighted,128,0.001665431875,149.203107621613,489.636599939179,2,0.0167062128008884
gaussian,128,2000,3,det,na,na,0,0.00828764020833333,96.1119727991669,489.636599939179,NaN,0.0307598846684692
gaussian,128,2000,3,builtin,na,na,0,0.00448651520833333,100.092197100475,489.636599939179,NaN,0.027316436453966
gaussian,128,2000,3,rand,running_mean,normweighted,128,0.000907314375,157.502792132175,489.636599939179,2,0.0133159487407675
gaussian,128,2000,3,rand_r12,running_mean,normweighted,128,0.00164826520833333,157.502792132175,489.636599939179,2,0.0133159487407675
gaussian,128,2000,4,det,na,na,0,0.007932931875,96.0542537001242,489.636599939179,NaN,0.028608637201239
gaussian,128,2000,4,builtin,na,na,0,0.004636556875,103.110611982683,489.636599939179,NaN,0.0251965688273527
gaussian,128,2000,4,rand,running_mean,normweighted,128,0.000885960208333333,173.325705130437,489.636599939179,2,0.0138054399475737
gaussian,128,2000,4,rand_r12,running_mean,normweighted,128,0.00155376520833333,173.325705130437,489.636599939179,2,0.0138054399475737
gaussian,128,2000,5,det,na,na,0,0.00801214020833333,97.9180296120763,489.636599939179,NaN,0.0288073751036398
gaussian,128,2000,5,builtin,na,na,0,0.00448489020833333,100.068283817891,489.636599939179,NaN,0.029343266832074
gaussian,128,2000,5,rand,running_mean,normweighted,128,0.000912897708333333,153.41170535914,489.636599939179,2,0.0148821044538893
gaussian,128,2000,5,rand_r12,running_mean,normweighted,128,0.00164776520833333,153.41170535914,489.636599939179,2,0.0148821044538893
gaussian,128,2000,6,det,na,na,0,0.00803009854166667,98.0814475375798,489.636599939179,NaN,0.0284276566443524
gaussian,128,2000,6,builtin,na,na,0,0.00443434854166667,102.700505376609,489.636599939179,NaN,0.0266324137680222
gaussian,128,2000,6,rand,running_mean,normweighted,128,0.000867272708333333,156.679247812877,489.636599939179,2,0.0149009506145376
gaussian,128,2000,6,rand_r12,running_mean,normweighted,128,0.00153076520833333,156.679247812877,489.636599939179,2,0.0149009506145376
gaussian,128,2000,7,det,na,na,0,0.00794051520833333,94.906584716581,489.636599939179,NaN,0.0317117733456677
gaussian,128,2000,7,builtin,na,na,0,0.004416556875,100.782695792167,489.636599939179,NaN,0.0251934712886937
gaussian,128,2000,7,rand,running_mean,normweighted,128,0.000894897708333333,151.649063135159,489.636599939179,2,0.0150863949154912
gaussian,128,2000,7,rand_r12,running_mean,normweighted,128,0.00155089020833333,151.649063135159,489.636599939179,2,0.0150863949154912
gaussian,128,2000,8,det,na,na,0,0.00791464020833333,97.2918749251517,489.636599939179,NaN,0.0282407083495388
gaussian,128,2000,8,builtin,na,na,0,0.00500676520833333,99.981714471768,489.636599939179,NaN,0.0273837478249506
gaussian,128,2000,8,rand,running_mean,normweighted,128,0.000887481041666667,160.578816317773,489.636599939179,2,0.0156328257804811
gaussian,128,2000,8,rand_r12,running_mean,normweighted,128,0.00146164020833333,160.578816317773,489.636599939179,2,0.0156328257804811
gaussian,128,2000,9,det,na,na,0,0.00804984854166667,96.5843554059224,489.636599939179,NaN,0.0314517120066349
gaussian,128,2000,9,builtin,na,na,0,0.00448184854166667,102.550334352663,489.636599939179,NaN,0.0245599306068594
gaussian,128,2000,9,rand,running_mean,normweighted,128,0.000911272708333333,140.010856057721,489.636599939179,2,0.0165905684301529
gaussian,128,2000,9,rand_r12,running_mean,normweighted,128,0.00165497354166667,140.010856057721,489.636599939179,2,0.0165905684301529
gaussian,128,2000,10,det,na,na,0,0.007892431875,96.4439095065274,489.636599939179,NaN,0.0306008875772985
gaussian,128,2000,10,builtin,na,na,0,0.00442614020833333,103.22224765553,489.636599939179,NaN,0.0247375541487351
gaussian,128,2000,10,rand,running_mean,normweighted,128,0.000850168541666667,172.138302592367,489.636599939179,2,0.0128786608402644
gaussian,128,2000,10,rand_r12,running_mean,normweighted,128,0.001462431875,172.138302592367,489.636599939179,2,0.0128786608402644
gaussian,128,2000,11,det,na,na,0,0.00793809854166667,95.8945473528435,489.636599939179,NaN,0.0286678284446732
gaussian,128,2000,11,builtin,na,na,0,0.004497556875,100.031065569439,489.636599939179,NaN,0.0265321049170306
gaussian,128,2000,11,rand,running_mean,normweighted,128,0.000920585208333333,157.87217472695,489.636599939179,2,0.0134034851918563
gaussian,128,2000,11,rand_r12,running_mean,normweighted,128,0.001567181875,157.87217472695,489.636599939179,2,0.0134034851918563
gaussian,128,2000,12,det,na,na,0,0.00790459854166667,95.8585776356694,489.636599939179,NaN,0.0335919309527675
gaussian,128,2000,12,builtin,na,na,0,0.004481056875,104.129823859552,489.636599939179,NaN,0.022837532710556
gaussian,128,2000,12,rand,running_mean,normweighted,128,0.000884897708333333,150.476798256004,489.636599939179,2,0.0156664922981971
gaussian,128,2000,12,rand_r12,running_mean,normweighted,128,0.00148909854166667,150.476798256004,489.636599939179,2,0.0156664922981971
gaussian,128,2000,13,det,na,na,0,0.007987431875,96.0928995524278,489.636599939179,NaN,0.0272675621470305
gaussian,128,2000,13,builtin,na,na,0,0.00445214020833333,99.0461703740418,489.636599939179,NaN,0.0289174945299499
gaussian,128,2000,13,rand,running_mean,normweighted,128,0.000905272708333333,162.804403941132,489.636599939179,2,0.012846859110669
gaussian,128,2000,13,rand_r12,running_mean,normweighted,128,0.001542056875,162.804403941132,489.636599939179,2,0.012846859110669
gaussian,128,2000,14,det,na,na,0,0.00792522354166666,96.9522399367743,489.636599939179,NaN,0.028448089744324
gaussian,128,2000,14,builtin,na,na,0,0.00448284854166667,102.73236815519,489.636599939179,NaN,0.0229604711673429
gaussian,128,2000,14,rand,running_mean,normweighted,128,0.000897501875,158.060906097286,489.636599939179,2,0.0130670251566116
gaussian,128,2000,14,rand_r12,running_mean,normweighted,128,0.00151934854166667,158.060906097286,489.636599939179,2,0.0130670251566116
gaussian,128,2000,15,det,na,na,0,0.00799351520833333,97.1084157399237,489.636599939179,NaN,0.0287469883715815
gaussian,128,2000,15,builtin,na,na,0,0.004703681875,100.51614260357,489.636599939179,NaN,0.0265051408138544
gaussian,128,2000,15,rand,running_mean,normweighted,128,0.000993293541666667,164.644812977134,489.636599939179,2,0.0129139700467892
gaussian,128,2000,15,rand_r12,running_mean,normweighted,128,0.00163697354166667,164.644812977134,489.636599939179,2,0.0129139700467892
gaussian,128,2000,16,det,na,na,0,0.00791576520833333,96.6132049087278,489.636599939179,NaN,0.029392043828677
gaussian,128,2000,16,builtin,na,na,0,0.004499056875,101.203089927054,489.636599939179,NaN,0.0246443592266903
gaussian,128,2000,16,rand,running_mean,normweighted,128,0.000870939375,163.632323325746,489.636599939179,2,0.0140545240995257
gaussian,128,2000,16,rand_r12,running_mean,normweighted,128,0.001563056875,163.632323325746,489.636599939179,2,0.0140545240995257
gaussian,128,2000,17,det,na,na,0,0.00790859854166667,95.8289428757649,489.636599939179,NaN,0.0294398657820808
gaussian,128,2000,17,builtin,na,na,0,0.00447689020833333,103.335091236615,489.636599939179,NaN,0.0278767981308494
gaussian,128,2000,17,rand,running_mean,normweighted,128,0.000846147708333333,183.785844909093,489.636599939179,2,0.0113612639444419
gaussian,128,2000,17,rand_r12,running_mean,normweighted,128,0.00153039020833333,183.785844909093,489.636599939179,2,0.0113612639444419
gaussian,128,2000,18,det,na,na,0,0.00786514020833333,97.0074664505299,489.636599939179,NaN,0.0299774641425101
gaussian,128,2000,18,builtin,na,na,0,0.004410306875,100.769954225736,489.636599939179,NaN,0.0276680353282194
gaussian,128,2000,18,rand,running_mean,normweighted,128,0.000930835208333333,151.047343116492,489.636599939179,2,0.0162881800730196
gaussian,128,2000,18,rand_r12,running_mean,normweighted,128,0.001589306875,151.047343116492,489.636599939179,2,0.0162881800730196
gaussian,128,2000,19,det,na,na,0,0.00783539020833333,97.4100782697163,489.636599939179,NaN,0.0298635614757806
gaussian,128,2000,19,builtin,na,na,0,0.00453097354166667,99.1126768810553,489.636599939179,NaN,0.029263573697115
gaussian,128,2000,19,rand,running_mean,normweighted,128,0.000921543541666667,153.206672643276,489.636599939179,2,0.0150346482798017
gaussian,128,2000,19,rand_r12,running_mean,normweighted,128,0.00156522354166667,153.206672643276,489.636599939179,2,0.0150346482798017
gaussian,128,2000,20,det,na,na,0,0.007824556875,95.0994376796766,489.636599939179,NaN,0.0306693362786383
gaussian,128,2000,20,builtin,na,na,0,0.004375931875,97.8892973683769,489.636599939179,NaN,0.0303705216316966
gaussian,128,2000,20,rand,running_mean,normweighted,128,0.000872085208333333,157.257533764642,489.636599939179,2,0.0138884851415114
gaussian,128,2000,20,rand_r12,running_mean,normweighted,128,0.001568931875,157.257533764642,489.636599939179,2,0.0138884851415114
gaussian,128,4000,1,det,na,na,0,0.016009306875,130.574671466197,704.09090322202,NaN,0.0225377793889838
gaussian,128,4000,1,builtin,na,na,0,0.007660556875,137.106479303069,704.09090322202,NaN,0.0192554887752293
gaussian,128,4000,1,rand,running_mean,normweighted,128,0.000967223541666667,223.820244328113,704.09090322202,2,0.00943905866315782
gaussian,128,4000,1,rand_r12,running_mean,normweighted,128,0.00256339020833333,223.820244328113,704.09090322202,2,0.00943905866315782
gaussian,128,4000,2,det,na,na,0,0.0159662652083333,129.283874224619,704.09090322202,NaN,0.0246134419146726
gaussian,128,4000,2,builtin,na,na,0,0.007728806875,139.256140104498,704.09090322202,NaN,0.0192348755431817
gaussian,128,4000,2,rand,running_mean,normweighted,128,0.000979856041666667,225.381417507038,704.09090322202,2,0.0100478745610712
gaussian,128,4000,2,rand_r12,running_mean,normweighted,128,0.00249534854166667,225.381417507038,704.09090322202,2,0.0100478745610712
gaussian,128,4000,3,det,na,na,0,0.0157431402083333,131.192212505571,704.09090322202,NaN,0.0208744279966454
gaussian,128,4000,3,builtin,na,na,0,0.00775439020833333,136.369231589308,704.09090322202,NaN,0.0226203033984402
gaussian,128,4000,3,rand,running_mean,normweighted,128,0.000947876875,242.12419876064,704.09090322202,2,0.00857105607346819
gaussian,128,4000,3,rand_r12,running_mean,normweighted,128,0.00246497354166667,242.12419876064,704.09090322202,2,0.00857105607346819
gaussian,128,4000,4,det,na,na,0,0.0158173485416667,129.811811654865,704.09090322202,NaN,0.0254535875759891
gaussian,128,4000,4,builtin,na,na,0,0.00781884854166667,136.280841712432,704.09090322202,NaN,0.0207534658163206
gaussian,128,4000,4,rand,running_mean,normweighted,128,0.000959806875,221.893914494725,704.09090322202,2,0.0114661481313066
gaussian,128,4000,4,rand_r12,running_mean,normweighted,128,0.00245314020833333,221.893914494725,704.09090322202,2,0.0114661481313066
gaussian,128,4000,5,det,na,na,0,0.0158738485416667,130.769450472751,704.09090322202,NaN,0.0226390692345001
gaussian,128,4000,5,builtin,na,na,0,0.00790126520833333,134.897928742911,704.09090322202,NaN,0.0203720735567153
gaussian,128,4000,5,rand,running_mean,normweighted,128,0.00100076520833333,228.610455117487,704.09090322202,2,0.0109963171268015
gaussian,128,4000,5,rand_r12,running_mean,normweighted,128,0.00245751520833333,228.610455117487,704.09090322202,2,0.0109963171268015
gaussian,128,4000,6,det,na,na,0,0.0162072235416667,131.556641172103,704.09090322202,NaN,0.0239347437604773
gaussian,128,4000,6,builtin,na,na,0,0.00786647354166667,134.813068337733,704.09090322202,NaN,0.0220194271047717
gaussian,128,4000,6,rand,running_mean,normweighted,128,0.00103334854166667,206.348100825491,704.09090322202,2,0.0118624181918473
gaussian,128,4000,6,rand_r12,running_mean,normweighted,128,0.002475556875,206.348100825491,704.09090322202,2,0.0118624181918473
gaussian,128,4000,7,det,na,na,0,0.0160363902083333,132.302739773278,704.09090322202,NaN,0.02243696843567
gaussian,128,4000,7,builtin,na,na,0,0.007677431875,135.207971985432,704.09090322202,NaN,0.0205638380682424
gaussian,128,4000,7,rand,running_mean,normweighted,128,0.000972098541666667,219.174655531144,704.09090322202,2,0.0123293906706116
gaussian,128,4000,7,rand_r12,running_mean,normweighted,128,0.00250297354166667,219.174655531144,704.09090322202,2,0.0123293906706116
gaussian,128,4000,8,det,na,na,0,0.0159816402083333,128.396614372652,704.09090322202,NaN,0.0228168528688427
gaussian,128,4000,8,builtin,na,na,0,0.00775389020833333,137.542455622387,704.09090322202,NaN,0.0178677743659777
gaussian,128,4000,8,rand,running_mean,normweighted,128,0.00103026520833333,211.198852954699,704.09090322202,2,0.0111653031479468
gaussian,128,4000,8,rand_r12,running_mean,normweighted,128,0.002550806875,211.198852954699,704.09090322202,2,0.0111653031479468
gaussian,128,4000,9,det,na,na,0,0.0159152235416667,128.733154096911,704.09090322202,NaN,0.0235595175905711
gaussian,128,4000,9,builtin,na,na,0,0.00770334854166667,138.945867296445,704.09090322202,NaN,0.0187397812521739
gaussian,128,4000,9,rand,running_mean,normweighted,128,0.000991890208333333,240.586540984025,704.09090322202,2,0.00877591996619928
gaussian,128,4000,9,rand_r12,running_mean,normweighted,128,0.00243064020833333,240.586540984025,704.09090322202,2,0.00877591996619928
gaussian,128,4000,10,det,na,na,0,0.0160468902083333,130.348630136843,704.09090322202,NaN,0.0228474133555969
gaussian,128,4000,10,builtin,na,na,0,0.007917931875,136.461788718715,704.09090322202,NaN,0.0207882016079893
gaussian,128,4000,10,rand,running_mean,normweighted,128,0.000994556875,214.792519872918,704.09090322202,2,0.0116822869952459
gaussian,128,4000,10,rand_r12,running_mean,normweighted,128,0.002505556875,214.792519872918,704.09090322202,2,0.0116822869952459
gaussian,128,4000,11,det,na,na,0,0.015970806875,129.766260635688,704.09090322202,NaN,0.0245253830426773
gaussian,128,4000,11,builtin,na,na,0,0.007789681875,136.768404397378,704.09090322202,NaN,0.0208621511655779
gaussian,128,4000,11,rand,running_mean,normweighted,128,0.000955543541666667,210.628973206293,704.09090322202,2,0.0131690056626822
gaussian,128,4000,11,rand_r12,running_mean,normweighted,128,0.00245376520833333,210.628973206293,704.09090322202,2,0.0131690056626822
gaussian,128,4000,12,det,na,na,0,0.015822931875,128.866214736003,704.09090322202,NaN,0.0250052427629666
gaussian,128,4000,12,builtin,na,na,0,0.00774476520833333,139.932309467976,704.09090322202,NaN,0.01732219422199
gaussian,128,4000,12,rand,running_mean,normweighted,128,0.000982598541666667,210.461552497499,704.09090322202,2,0.0108646779893866
gaussian,128,4000,12,rand_r12,running_mean,normweighted,128,0.00248026520833333,210.461552497499,704.09090322202,2,0.0108646779893866
gaussian,128,4000,13,det,na,na,0,0.0159505152083333,127.446914652958,704.09090322202,NaN,0.0260980192472031
gaussian,128,4000,13,builtin,na,na,0,0.00775239020833333,138.513080386458,704.09090322202,NaN,0.0179161245536033
gaussian,128,4000,13,rand,running_mean,normweighted,128,0.001020931875,241.399166183514,704.09090322202,2,0.00862110529871273
gaussian,128,4000,13,rand_r12,running_mean,normweighted,128,0.002449306875,241.399166183514,704.09090322202,2,0.00862110529871273
gaussian,128,4000,14,det,na,na,0,0.0158995985416667,132.214710862677,704.09090322202,NaN,0.0215439094311165
gaussian,128,4000,14,builtin,na,na,0,0.00770376520833333,138.745171863229,704.09090322202,NaN,0.018358242372064
gaussian,128,4000,14,rand,running_mean,normweighted,128,0.000977473541666667,239.877889040047,704.09090322202,2,0.00975796796959638
gaussian,128,4000,14,rand_r12,running_mean,normweighted,128,0.00247476520833333,239.877889040047,704.09090322202,2,0.00975796796959638
gaussian,128,4000,15,det,na,na,0,0.0159123485416667,129.496918018447,704.09090322202,NaN,0.0240547973936235
gaussian,128,4000,15,builtin,na,na,0,0.00781614020833333,140.797990422759,704.09090322202,NaN,0.018352439377007
gaussian,128,4000,15,rand,running_mean,normweighted,128,0.000941272708333333,235.420673492617,704.09090322202,2,0.0103074366903846
gaussian,128,4000,15,rand_r12,running_mean,normweighted,128,0.00245389020833333,235.420673492617,704.09090322202,2,0.0103074366903846
gaussian,128,4000,16,det,na,na,0,0.0158745985416667,130.531378123105,704.09090322202,NaN,0.0231473723491211
gaussian,128,4000,16,builtin,na,na,0,0.00769484854166667,137.192442137651,704.09090322202,NaN,0.0200499707759103
gaussian,128,4000,16,rand,running_mean,normweighted,128,0.000966723541666667,216.147894671728,704.09090322202,2,0.0100446894896585
gaussian,128,4000,16,rand_r12,running_mean,normweighted,128,0.002469806875,216.147894671728,704.09090322202,2,0.0100446894896585
gaussian,128,4000,17,det,na,na,0,0.0159137652083333,127.876350933236,704.09090322202,NaN,0.0236305970881996
gaussian,128,4000,17,builtin,na,na,0,0.007712931875,141.136499117781,704.09090322202,NaN,0.0168316376768288
gaussian,128,4000,17,rand,running_mean,normweighted,128,0.000991140208333333,226.840275959249,704.09090322202,2,0.010677427284587
gaussian,128,4000,17,rand_r12,running_mean,normweighted,128,0.002495306875,226.840275959249,704.09090322202,2,0.010677427284587
gaussian,128,4000,18,det,na,na,0,0.0158720985416667,131.328712529189,704.09090322202,NaN,0.0242337139537036
gaussian,128,4000,18,builtin,na,na,0,0.007694931875,138.358828211163,704.09090322202,NaN,0.0188844667627269
gaussian,128,4000,18,rand,running_mean,normweighted,128,0.000981522708333333,220.056261989813,704.09090322202,2,0.0104179667796399
gaussian,128,4000,18,rand_r12,running_mean,normweighted,128,0.002498306875,220.056261989813,704.09090322202,2,0.0104179667796399
gaussian,128,4000,19,det,na,na,0,0.0159502652083333,130.579807838881,704.09090322202,NaN,0.0224507102417196
gaussian,128,4000,19,builtin,na,na,0,0.007866931875,135.713390097791,704.09090322202,NaN,0.0215548150816868
gaussian,128,4000,19,rand,running_mean,normweighted,128,0.000916793541666667,253.414986993583,704.09090322202,2,0.00951045635208271
gaussian,128,4000,19,rand_r12,running_mean,normweighted,128,0.00243022354166667,253.414986993583,704.09090322202,2,0.00951045635208271
gaussian,128,4000,20,det,na,na,0,0.016039306875,131.456641901114,704.09090322202,NaN,0.0213900780963199
gaussian,128,4000,20,builtin,na,na,0,0.007667931875,135.867931270202,704.09090322202,NaN,0.0202353380233215
gaussian,128,4000,20,rand,running_mean,normweighted,128,0.000914731041666667,246.487699331472,704.09090322202,2,0.00998710822040812
gaussian,128,4000,20,rand_r12,running_mean,normweighted,128,0.00238609854166667,246.487699331472,704.09090322202,2,0.00998710822040812
gaussian,128,8000,1,det,na,na,0,0.0340700152083333,175.582493982516,1003.86453269353,NaN,0.0179784881015919
gaussian,128,8000,1,builtin,na,na,0,0.0133143902083333,188.448642422167,1003.86453269353,NaN,0.0151619704905887
gaussian,128,8000,1,rand,running_mean,normweighted,128,0.00121789020833333,334.910989637765,1003.86453269353,2,0.0062177527336271
gaussian,128,8000,1,rand_r12,running_mean,normweighted,128,0.00461584854166667,334.910989637765,1003.86453269353,2,0.0062177527336271
gaussian,128,8000,2,det,na,na,0,0.0340814735416667,175.262948133363,1003.86453269353,NaN,0.0188693521921737
gaussian,128,8000,2,builtin,na,na,0,0.0135357652083333,184.288148959206,1003.86453269353,NaN,0.0161071045699153
gaussian,128,8000,2,rand,running_mean,normweighted,128,0.00122684854166667,295.854715984726,1003.86453269353,2,0.00871696638799761
gaussian,128,8000,2,rand_r12,running_mean,normweighted,128,0.004714931875,295.854715984726,1003.86453269353,2,0.00871696638799761
gaussian,128,8000,3,det,na,na,0,0.0342570985416667,178.508867070691,1003.86453269353,NaN,0.0168118635650448
gaussian,128,8000,3,builtin,na,na,0,0.013732431875,189.582623187166,1003.86453269353,NaN,0.015209119908869
gaussian,128,8000,3,rand,running_mean,normweighted,128,0.00118876520833333,360.66483345776,1003.86453269353,2,0.00611005856450856
gaussian,128,8000,3,rand_r12,running_mean,normweighted,128,0.004689556875,360.66483345776,1003.86453269353,2,0.00611005856450856
gaussian,128,8000,4,det,na,na,0,0.0344174735416667,176.970653329696,1003.86453269353,NaN,0.0177962869004091
gaussian,128,8000,4,builtin,na,na,0,0.0136663485416667,185.670026045268,1003.86453269353,NaN,0.0153974948310759
gaussian,128,8000,4,rand,running_mean,normweighted,128,0.00116189020833333,324.135546736782,1003.86453269353,2,0.00730980020017563
gaussian,128,8000,4,rand_r12,running_mean,normweighted,128,0.004484681875,324.135546736782,1003.86453269353,2,0.00730980020017563
gaussian,128,8000,5,det,na,na,0,0.0342986402083333,176.484128251718,1003.86453269353,NaN,0.0184059471851165
gaussian,128,8000,5,builtin,na,na,0,0.013446556875,188.911041991987,1003.86453269353,NaN,0.0150895620270521
gaussian,128,8000,5,rand,running_mean,normweighted,128,0.00120189020833333,312.25644903222,1003.86453269353,2,0.00705745866972984
gaussian,128,8000,5,rand_r12,running_mean,normweighted,128,0.00467151520833333,312.25644903222,1003.86453269353,2,0.00705745866972984
gaussian,128,8000,6,det,na,na,0,0.0339340152083333,177.170845740082,1003.86453269353,NaN,0.0185275464032097
gaussian,128,8000,6,builtin,na,na,0,0.0135445152083333,184.484830864255,1003.86453269353,NaN,0.0148662988450403
gaussian,128,8000,6,rand,running_mean,normweighted,128,0.001182181875,326.785138019772,1003.86453269353,2,0.00666969917989223
gaussian,128,8000,6,rand_r12,running_mean,normweighted,128,0.00448584854166667,326.785138019772,1003.86453269353,2,0.00666969917989223
gaussian,128,8000,7,det,na,na,0,0.0338450985416667,176.524044551292,1003.86453269353,NaN,0.0173397939156106
gaussian,128,8000,7,builtin,na,na,0,0.0133865985416667,182.544132164817,1003.86453269353,NaN,0.0157629405664148
gaussian,128,8000,7,rand,running_mean,normweighted,128,0.00121364020833333,298.997161843088,1003.86453269353,2,0.00756059611404524
gaussian,128,8000,7,rand_r12,running_mean,normweighted,128,0.004626056875,298.997161843088,1003.86453269353,2,0.00756059611404524
gaussian,128,8000,8,det,na,na,0,0.0337037235416667,177.068739842099,1003.86453269353,NaN,0.0178805234227593
gaussian,128,8000,8,builtin,na,na,0,0.013416306875,189.635852887985,1003.86453269353,NaN,0.014676475420282
gaussian,128,8000,8,rand,running_mean,normweighted,128,0.001259056875,339.990351344247,1003.86453269353,2,0.00528002820385368
gaussian,128,8000,8,rand_r12,running_mean,normweighted,128,0.00469951520833333,339.990351344247,1003.86453269353,2,0.00528002820385368
gaussian,128,8000,9,det,na,na,0,0.0335928902083333,174.361150003353,1003.86453269353,NaN,0.0178149652974855
gaussian,128,8000,9,builtin,na,na,0,0.0133637235416667,184.172220291873,1003.86453269353,NaN,0.01711866912555
gaussian,128,8000,9,rand,running_mean,normweighted,128,0.001162931875,342.432719814007,1003.86453269353,2,0.00720162733212116
gaussian,128,8000,9,rand_r12,running_mean,normweighted,128,0.004601931875,342.432719814007,1003.86453269353,2,0.00720162733212116
gaussian,128,8000,10,det,na,na,0,0.0338920985416667,176.440817882765,1003.86453269353,NaN,0.0184767447439077
gaussian,128,8000,10,builtin,na,na,0,0.0131275985416667,183.580975378547,1003.86453269353,NaN,0.0162860955540396
gaussian,128,8000,10,rand,running_mean,normweighted,128,0.00118647354166667,299.483833304156,1003.86453269353,2,0.00898081959159136
gaussian,128,8000,10,rand_r12,running_mean,normweighted,128,0.004665056875,299.483833304156,1003.86453269353,2,0.00898081959159136
gaussian,128,8000,11,det,na,na,0,0.033042431875,173.648716480389,1003.86453269353,NaN,0.0173317032990372
gaussian,128,8000,11,builtin,na,na,0,0.0131177235416667,189.173218306196,1003.86453269353,NaN,0.0154949418370944
gaussian,128,8000,11,rand,running_mean,normweighted,128,0.001101306875,330.604221084946,1003.86453269353,2,0.00652369879083313
gaussian,128,8000,11,rand_r12,running_mean,normweighted,128,0.00433314020833333,330.604221084946,1003.86453269353,2,0.00652369879083313
gaussian,128,8000,12,det,na,na,0,0.033309431875,176.047328021341,1003.86453269353,NaN,0.0172864856540981
gaussian,128,8000,12,builtin,na,na,0,0.0133708902083333,184.218431402564,1003.86453269353,NaN,0.0155977620911521
gaussian,128,8000,12,rand,running_mean,normweighted,128,0.00119109854166667,311.809067995433,1003.86453269353,2,0.00804282852358696
gaussian,128,8000,12,rand_r12,running_mean,normweighted,128,0.00458059854166667,311.809067995433,1003.86453269353,2,0.00804282852358696
gaussian,128,8000,13,det,na,na,0,0.033054806875,173.533016999032,1003.86453269353,NaN,0.0180483121748006
gaussian,128,8000,13,builtin,na,na,0,0.013203056875,182.726137331089,1003.86453269353,NaN,0.0156599999507958
gaussian,128,8000,13,rand,running_mean,normweighted,128,0.00119864020833333,313.562249220679,1003.86453269353,2,0.00758052130701565
gaussian,128,8000,13,rand_r12,running_mean,normweighted,128,0.00439409854166667,313.562249220679,1003.86453269353,2,0.00758052130701565
gaussian,128,8000,14,det,na,na,0,0.032928181875,174.596796059707,1003.86453269353,NaN,0.0185839501501243
gaussian,128,8000,14,builtin,na,na,0,0.0131965985416667,183.646873300755,1003.86453269353,NaN,0.0165255958316043
gaussian,128,8000,14,rand,running_mean,normweighted,128,0.00110522354166667,331.721641772848,1003.86453269353,2,0.00669264348564876
gaussian,128,8000,14,rand_r12,running_mean,normweighted,128,0.00442551520833333,331.721641772848,1003.86453269353,2,0.00669264348564876
gaussian,128,8000,15,det,na,na,0,0.033058806875,176.645386319225,1003.86453269353,NaN,0.01769280536894
gaussian,128,8000,15,builtin,na,na,0,0.013099931875,185.912445679101,1003.86453269353,NaN,0.0154361839695791
gaussian,128,8000,15,rand,running_mean,normweighted,128,0.00116147354166667,325.323181431276,1003.86453269353,2,0.00719112900948011
gaussian,128,8000,15,rand_r12,running_mean,normweighted,128,0.00435422354166667,325.323181431276,1003.86453269353,2,0.00719112900948011
gaussian,128,8000,16,det,na,na,0,0.0329557235416667,177.939941032625,1003.86453269353,NaN,0.0180263602898073
gaussian,128,8000,16,builtin,na,na,0,0.013512556875,188.67013932628,1003.86453269353,NaN,0.0152433354940005
gaussian,128,8000,16,rand,running_mean,normweighted,128,0.00111314020833333,315.60087465293,1003.86453269353,2,0.0071743932954935
gaussian,128,8000,16,rand_r12,running_mean,normweighted,128,0.00431501520833333,315.60087465293,1003.86453269353,2,0.0071743932954935
gaussian,128,8000,17,det,na,na,0,0.0329680985416667,175.480723080537,1003.86453269353,NaN,0.0183366460645657
gaussian,128,8000,17,builtin,na,na,0,0.0135242235416667,181.045588806357,1003.86453269353,NaN,0.0158426247359998
gaussian,128,8000,17,rand,running_mean,normweighted,128,0.00115301520833333,336.430694162495,1003.86453269353,2,0.00644569844578669
gaussian,128,8000,17,rand_r12,running_mean,normweighted,128,0.00440334854166667,336.430694162495,1003.86453269353,2,0.00644569844578669
gaussian,128,8000,18,det,na,na,0,0.032943181875,179.029403516194,1003.86453269353,NaN,0.0175518559202175
gaussian,128,8000,18,builtin,na,na,0,0.0131727235416667,185.650652363008,1003.86453269353,NaN,0.0144984691261878
gaussian,128,8000,18,rand,running_mean,normweighted,128,0.001189806875,302.984725038825,1003.86453269353,2,0.00805705669551886
gaussian,128,8000,18,rand_r12,running_mean,normweighted,128,0.00442572354166667,302.984725038825,1003.86453269353,2,0.00805705669551886
gaussian,128,8000,19,det,na,na,0,0.0328050985416667,177.071490534629,1003.86453269353,NaN,0.017543970132914
gaussian,128,8000,19,builtin,na,na,0,0.0132860152083333,188.072972881263,1003.86453269353,NaN,0.0152807023167092
gaussian,128,8000,19,rand,running_mean,normweighted,128,0.001149931875,356.393941459516,1003.86453269353,2,0.00555521235843314
gaussian,128,8000,19,rand_r12,running_mean,normweighted,128,0.004382681875,356.393941459516,1003.86453269353,2,0.00555521235843314
gaussian,128,8000,20,det,na,na,0,0.032951181875,175.254280533717,1003.86453269353,NaN,0.0194034278401335
gaussian,128,8000,20,builtin,na,na,0,0.013386681875,184.918102142519,1003.86453269353,NaN,0.0160348514360268
gaussian,128,8000,20,rand,running_mean,normweighted,128,0.00105614020833333,354.061062067234,1003.86453269353,2,0.00595183035216978
gaussian,128,8000,20,rand_r12,running_mean,normweighted,128,0.00427072354166667,354.061062067234,1003.86453269353,2,0.00595183035216978
gaussian,128,16000,1,det,na,na,0,0.089404681875,239.479234735151,1425.39257750277,NaN,0.0141350545099373
gaussian,128,16000,1,builtin,na,na,0,0.026358056875,256.868487160936,1425.39257750277,NaN,0.0109817579540765
gaussian,128,16000,1,rand,running_mean,normweighted,128,0.00153559854166667,432.084088635224,1425.39257750277,2,0.00570933301929919
gaussian,128,16000,1,rand_r12,running_mean,normweighted,128,0.012231806875,432.084088635224,1425.39257750277,2,0.00570933301929919
gaussian,128,16000,2,det,na,na,0,0.089591181875,239.810687901209,1425.39257750277,NaN,0.013077188604386
gaussian,128,16000,2,builtin,na,na,0,0.028023306875,247.037662919859,1425.39257750277,NaN,0.0121549072922938
gaussian,128,16000,2,rand,running_mean,normweighted,128,0.001661431875,454.70908592071,1425.39257750277,2,0.00485193016626819
gaussian,128,16000,2,rand_r12,running_mean,normweighted,128,0.0124355152083333,454.70908592071,1425.39257750277,2,0.00485193016626819
gaussian,128,16000,3,det,na,na,0,0.0917308902083333,237.418173572061,1425.39257750277,NaN,0.0143979256084144
gaussian,128,16000,3,builtin,na,na,0,0.0271795985416667,251.614641357243,1425.39257750277,NaN,0.0123066013568488
gaussian,128,16000,3,rand,running_mean,normweighted,128,0.001666556875,440.405349399088,1425.39257750277,2,0.0054149201510916
gaussian,128,16000,3,rand_r12,running_mean,normweighted,128,0.0123254735416667,440.405349399088,1425.39257750277,2,0.0054149201510916
gaussian,128,16000,4,det,na,na,0,0.0901753485416667,240.276939041855,1425.39257750277,NaN,0.0133958676281047
gaussian,128,16000,4,builtin,na,na,0,0.0267357235416667,250.555531454589,1425.39257750277,NaN,0.0107747862963005
gaussian,128,16000,4,rand,running_mean,normweighted,128,0.00145376520833333,583.272216721595,1425.39257750277,2,0.00399964150692943
gaussian,128,16000,4,rand_r12,running_mean,normweighted,128,0.0121480152083333,583.272216721595,1425.39257750277,2,0.00399964150692943
gaussian,128,16000,5,det,na,na,0,0.0899191402083333,241.162467632284,1425.39257750277,NaN,0.0134706274614271
gaussian,128,16000,5,builtin,na,na,0,0.0267380152083333,249.027890190443,1425.39257750277,NaN,0.0118295192137062
gaussian,128,16000,5,rand,running_mean,normweighted,128,0.00162326520833333,436.96887502867,1425.39257750277,2,0.0048423214567376
gaussian,128,16000,5,rand_r12,running_mean,normweighted,128,0.0122616402083333,436.96887502867,1425.39257750277,2,0.0048423214567376
gaussian,128,16000,6,det,na,na,0,0.0894866402083333,240.947111966544,1425.39257750277,NaN,0.0130726937280867
gaussian,128,16000,6,builtin,na,na,0,0.0264837235416667,252.675836099779,1425.39257750277,NaN,0.0102450993153261
gaussian,128,16000,6,rand,running_mean,normweighted,128,0.00163297354166667,437.083579143098,1425.39257750277,2,0.00547165297449612
gaussian,128,16000,6,rand_r12,running_mean,normweighted,128,0.0123478485416667,437.083579143098,1425.39257750277,2,0.00547165297449612
gaussian,128,16000,7,det,na,na,0,0.0903563485416667,238.309348173802,1425.39257750277,NaN,0.012180232907177
gaussian,128,16000,7,builtin,na,na,0,0.0262882235416667,255.160298567347,1425.39257750277,NaN,0.0107321198103674
gaussian,128,16000,7,rand,running_mean,normweighted,128,0.001583806875,502.45094285866,1425.39257750277,2,0.00511275498619045
gaussian,128,16000,7,rand_r12,running_mean,normweighted,128,0.0122502235416667,502.45094285866,1425.39257750277,2,0.00511275498619045
gaussian,128,16000,8,det,na,na,0,0.0896252235416667,240.450906152082,1425.39257750277,NaN,0.0137980640784754
gaussian,128,16000,8,builtin,na,na,0,0.026913681875,250.741479117537,1425.39257750277,NaN,0.0109987000719065
gaussian,128,16000,8,rand,running_mean,normweighted,128,0.001518556875,516.025462526674,1425.39257750277,2,0.00412433321668878
gaussian,128,16000,8,rand_r12,running_mean,normweighted,128,0.012013556875,516.025462526674,1425.39257750277,2,0.00412433321668878
gaussian,128,16000,9,det,na,na,0,0.0895746402083333,237.512504856884,1425.39257750277,NaN,0.0141410635201336
gaussian,128,16000,9,builtin,na,na,0,0.0269145985416667,251.604210664248,1425.39257750277,NaN,0.0123000112398701
gaussian,128,16000,9,rand,running_mean,normweighted,128,0.00153264020833333,468.248069151929,1425.39257750277,2,0.00500298748155825
gaussian,128,16000,9,rand_r12,running_mean,normweighted,128,0.0120714735416667,468.248069151929,1425.39257750277,2,0.00500298748155825
gaussian,128,16000,10,det,na,na,0,0.0898603485416667,240.901523888274,1425.39257750277,NaN,0.0132851944362365
gaussian,128,16000,10,builtin,na,na,0,0.0264780152083333,253.290281682294,1425.39257750277,NaN,0.0109446997320119
gaussian,128,16000,10,rand,running_mean,normweighted,128,0.00143351520833333,530.759441972543,1425.39257750277,2,0.00449482986091249
gaussian,128,16000,10,rand_r12,running_mean,normweighted,128,0.0117051402083333,530.759441972543,1425.39257750277,2,0.00449482986091249
gaussian,128,16000,11,det,na,na,0,0.0896915985416667,240.402844853226,1425.39257750277,NaN,0.013678347995627
gaussian,128,16000,11,builtin,na,na,0,0.0264295985416667,250.866449149852,1425.39257750277,NaN,0.0120584949353886
gaussian,128,16000,11,rand,running_mean,normweighted,128,0.00151184854166667,513.093101098468,1425.39257750277,2,0.00445842254962861
gaussian,128,16000,11,rand_r12,running_mean,normweighted,128,0.0122519735416667,513.093101098468,1425.39257750277,2,0.00445842254962861
gaussian,128,16000,12,det,na,na,0,0.0896882652083333,236.503592980726,1425.39257750277,NaN,0.0141015693895022
gaussian,128,16000,12,builtin,na,na,0,0.026533556875,254.435634157613,1425.39257750277,NaN,0.0121697865641612
gaussian,128,16000,12,rand,running_mean,normweighted,128,0.00143947354166667,486.936757405965,1425.39257750277,2,0.00507344034556612
gaussian,128,16000,12,rand_r12,running_mean,normweighted,128,0.0116531402083333,486.936757405965,1425.39257750277,2,0.00507344034556612
gaussian,128,16000,13,det,na,na,0,0.0900511402083333,237.804014874199,1425.39257750277,NaN,0.0147068847996705
gaussian,128,16000,13,builtin,na,na,0,0.0264294735416667,256.099729024465,1425.39257750277,NaN,0.0108041301216245
gaussian,128,16000,13,rand,running_mean,normweighted,128,0.00147126520833333,463.803730933346,1425.39257750277,2,0.00534845322719897
gaussian,128,16000,13,rand_r12,running_mean,normweighted,128,0.0118876402083333,463.803730933346,1425.39257750277,2,0.00534845322719897
gaussian,128,16000,14,det,na,na,0,0.0899278902083333,235.966110311828,1425.39257750277,NaN,0.0147028310179904
gaussian,128,16000,14,builtin,na,na,0,0.0261109735416667,256.687211767676,1425.39257750277,NaN,0.00974099046629302
gaussian,128,16000,14,rand,running_mean,normweighted,128,0.00154709854166667,431.017002276541,1425.39257750277,2,0.00577921137029055
gaussian,128,16000,14,rand_r12,running_mean,normweighted,128,0.012152806875,431.017002276541,1425.39257750277,2,0.00577921137029055
gaussian,128,16000,15,det,na,na,0,0.089504306875,240.173443560798,1425.39257750277,NaN,0.0132971466018439
gaussian,128,16000,15,builtin,na,na,0,0.0262250985416667,249.053717424438,1425.39257750277,NaN,0.0119071057287919
gaussian,128,16000,15,rand,running_mean,normweighted,128,0.00155934854166667,445.639335100858,1425.39257750277,2,0.0052001793601843
gaussian,128,16000,15,rand_r12,running_mean,normweighted,128,0.0120391402083333,445.639335100858,1425.39257750277,2,0.0052001793601843
gaussian,128,16000,16,det,na,na,0,0.0900931402083333,240.626874694246,1425.39257750277,NaN,0.013335179403279
gaussian,128,16000,16,builtin,na,na,0,0.0264218902083333,254.496913101995,1425.39257750277,NaN,0.0105414373086343
gaussian,128,16000,16,rand,running_mean,normweighted,128,0.00140809854166667,465.78410389073,1425.39257750277,2,0.00473848205972886
gaussian,128,16000,16,rand_r12,running_mean,normweighted,128,0.0114923902083333,465.78410389073,1425.39257750277,2,0.00473848205972886
gaussian,128,16000,17,det,na,na,0,0.0898354735416667,240.494259028078,1425.39257750277,NaN,0.0141582518790021
gaussian,128,16000,17,builtin,na,na,0,0.0261658485416667,251.706419935354,1425.39257750277,NaN,0.011586914352278
gaussian,128,16000,17,rand,running_mean,normweighted,128,0.00158284854166667,429.621951429913,1425.39257750277,2,0.00504123494525613
gaussian,128,16000,17,rand_r12,running_mean,normweighted,128,0.012079931875,429.621951429913,1425.39257750277,2,0.00504123494525613
gaussian,128,16000,18,det,na,na,0,0.089517806875,238.233252999968,1425.39257750277,NaN,0.0141466429501159
gaussian,128,16000,18,builtin,na,na,0,0.0260817235416667,253.646498385751,1425.39257750277,NaN,0.0115456717142556
gaussian,128,16000,18,rand,running_mean,normweighted,128,0.00142097354166667,428.833560946795,1425.39257750277,2,0.00504576118582636
gaussian,128,16000,18,rand_r12,running_mean,normweighted,128,0.0114690985416667,428.833560946795,1425.39257750277,2,0.00504576118582636
gaussian,128,16000,19,det,na,na,0,0.0902184735416667,239.939975817562,1425.39257750277,NaN,0.0144248281095011
gaussian,128,16000,19,builtin,na,na,0,0.0261343902083333,247.266072324795,1425.39257750277,NaN,0.0121545224368261
gaussian,128,16000,19,rand,running_mean,normweighted,128,0.00139301520833333,440.674038106048,1425.39257750277,2,0.00511838068650594
gaussian,128,16000,19,rand_r12,running_mean,normweighted,128,0.011443806875,440.674038106048,1425.39257750277,2,0.00511838068650594
gaussian,128,16000,20,det,na,na,0,0.0898692652083333,239.251488293681,1425.39257750277,NaN,0.0144430839330092
gaussian,128,16000,20,builtin,na,na,0,0.0259999735416667,254.138223088555,1425.39257750277,NaN,0.0110671241071543
gaussian,128,16000,20,rand,running_mean,normweighted,128,0.001556306875,435.475380338365,1425.39257750277,2,0.00568270947650859
gaussian,128,16000,20,rand_r12,running_mean,normweighted,128,0.012402431875,435.475380338365,1425.39257750277,2,0.00568270947650859
gaussian,128,32000,1,det,na,na,0,0.237860973541667,323.39337706126,2019.8376172356,NaN,0.010507952504977
gaussian,128,32000,1,builtin,na,na,0,0.105327598541667,347.603225315921,2019.8376172356,NaN,0.00873225685291497
gaussian,128,32000,1,rand,running_mean,normweighted,128,0.002642056875,639.526885836891,2019.8376172356,2,0.0036910117816759
gaussian,128,32000,1,rand_r12,running_mean,normweighted,128,0.0245258485416667,639.526885836891,2019.8376172356,2,0.0036910117816759
gaussian,128,32000,2,det,na,na,0,0.237527390208333,327.474732034307,2019.8376172356,NaN,0.00940837738088505
gaussian,128,32000,2,builtin,na,na,0,0.102152890208333,337.7834708712,2019.8376172356,NaN,0.00953897831713214
gaussian,128,32000,2,rand,running_mean,normweighted,128,0.002357056875,674.277316537682,2019.8376172356,2,0.00313334920105936
gaussian,128,32000,2,rand_r12,running_mean,normweighted,128,0.025039556875,674.277316537682,2019.8376172356,2,0.00313334920105936
gaussian,128,32000,3,det,na,na,0,0.237198473541667,329.349470476433,2019.8376172356,NaN,0.0101873045574387
gaussian,128,32000,3,builtin,na,na,0,0.103851348541667,342.714590348462,2019.8376172356,NaN,0.00842638386981525
gaussian,128,32000,3,rand,running_mean,normweighted,128,0.00239997354166667,703.688618029542,2019.8376172356,2,0.00328584815887481
gaussian,128,32000,3,rand_r12,running_mean,normweighted,128,0.0236162235416667,703.688618029542,2019.8376172356,2,0.00328584815887481
gaussian,128,32000,4,det,na,na,0,0.242403515208333,325.017750366904,2019.8376172356,NaN,0.0107650808339593
gaussian,128,32000,4,builtin,na,na,0,0.111197431875,351.519768963558,2019.8376172356,NaN,0.00786135342383035
gaussian,128,32000,4,rand,running_mean,normweighted,128,0.003092181875,618.362914900367,2019.8376172356,2,0.00386979095841912
gaussian,128,32000,4,rand_r12,running_mean,normweighted,128,0.0273688485416667,618.362914900367,2019.8376172356,2,0.00386979095841912
gaussian,128,32000,5,det,na,na,0,0.242502098541667,324.158125883463,2019.8376172356,NaN,0.0100251162763987
gaussian,128,32000,5,builtin,na,na,0,0.103093848541667,336.12402078185,2019.8376172356,NaN,0.00929631422244936
gaussian,128,32000,5,rand,running_mean,normweighted,128,0.002710181875,706.856750864343,2019.8376172356,2,0.00347086389120532
gaussian,128,32000,5,rand_r12,running_mean,normweighted,128,0.025684931875,706.856750864343,2019.8376172356,2,0.00347086389120532
gaussian,128,32000,6,det,na,na,0,0.243072681875,325.511001767422,2019.8376172356,NaN,0.0102553452686208
gaussian,128,32000,6,builtin,na,na,0,0.104264348541667,357.29275517136,2019.8376172356,NaN,0.00685688265828579
gaussian,128,32000,6,rand,running_mean,normweighted,128,0.002751431875,636.866396267459,2019.8376172356,2,0.00351284603307967
gaussian,128,32000,6,rand_r12,running_mean,normweighted,128,0.0256962652083333,636.866396267459,2019.8376172356,2,0.00351284603307967
gaussian,128,32000,7,det,na,na,0,0.242325598541667,327.843289793531,2019.8376172356,NaN,0.00999218543316328
gaussian,128,32000,7,builtin,na,na,0,0.103820223541667,328.581118404432,2019.8376172356,NaN,0.0100034262737449
gaussian,128,32000,7,rand,running_mean,normweighted,128,0.00267026520833333,588.91343816526,2019.8376172356,2,0.00449155993138453
gaussian,128,32000,7,rand_r12,running_mean,normweighted,128,0.025451306875,588.91343816526,2019.8376172356,2,0.00449155993138453
gaussian,128,32000,8,det,na,na,0,0.243077348541667,320.8907923036,2019.8376172356,NaN,0.0111043156295472
gaussian,128,32000,8,builtin,na,na,0,0.102883056875,339.552345829469,2019.8376172356,NaN,0.00870326896551925
gaussian,128,32000,8,rand,running_mean,normweighted,128,0.00251684854166667,658.185637514837,2019.8376172356,2,0.00337604358556819
gaussian,128,32000,8,rand_r12,running_mean,normweighted,128,0.0248980985416667,658.185637514837,2019.8376172356,2,0.00337604358556819
gaussian,128,32000,9,det,na,na,0,0.242299723541667,324.226487225278,2019.8376172356,NaN,0.0103110177211972
gaussian,128,32000,9,builtin,na,na,0,0.103742015208333,338.884627535607,2019.8376172356,NaN,0.00920268215711964
gaussian,128,32000,9,rand,running_mean,normweighted,128,0.00263122354166667,694.110347824358,2019.8376172356,2,0.00324530382124713
gaussian,128,32000,9,rand_r12,running_mean,normweighted,128,0.025515681875,694.110347824358,2019.8376172356,2,0.00324530382124713
gaussian,128,32000,10,det,na,na,0,0.242510973541667,322.579234650473,2019.8376172356,NaN,0.0107798387514951
gaussian,128,32000,10,builtin,na,na,0,0.103492681875,344.159465000366,2019.8376172356,NaN,0.00890229256634598
gaussian,128,32000,10,rand,running_mean,normweighted,128,0.002445556875,848.979525699573,2019.8376172356,2,0.00248853657577698
gaussian,128,32000,10,rand_r12,running_mean,normweighted,128,0.025123306875,848.979525699573,2019.8376172356,2,0.00248853657577698
gaussian,128,32000,11,det,na,na,0,0.243002181875,325.74001055091,2019.8376172356,NaN,0.00989188556806084
gaussian,128,32000,11,builtin,na,na,0,0.102033306875,345.759488315387,2019.8376172356,NaN,0.00809117555155288
gaussian,128,32000,11,rand,running_mean,normweighted,128,0.00251601520833333,667.615009655311,2019.8376172356,2,0.00293149598130983
gaussian,128,32000,11,rand_r12,running_mean,normweighted,128,0.0249537235416667,667.615009655311,2019.8376172356,2,0.00293149598130983
gaussian,128,32000,12,det,na,na,0,0.242613765208333,328.378878207401,2019.8376172356,NaN,0.00949584810076839
gaussian,128,32000,12,builtin,na,na,0,0.103742056875,350.184279013821,2019.8376172356,NaN,0.0076191076028114
gaussian,128,32000,12,rand,running_mean,normweighted,128,0.00258326520833333,655.575643412914,2019.8376172356,2,0.00300144937809895
gaussian,128,32000,12,rand_r12,running_mean,normweighted,128,0.0251377235416667,655.575643412914,2019.8376172356,2,0.00300144937809895
gaussian,128,32000,13,det,na,na,0,0.242856556875,325.664945716733,2019.8376172356,NaN,0.00970920308819457
gaussian,128,32000,13,builtin,na,na,0,0.105003931875,340.667111597159,2019.8376172356,NaN,0.0084523372693269
gaussian,128,32000,13,rand,running_mean,normweighted,128,0.00259609854166667,686.77797959701,2019.8376172356,2,0.00326553396795625
gaussian,128,32000,13,rand_r12,running_mean,normweighted,128,0.0252872235416667,686.77797959701,2019.8376172356,2,0.00326553396795625
gaussian,128,32000,14,det,na,na,0,0.242540015208333,331.324871317858,2019.8376172356,NaN,0.00989380363926262
gaussian,128,32000,14,builtin,na,na,0,0.102829765208333,352.450986924603,2019.8376172356,NaN,0.00792277975206828
gaussian,128,32000,14,rand,running_mean,normweighted,128,0.002567931875,614.384868458946,2019.8376172356,2,0.00378344405818619
gaussian,128,32000,14,rand_r12,running_mean,normweighted,128,0.0250208902083333,614.384868458946,2019.8376172356,2,0.00378344405818619
gaussian,128,32000,15,det,na,na,0,0.242794681875,321.255850623034,2019.8376172356,NaN,0.010130485666485
gaussian,128,32000,15,builtin,na,na,0,0.103687848541667,332.416442422904,2019.8376172356,NaN,0.0087367765254147
gaussian,128,32000,15,rand,running_mean,normweighted,128,0.00253814020833333,590.442286014881,2019.8376172356,2,0.00389322243431126
gaussian,128,32000,15,rand_r12,running_mean,normweighted,128,0.0249705152083333,590.442286014881,2019.8376172356,2,0.00389322243431126
gaussian,128,32000,16,det,na,na,0,0.242771681875,327.986710562605,2019.8376172356,NaN,0.00947218253146305
gaussian,128,32000,16,builtin,na,na,0,0.103638890208333,339.459656706314,2019.8376172356,NaN,0.00964482137134716
gaussian,128,32000,16,rand,running_mean,normweighted,128,0.002471056875,696.341627792372,2019.8376172356,2,0.00350165703499343
gaussian,128,32000,16,rand_r12,running_mean,normweighted,128,0.025443681875,696.341627792372,2019.8376172356,2,0.00350165703499343
gaussian,128,32000,17,det,na,na,0,0.242249640208333,324.491100633016,2019.8376172356,NaN,0.00967910122513937
gaussian,128,32000,17,builtin,na,na,0,0.103627015208333,348.828540665115,2019.8376172356,NaN,0.00793943669140931
gaussian,128,32000,17,rand,running_mean,normweighted,128,0.00246159854166667,763.154375278564,2019.8376172356,2,0.00246552678585627
gaussian,128,32000,17,rand_r12,running_mean,normweighted,128,0.0247911402083333,763.154375278564,2019.8376172356,2,0.00246552678585627
gaussian,128,32000,18,det,na,na,0,0.241847890208333,323.962976656521,2019.8376172356,NaN,0.0104097505850206
gaussian,128,32000,18,builtin,na,na,0,0.104056015208333,351.526184522435,2019.8376172356,NaN,0.00770141944732221
gaussian,128,32000,18,rand,running_mean,normweighted,128,0.00252909854166667,609.473459966487,2019.8376172356,2,0.00392397616473659
gaussian,128,32000,18,rand_r12,running_mean,normweighted,128,0.024252931875,609.473459966487,2019.8376172356,2,0.00392397616473659
gaussian,128,32000,19,det,na,na,0,0.237255140208333,328.009714606855,2019.8376172356,NaN,0.0102618625676192
gaussian,128,32000,19,builtin,na,na,0,0.101813931875,346.686263285437,2019.8376172356,NaN,0.00797601477140133
gaussian,128,32000,19,rand,running_mean,normweighted,128,0.00233609854166667,663.66020664661,2019.8376172356,2,0.00342998204067905
gaussian,128,32000,19,rand_r12,running_mean,normweighted,128,0.0233594735416667,663.66020664661,2019.8376172356,2,0.00342998204067905
gaussian,128,32000,20,det,na,na,0,0.237211890208333,324.268457767113,2019.8376172356,NaN,0.0109318449746445
gaussian,128,32000,20,builtin,na,na,0,0.103491223541667,330.465584560189,2019.8376172356,NaN,0.0100990414774011
gaussian,128,32000,20,rand,running_mean,normweighted,128,0.002549556875,623.803459904653,2019.8376172356,2,0.00390226476694926
gaussian,128,32000,20,rand_r12,running_mean,normweighted,128,0.0239385152083333,623.803459904653,2019.8376172356,2,0.00390226476694926
gaussian,128,64000,1,det,na,na,0,0.502857931875,442.743491483742,2859.32579465859,NaN,0.00808474955408924
gaussian,128,64000,1,builtin,na,na,0,0.273827306875,470.189846037196,2859.32579465859,NaN,0.00634136968668871
gaussian,128,64000,1,rand,running_mean,normweighted,128,0.005234181875,933.230021555047,2859.32579465859,2,0.00256949804587251
gaussian,128,64000,1,rand_r12,running_mean,normweighted,128,0.0489831402083333,933.230021555047,2859.32579465859,2,0.00256949804587251
gaussian,128,64000,2,det,na,na,0,0.502912848541667,439.491504432834,2859.32579465859,NaN,0.00777407538957943
gaussian,128,64000,2,builtin,na,na,0,0.280715556875,461.991661519469,2859.32579465859,NaN,0.00679413391522235
gaussian,128,64000,2,rand,running_mean,normweighted,128,0.00452809854166667,992.390007126275,2859.32579465859,2,0.00228082859755694
gaussian,128,64000,2,rand_r12,running_mean,normweighted,128,0.0471952235416667,992.390007126275,2859.32579465859,2,0.00228082859755694
gaussian,128,64000,3,det,na,na,0,0.506634348541667,444.076109044735,2859.32579465859,NaN,0.0074081486953885
gaussian,128,64000,3,builtin,na,na,0,0.279467473541667,464.649787935259,2859.32579465859,NaN,0.00624528545670767
gaussian,128,64000,3,rand,running_mean,normweighted,128,0.004993056875,939.933819502532,2859.32579465859,2,0.00212033180682264
gaussian,128,64000,3,rand_r12,running_mean,normweighted,128,0.0512425985416667,939.933819502532,2859.32579465859,2,0.00212033180682264
gaussian,128,64000,4,det,na,na,0,0.509424015208333,446.043735725043,2859.32579465859,NaN,0.00748907913456354
gaussian,128,64000,4,builtin,na,na,0,0.284956390208333,469.421233244346,2859.32579465859,NaN,0.00603300135508052
gaussian,128,64000,4,rand,running_mean,normweighted,128,0.00473951520833333,1588.58693750875,2859.32579465859,2,0.00105298891235356
gaussian,128,64000,4,rand_r12,running_mean,normweighted,128,0.0482284735416667,1588.58693750875,2859.32579465859,2,0.00105298891235356
gaussian,128,64000,5,det,na,na,0,0.502726265208333,449.375559355768,2859.32579465859,NaN,0.00772067412544316
gaussian,128,64000,5,builtin,na,na,0,0.274468806875,456.484841631403,2859.32579465859,NaN,0.00678858636909987
gaussian,128,64000,5,rand,running_mean,normweighted,128,0.00483847354166667,953.161438331439,2859.32579465859,2,0.00256087400314467
gaussian,128,64000,5,rand_r12,running_mean,normweighted,128,0.0486381402083333,953.161438331439,2859.32579465859,2,0.00256087400314467
gaussian,128,64000,6,det,na,na,0,0.510237473541667,444.591976412387,2859.32579465859,NaN,0.00809513101317323
gaussian,128,64000,6,builtin,na,na,0,0.272514931875,479.743707056055,2859.32579465859,NaN,0.0059751802490203
gaussian,128,64000,6,rand,running_mean,normweighted,128,0.00590076520833333,896.036558946957,2859.32579465859,2,0.00249960733817918
gaussian,128,64000,6,rand_r12,running_mean,normweighted,128,0.0526790985416667,896.036558946957,2859.32579465859,2,0.00249960733817918
gaussian,128,64000,7,det,na,na,0,0.503085515208333,446.529887055328,2859.32579465859,NaN,0.00796456503265242
gaussian,128,64000,7,builtin,na,na,0,0.273752598541667,466.13989523832,2859.32579465859,NaN,0.00643453585708691
gaussian,128,64000,7,rand,running_mean,normweighted,128,0.004755931875,1077.36005789902,2859.32579465859,2,0.00188620126812933
gaussian,128,64000,7,rand_r12,running_mean,normweighted,128,0.047795181875,1077.36005789902,2859.32579465859,2,0.00188620126812933
gaussian,128,64000,8,det,na,na,0,0.508539640208333,445.252419550558,2859.32579465859,NaN,0.00736838045460776
gaussian,128,64000,8,builtin,na,na,0,0.281868431875,479.946809789753,2859.32579465859,NaN,0.00621414443968033
gaussian,128,64000,8,rand,running_mean,normweighted,128,0.00526009854166667,931.84027027903,2859.32579465859,2,0.00220470784150697
gaussian,128,64000,8,rand_r12,running_mean,normweighted,128,0.0491613902083333,931.84027027903,2859.32579465859,2,0.00220470784150697
gaussian,128,64000,9,det,na,na,0,0.505009473541667,444.657720307146,2859.32579465859,NaN,0.00762018341358997
gaussian,128,64000,9,builtin,na,na,0,0.279356765208333,467.577404832881,2859.32579465859,NaN,0.00657791406135149
gaussian,128,64000,9,rand,running_mean,normweighted,128,0.004314056875,939.501823584882,2859.32579465859,2,0.00216924054347061
gaussian,128,64000,9,rand_r12,running_mean,normweighted,128,0.0465975152083333,939.501823584882,2859.32579465859,2,0.00216924054347061
gaussian,128,64000,10,det,na,na,0,0.503856265208333,442.075929939314,2859.32579465859,NaN,0.00797092745619094
gaussian,128,64000,10,builtin,na,na,0,0.275072681875,457.520084503979,2859.32579465859,NaN,0.00669084223077516
gaussian,128,64000,10,rand,running_mean,normweighted,128,0.004916931875,884.72136003731,2859.32579465859,2,0.00310897146118877
gaussian,128,64000,10,rand_r12,running_mean,normweighted,128,0.048659056875,884.72136003731,2859.32579465859,2,0.00310897146118877
gaussian,128,64000,11,det,na,na,0,0.513119973541667,444.169845109071,2859.32579465859,NaN,0.00801203501148386
gaussian,128,64000,11,builtin,na,na,0,0.288871348541667,471.569243090158,2859.32579465859,NaN,0.00696685014371092
gaussian,128,64000,11,rand,running_mean,normweighted,128,0.00437101520833333,927.963519970669,2859.32579465859,2,0.00265765788815777
gaussian,128,64000,11,rand_r12,running_mean,normweighted,128,0.047467681875,927.963519970669,2859.32579465859,2,0.00265765788815777
gaussian,128,64000,12,det,na,na,0,0.504358265208333,446.9245375333,2859.32579465859,NaN,0.00778094256199553
gaussian,128,64000,12,builtin,na,na,0,0.277044931875,459.660516720816,2859.32579465859,NaN,0.00725571729926911
gaussian,128,64000,12,rand,running_mean,normweighted,128,0.005060556875,996.570762694774,2859.32579465859,2,0.00223078463349964
gaussian,128,64000,12,rand_r12,running_mean,normweighted,128,0.0481831402083333,996.570762694774,2859.32579465859,2,0.00223078463349964
gaussian,128,64000,13,det,na,na,0,0.507747015208333,440.626847645964,2859.32579465859,NaN,0.00800029733151158
gaussian,128,64000,13,builtin,na,na,0,0.275743515208333,477.782705982688,2859.32579465859,NaN,0.0057010114402915
gaussian,128,64000,13,rand,running_mean,normweighted,128,0.004464556875,902.247653086201,2859.32579465859,2,0.0026057531435344
gaussian,128,64000,13,rand_r12,running_mean,normweighted,128,0.0479719735416667,902.247653086201,2859.32579465859,2,0.0026057531435344
gaussian,128,64000,14,det,na,na,0,0.502235598541667,440.606238135429,2859.32579465859,NaN,0.00805661839116918
gaussian,128,64000,14,builtin,na,na,0,0.273264598541667,471.682184820552,2859.32579465859,NaN,0.00623712493538996
gaussian,128,64000,14,rand,running_mean,normweighted,128,0.005058806875,968.58750787908,2859.32579465859,2,0.00203917681861278
gaussian,128,64000,14,rand_r12,running_mean,normweighted,128,0.0488629735416667,968.58750787908,2859.32579465859,2,0.00203917681861278
gaussian,128,64000,15,det,na,na,0,0.501450640208333,443.185611291938,2859.32579465859,NaN,0.0077576738010785
gaussian,128,64000,15,builtin,na,na,0,0.279556390208333,465.345295993309,2859.32579465859,NaN,0.00656537805220974
gaussian,128,64000,15,rand,running_mean,normweighted,128,0.004960931875,876.422857217212,2859.32579465859,2,0.0027791367126971
gaussian,128,64000,15,rand_r12,running_mean,normweighted,128,0.0503645152083333,876.422857217212,2859.32579465859,2,0.0027791367126971
gaussian,128,64000,16,det,na,na,0,0.515032306875,442.919390885892,2859.32579465859,NaN,0.00774701025339672
gaussian,128,64000,16,builtin,na,na,0,0.277621431875,468.492220859515,2859.32579465859,NaN,0.00631237841544046
gaussian,128,64000,16,rand,running_mean,normweighted,128,0.004879056875,941.978652741303,2859.32579465859,2,0.00205301835712593
gaussian,128,64000,16,rand_r12,running_mean,normweighted,128,0.0480903485416667,941.978652741303,2859.32579465859,2,0.00205301835712593
gaussian,128,64000,17,det,na,na,0,0.502108390208333,446.924187005899,2859.32579465859,NaN,0.00713673831562825
gaussian,128,64000,17,builtin,na,na,0,0.277547890208333,457.572729436093,2859.32579465859,NaN,0.0072062505787957
gaussian,128,64000,17,rand,running_mean,normweighted,128,0.00507834854166667,901.803017250075,2859.32579465859,2,0.00298362967067479
gaussian,128,64000,17,rand_r12,running_mean,normweighted,128,0.0482570152083333,901.803017250075,2859.32579465859,2,0.00298362967067479
gaussian,128,64000,18,det,na,na,0,0.502166056875,440.910114599768,2859.32579465859,NaN,0.00807063740785317
gaussian,128,64000,18,builtin,na,na,0,0.276978890208333,468.638869434051,2859.32579465859,NaN,0.00647437771590214
gaussian,128,64000,18,rand,running_mean,normweighted,128,0.004493181875,1038.95578023604,2859.32579465859,2,0.00193457948915905
gaussian,128,64000,18,rand_r12,running_mean,normweighted,128,0.0476535152083333,1038.95578023604,2859.32579465859,2,0.00193457948915905
gaussian,128,64000,19,det,na,na,0,0.502316681875,444.162402001171,2859.32579465859,NaN,0.00779846824040014
gaussian,128,64000,19,builtin,na,na,0,0.277955431875,466.222955198882,2859.32579465859,NaN,0.00649536622577087
gaussian,128,64000,19,rand,running_mean,normweighted,128,0.00486189020833333,939.089680249414,2859.32579465859,2,0.00254265053148625
gaussian,128,64000,19,rand_r12,running_mean,normweighted,128,0.0475093902083333,939.089680249414,2859.32579465859,2,0.00254265053148625
gaussian,128,64000,20,det,na,na,0,0.502881348541667,446.025158968761,2859.32579465859,NaN,0.00795097697731204
gaussian,128,64000,20,builtin,na,na,0,0.271791556875,465.992488943343,2859.32579465859,NaN,0.00655817579943697
gaussian,128,64000,20,rand,running_mean,normweighted,128,0.00484726520833333,953.993567178652,2859.32579465859,2,0.0022861167293901
gaussian,128,64000,20,rand_r12,running_mean,normweighted,128,0.0484025985416667,953.993567178652,2859.32579465859,2,0.0022861167293901
spiked_leverage,128,1000,1,det,na,na,0,0.00413009854166667,27.1505086294026,334.281318652419,NaN,0.0898889616118474
spiked_leverage,128,1000,1,builtin,na,na,0,0.00287909854166667,26.3860089861722,334.281318652419,NaN,0.105002857706743
spiked_leverage,128,1000,1,rand,running_mean,normweighted,128,0.000858585208333333,47.279421091554,334.281318652419,2,0.0415086224049325
spiked_leverage,128,1000,1,rand_r12,running_mean,normweighted,128,0.001148931875,47.279421091554,334.281318652419,2,0.0415086224049325
spiked_leverage,128,1000,2,det,na,na,0,0.00413997354166667,27.3499660261356,334.281318652419,NaN,0.0796387419702448
spiked_leverage,128,1000,2,builtin,na,na,0,0.00289797354166667,28.7424445215331,334.281318652419,NaN,0.0725043505716021
spiked_leverage,128,1000,2,rand,running_mean,normweighted,128,0.000965181875,56.9440333662674,334.281318652419,2,0.0278453584191524
spiked_leverage,128,1000,2,rand_r12,running_mean,normweighted,128,0.001380306875,56.9440333662674,334.281318652419,2,0.0278453584191524
spiked_leverage,128,1000,3,det,na,na,0,0.004129806875,27.4319417276688,334.281318652419,NaN,0.0940311165148748
spiked_leverage,128,1000,3,builtin,na,na,0,0.00277184854166667,27.7724945490129,334.281318652419,NaN,0.0782153900374172
spiked_leverage,128,1000,3,rand,running_mean,normweighted,128,0.000703897708333333,66.5644443769157,334.281318652419,1,0.0196677350772831
spiked_leverage,128,1000,3,rand_r12,running_mean,normweighted,128,0.00114526520833333,66.5644443769157,334.281318652419,1,0.0196677350772831
spiked_leverage,128,1000,4,det,na,na,0,0.004014931875,27.6757799870829,334.281318652419,NaN,0.0869514928799894
spiked_leverage,128,1000,4,builtin,na,na,0,0.00276647354166667,27.0448291822415,334.281318652419,NaN,0.0907946149445213
spiked_leverage,128,1000,4,rand,running_mean,normweighted,128,0.000778460208333333,42.3008043093496,334.281318652419,2,0.0519234991412771
spiked_leverage,128,1000,4,rand_r12,running_mean,normweighted,128,0.001095806875,42.3008043093496,334.281318652419,2,0.0519234991412771
spiked_leverage,128,1000,5,det,na,na,0,0.004028556875,26.2242506311738,334.281318652419,NaN,0.0960450844235141
spiked_leverage,128,1000,5,builtin,na,na,0,0.00264547354166667,28.1217614685607,334.281318652419,NaN,0.0827775984706114
spiked_leverage,128,1000,5,rand,running_mean,normweighted,128,0.000828835208333333,47.6295549272548,334.281318652419,2,0.0391214228165257
spiked_leverage,128,1000,5,rand_r12,running_mean,normweighted,128,0.00132197354166667,47.6295549272548,334.281318652419,2,0.0391214228165257
spiked_leverage,128,1000,6,det,na,na,0,0.00386176520833333,26.8924120471149,334.281318652419,NaN,0.100425661619242
spiked_leverage,128,1000,6,builtin,na,na,0,0.00267814020833333,28.0039459104399,334.281318652419,NaN,0.087032832145127
spiked_leverage,128,1000,6,rand,running_mean,normweighted,128,0.000836543541666667,41.3913824806407,334.281318652419,2,0.0539485102173051
spiked_leverage,128,1000,6,rand_r12,running_mean,normweighted,128,0.00128022354166667,41.3913824806407,334.281318652419,2,0.0539485102173051
spiked_leverage,128,1000,7,det,na,na,0,0.003799931875,26.9494612418381,334.281318652419,NaN,0.0949518505808628
spiked_leverage,128,1000,7,builtin,na,na,0,0.002616681875,27.4711048526352,334.281318652419,NaN,0.0861143468865833
spiked_leverage,128,1000,7,rand,running_mean,normweighted,128,0.000783356041666667,46.9754188742864,334.281318652419,2,0.0358248509479321
spiked_leverage,128,1000,7,rand_r12,running_mean,normweighted,128,0.00113964020833333,46.9754188742864,334.281318652419,2,0.0358248509479321
spiked_leverage,128,1000,8,det,na,na,0,0.00377697354166667,27.7370422149598,334.281318652419,NaN,0.0904113526432787
spiked_leverage,128,1000,8,builtin,na,na,0,0.002593056875,29.3583372072656,334.281318652419,NaN,0.0631804997326987
spiked_leverage,128,1000,8,rand,running_mean,normweighted,128,0.000806835208333333,39.5579650497927,334.281318652419,2,0.0608376710456708
spiked_leverage,128,1000,8,rand_r12,running_mean,normweighted,128,0.00124134854166667,39.5579650497927,334.281318652419,2,0.0608376710456708
spiked_leverage,128,1000,9,det,na,na,0,0.00372776520833333,28.3138951161504,334.281318652419,NaN,0.0783293273481598
spiked_leverage,128,1000,9,builtin,na,na,0,0.00245359854166667,28.5944065370326,334.281318652419,NaN,0.0741451262636719
spiked_leverage,128,1000,9,rand,running_mean,normweighted,128,0.000754189375,42.2040826116763,334.281318652419,2,0.0529889032730576
spiked_leverage,128,1000,9,rand_r12,running_mean,normweighted,128,0.00101251520833333,42.2040826116763,334.281318652419,2,0.0529889032730576
spiked_leverage,128,1000,10,det,na,na,0,0.003673431875,26.8880999422649,334.281318652419,NaN,0.0963021289309131
spiked_leverage,128,1000,10,builtin,na,na,0,0.00243039020833333,26.5575233391379,334.281318652419,NaN,0.0986002397299018
spiked_leverage,128,1000,10,rand,running_mean,normweighted,128,0.000768668541666667,57.4284816431511,334.281318652419,2,0.031657782962452
spiked_leverage,128,1000,10,rand_r12,running_mean,normweighted,128,0.00119476520833333,57.4284816431511,334.281318652419,2,0.031657782962452
spiked_leverage,128,1000,11,det,na,na,0,0.00380389020833333,27.9589587417394,334.281318652419,NaN,0.0797559287414889
spiked_leverage,128,1000,11,builtin,na,na,0,0.00250259854166667,26.7821147535166,334.281318652419,NaN,0.0848375027745948
spiked_leverage,128,1000,11,rand,running_mean,normweighted,128,0.000734689375,53.7250234147814,334.281318652419,2,0.0301603024473704
spiked_leverage,128,1000,11,rand_r12,running_mean,normweighted,128,0.00110364020833333,53.7250234147814,334.281318652419,2,0.0301603024473704
spiked_leverage,128,1000,12,det,na,na,0,0.00377714020833333,26.7229351689849,334.281318652419,NaN,0.104309054590964
spiked_leverage,128,1000,12,builtin,na,na,0,0.00252009854166667,28.0035809077506,334.281318652419,NaN,0.0839830489062646
spiked_leverage,128,1000,12,rand,running_mean,normweighted,128,0.000598606041666667,92.7800475090186,334.281318652419,1,0.0139676647579583
spiked_leverage,128,1000,12,rand_r12,running_mean,normweighted,128,0.000852814375,92.7800475090186,334.281318652419,1,0.0139676647579583
spiked_leverage,128,1000,13,det,na,na,0,0.00375722354166667,26.5859254211853,334.281318652419,NaN,0.0950873777011235
spiked_leverage,128,1000,13,builtin,na,na,0,0.00247389020833333,27.7559232065889,334.281318652419,NaN,0.0870017449122456
spiked_leverage,128,1000,13,rand,running_mean,normweighted,128,0.000733043541666667,47.4102486112273,334.281318652419,2,0.0367751635577346
spiked_leverage,128,1000,13,rand_r12,running_mean,normweighted,128,0.001195181875,47.4102486112273,334.281318652419,2,0.0367751635577346
spiked_leverage,128,1000,14,det,na,na,0,0.003745806875,25.9710334369618,334.281318652419,NaN,0.0932002787533865
spiked_leverage,128,1000,14,builtin,na,na,0,0.00249314020833333,26.7629246088042,334.281318652419,NaN,0.0842006683957095
spiked_leverage,128,1000,14,rand,running_mean,normweighted,128,0.000695439375,41.5222955434536,334.281318652419,2,0.0509176994112593
spiked_leverage,128,1000,14,rand_r12,running_mean,normweighted,128,0.000980515208333333,41.5222955434536,334.281318652419,2,0.0509176994112593
spiked_leverage,128,1000,15,det,na,na,0,0.00377109854166667,26.9636052276118,334.281318652419,NaN,0.0905935870092858
spiked_leverage,128,1000,15,builtin,na,na,0,0.002514556875,27.0944333532002,334.281318652419,NaN,0.0937749994754303
spiked_leverage,128,1000,15,rand,running_mean,normweighted,128,0.000697689375,45.202585389275,334.281318652419,2,0.0494811751766038
spiked_leverage,128,1000,15,rand_r12,running_mean,normweighted,128,0.000990390208333333,45.202585389275,334.281318652419,2,0.0494811751766038
spiked_leverage,128,1000,16,det,na,na,0,0.003760431875,26.268350337758,334.281318652419,NaN,0.108793072504665
spiked_leverage,128,1000,16,builtin,na,na,0,0.00246876520833333,26.6781009642845,334.281318652419,NaN,0.0862251961123489
spiked_leverage,128,1000,16,rand,running_mean,normweighted,128,0.000682335208333333,43.5757162018412,334.281318652419,2,0.0461759245683394
spiked_leverage,128,1000,16,rand_r12,running_mean,normweighted,128,0.000964689375,43.5757162018412,334.281318652419,2,0.0461759245683394
spiked_leverage,128,1000,17,det,na,na,0,0.003811556875,27.2281828965397,334.281318652419,NaN,0.0906277742308879
spiked_leverage,128,1000,17,builtin,na,na,0,0.00250489020833333,27.0848273048123,334.281318652419,NaN,0.0791934466303309
spiked_leverage,128,1000,17,rand,running_mean,normweighted,128,0.000742918541666667,40.549687234126,334.281318652419,2,0.0496788956452523
spiked_leverage,128,1000,17,rand_r12,running_mean,normweighted,128,0.00118609854166667,40.549687234126,334.281318652419,2,0.0496788956452523
spiked_leverage,128,1000,18,det,na,na,0,0.00377872354166667,26.3791591251842,334.281318652419,NaN,0.0991090851735459
spiked_leverage,128,1000,18,builtin,na,na,0,0.00252151520833333,28.9207970039253,334.281318652419,NaN,0.0725041886781699
spiked_leverage,128,1000,18,rand,running_mean,normweighted,128,0.000593314375,51.6652527537401,334.281318652419,1,0.0323925975581119
spiked_leverage,128,1000,18,rand_r12,running_mean,normweighted,128,0.000863043541666667,51.6652527537401,334.281318652419,1,0.0323925975581119
spiked_leverage,128,1000,19,det,na,na,0,0.00375322354166667,27.0291854793271,334.281318652419,NaN,0.0881027132197054
spiked_leverage,128,1000,19,builtin,na,na,0,0.00252459854166667,27.9506191755337,334.281318652419,NaN,0.0787751006111334
spiked_leverage,128,1000,19,rand,running_mean,normweighted,128,0.000746835208333333,43.0436896699365,334.281318652419,2,0.0480737690120186
spiked_leverage,128,1000,19,rand_r12,running_mean,normweighted,128,0.00118614020833333,43.0436896699365,334.281318652419,2,0.0480737690120186
spiked_leverage,128,1000,20,det,na,na,0,0.003775431875,27.4238808311432,334.281318652419,NaN,0.0849735228349017
spiked_leverage,128,1000,20,builtin,na,na,0,0.00249034854166667,28.1670968268301,334.281318652419,NaN,0.0808660881527945
spiked_leverage,128,1000,20,rand,running_mean,normweighted,128,0.000669814375,49.3009373910066,334.281318652419,2,0.0397914967039075
spiked_leverage,128,1000,20,rand_r12,running_mean,normweighted,128,0.000957848541666667,49.3009373910066,334.281318652419,2,0.0397914967039075
spiked_leverage,128,2000,1,det,na,na,0,0.00790964020833333,26.8732347627592,489.636599939179,NaN,0.0885367950005629
spiked_leverage,128,2000,1,builtin,na,na,0,0.004265556875,27.750190125714,489.636599939179,NaN,0.0839947941836901
spiked_leverage,128,2000,1,rand,running_mean,normweighted,128,0.000774897708333333,43.9777331613533,489.636599939179,2,0.0403921552962715
spiked_leverage,128,2000,1,rand_r12,running_mean,normweighted,128,0.00154564020833333,43.9777331613533,489.636599939179,2,0.0403921552962715
spiked_leverage,128,2000,2,det,na,na,0,0.00799197354166667,27.8237894693074,489.636599939179,NaN,0.0893196151539568
spiked_leverage,128,2000,2,builtin,na,na,0,0.00424176520833333,28.4339408000761,489.636599939179,NaN,0.0842599532086436
spiked_leverage,128,2000,2,rand,running_mean,normweighted,128,0.000710376875,47.2544353208028,489.636599939179,2,0.0375237005424759
spiked_leverage,128,2000,2,rand_r12,running_mean,normweighted,128,0.00128784854166667,47.2544353208028,489.636599939179,2,0.0375237005424759
spiked_leverage,128,2000,3,det,na,na,0,0.00790989020833333,27.9213789047211,489.636599939179,NaN,0.0764037448253914
spiked_leverage,128,2000,3,builtin,na,na,0,0.004257681875,27.7007642425373,489.636599939179,NaN,0.0785920889849622
spiked_leverage,128,2000,3,rand,running_mean,normweighted,128,0.000774460208333333,51.6835089699532,489.636599939179,2,0.0316839790561291
spiked_leverage,128,2000,3,rand_r12,running_mean,normweighted,128,0.00154034854166667,51.6835089699532,489.636599939179,2,0.0316839790561291
spiked_leverage,128,2000,4,det,na,na,0,0.007904556875,27.5054987815704,489.636599939179,NaN,0.0843331471396229
spiked_leverage,128,2000,4,builtin,na,na,0,0.00423872354166667,28.4465605030058,489.636599939179,NaN,0.0721802965451575
spiked_leverage,128,2000,4,rand,running_mean,normweighted,128,0.000783981041666667,52.6548153511431,489.636599939179,2,0.031287937138321
spiked_leverage,128,2000,4,rand_r12,running_mean,normweighted,128,0.001530556875,52.6548153511431,489.636599939179,2,0.031287937138321
spiked_leverage,128,2000,5,det,na,na,0,0.007959181875,26.2019843982974,489.636599939179,NaN,0.0948063582709836
spiked_leverage,128,2000,5,builtin,na,na,0,0.00420584854166667,26.423304353165,489.636599939179,NaN,0.0925800032156237
spiked_leverage,128,2000,5,rand,running_mean,normweighted,128,0.000774314375,52.4865485924791,489.636599939179,2,0.0319201707645528
spiked_leverage,128,2000,5,rand_r12,running_mean,normweighted,128,0.00153947354166667,52.4865485924791,489.636599939179,2,0.0319201707645528
spiked_leverage,128,2000,6,det,na,na,0,0.00797289020833333,26.3669022622345,489.636599939179,NaN,0.0962852472096277
spiked_leverage,128,2000,6,builtin,na,na,0,0.00425751520833333,26.4011183559664,489.636599939179,NaN,0.096610542411464
spiked_leverage,128,2000,6,rand,running_mean,normweighted,128,0.000773251875,59.6667101157415,489.636599939179,2,0.0302115045375845
spiked_leverage,128,2000,6,rand_r12,running_mean,normweighted,128,0.001545681875,59.6667101157415,489.636599939179,2,0.0302115045375845
spiked_leverage,128,2000,7,det,na,na,0,0.00787889020833333,27.0854628230472,489.636599939179,NaN,0.0869631091681186
spiked_leverage,128,2000,7,builtin,na,na,0,0.00418084854166667,27.319498670455,489.636599939179,NaN,0.0795299933129946
spiked_leverage,128,2000,7,rand,running_mean,normweighted,128,0.000713772708333333,49.4002583950569,489.636599939179,2,0.0354166756589953
spiked_leverage,128,2000,7,rand_r12,running_mean,normweighted,128,0.00145964020833333,49.4002583950569,489.636599939179,2,0.0354166756589953
spiked_leverage,128,2000,8,det,na,na,0,0.00793026520833333,26.963595125043,489.636599939179,NaN,0.100538512948717
spiked_leverage,128,2000,8,builtin,na,na,0,0.004261931875,27.196125097023,489.636599939179,NaN,0.0918177238895859
spiked_leverage,128,2000,8,rand,running_mean,normweighted,128,0.000771376875,52.5361198259715,489.636599939179,2,0.0371230242692907
spiked_leverage,128,2000,8,rand_r12,running_mean,normweighted,128,0.00154576520833333,52.5361198259715,489.636599939179,2,0.0371230242692907
spiked_leverage,128,2000,9,det,na,na,0,0.00788297354166667,26.8635194174853,489.636599939179,NaN,0.0833442795369048
spiked_leverage,128,2000,9,builtin,na,na,0,0.00423464020833333,27.7716146679207,489.636599939179,NaN,0.0925000350657051
spiked_leverage,128,2000,9,rand,running_mean,normweighted,128,0.000770335208333333,47.8097772214404,489.636599939179,2,0.0426093544581139
spiked_leverage,128,2000,9,rand_r12,running_mean,normweighted,128,0.00154239020833333,47.8097772214404,489.636599939179,2,0.0426093544581139
spiked_leverage,128,2000,10,det,na,na,0,0.007976431875,27.2901565494609,489.636599939179,NaN,0.0873427483110876
spiked_leverage,128,2000,10,builtin,na,na,0,0.00425059854166667,26.1779732279593,489.636599939179,NaN,0.083822738797424
spiked_leverage,128,2000,10,rand,running_mean,normweighted,128,0.000623939375,90.9126883638472,489.636599939179,1,0.0141673533599523
spiked_leverage,128,2000,10,rand_r12,running_mean,normweighted,128,0.00125734854166667,90.9126883638472,489.636599939179,1,0.0141673533599523
spiked_leverage,128,2000,11,det,na,na,0,0.007931556875,27.3341792399154,489.636599939179,NaN,0.0945745252577545
spiked_leverage,128,2000,11,builtin,na,na,0,0.004205056875,27.5718458873545,489.636599939179,NaN,0.0831471382571409
spiked_leverage,128,2000,11,rand,running_mean,normweighted,128,0.000719147708333333,45.1926426657857,489.636599939179,2,0.0423462597314564
spiked_leverage,128,2000,11,rand_r12,running_mean,normweighted,128,0.001394056875,45.1926426657857,489.636599939179,2,0.0423462597314564
spiked_leverage,128,2000,12,det,na,na,0,0.007974556875,27.1877210890409,489.636599939179,NaN,0.0909615904969729
spiked_leverage,128,2000,12,builtin,na,na,0,0.00413609854166667,27.3897406307451,489.636599939179,NaN,0.0849967548113989
spiked_leverage,128,2000,12,rand,running_mean,normweighted,128,0.000731397708333333,40.9892010878982,489.636599939179,2,0.0474457952259184
spiked_leverage,128,2000,12,rand_r12,running_mean,normweighted,128,0.00133347354166667,40.9892010878982,489.636599939179,2,0.0474457952259184
spiked_leverage,128,2000,13,det,na,na,0,0.00789059854166667,26.2264337811444,489.636599939179,NaN,0.0964521769651361
spiked_leverage,128,2000,13,builtin,na,na,0,0.00426714020833333,27.0981849358632,489.636599939179,NaN,0.0920190601276292
spiked_leverage,128,2000,13,rand,running_mean,normweighted,128,0.000779064375,43.1224328225692,489.636599939179,2,0.0477529709368773
spiked_leverage,128,2000,13,rand_r12,running_mean,normweighted,128,0.001542431875,43.1224328225692,489.636599939179,2,0.0477529709368773
spiked_leverage,128,2000,14,det,na,na,0,0.00804376520833333,27.0812108428673,489.636599939179,NaN,0.0970422168922321
spiked_leverage,128,2000,14,builtin,na,na,0,0.004124556875,27.529496592311,489.636599939179,NaN,0.0967532968665964
spiked_leverage,128,2000,14,rand,running_mean,normweighted,128,0.000725147708333333,40.8612354185163,489.636599939179,2,0.0488719516839535
spiked_leverage,128,2000,14,rand_r12,running_mean,normweighted,128,0.001510681875,40.8612354185163,489.636599939179,2,0.0488719516839535
spiked_leverage,128,2000,15,det,na,na,0,0.007935181875,27.0004374644569,489.636599939179,NaN,0.0875948226249919
spiked_leverage,128,2000,15,builtin,na,na,0,0.00425009854166667,28.3028889633194,489.636599939179,NaN,0.0766389887489245
spiked_leverage,128,2000,15,rand,running_mean,normweighted,128,0.000724606041666667,64.8504790620655,489.636599939179,2,0.0267386910906412
spiked_leverage,128,2000,15,rand_r12,running_mean,normweighted,128,0.001323056875,64.8504790620655,489.636599939179,2,0.0267386910906412
spiked_leverage,128,2000,16,det,na,na,0,0.00794059854166667,25.2817596015446,489.636599939179,NaN,0.113447144092798
spiked_leverage,128,2000,16,builtin,na,na,0,0.00416689020833333,29.339091994743,489.636599939179,NaN,0.0668078189518235
spiked_leverage,128,2000,16,rand,running_mean,normweighted,128,0.000712668541666667,62.209814355309,489.636599939179,2,0.0266813856017393
spiked_leverage,128,2000,16,rand_r12,running_mean,normweighted,128,0.00131039020833333,62.209814355309,489.636599939179,2,0.0266813856017393
spiked_leverage,128,2000,17,det,na,na,0,0.00793089020833333,27.1125448084867,489.636599939179,NaN,0.0931657001919017
spiked_leverage,128,2000,17,builtin,na,na,0,0.004199181875,28.6192209653617,489.636599939179,NaN,0.0795042966197938
spiked_leverage,128,2000,17,rand,running_mean,normweighted,128,0.000774418541666667,41.3437440674714,489.636599939179,2,0.0486263448306118
spiked_leverage,128,2000,17,rand_r12,running_mean,normweighted,128,0.00154426520833333,41.3437440674714,489.636599939179,2,0.0486263448306118
spiked_leverage,128,2000,18,det,na,na,0,0.007943181875,26.8508859232717,489.636599939179,NaN,0.100635534686457
spiked_leverage,128,2000,18,builtin,na,na,0,0.00445701520833333,27.4412959334427,489.636599939179,NaN,0.0762612278343901
spiked_leverage,128,2000,18,rand,running_mean,normweighted,128,0.000766022708333333,55.1411063112053,489.636599939179,2,0.0288717515400285
spiked_leverage,128,2000,18,rand_r12,running_mean,normweighted,128,0.001538556875,55.1411063112053,489.636599939179,2,0.0288717515400285
spiked_leverage,128,2000,19,det,na,na,0,0.00795551520833333,27.2409602351723,489.636599939179,NaN,0.091725173718458
spiked_leverage,128,2000,19,builtin,na,na,0,0.00415901520833333,27.4433943567307,489.636599939179,NaN,0.087213967309627
spiked_leverage,128,2000,19,rand,running_mean,normweighted,128,0.000774481041666667,53.0569390925022,489.636599939179,2,0.0327530936724173
spiked_leverage,128,2000,19,rand_r12,running_mean,normweighted,128,0.001547806875,53.0569390925022,489.636599939179,2,0.0327530936724173
spiked_leverage,128,2000,20,det,na,na,0,0.007960681875,26.6904411189539,489.636599939179,NaN,0.0880290315370982
spiked_leverage,128,2000,20,builtin,na,na,0,0.00416747354166667,29.4250836628886,489.636599939179,NaN,0.0796536610459738
spiked_leverage,128,2000,20,rand,running_mean,normweighted,128,0.000721043541666667,57.335801030016,489.636599939179,2,0.0292118840255036
spiked_leverage,128,2000,20,rand_r12,running_mean,normweighted,128,0.001347306875,57.335801030016,489.636599939179,2,0.0292118840255036
spiked_leverage,128,4000,1,det,na,na,0,0.0156253485416667,26.7411686024166,704.09090322202,NaN,0.0993781753734883
spiked_leverage,128,4000,1,builtin,na,na,0,0.00729084854166667,26.7708908939245,704.09090322202,NaN,0.0880669018888262
spiked_leverage,128,4000,1,rand,running_mean,normweighted,128,0.000837585208333333,57.3934447046621,704.09090322202,2,0.0290966444182219
spiked_leverage,128,4000,1,rand_r12,running_mean,normweighted,128,0.00240014020833333,57.3934447046621,704.09090322202,2,0.0290966444182219
spiked_leverage,128,4000,2,det,na,na,0,0.015675806875,26.664554470782,704.09090322202,NaN,0.0922493512698278
spiked_leverage,128,4000,2,builtin,na,na,0,0.007277806875,28.0793747683861,704.09090322202,NaN,0.0828604619211981
spiked_leverage,128,4000,2,rand,running_mean,normweighted,128,0.000785606041666667,44.6024854795339,704.09090322202,2,0.0439722936842962
spiked_leverage,128,4000,2,rand_r12,running_mean,normweighted,128,0.00226959854166667,44.6024854795339,704.09090322202,2,0.0439722936842962
spiked_leverage,128,4000,3,det,na,na,0,0.0156662652083333,26.5736397087906,704.09090322202,NaN,0.100289330870852
spiked_leverage,128,4000,3,builtin,na,na,0,0.00734897354166667,28.3725453155981,704.09090322202,NaN,0.0785851894136141
spiked_leverage,128,4000,3,rand,running_mean,normweighted,128,0.000778085208333333,67.0539074871941,704.09090322202,2,0.0227509831206827
spiked_leverage,128,4000,3,rand_r12,running_mean,normweighted,128,0.002004556875,67.0539074871941,704.09090322202,2,0.0227509831206827
spiked_leverage,128,4000,4,det,na,na,0,0.0156856402083333,26.8547541359854,704.09090322202,NaN,0.0934524022541652
spiked_leverage,128,4000,4,builtin,na,na,0,0.00737001520833333,26.9552716481249,704.09090322202,NaN,0.0962169886011204
spiked_leverage,128,4000,4,rand,running_mean,normweighted,128,0.000788126875,47.9233316672352,704.09090322202,2,0.0393529910535622
spiked_leverage,128,4000,4,rand_r12,running_mean,normweighted,128,0.00201389020833333,47.9233316672352,704.09090322202,2,0.0393529910535622
spiked_leverage,128,4000,5,det,na,na,0,0.015730306875,26.5420262361858,704.09090322202,NaN,0.102044608239532
spiked_leverage,128,4000,5,builtin,na,na,0,0.00728522354166667,27.9573921631661,704.09090322202,NaN,0.0781018445306849
spiked_leverage,128,4000,5,rand,running_mean,normweighted,128,0.000842585208333333,55.4281022331061,704.09090322202,2,0.0291865364279724
spiked_leverage,128,4000,5,rand_r12,running_mean,normweighted,128,0.00244947354166667,55.4281022331061,704.09090322202,2,0.0291865364279724
spiked_leverage,128,4000,6,det,na,na,0,0.0157095985416667,26.1132218962967,704.09090322202,NaN,0.0963643231103733
spiked_leverage,128,4000,6,builtin,na,na,0,0.00739234854166667,27.5400099996067,704.09090322202,NaN,0.0806045092268308
spiked_leverage,128,4000,6,rand,running_mean,normweighted,128,0.000782481041666667,72.399990638116,704.09090322202,2,0.0210221050793322
spiked_leverage,128,4000,6,rand_r12,running_mean,normweighted,128,0.00199372354166667,72.399990638116,704.09090322202,2,0.0210221050793322
spiked_leverage,128,4000,7,det,na,na,0,0.015744931875,26.596442095263,704.09090322202,NaN,0.104436445278858
spiked_leverage,128,4000,7,builtin,na,na,0,0.00734914020833333,28.6217569946857,704.09090322202,NaN,0.0741917456352878
spiked_leverage,128,4000,7,rand,running_mean,normweighted,128,0.000786314375,67.6724640234775,704.09090322202,2,0.0254778646631258
spiked_leverage,128,4000,7,rand_r12,running_mean,normweighted,128,0.00202122354166667,67.6724640234775,704.09090322202,2,0.0254778646631258
spiked_leverage,128,4000,8,det,na,na,0,0.0158120152083333,28.3148827382738,704.09090322202,NaN,0.0768414841823227
spiked_leverage,128,4000,8,builtin,na,na,0,0.007302681875,29.3577276278049,704.09090322202,NaN,0.0731796774525688
spiked_leverage,128,4000,8,rand,running_mean,normweighted,128,0.000842064375,56.1657478901525,704.09090322202,2,0.0275946648587327
spiked_leverage,128,4000,8,rand_r12,running_mean,normweighted,128,0.002454056875,56.1657478901525,704.09090322202,2,0.0275946648587327
spiked_leverage,128,4000,9,det,na,na,0,0.015713681875,26.6236493723961,704.09090322202,NaN,0.0971913928459166
spiked_leverage,128,4000,9,builtin,na,na,0,0.007373556875,27.1761635397215,704.09090322202,NaN,0.095462814636034
spiked_leverage,128,4000,9,rand,running_mean,normweighted,128,0.000777939375,78.6779116188608,704.09090322202,2,0.0173991757353761
spiked_leverage,128,4000,9,rand_r12,running_mean,normweighted,128,0.00201189020833333,78.6779116188608,704.09090322202,2,0.0173991757353761
spiked_leverage,128,4000,10,det,na,na,0,0.0156341402083333,26.1009520275894,704.09090322202,NaN,0.0969897780536167
spiked_leverage,128,4000,10,builtin,na,na,0,0.00736876520833333,28.635135670229,704.09090322202,NaN,0.0785333372571946
spiked_leverage,128,4000,10,rand,running_mean,normweighted,128,0.000841939375,50.0317824730843,704.09090322202,2,0.0340365931683944
spiked_leverage,128,4000,10,rand_r12,running_mean,normweighted,128,0.00246764020833333,50.0317824730843,704.09090322202,2,0.0340365931683944
spiked_leverage,128,4000,11,det,na,na,0,0.0159532235416667,26.2073205219259,704.09090322202,NaN,0.101424792873453
spiked_leverage,128,4000,11,builtin,na,na,0,0.00724597354166667,27.249332505823,704.09090322202,NaN,0.0858708796573285
spiked_leverage,128,4000,11,rand,running_mean,normweighted,128,0.000785460208333333,64.5320646764682,704.09090322202,2,0.0224763434837795
spiked_leverage,128,4000,11,rand_r12,running_mean,normweighted,128,0.00233784854166667,64.5320646764682,704.09090322202,2,0.0224763434837795
spiked_leverage,128,4000,12,det,na,na,0,0.015729931875,25.2561213426588,704.09090322202,NaN,0.110058433835747
spiked_leverage,128,4000,12,builtin,na,na,0,0.00744614020833333,27.8716080165388,704.09090322202,NaN,0.0829698657447865
spiked_leverage,128,4000,12,rand,running_mean,normweighted,128,0.000786626875,49.2948338960241,704.09090322202,2,0.0386523205372943
spiked_leverage,128,4000,12,rand_r12,running_mean,normweighted,128,0.00208564020833333,49.2948338960241,704.09090322202,2,0.0386523205372943
spiked_leverage,128,4000,13,det,na,na,0,0.015714931875,27.4384351958131,704.09090322202,NaN,0.0878286428377018
spiked_leverage,128,4000,13,builtin,na,na,0,0.00764822354166667,27.2920406049007,704.09090322202,NaN,0.0947896674605018
spiked_leverage,128,4000,13,rand,running_mean,normweighted,128,0.000687689375,65.7190771694294,704.09090322202,1,0.0246411492616563
spiked_leverage,128,4000,13,rand_r12,running_mean,normweighted,128,0.00194426520833333,65.7190771694294,704.09090322202,1,0.0246411492616563
spiked_leverage,128,4000,14,det,na,na,0,0.0157302652083333,28.4423400708987,704.09090322202,NaN,0.0748234388142913
spiked_leverage,128,4000,14,builtin,na,na,0,0.00729339020833333,28.5867806201709,704.09090322202,NaN,0.0799753810935902
spiked_leverage,128,4000,14,rand,running_mean,normweighted,128,0.000854001875,51.6034963781877,704.09090322202,2,0.0314381583917114
spiked_leverage,128,4000,14,rand_r12,running_mean,normweighted,128,0.002564681875,51.6034963781877,704.09090322202,2,0.0314381583917114
spiked_leverage,128,4000,15,det,na,na,0,0.015768806875,26.4824010853416,704.09090322202,NaN,0.0920077508003023
spiked_leverage,128,4000,15,builtin,na,na,0,0.00755109854166667,27.3937547554409,704.09090322202,NaN,0.0953756896089355
spiked_leverage,128,4000,15,rand,running_mean,normweighted,128,0.000844231041666667,78.4087262479323,704.09090322202,2,0.0188133273920861
spiked_leverage,128,4000,15,rand_r12,running_mean,normweighted,128,0.002514181875,78.4087262479323,704.09090322202,2,0.0188133273920861
spiked_leverage,128,4000,16,det,na,na,0,0.0156434735416667,26.6142487872955,704.09090322202,NaN,0.0929168368772071
spiked_leverage,128,4000,16,builtin,na,na,0,0.00750322354166667,27.7754071592393,704.09090322202,NaN,0.0920305297712159
spiked_leverage,128,4000,16,rand,running_mean,normweighted,128,0.000839460208333333,63.2807630400029,704.09090322202,2,0.0221745372448227
spiked_leverage,128,4000,16,rand_r12,running_mean,normweighted,128,0.002488681875,63.2807630400029,704.09090322202,2,0.0221745372448227
spiked_leverage,128,4000,17,det,na,na,0,0.0156904735416667,26.7629883608905,704.09090322202,NaN,0.0856223397250171
spiked_leverage,128,4000,17,builtin,na,na,0,0.00743884854166667,27.6595812075131,704.09090322202,NaN,0.0842698249204358
spiked_leverage,128,4000,17,rand,running_mean,normweighted,128,0.000786210208333333,53.6907096345292,704.09090322202,2,0.0341387289702926
spiked_leverage,128,4000,17,rand_r12,running_mean,normweighted,128,0.002027431875,53.6907096345292,704.09090322202,2,0.0341387289702926
spiked_leverage,128,4000,18,det,na,na,0,0.015578431875,26.5619994755927,704.09090322202,NaN,0.0975574552724893
spiked_leverage,128,4000,18,builtin,na,na,0,0.007407306875,27.9140518585641,704.09090322202,NaN,0.0755687785231556
spiked_leverage,128,4000,18,rand,running_mean,normweighted,128,0.000788501875,51.4393908857259,704.09090322202,2,0.0337730626499992
spiked_leverage,128,4000,18,rand_r12,running_mean,normweighted,128,0.002126431875,51.4393908857259,704.09090322202,2,0.0337730626499992
spiked_leverage,128,4000,19,det,na,na,0,0.015678431875,27.0305863609878,704.09090322202,NaN,0.0922654345893363
spiked_leverage,128,4000,19,builtin,na,na,0,0.00746797354166667,26.753413799421,704.09090322202,NaN,0.0921734088076879
spiked_leverage,128,4000,19,rand,running_mean,normweighted,128,0.000788835208333333,48.6200240482424,704.09090322202,2,0.034787679461196
spiked_leverage,128,4000,19,rand_r12,running_mean,normweighted,128,0.00204826520833333,48.6200240482424,704.09090322202,2,0.034787679461196
spiked_leverage,128,4000,20,det,na,na,0,0.015620556875,26.6566830953684,704.09090322202,NaN,0.095917469100295
spiked_leverage,128,4000,20,builtin,na,na,0,0.00738851520833333,26.2713994353995,704.09090322202,NaN,0.089922959952432
spiked_leverage,128,4000,20,rand,running_mean,normweighted,128,0.000790272708333333,65.3808154972551,704.09090322202,2,0.0256984295772848
spiked_leverage,128,4000,20,rand_r12,running_mean,normweighted,128,0.00241272354166667,65.3808154972551,704.09090322202,2,0.0256984295772848
spiked_leverage,128,8000,1,det,na,na,0,0.0334620152083333,26.4484579366277,1003.86453269353,NaN,0.101433790789446
spiked_leverage,128,8000,1,builtin,na,na,0,0.0125693902083333,27.1081984704948,1003.86453269353,NaN,0.08288820436752
spiked_leverage,128,8000,1,rand,running_mean,normweighted,128,0.000915251875,59.8870530894671,1003.86453269353,2,0.0269181481690476
spiked_leverage,128,8000,1,rand_r12,running_mean,normweighted,128,0.004214556875,59.8870530894671,1003.86453269353,2,0.0269181481690476
spiked_leverage,128,8000,2,det,na,na,0,0.0330437235416667,26.0860821095271,1003.86453269353,NaN,0.100155382617832
spiked_leverage,128,8000,2,builtin,na,na,0,0.012793431875,27.7714639512819,1003.86453269353,NaN,0.0822771791646281
spiked_leverage,128,8000,2,rand,running_mean,normweighted,128,0.000924501875,55.801933267308,1003.86453269353,2,0.0291149576395197
spiked_leverage,128,8000,2,rand_r12,running_mean,normweighted,128,0.00424147354166667,55.801933267308,1003.86453269353,2,0.0291149576395197
spiked_leverage,128,8000,3,det,na,na,0,0.0332772235416667,26.8986942343225,1003.86453269353,NaN,0.0883963537258051
spiked_leverage,128,8000,3,builtin,na,na,0,0.012616431875,27.3313738613923,1003.86453269353,NaN,0.0860388826563099
spiked_leverage,128,8000,3,rand,running_mean,normweighted,128,0.000910543541666667,57.4837439017746,1003.86453269353,2,0.0315272010756532
spiked_leverage,128,8000,3,rand_r12,running_mean,normweighted,128,0.00417489020833333,57.4837439017746,1003.86453269353,2,0.0315272010756532
spiked_leverage,128,8000,4,det,na,na,0,0.0332397235416667,26.1471651358229,1003.86453269353,NaN,0.0894540357687261
spiked_leverage,128,8000,4,builtin,na,na,0,0.0126838902083333,27.9939490137287,1003.86453269353,NaN,0.0688873563556386
spiked_leverage,128,8000,4,rand,running_mean,normweighted,128,0.000936272708333333,47.3258106535715,1003.86453269353,2,0.0367445245505688
spiked_leverage,128,8000,4,rand_r12,running_mean,normweighted,128,0.00426051520833333,47.3258106535715,1003.86453269353,2,0.0367445245505688
spiked_leverage,128,8000,5,det,na,na,0,0.033278556875,27.1966494700718,1003.86453269353,NaN,0.0899632801833287
spiked_leverage,128,8000,5,builtin,na,na,0,0.012746306875,28.9933123055752,1003.86453269353,NaN,0.0697544525570324
spiked_leverage,128,8000,5,rand,running_mean,normweighted,128,0.000915626875,64.8298699215654,1003.86453269353,2,0.0249022194189585
spiked_leverage,128,8000,5,rand_r12,running_mean,normweighted,128,0.00425747354166667,64.8298699215654,1003.86453269353,2,0.0249022194189585
spiked_leverage,128,8000,6,det,na,na,0,0.0333410985416667,27.1634920264102,1003.86453269353,NaN,0.0853092977621178
spiked_leverage,128,8000,6,builtin,na,na,0,0.0125245152083333,27.9121896944864,1003.86453269353,NaN,0.0777511930604959
spiked_leverage,128,8000,6,rand,running_mean,normweighted,128,0.000931376875,40.4840630716562,1003.86453269353,2,0.0549952043124787
spiked_leverage,128,8000,6,rand_r12,running_mean,normweighted,128,0.004227181875,40.4840630716562,1003.86453269353,2,0.0549952043124787
spiked_leverage,128,8000,7,det,na,na,0,0.0332277652083333,26.3611190508357,1003.86453269353,NaN,0.0989666229180042
spiked_leverage,128,8000,7,builtin,na,na,0,0.0125134735416667,28.3684000734342,1003.86453269353,NaN,0.0821831728170498
spiked_leverage,128,8000,7,rand,running_mean,normweighted,128,0.000910418541666667,86.3866074605189,1003.86453269353,2,0.0142684624057756
spiked_leverage,128,8000,7,rand_r12,running_mean,normweighted,128,0.00424989020833333,86.3866074605189,1003.86453269353,2,0.0142684624057756
spiked_leverage,128,8000,8,det,na,na,0,0.0332768485416667,26.6179391564481,1003.86453269353,NaN,0.10300747429685
spiked_leverage,128,8000,8,builtin,na,na,0,0.0124807235416667,26.8962394336854,1003.86453269353,NaN,0.0842726647777402
spiked_leverage,128,8000,8,rand,running_mean,normweighted,128,0.000935710208333333,45.6795797451659,1003.86453269353,2,0.0423950087338662
spiked_leverage,128,8000,8,rand_r12,running_mean,normweighted,128,0.00437376520833333,45.6795797451659,1003.86453269353,2,0.0423950087338662
spiked_leverage,128,8000,9,det,na,na,0,0.033162556875,26.8076911339797,1003.86453269353,NaN,0.0950288617097405
spiked_leverage,128,8000,9,builtin,na,na,0,0.012707806875,27.2591961044699,1003.86453269353,NaN,0.092776047266454
spiked_leverage,128,8000,9,rand,running_mean,normweighted,128,0.000948647708333333,56.6201451733021,1003.86453269353,2,0.029271259356137
spiked_leverage,128,8000,9,rand_r12,running_mean,normweighted,128,0.00420697354166667,56.6201451733021,1003.86453269353,2,0.029271259356137
spiked_leverage,128,8000,10,det,na,na,0,0.0332770152083333,26.4172209896149,1003.86453269353,NaN,0.0882664821583713
spiked_leverage,128,8000,10,builtin,na,na,0,0.0125410985416667,27.0069081368877,1003.86453269353,NaN,0.0908576268720476
spiked_leverage,128,8000,10,rand,running_mean,normweighted,128,0.000916293541666667,74.7087546630025,1003.86453269353,2,0.0187900297056506
spiked_leverage,128,8000,10,rand_r12,running_mean,normweighted,128,0.00423439020833333,74.7087546630025,1003.86453269353,2,0.0187900297056506
spiked_leverage,128,8000,11,det,na,na,0,0.033171056875,26.8768408002689,1003.86453269353,NaN,0.0950684846601458
spiked_leverage,128,8000,11,builtin,na,na,0,0.0125807235416667,26.7128773137883,1003.86453269353,NaN,0.100418287704219
spiked_leverage,128,8000,11,rand,running_mean,normweighted,128,0.00100151520833333,52.8083550399559,1003.86453269353,2,0.03089942781876
spiked_leverage,128,8000,11,rand_r12,running_mean,normweighted,128,0.00425522354166667,52.8083550399559,1003.86453269353,2,0.03089942781876
spiked_leverage,128,8000,12,det,na,na,0,0.0333655985416667,27.0016729521931,1003.86453269353,NaN,0.0882876487372371
spiked_leverage,128,8000,12,builtin,na,na,0,0.0126988902083333,28.3254814085393,1003.86453269353,NaN,0.084579632817614
spiked_leverage,128,8000,12,rand,running_mean,normweighted,128,0.00103659854166667,64.6335526690675,1003.86453269353,2,0.0213395784551866
spiked_leverage,128,8000,12,rand_r12,running_mean,normweighted,128,0.00438909854166667,64.6335526690675,1003.86453269353,2,0.0213395784551866
spiked_leverage,128,8000,13,det,na,na,0,0.0333809735416667,27.7047102414597,1003.86453269353,NaN,0.0842656212048598
spiked_leverage,128,8000,13,builtin,na,na,0,0.0126998902083333,26.1045125894043,1003.86453269353,NaN,0.0937460530552667
spiked_leverage,128,8000,13,rand,running_mean,normweighted,128,0.001040806875,68.5285535703269,1003.86453269353,2,0.0231724686832941
spiked_leverage,128,8000,13,rand_r12,running_mean,normweighted,128,0.004392181875,68.5285535703269,1003.86453269353,2,0.0231724686832941
spiked_leverage,128,8000,14,det,na,na,0,0.033175931875,27.8415874722151,1003.86453269353,NaN,0.0785038045573424
spiked_leverage,128,8000,14,builtin,na,na,0,0.012553181875,27.3052870787256,1003.86453269353,NaN,0.091193955912819
spiked_leverage,128,8000,14,rand,running_mean,normweighted,128,0.000918626875,60.9934368948435,1003.86453269353,2,0.0245717135856254
spiked_leverage,128,8000,14,rand_r12,running_mean,normweighted,128,0.00422889020833333,60.9934368948435,1003.86453269353,2,0.0245717135856254
spiked_leverage,128,8000,15,det,na,na,0,0.0334062235416667,28.1160906393427,1003.86453269353,NaN,0.0764048784519134
spiked_leverage,128,8000,15,builtin,na,na,0,0.0126866402083333,29.0687631152854,1003.86453269353,NaN,0.0720240182799264
spiked_leverage,128,8000,15,rand,running_mean,normweighted,128,0.000914272708333333,85.8631109796505,1003.86453269353,2,0.0162807518052487
spiked_leverage,128,8000,15,rand_r12,running_mean,normweighted,128,0.00433022354166667,85.8631109796505,1003.86453269353,2,0.0162807518052487
spiked_leverage,128,8000,16,det,na,na,0,0.0334465152083333,26.855420857809,1003.86453269353,NaN,0.0963416434979645
spiked_leverage,128,8000,16,builtin,na,na,0,0.012770556875,29.5930266581438,1003.86453269353,NaN,0.0721505042319659
spiked_leverage,128,8000,16,rand,running_mean,normweighted,128,0.000909043541666667,102.658763206334,1003.86453269353,2,0.0121231514664889
spiked_leverage,128,8000,16,rand_r12,running_mean,normweighted,128,0.00427822354166667,102.658763206334,1003.86453269353,2,0.0121231514664889
spiked_leverage,128,8000,17,det,na,na,0,0.033424056875,26.2177458084577,1003.86453269353,NaN,0.113502174125628
spiked_leverage,128,8000,17,builtin,na,na,0,0.0127468485416667,26.3230140308252,1003.86453269353,NaN,0.0929345498061767
spiked_leverage,128,8000,17,rand,running_mean,normweighted,128,0.000925960208333333,60.9730098125291,1003.86453269353,2,0.0233277649016343
spiked_leverage,128,8000,17,rand_r12,running_mean,normweighted,128,0.00425914020833333,60.9730098125291,1003.86453269353,2,0.0233277649016343
spiked_leverage,128,8000,18,det,na,na,0,0.032941806875,26.3342812822039,1003.86453269353,NaN,0.0966808459951118
spiked_leverage,128,8000,18,builtin,na,na,0,0.0124950152083333,26.5902379950886,1003.86453269353,NaN,0.0922598545508226
spiked_leverage,128,8000,18,rand,running_mean,normweighted,128,0.000938647708333333,49.2226506528494,1003.86453269353,2,0.0361201521087966
spiked_leverage,128,8000,18,rand_r12,running_mean,normweighted,128,0.00439397354166667,49.2226506528494,1003.86453269353,2,0.0361201521087966
spiked_leverage,128,8000,19,det,na,na,0,0.0338220985416667,26.6609966842448,1003.86453269353,NaN,0.0939014916689185
spiked_leverage,128,8000,19,builtin,na,na,0,0.0145833485416667,29.5810200084187,1003.86453269353,NaN,0.0727990079680215
spiked_leverage,128,8000,19,rand,running_mean,normweighted,128,0.000990681875,54.8170738383288,1003.86453269353,2,0.0280313194672967
spiked_leverage,128,8000,19,rand_r12,running_mean,normweighted,128,0.004316056875,54.8170738383288,1003.86453269353,2,0.0280313194672967
spiked_leverage,128,8000,20,det,na,na,0,0.033497056875,26.7527435369819,1003.86453269353,NaN,0.0899926798405743
spiked_leverage,128,8000,20,builtin,na,na,0,0.013079056875,27.4389992655527,1003.86453269353,NaN,0.0907613494711198
spiked_leverage,128,8000,20,rand,running_mean,normweighted,128,0.00104289020833333,51.092842595469,1003.86453269353,2,0.0398877073925767
spiked_leverage,128,8000,20,rand_r12,running_mean,normweighted,128,0.00457751520833333,51.092842595469,1003.86453269353,2,0.0398877073925767
spiked_leverage,128,16000,1,det,na,na,0,0.093186056875,26.7903103558576,1425.39257750277,NaN,0.0974887952630191
spiked_leverage,128,16000,1,builtin,na,na,0,0.0252347652083333,28.4414346453149,1425.39257750277,NaN,0.0728933643985519
spiked_leverage,128,16000,1,rand,running_mean,normweighted,128,0.00130676520833333,57.8972592457805,1425.39257750277,2,0.0309384352573614
spiked_leverage,128,16000,1,rand_r12,running_mean,normweighted,128,0.009432556875,57.8972592457805,1425.39257750277,2,0.0309384352573614
spiked_leverage,128,16000,2,det,na,na,0,0.090913931875,28.1208105655997,1425.39257750277,NaN,0.0821940725599872
spiked_leverage,128,16000,2,builtin,na,na,0,0.0252635152083333,27.27309116511,1425.39257750277,NaN,0.0898502913879429
spiked_leverage,128,16000,2,rand,running_mean,normweighted,128,0.00127214020833333,48.2195781617481,1425.39257750277,2,0.0421729437127101
spiked_leverage,128,16000,2,rand_r12,running_mean,normweighted,128,0.009253181875,48.2195781617481,1425.39257750277,2,0.0421729437127101
spiked_leverage,128,16000,3,det,na,na,0,0.0911330152083333,26.4381183897384,1425.39257750277,NaN,0.102427685560941
spiked_leverage,128,16000,3,builtin,na,na,0,0.0253132235416667,26.9033563415437,1425.39257750277,NaN,0.100262862365024
spiked_leverage,128,16000,3,rand,running_mean,normweighted,128,0.00130776520833333,44.1736686395808,1425.39257750277,2,0.0432019535413199
spiked_leverage,128,16000,3,rand_r12,running_mean,normweighted,128,0.00947626520833333,44.1736686395808,1425.39257750277,2,0.0432019535413199
spiked_leverage,128,16000,4,det,na,na,0,0.091297556875,27.5698309348446,1425.39257750277,NaN,0.0762663116479719
spiked_leverage,128,16000,4,builtin,na,na,0,0.0250716402083333,28.6194022951263,1425.39257750277,NaN,0.086485449123172
spiked_leverage,128,16000,4,rand,running_mean,normweighted,128,0.00127397354166667,47.4936535734012,1425.39257750277,2,0.0373550570161518
spiked_leverage,128,16000,4,rand_r12,running_mean,normweighted,128,0.009361431875,47.4936535734012,1425.39257750277,2,0.0373550570161518
spiked_leverage,128,16000,5,det,na,na,0,0.0910441402083333,27.8369810787152,1425.39257750277,NaN,0.0934718960063788
spiked_leverage,128,16000,5,builtin,na,na,0,0.0252533485416667,27.9965778339668,1425.39257750277,NaN,0.0810597555407225
spiked_leverage,128,16000,5,rand,running_mean,normweighted,128,0.00138901520833333,40.2888320606503,1425.39257750277,2,0.054889191240773
spiked_leverage,128,16000,5,rand_r12,running_mean,normweighted,128,0.009970181875,40.2888320606503,1425.39257750277,2,0.054889191240773
spiked_leverage,128,16000,6,det,na,na,0,0.0898278485416667,26.7665574177047,1425.39257750277,NaN,0.080597917767262
spiked_leverage,128,16000,6,builtin,na,na,0,0.025197556875,27.3423446907026,1425.39257750277,NaN,0.0809687586411066
spiked_leverage,128,16000,6,rand,running_mean,normweighted,128,0.00132526520833333,41.2777195197626,1425.39257750277,2,0.04421209498677
spiked_leverage,128,16000,6,rand_r12,running_mean,normweighted,128,0.00972609854166667,41.2777195197626,1425.39257750277,2,0.04421209498677
spiked_leverage,128,16000,7,det,na,na,0,0.089836681875,27.1223043339993,1425.39257750277,NaN,0.0884885456735526
spiked_leverage,128,16000,7,builtin,na,na,0,0.025401556875,26.8991702945121,1425.39257750277,NaN,0.0976846295483576
spiked_leverage,128,16000,7,rand,running_mean,normweighted,128,0.00127109854166667,78.1029862483675,1425.39257750277,2,0.0165884959505098
spiked_leverage,128,16000,7,rand_r12,running_mean,normweighted,128,0.00955259854166667,78.1029862483675,1425.39257750277,2,0.0165884959505098
spiked_leverage,128,16000,8,det,na,na,0,0.0904211402083333,26.9964019521263,1425.39257750277,NaN,0.10356247419871
spiked_leverage,128,16000,8,builtin,na,na,0,0.0248950152083333,27.1166635093295,1425.39257750277,NaN,0.0921644442359758
spiked_leverage,128,16000,8,rand,running_mean,normweighted,128,0.001198931875,45.9926512243855,1425.39257750277,2,0.0393283907174104
spiked_leverage,128,16000,8,rand_r12,running_mean,normweighted,128,0.00901059854166667,45.9926512243855,1425.39257750277,2,0.0393283907174104
spiked_leverage,128,16000,9,det,na,na,0,0.090019431875,26.6914036312299,1425.39257750277,NaN,0.0996242061831771
spiked_leverage,128,16000,9,builtin,na,na,0,0.024894931875,28.5315056526036,1425.39257750277,NaN,0.0836454108837019
spiked_leverage,128,16000,9,rand,running_mean,normweighted,128,0.00130826520833333,56.8518774892057,1425.39257750277,2,0.0281386344813287
spiked_leverage,128,16000,9,rand_r12,running_mean,normweighted,128,0.009434431875,56.8518774892057,1425.39257750277,2,0.0281386344813287
spiked_leverage,128,16000,10,det,na,na,0,0.0902665152083333,26.9371581574757,1425.39257750277,NaN,0.105713926576568
spiked_leverage,128,16000,10,builtin,na,na,0,0.0248193485416667,28.8338353741554,1425.39257750277,NaN,0.0705215399536918
spiked_leverage,128,16000,10,rand,running_mean,normweighted,128,0.00126164020833333,51.335740844414,1425.39257750277,2,0.0343495168608452
spiked_leverage,128,16000,10,rand_r12,running_mean,normweighted,128,0.009292056875,51.335740844414,1425.39257750277,2,0.0343495168608452
spiked_leverage,128,16000,11,det,na,na,0,0.0895290152083333,26.3432520696698,1425.39257750277,NaN,0.0916057728557617
spiked_leverage,128,16000,11,builtin,na,na,0,0.024819931875,30.6572936904007,1425.39257750277,NaN,0.0572435620896542
spiked_leverage,128,16000,11,rand,running_mean,normweighted,128,0.00130826520833333,84.2339740608377,1425.39257750277,2,0.0165533936694319
spiked_leverage,128,16000,11,rand_r12,running_mean,normweighted,128,0.009468556875,84.2339740608377,1425.39257750277,2,0.0165533936694319
spiked_leverage,128,16000,12,det,na,na,0,0.0903493485416667,26.3113117141983,1425.39257750277,NaN,0.113003037003181
spiked_leverage,128,16000,12,builtin,na,na,0,0.0250085152083333,28.6145811982298,1425.39257750277,NaN,0.0778244687470617
spiked_leverage,128,16000,12,rand,running_mean,normweighted,128,0.00130689020833333,86.3988479107183,1425.39257750277,2,0.0146194465440747
spiked_leverage,128,16000,12,rand_r12,running_mean,normweighted,128,0.009464056875,86.3988479107183,1425.39257750277,2,0.0146194465440747
spiked_leverage,128,16000,13,det,na,na,0,0.0898605152083333,27.1929676804266,1425.39257750277,NaN,0.0920432703536792
spiked_leverage,128,16000,13,builtin,na,na,0,0.024872181875,27.3878207551292,1425.39257750277,NaN,0.0909909110532607
spiked_leverage,128,16000,13,rand,running_mean,normweighted,128,0.00127897354166667,66.5886330893058,1425.39257750277,2,0.0200743301150536
spiked_leverage,128,16000,13,rand_r12,running_mean,normweighted,128,0.00934572354166667,66.5886330893058,1425.39257750277,2,0.0200743301150536
spiked_leverage,128,16000,14,det,na,na,0,0.0898320985416667,26.2463090709183,1425.39257750277,NaN,0.084844775546183
spiked_leverage,128,16000,14,builtin,na,na,0,0.0247168485416667,27.071302922362,1425.39257750277,NaN,0.0858233029049617
spiked_leverage,128,16000,14,rand,running_mean,normweighted,128,0.001259181875,51.8909397502687,1425.39257750277,2,0.0354910564920431
spiked_leverage,128,16000,14,rand_r12,running_mean,normweighted,128,0.00901589020833333,51.8909397502687,1425.39257750277,2,0.0354910564920431
spiked_leverage,128,16000,15,det,na,na,0,0.0898082235416667,27.2330565126907,1425.39257750277,NaN,0.0863837924770322
spiked_leverage,128,16000,15,builtin,na,na,0,0.0256140152083333,28.7740804976651,1425.39257750277,NaN,0.0771513292633563
spiked_leverage,128,16000,15,rand,running_mean,normweighted,128,0.00141551520833333,63.4995612023981,1425.39257750277,2,0.0215717912279442
spiked_leverage,128,16000,15,rand_r12,running_mean,normweighted,128,0.00970126520833333,63.4995612023981,1425.39257750277,2,0.0215717912279442
spiked_leverage,128,16000,16,det,na,na,0,0.090098806875,26.5492876477617,1425.39257750277,NaN,0.0974667790295186
spiked_leverage,128,16000,16,builtin,na,na,0,0.026207556875,29.8730316033107,1425.39257750277,NaN,0.0592411932613069
spiked_leverage,128,16000,16,rand,running_mean,normweighted,128,0.001466306875,51.2183470976994,1425.39257750277,2,0.0316458019236289
spiked_leverage,128,16000,16,rand_r12,running_mean,normweighted,128,0.011779056875,51.2183470976994,1425.39257750277,2,0.0316458019236289
spiked_leverage,128,16000,17,det,na,na,0,0.0933873485416667,26.1461932723034,1425.39257750277,NaN,0.0953276300341977
spiked_leverage,128,16000,17,builtin,na,na,0,0.0280872235416667,27.5256604673821,1425.39257750277,NaN,0.0917085217679724
spiked_leverage,128,16000,17,rand,running_mean,normweighted,128,0.001486431875,47.8918725158859,1425.39257750277,2,0.0396488907855271
spiked_leverage,128,16000,17,rand_r12,running_mean,normweighted,128,0.0114082652083333,47.8918725158859,1425.39257750277,2,0.0396488907855271
spiked_leverage,128,16000,18,det,na,na,0,0.0925479735416667,26.4890576715777,1425.39257750277,NaN,0.0949366395928275
spiked_leverage,128,16000,18,builtin,na,na,0,0.026930306875,26.3014126466752,1425.39257750277,NaN,0.103567849877565
spiked_leverage,128,16000,18,rand,running_mean,normweighted,128,0.00154584854166667,44.0951516146816,1425.39257750277,2,0.0432940416948936
spiked_leverage,128,16000,18,rand_r12,running_mean,normweighted,128,0.011962306875,44.0951516146816,1425.39257750277,2,0.0432940416948936
spiked_leverage,128,16000,19,det,na,na,0,0.0907550985416667,26.7663086056521,1425.39257750277,NaN,0.0990719807156271
spiked_leverage,128,16000,19,builtin,na,na,0,0.0277703902083333,27.760551179861,1425.39257750277,NaN,0.0838266984902436
spiked_leverage,128,16000,19,rand,running_mean,normweighted,128,0.00140772354166667,77.1108306107371,1425.39257750277,2,0.0175843255210802
spiked_leverage,128,16000,19,rand_r12,running_mean,normweighted,128,0.0115255152083333,77.1108306107371,1425.39257750277,2,0.0175843255210802
spiked_leverage,128,16000,20,det,na,na,0,0.105166181875,25.8904510261371,1425.39257750277,NaN,0.0998894276201837
spiked_leverage,128,16000,20,builtin,na,na,0,0.0278677652083333,29.2082556217368,1425.39257750277,NaN,0.0759048550316096
spiked_leverage,128,16000,20,rand,running_mean,normweighted,128,0.001532681875,51.4427656431435,1425.39257750277,2,0.0367673346414276
spiked_leverage,128,16000,20,rand_r12,running_mean,normweighted,128,0.012073306875,51.4427656431435,1425.39257750277,2,0.0367673346414276
spiked_leverage,128,32000,1,det,na,na,0,0.238783848541667,27.700637450049,2019.8376172356,NaN,0.0962961537499484
spiked_leverage,128,32000,1,builtin,na,na,0,0.104532973541667,28.6418928858053,2019.8376172356,NaN,0.0762477913624697
spiked_leverage,128,32000,1,rand,running_mean,normweighted,128,0.00262634854166667,47.1882492945191,2019.8376172356,2,0.0387306496555663
spiked_leverage,128,32000,1,rand_r12,running_mean,normweighted,128,0.0251384735416667,47.1882492945191,2019.8376172356,2,0.0387306496555663
spiked_leverage,128,32000,2,det,na,na,0,0.243351390208333,27.0401706122129,2019.8376172356,NaN,0.0962312862073501
spiked_leverage,128,32000,2,builtin,na,na,0,0.105893431875,26.6436703411601,2019.8376172356,NaN,0.104055506954877
spiked_leverage,128,32000,2,rand,running_mean,normweighted,128,0.00270239020833333,36.9852604948176,2019.8376172356,2,0.062672135027912
spiked_leverage,128,32000,2,rand_r12,running_mean,normweighted,128,0.0257860152083333,36.9852604948176,2019.8376172356,2,0.062672135027912
spiked_leverage,128,32000,3,det,na,na,0,0.257652931875,28.5210026461976,2019.8376172356,NaN,0.0877696327433152
spiked_leverage,128,32000,3,builtin,na,na,0,0.108429098541667,26.9699107468519,2019.8376172356,NaN,0.103806477070777
spiked_leverage,128,32000,3,rand,running_mean,normweighted,128,0.00265639020833333,61.1785854759913,2019.8376172356,2,0.0266121667275631
spiked_leverage,128,32000,3,rand_r12,running_mean,normweighted,128,0.0255612235416667,61.1785854759913,2019.8376172356,2,0.0266121667275631
spiked_leverage,128,32000,4,det,na,na,0,0.241047265208333,27.563376884867,2019.8376172356,NaN,0.0901107985894798
spiked_leverage,128,32000,4,builtin,na,na,0,0.108396515208333,27.5901216516065,2019.8376172356,NaN,0.0792856738569732
spiked_leverage,128,32000,4,rand,running_mean,normweighted,128,0.003056306875,38.7001558429253,2019.8376172356,2,0.0571831805553425
spiked_leverage,128,32000,4,rand_r12,running_mean,normweighted,128,0.026517181875,38.7001558429253,2019.8376172356,2,0.0571831805553425
spiked_leverage,128,32000,5,det,na,na,0,0.238759473541667,27.0604622256822,2019.8376172356,NaN,0.0995170719336414
spiked_leverage,128,32000,5,builtin,na,na,0,0.107338890208333,28.9554882107094,2019.8376172356,NaN,0.0813494232424626
spiked_leverage,128,32000,5,rand,running_mean,normweighted,128,0.00296739020833333,43.2611961630231,2019.8376172356,2,0.0506438888231147
spiked_leverage,128,32000,5,rand_r12,running_mean,normweighted,128,0.0265095985416667,43.2611961630231,2019.8376172356,2,0.0506438888231147
spiked_leverage,128,32000,6,det,na,na,0,0.239468765208333,27.1710374957355,2019.8376172356,NaN,0.0886511529887282
spiked_leverage,128,32000,6,builtin,na,na,0,0.108808931875,29.7960780393927,2019.8376172356,NaN,0.0693162503145003
spiked_leverage,128,32000,6,rand,running_mean,normweighted,128,0.00314476520833333,41.527330793951,2019.8376172356,2,0.0475834787127543
spiked_leverage,128,32000,6,rand_r12,running_mean,normweighted,128,0.0272188485416667,41.527330793951,2019.8376172356,2,0.0475834787127543
spiked_leverage,128,32000,7,det,na,na,0,0.239965223541667,28.322300663915,2019.8376172356,NaN,0.0779040029141957
spiked_leverage,128,32000,7,builtin,na,na,0,0.104986181875,28.2256203763949,2019.8376172356,NaN,0.0797597670785027
spiked_leverage,128,32000,7,rand,running_mean,normweighted,128,0.00326834854166667,49.9086016775621,2019.8376172356,2,0.0354783926267898
spiked_leverage,128,32000,7,rand_r12,running_mean,normweighted,128,0.0267831402083333,49.9086016775621,2019.8376172356,2,0.0354783926267898
spiked_leverage,128,32000,8,det,na,na,0,0.238679473541667,28.0559977728335,2019.8376172356,NaN,0.0806962716616366
spiked_leverage,128,32000,8,builtin,na,na,0,0.104163015208333,27.811578922401,2019.8376172356,NaN,0.0885286981930675
spiked_leverage,128,32000,8,rand,running_mean,normweighted,128,0.00330514020833333,44.1074218392334,2019.8376172356,2,0.0421404953459436
spiked_leverage,128,32000,8,rand_r12,running_mean,normweighted,128,0.0363203902083333,44.1074218392334,2019.8376172356,2,0.0421404953459436
spiked_leverage,128,32000,9,det,na,na,0,0.279374306875,28.1894334414232,2019.8376172356,NaN,0.0865097102526373
spiked_leverage,128,32000,9,builtin,na,na,0,0.110130598541667,26.6421499770143,2019.8376172356,NaN,0.116110874772645
spiked_leverage,128,32000,9,rand,running_mean,normweighted,128,0.00301109854166667,38.7768142680394,2019.8376172356,2,0.059916646349145
spiked_leverage,128,32000,9,rand_r12,running_mean,normweighted,128,0.0272808485416667,38.7768142680394,2019.8376172356,2,0.059916646349145
spiked_leverage,128,32000,10,det,na,na,0,0.238368015208333,27.1695383467579,2019.8376172356,NaN,0.0908972441866125
spiked_leverage,128,32000,10,builtin,na,na,0,0.103889265208333,27.9872745570808,2019.8376172356,NaN,0.0879736604073413
spiked_leverage,128,32000,10,rand,running_mean,normweighted,128,0.00272847354166667,46.2178990203647,2019.8376172356,2,0.0439815192059521
spiked_leverage,128,32000,10,rand_r12,running_mean,normweighted,128,0.0256380985416667,46.2178990203647,2019.8376172356,2,0.0439815192059521
spiked_leverage,128,32000,11,det,na,na,0,0.239494640208333,27.676181229931,2019.8376172356,NaN,0.0995958618619776
spiked_leverage,128,32000,11,builtin,na,na,0,0.110520348541667,27.675957271445,2019.8376172356,NaN,0.0868940955400029
spiked_leverage,128,32000,11,rand,running_mean,normweighted,128,0.00307522354166667,51.0018142258815,2019.8376172356,2,0.0355096496383552
spiked_leverage,128,32000,11,rand_r12,running_mean,normweighted,128,0.0280596402083333,51.0018142258815,2019.8376172356,2,0.0355096496383552
spiked_leverage,128,32000,12,det,na,na,0,0.240541556875,26.6624589151317,2019.8376172356,NaN,0.0937429333747817
spiked_leverage,128,32000,12,builtin,na,na,0,0.100834223541667,27.6214504363366,2019.8376172356,NaN,0.0826798130346036
spiked_leverage,128,32000,12,rand,running_mean,normweighted,128,0.00262147354166667,46.2995003250175,2019.8376172356,2,0.0412197143519377
spiked_leverage,128,32000,12,rand_r12,running_mean,normweighted,128,0.024456931875,46.2995003250175,2019.8376172356,2,0.0412197143519377
spiked_leverage,128,32000,13,det,na,na,0,0.240438306875,29.4757590258167,2019.8376172356,NaN,0.0761979408764304
spiked_leverage,128,32000,13,builtin,na,na,0,0.101983640208333,28.9120552700209,2019.8376172356,NaN,0.0776811607653691
spiked_leverage,128,32000,13,rand,running_mean,normweighted,128,0.00244434854166667,86.9468424511412,2019.8376172356,2,0.0139277064622271
spiked_leverage,128,32000,13,rand_r12,running_mean,normweighted,128,0.024924556875,86.9468424511412,2019.8376172356,2,0.0139277064622271
spiked_leverage,128,32000,14,det,na,na,0,0.239687556875,27.8437777606235,2019.8376172356,NaN,0.0856907747204307
spiked_leverage,128,32000,14,builtin,na,na,0,0.102817931875,27.4101469393543,2019.8376172356,NaN,0.0880655142995218
spiked_leverage,128,32000,14,rand,running_mean,normweighted,128,0.00247326520833333,42.9121014791864,2019.8376172356,2,0.0483890843651787
spiked_leverage,128,32000,14,rand_r12,running_mean,normweighted,128,0.0247659735416667,42.9121014791864,2019.8376172356,2,0.0483890843651787
spiked_leverage,128,32000,15,det,na,na,0,0.243192140208333,27.3257154049369,2019.8376172356,NaN,0.0890888938947319
spiked_leverage,128,32000,15,builtin,na,na,0,0.103574681875,29.2330143925278,2019.8376172356,NaN,0.0743495134545951
spiked_leverage,128,32000,15,rand,running_mean,normweighted,128,0.00244889020833333,39.0009147460401,2019.8376172356,2,0.0550067485460877
spiked_leverage,128,32000,15,rand_r12,running_mean,normweighted,128,0.0236057235416667,39.0009147460401,2019.8376172356,2,0.0550067485460877
spiked_leverage,128,32000,16,det,na,na,0,0.236913598541667,27.8027237911647,2019.8376172356,NaN,0.0923011712493878
spiked_leverage,128,32000,16,builtin,na,na,0,0.101433348541667,28.6111129640079,2019.8376172356,NaN,0.0824961252885128
spiked_leverage,128,32000,16,rand,running_mean,normweighted,128,0.002220556875,56.9025462600785,2019.8376172356,2,0.0326332414710751
spiked_leverage,128,32000,16,rand_r12,running_mean,normweighted,128,0.0254312235416667,56.9025462600785,2019.8376172356,2,0.0326332414710751
spiked_leverage,128,32000,17,det,na,na,0,0.236465098541667,29.1974587870452,2019.8376172356,NaN,0.077330011637514
spiked_leverage,128,32000,17,builtin,na,na,0,0.101245098541667,28.220672084211,2019.8376172356,NaN,0.0792860969495634
spiked_leverage,128,32000,17,rand,running_mean,normweighted,128,0.00218072354166667,42.91421014449,2019.8376172356,2,0.0497584860186721
spiked_leverage,128,32000,17,rand_r12,running_mean,normweighted,128,0.022900681875,42.91421014449,2019.8376172356,2,0.0497584860186721
spiked_leverage,128,32000,18,det,na,na,0,0.240834598541667,27.8227200208451,2019.8376172356,NaN,0.0954723436287417
spiked_leverage,128,32000,18,builtin,na,na,0,0.102514056875,27.7434397882157,2019.8376172356,NaN,0.082251764405789
spiked_leverage,128,32000,18,rand,running_mean,normweighted,128,0.00230797354166667,52.8803728643352,2019.8376172356,2,0.037320176614531
spiked_leverage,128,32000,18,rand_r12,running_mean,normweighted,128,0.0242033902083333,52.8803728643352,2019.8376172356,2,0.037320176614531
spiked_leverage,128,32000,19,det,na,na,0,0.237117140208333,27.6140130168067,2019.8376172356,NaN,0.0944918298170714
spiked_leverage,128,32000,19,builtin,na,na,0,0.100480431875,29.4711310465539,2019.8376172356,NaN,0.0722411430756295
spiked_leverage,128,32000,19,rand,running_mean,normweighted,128,0.002357306875,70.1776302217306,2019.8376172356,2,0.0213955209550238
spiked_leverage,128,32000,19,rand_r12,running_mean,normweighted,128,0.0241257235416667,70.1776302217306,2019.8376172356,2,0.0213955209550238
spiked_leverage,128,32000,20,det,na,na,0,0.236962098541667,28.0278979540122,2019.8376172356,NaN,0.0896868335008728
spiked_leverage,128,32000,20,builtin,na,na,0,0.100037515208333,27.6221354521104,2019.8376172356,NaN,0.0919114096898625
spiked_leverage,128,32000,20,rand,running_mean,normweighted,128,0.00228914020833333,47.1154923026604,2019.8376172356,2,0.0402031224727808
spiked_leverage,128,32000,20,rand_r12,running_mean,normweighted,128,0.023861931875,47.1154923026604,2019.8376172356,2,0.0402031224727808
spiked_leverage,128,64000,1,det,na,na,0,0.523820681875,27.1350895715066,2859.32579465859,NaN,0.0933230729576251
spiked_leverage,128,64000,1,builtin,na,na,0,0.280964431875,29.585316706477,2859.32579465859,NaN,0.067766376288425
spiked_leverage,128,64000,1,rand,running_mean,normweighted,128,0.004865681875,39.9532491677216,2859.32579465859,2,0.0553044358329263
spiked_leverage,128,64000,1,rand_r12,running_mean,normweighted,128,0.0496062652083333,39.9532491677216,2859.32579465859,2,0.0553044358329263
spiked_leverage,128,64000,2,det,na,na,0,0.506323390208333,28.7808371616929,2859.32579465859,NaN,0.0841373636378684
spiked_leverage,128,64000,2,builtin,na,na,0,0.286534723541667,29.8523285687027,2859.32579465859,NaN,0.0681256872029086
spiked_leverage,128,64000,2,rand,running_mean,normweighted,128,0.00471434854166667,40.2471977206423,2859.32579465859,2,0.0461705185900382
spiked_leverage,128,64000,2,rand_r12,running_mean,normweighted,128,0.0488165985416667,40.2471977206423,2859.32579465859,2,0.0461705185900382
spiked_leverage,128,64000,3,det,na,na,0,0.505660640208333,28.7933801105568,2859.32579465859,NaN,0.0763242059804198
spiked_leverage,128,64000,3,builtin,na,na,0,0.284443473541667,28.6289273713829,2859.32579465859,NaN,0.077290955984575
spiked_leverage,128,64000,3,rand,running_mean,normweighted,128,0.004863056875,39.5070163412174,2859.32579465859,2,0.0582349316627123
spiked_leverage,128,64000,3,rand_r12,running_mean,normweighted,128,0.0485085985416667,39.5070163412174,2859.32579465859,2,0.0582349316627123
spiked_leverage,128,64000,4,det,na,na,0,0.509517348541667,28.5437873098101,2859.32579465859,NaN,0.0845932932685844
spiked_leverage,128,64000,4,builtin,na,na,0,0.293022598541667,29.7395346385666,2859.32579465859,NaN,0.0650883983966341
spiked_leverage,128,64000,4,rand,running_mean,normweighted,128,0.00438739020833333,40.0325623722928,2859.32579465859,2,0.0511986467434093
spiked_leverage,128,64000,4,rand_r12,running_mean,normweighted,128,0.048644806875,40.0325623722928,2859.32579465859,2,0.0511986467434093
spiked_leverage,128,64000,5,det,na,na,0,0.508189348541667,28.1978717780967,2859.32579465859,NaN,0.0876877171060625
spiked_leverage,128,64000,5,builtin,na,na,0,0.291147265208333,29.4191261348436,2859.32579465859,NaN,0.078386221124747
spiked_leverage,128,64000,5,rand,running_mean,normweighted,128,0.00500009854166667,37.5600145655768,2859.32579465859,2,0.0639390804086596
spiked_leverage,128,64000,5,rand_r12,running_mean,normweighted,128,0.050266181875,37.5600145655768,2859.32579465859,2,0.0639390804086596
spiked_leverage,128,64000,6,det,na,na,0,0.511280431875,27.794162218213,2859.32579465859,NaN,0.0922516341999124
spiked_leverage,128,64000,6,builtin,na,na,0,0.279898973541667,30.1001667263599,2859.32579465859,NaN,0.0720716098412608
spiked_leverage,128,64000,6,rand,running_mean,normweighted,128,0.00505101520833333,38.5373090377294,2859.32579465859,2,0.0575103164490474
spiked_leverage,128,64000,6,rand_r12,running_mean,normweighted,128,0.0519098485416667,38.5373090377294,2859.32579465859,2,0.0575103164490474
spiked_leverage,128,64000,7,det,na,na,0,0.517432765208333,27.6829862755233,2859.32579465859,NaN,0.0981670487033746
spiked_leverage,128,64000,7,builtin,na,na,0,0.284076806875,29.0113248249133,2859.32579465859,NaN,0.0870387801986973
spiked_leverage,128,64000,7,rand,running_mean,normweighted,128,0.00445376520833333,37.2304204135643,2859.32579465859,2,0.061980703272026
spiked_leverage,128,64000,7,rand_r12,running_mean,normweighted,128,0.0502860985416667,37.2304204135643,2859.32579465859,2,0.061980703272026
spiked_leverage,128,64000,8,det,na,na,0,0.518375015208333,27.8301677529889,2859.32579465859,NaN,0.0962494277306071
spiked_leverage,128,64000,8,builtin,na,na,0,0.277079181875,28.3138615908994,2859.32579465859,NaN,0.0905082662733713
spiked_leverage,128,64000,8,rand,running_mean,normweighted,128,0.00498347354166667,37.7070984702628,2859.32579465859,2,0.0531857480071558
spiked_leverage,128,64000,8,rand_r12,running_mean,normweighted,128,0.0495285985416667,37.7070984702628,2859.32579465859,2,0.0531857480071558
spiked_leverage,128,64000,9,det,na,na,0,0.503547056875,28.5553074561041,2859.32579465859,NaN,0.0888397250782763
spiked_leverage,128,64000,9,builtin,na,na,0,0.284521306875,29.3038663542615,2859.32579465859,NaN,0.0713635130750373
spiked_leverage,128,64000,9,rand,running_mean,normweighted,128,0.00432489020833333,38.770585393497,2859.32579465859,2,0.0582674873863484
spiked_leverage,128,64000,9,rand_r12,running_mean,normweighted,128,0.0479742235416667,38.770585393497,2859.32579465859,2,0.0582674873863484
spiked_leverage,128,64000,10,det,na,na,0,0.502334431875,28.8503710346143,2859.32579465859,NaN,0.0803812903976973
spiked_leverage,128,64000,10,builtin,na,na,0,0.275158098541667,29.4169017282832,2859.32579465859,NaN,0.080434911619366
spiked_leverage,128,64000,10,rand,running_mean,normweighted,128,0.00480964020833333,42.5076301290366,2859.32579465859,2,0.0564270270029278
spiked_leverage,128,64000,10,rand_r12,running_mean,normweighted,128,0.0485569735416667,42.5076301290366,2859.32579465859,2,0.0564270270029278
spiked_leverage,128,64000,11,det,na,na,0,0.501505265208333,27.9852739164769,2859.32579465859,NaN,0.0972752901818276
spiked_leverage,128,64000,11,builtin,na,na,0,0.282506140208333,29.1127093731296,2859.32579465859,NaN,0.0816094630244781
spiked_leverage,128,64000,11,rand,running_mean,normweighted,128,0.00449334854166667,39.3722621513986,2859.32579465859,2,0.0594361944413419
spiked_leverage,128,64000,11,rand_r12,running_mean,normweighted,128,0.0479527652083333,39.3722621513986,2859.32579465859,2,0.0594361944413419
spiked_leverage,128,64000,12,det,na,na,0,0.502927723541667,27.5796550524101,2859.32579465859,NaN,0.099645307057133
spiked_leverage,128,64000,12,builtin,na,na,0,0.281434473541667,28.9377474624421,2859.32579465859,NaN,0.0731874979375847
spiked_leverage,128,64000,12,rand,running_mean,normweighted,128,0.004315931875,42.8151485246409,2859.32579465859,2,0.0519062419607452
spiked_leverage,128,64000,12,rand_r12,running_mean,normweighted,128,0.0482276402083333,42.8151485246409,2859.32579465859,2,0.0519062419607452
spiked_leverage,128,64000,13,det,na,na,0,0.503035306875,28.1344634693093,2859.32579465859,NaN,0.0929385352287327
spiked_leverage,128,64000,13,builtin,na,na,0,0.282414140208333,29.2813984996894,2859.32579465859,NaN,0.0794621882539397
spiked_leverage,128,64000,13,rand,running_mean,normweighted,128,0.004478931875,41.8073073446814,2859.32579465859,2,0.0510156912395211
spiked_leverage,128,64000,13,rand_r12,running_mean,normweighted,128,0.0480895152083333,41.8073073446814,2859.32579465859,2,0.0510156912395211
spiked_leverage,128,64000,14,det,na,na,0,0.502227931875,29.1793707803108,2859.32579465859,NaN,0.0757545691278232
spiked_leverage,128,64000,14,builtin,na,na,0,0.281441390208333,30.9103499647636,2859.32579465859,NaN,0.0597435658536725
spiked_leverage,128,64000,14,rand,running_mean,normweighted,128,0.00446359854166667,34.0697907214738,2859.32579465859,2,0.0648379323501388
spiked_leverage,128,64000,14,rand_r12,running_mean,normweighted,128,0.0473448485416667,34.0697907214738,2859.32579465859,2,0.0648379323501388
spiked_leverage,128,64000,15,det,na,na,0,0.501933390208333,29.4026949061129,2859.32579465859,NaN,0.0743702667767131
spiked_leverage,128,64000,15,builtin,na,na,0,0.281924598541667,26.9847553129402,2859.32579465859,NaN,0.106098932393558
spiked_leverage,128,64000,15,rand,running_mean,normweighted,128,0.004565056875,38.1285275188209,2859.32579465859,2,0.0545223571703184
spiked_leverage,128,64000,15,rand_r12,running_mean,normweighted,128,0.047529931875,38.1285275188209,2859.32579465859,2,0.0545223571703184
spiked_leverage,128,64000,16,det,na,na,0,0.502024098541667,27.917901614279,2859.32579465859,NaN,0.0946215707691288
spiked_leverage,128,64000,16,builtin,na,na,0,0.282931515208333,28.8796368566489,2859.32579465859,NaN,0.0846974177172883
spiked_leverage,128,64000,16,rand,running_mean,normweighted,128,0.00450976520833333,35.4205672671945,2859.32579465859,2,0.0692654328161433
spiked_leverage,128,64000,16,rand_r12,running_mean,normweighted,128,0.0478197235416667,35.4205672671945,2859.32579465859,2,0.0692654328161433
spiked_leverage,128,64000,17,det,na,na,0,0.502048265208333,28.0933474963438,2859.32579465859,NaN,0.0976935636411609
spiked_leverage,128,64000,17,builtin,na,na,0,0.278756765208333,28.9686150136758,2859.32579465859,NaN,0.0777113610258376
spiked_leverage,128,64000,17,rand,running_mean,normweighted,128,0.004346806875,35.0855786808608,2859.32579465859,2,0.0638189837582011
spiked_leverage,128,64000,17,rand_r12,running_mean,normweighted,128,0.0481072652083333,35.0855786808608,2859.32579465859,2,0.0638189837582011
spiked_leverage,128,64000,18,det,na,na,0,0.519108473541667,28.1866674850716,2859.32579465859,NaN,0.0854607677076418
spiked_leverage,128,64000,18,builtin,na,na,0,0.278780515208333,28.2448710526103,2859.32579465859,NaN,0.0782938656260526
spiked_leverage,128,64000,18,rand,running_mean,normweighted,128,0.00447322354166667,45.5287837400177,2859.32579465859,2,0.043988326595263
spiked_leverage,128,64000,18,rand_r12,running_mean,normweighted,128,0.047800181875,45.5287837400177,2859.32579465859,2,0.043988326595263
spiked_leverage,128,64000,19,det,na,na,0,0.517984181875,27.5051023095371,2859.32579465859,NaN,0.0959783135849433
spiked_leverage,128,64000,19,builtin,na,na,0,0.285246515208333,30.3454288472326,2859.32579465859,NaN,0.0613667144550874
spiked_leverage,128,64000,19,rand,running_mean,normweighted,128,0.004417806875,37.9545228644606,2859.32579465859,2,0.0617708412698363
spiked_leverage,128,64000,19,rand_r12,running_mean,normweighted,128,0.0489401402083333,37.9545228644606,2859.32579465859,2,0.0617708412698363
spiked_leverage,128,64000,20,det,na,na,0,0.511822348541667,28.4921148889005,2859.32579465859,NaN,0.0852761193992044
spiked_leverage,128,64000,20,builtin,na,na,0,0.286961515208333,27.7147529700093,2859.32579465859,NaN,0.0961236057160954
spiked_leverage,128,64000,20,rand,running_mean,normweighted,128,0.00482372354166667,38.6611420462492,2859.32579465859,2,0.0582643214868724
spiked_leverage,128,64000,20,rand_r12,running_mean,normweighted,128,0.0492026402083333,38.6611420462492,2859.32579465859,2,0.0582643214868724
needle,128,1000,1,det,na,na,0,0.00413964020833333,22.2982384756643,334.281318652419,NaN,0.108156099746428
needle,128,1000,1,builtin,na,na,0,0.00291626520833333,22.0644340580133,334.281318652419,NaN,0.104955062342358
needle,128,1000,1,rand,running_mean,normweighted,128,0.000873856041666667,30.8596041296239,334.281318652419,2,0.0606356744199947
needle,128,1000,1,rand_r12,running_mean,normweighted,128,0.00130326520833333,30.8596041296239,334.281318652419,2,0.0606356744199947
needle,128,1000,2,det,na,na,0,0.004293556875,21.2990672776302,334.281318652419,NaN,0.120186376047589
needle,128,1000,2,builtin,na,na,0,0.002864681875,22.3422379258054,334.281318652419,NaN,0.103822035466809
needle,128,1000,2,rand,running_mean,normweighted,128,0.000852439375,35.6554219062156,334.281318652419,2,0.0566881569694175
needle,128,1000,2,rand_r12,running_mean,normweighted,128,0.00114851520833333,35.6554219062156,334.281318652419,2,0.0566881569694175
needle,128,1000,3,det,na,na,0,0.00415326520833333,20.6321974396549,334.281318652419,NaN,0.126957874724536
needle,128,1000,3,builtin,na,na,0,0.00288197354166667,20.6727920790146,334.281318652419,NaN,0.125599910187582
needle,128,1000,3,rand,running_mean,normweighted,128,0.000809626875,40.3229116037046,334.281318652419,2,0.0361683320739496
needle,128,1000,3,rand_r12,running_mean,normweighted,128,0.00115051520833333,40.3229116037046,334.281318652419,2,0.0361683320739496
needle,128,1000,4,det,na,na,0,0.00411164020833333,21.7541409666347,334.281318652419,NaN,0.119558494861528
needle,128,1000,4,builtin,na,na,0,0.00277564020833333,21.5122939884336,334.281318652419,NaN,0.114340665249435
needle,128,1000,4,rand,running_mean,normweighted,128,0.000789689375,42.5007205737095,334.281318652419,2,0.0382508547836365
needle,128,1000,4,rand_r12,running_mean,normweighted,128,0.001133931875,42.5007205737095,334.281318652419,2,0.0382508547836365
needle,128,1000,5,det,na,na,0,0.00403184854166667,21.1836723134487,334.281318652419,NaN,0.115831256492167
needle,128,1000,5,builtin,na,na,0,0.00275814020833333,20.8547669536001,334.281318652419,NaN,0.118297293574556
needle,128,1000,5,rand,running_mean,normweighted,128,0.000787543541666667,46.080622929013,334.281318652419,2,0.0356350807390864
needle,128,1000,5,rand_r12,running_mean,normweighted,128,0.00108526520833333,46.080622929013,334.281318652419,2,0.0356350807390864
needle,128,1000,6,det,na,na,0,0.004011681875,20.4606680874704,334.281318652419,NaN,0.131678115040059
needle,128,1000,6,builtin,na,na,0,0.00264964020833333,21.3524906635288,334.281318652419,NaN,0.118580652231511
needle,128,1000,6,rand,running_mean,normweighted,128,0.000759460208333333,34.9179391372804,334.281318652419,2,0.0562286445593098
needle,128,1000,6,rand_r12,running_mean,normweighted,128,0.001180431875,34.9179391372804,334.281318652419,2,0.0562286445593098
needle,128,1000,7,det,na,na,0,0.00402539020833333,21.1538242555264,334.281318652419,NaN,0.103258061912009
needle,128,1000,7,builtin,na,na,0,0.00270122354166667,21.5470184143682,334.281318652419,NaN,0.111313981304468
needle,128,1000,7,rand,running_mean,normweighted,128,0.000778731041666667,34.7171812423289,334.281318652419,2,0.0597792833469741
needle,128,1000,7,rand_r12,running_mean,normweighted,128,0.00101776520833333,34.7171812423289,334.281318652419,2,0.0597792833469741
needle,128,1000,8,det,na,na,0,0.00389576520833333,21.1114445420311,334.281318652419,NaN,0.125660253452454
needle,128,1000,8,builtin,na,na,0,0.00262839020833333,21.818318620026,334.281318652419,NaN,0.113968878256562
needle,128,1000,8,rand,running_mean,normweighted,128,0.000777501875,33.9130202301953,334.281318652419,2,0.0554300997624469
needle,128,1000,8,rand_r12,running_mean,normweighted,128,0.00108264020833333,33.9130202301953,334.281318652419,2,0.0554300997624469
needle,128,1000,9,det,na,na,0,0.003793306875,21.8734973700272,334.281318652419,NaN,0.0999984048432996
needle,128,1000,9,builtin,na,na,0,0.00260309854166667,21.512583161874,334.281318652419,NaN,0.113377279466483
needle,128,1000,9,rand,running_mean,normweighted,128,0.000746585208333333,39.3871114053973,334.281318652419,2,0.0475714440150484
needle,128,1000,9,rand_r12,running_mean,normweighted,128,0.001027431875,39.3871114053973,334.281318652419,2,0.0475714440150484
needle,128,1000,10,det,na,na,0,0.00377297354166667,21.8645802212793,334.281318652419,NaN,0.112228197240604
needle,128,1000,10,builtin,na,na,0,0.00261514020833333,21.2488659653505,334.281318652419,NaN,0.110366864413855
needle,128,1000,10,rand,running_mean,normweighted,128,0.000756064375,31.7182171115002,334.281318652419,2,0.0589203350561434
needle,128,1000,10,rand_r12,running_mean,normweighted,128,0.000992556875,31.7182171115002,334.281318652419,2,0.0589203350561434
needle,128,1000,11,det,na,na,0,0.00376876520833333,21.1559200545516,334.281318652419,NaN,0.122105949845433
needle,128,1000,11,builtin,na,na,0,0.00257101520833333,21.6894839395628,334.281318652419,NaN,0.120349130278275
needle,128,1000,11,rand,running_mean,normweighted,128,0.000739231041666667,42.2999283756282,334.281318652419,2,0.0340440490520942
needle,128,1000,11,rand_r12,running_mean,normweighted,128,0.00101239020833333,42.2999283756282,334.281318652419,2,0.0340440490520942
needle,128,1000,12,det,na,na,0,0.003694806875,21.2398668404586,334.281318652419,NaN,0.134126928511038
needle,128,1000,12,builtin,na,na,0,0.002527806875,22.1680750231308,334.281318652419,NaN,0.10519404312364
needle,128,1000,12,rand,running_mean,normweighted,128,0.000744418541666667,40.8525918804517,334.281318652419,2,0.0408752970638285
needle,128,1000,12,rand_r12,running_mean,normweighted,128,0.00107451520833333,40.8525918804517,334.281318652419,2,0.0408752970638285
needle,128,1000,13,det,na,na,0,0.003725681875,21.985834890156,334.281318652419,NaN,0.110074134601205
needle,128,1000,13,builtin,na,na,0,0.002492931875,23.8185470911741,334.281318652419,NaN,0.081329878472268
needle,128,1000,13,rand,running_mean,normweighted,128,0.000700876875,41.4793610726545,334.281318652419,2,0.0365335578351039
needle,128,1000,13,rand_r12,running_mean,normweighted,128,0.001038056875,41.4793610726545,334.281318652419,2,0.0365335578351039
needle,128,1000,14,det,na,na,0,0.00381197354166667,21.1315932823242,334.281318652419,NaN,0.108270931806085
needle,128,1000,14,builtin,na,na,0,0.00250184854166667,22.0333862786417,334.281318652419,NaN,0.104505971096015
needle,128,1000,14,rand,running_mean,normweighted,128,0.000708710208333333,32.2295237091187,334.281318652419,2,0.0598849254435476
needle,128,1000,14,rand_r12,running_mean,normweighted,128,0.000996431875,32.2295237091187,334.281318652419,2,0.0598849254435476
needle,128,1000,15,det,na,na,0,0.003779306875,20.9405791617898,334.281318652419,NaN,0.129530818914917
needle,128,1000,15,builtin,na,na,0,0.00259014020833333,23.2912246434118,334.281318652419,NaN,0.0890521527902633
needle,128,1000,15,rand,running_mean,normweighted,128,0.000705210208333333,32.5693209506846,334.281318652419,2,0.051617743557263
needle,128,1000,15,rand_r12,running_mean,normweighted,128,0.000991598541666667,32.5693209506846,334.281318652419,2,0.051617743557263
needle,128,1000,16,det,na,na,0,0.00380447354166667,21.4148775681012,334.281318652419,NaN,0.114436402495176
needle,128,1000,16,builtin,na,na,0,0.00255051520833333,23.5464952890719,334.281318652419,NaN,0.0866693791016649
needle,128,1000,16,rand,running_mean,normweighted,128,0.000710168541666667,29.1630272488524,334.281318652419,2,0.066055505997702
needle,128,1000,16,rand_r12,running_mean,normweighted,128,0.001062431875,29.1630272488524,334.281318652419,2,0.066055505997702
needle,128,1000,17,det,na,na,0,0.00377651520833333,23.1039478637689,334.281318652419,NaN,0.0845616430949634
needle,128,1000,17,builtin,na,na,0,0.002527306875,22.1446739189548,334.281318652419,NaN,0.109907081337762
needle,128,1000,17,rand,running_mean,normweighted,128,0.000678293541666667,37.7252401772338,334.281318652419,2,0.0450849795893936
needle,128,1000,17,rand_r12,running_mean,normweighted,128,0.00104447354166667,37.7252401772338,334.281318652419,2,0.0450849795893936
needle,128,1000,18,det,na,na,0,0.00375547354166667,22.1667377812906,334.281318652419,NaN,0.093946926797194
needle,128,1000,18,builtin,na,na,0,0.00258089020833333,21.4267940970827,334.281318652419,NaN,0.111223059856721
needle,128,1000,18,rand,running_mean,normweighted,128,0.000671356041666667,39.3205917609174,334.281318652419,2,0.0428923637027309
needle,128,1000,18,rand_r12,running_mean,normweighted,128,0.000968098541666667,39.3205917609174,334.281318652419,2,0.0428923637027309
needle,128,1000,19,det,na,na,0,0.00380047354166667,22.3525758226394,334.281318652419,NaN,0.0957962774307735
needle,128,1000,19,builtin,na,na,0,0.00250372354166667,21.0740929355581,334.281318652419,NaN,0.120445361399801
needle,128,1000,19,rand,running_mean,normweighted,128,0.000684085208333333,32.516086441029,334.281318652419,2,0.0555664063417063
needle,128,1000,19,rand_r12,running_mean,normweighted,128,0.001023806875,32.516086441029,334.281318652419,2,0.0555664063417063
needle,128,1000,20,det,na,na,0,0.00378334854166667,21.3534320744777,334.281318652419,NaN,0.119068859582004
needle,128,1000,20,builtin,na,na,0,0.002563556875,21.0408768826469,334.281318652419,NaN,0.103606839367306
needle,128,1000,20,rand,running_mean,normweighted,128,0.000687981041666667,39.6690010302069,334.281318652419,2,0.0416483007847123
needle,128,1000,20,rand_r12,running_mean,normweighted,128,0.000975973541666667,39.6690010302069,334.281318652419,2,0.0416483007847123
needle,128,2000,1,det,na,na,0,0.007920931875,21.8330932114008,489.636599939179,NaN,0.107577561342127
needle,128,2000,1,builtin,na,na,0,0.00446184854166667,21.5039332660749,489.636599939179,NaN,0.107332716147427
needle,128,2000,1,rand,running_mean,normweighted,128,0.000651731041666667,51.0681545524817,489.636599939179,1,0.0256438218356944
needle,128,2000,1,rand_r12,running_mean,normweighted,128,0.001323556875,51.0681545524817,489.636599939179,1,0.0256438218356944
needle,128,2000,2,det,na,na,0,0.00791159854166667,21.4887966178216,489.636599939179,NaN,0.114883828983164
needle,128,2000,2,builtin,na,na,0,0.004290556875,21.941396499268,489.636599939179,NaN,0.100794285474102
needle,128,2000,2,rand,running_mean,normweighted,128,0.000714335208333333,44.1389437900138,489.636599939179,2,0.0398502245645936
needle,128,2000,2,rand_r12,running_mean,normweighted,128,0.00141197354166667,44.1389437900138,489.636599939179,2,0.0398502245645936
needle,128,2000,3,det,na,na,0,0.00787159854166667,21.7270651027933,489.636599939179,NaN,0.116047398752244
needle,128,2000,3,builtin,na,na,0,0.00444976520833333,24.4470377217252,489.636599939179,NaN,0.0828927744486765
needle,128,2000,3,rand,running_mean,normweighted,128,0.000653106041666667,60.0781348704408,489.636599939179,1,0.0242220460161049
needle,128,2000,3,rand_r12,running_mean,normweighted,128,0.00132451520833333,60.0781348704408,489.636599939179,1,0.0242220460161049
needle,128,2000,4,det,na,na,0,0.00790639020833333,21.7374388844426,489.636599939179,NaN,0.104924362666098
needle,128,2000,4,builtin,na,na,0,0.00430001520833333,21.1622121536774,489.636599939179,NaN,0.10855481809861
needle,128,2000,4,rand,running_mean,normweighted,128,0.000701751875,39.4341851820181,489.636599939179,2,0.0382370989305948
needle,128,2000,4,rand_r12,running_mean,normweighted,128,0.001259056875,39.4341851820181,489.636599939179,2,0.0382370989305948
needle,128,2000,5,det,na,na,0,0.007907681875,21.9685282960485,489.636599939179,NaN,0.105145140538586
needle,128,2000,5,builtin,na,na,0,0.00430401520833333,20.7214349254719,489.636599939179,NaN,0.131344788124737
needle,128,2000,5,rand,running_mean,normweighted,128,0.000714147708333333,33.3529178767932,489.636599939179,2,0.0514431185079873
needle,128,2000,5,rand_r12,running_mean,normweighted,128,0.00132714020833333,33.3529178767932,489.636599939179,2,0.0514431185079873
needle,128,2000,6,det,na,na,0,0.007884056875,21.1245204115746,489.636599939179,NaN,0.12703761386128
needle,128,2000,6,builtin,na,na,0,0.004327431875,21.7776237072764,489.636599939179,NaN,0.0988304292870187
needle,128,2000,6,rand,running_mean,normweighted,128,0.000740793541666667,59.9551439972833,489.636599939179,2,0.0244474205188469
needle,128,2000,6,rand_r12,running_mean,normweighted,128,0.00146726520833333,59.9551439972833,489.636599939179,2,0.0244474205188469
needle,128,2000,7,det,na,na,0,0.007849431875,21.8446581635085,489.636599939179,NaN,0.117827358345405
needle,128,2000,7,builtin,na,na,0,0.00426876520833333,22.194709476602,489.636599939179,NaN,0.10817132285707
needle,128,2000,7,rand,running_mean,normweighted,128,0.000710543541666667,36.810928463015,489.636599939179,2,0.0441365454590586
needle,128,2000,7,rand_r12,running_mean,normweighted,128,0.001407556875,36.810928463015,489.636599939179,2,0.0441365454590586
needle,128,2000,8,det,na,na,0,0.00787472354166667,21.3834884917705,489.636599939179,NaN,0.114124382934017
needle,128,2000,8,builtin,na,na,0,0.00430284854166667,21.2774208802599,489.636599939179,NaN,0.117184447412345
needle,128,2000,8,rand,running_mean,normweighted,128,0.000743856041666667,37.4430155024366,489.636599939179,2,0.0469565445473088
needle,128,2000,8,rand_r12,running_mean,normweighted,128,0.00147534854166667,37.4430155024366,489.636599939179,2,0.0469565445473088
needle,128,2000,9,det,na,na,0,0.00790701520833333,21.9382991743009,489.636599939179,NaN,0.112783099349722
needle,128,2000,9,builtin,na,na,0,0.004295431875,21.5878520776699,489.636599939179,NaN,0.121029147460675
needle,128,2000,9,rand,running_mean,normweighted,128,0.000715210208333333,44.2225901385618,489.636599939179,2,0.032819620267488
needle,128,2000,9,rand_r12,running_mean,normweighted,128,0.00134697354166667,44.2225901385618,489.636599939179,2,0.032819620267488
needle,128,2000,10,det,na,na,0,0.007860181875,21.6689926641768,489.636599939179,NaN,0.110669953178312
needle,128,2000,10,builtin,na,na,0,0.00438022354166667,22.4751498728534,489.636599939179,NaN,0.0977761531296277
needle,128,2000,10,rand,running_mean,normweighted,128,0.000739876875,53.769340501846,489.636599939179,2,0.0291177448226486
needle,128,2000,10,rand_r12,running_mean,normweighted,128,0.001474681875,53.769340501846,489.636599939179,2,0.0291177448226486
needle,128,2000,11,det,na,na,0,0.007887181875,21.611476211132,489.636599939179,NaN,0.109514471517274
needle,128,2000,11,builtin,na,na,0,0.004325556875,21.8871448323864,489.636599939179,NaN,0.104126593591303
needle,128,2000,11,rand,running_mean,normweighted,128,0.000620543541666667,51.6232841789648,489.636599939179,1,0.0315626920456625
needle,128,2000,11,rand_r12,running_mean,normweighted,128,0.00125714020833333,51.6232841789648,489.636599939179,1,0.0315626920456625
needle,128,2000,12,det,na,na,0,0.007925806875,21.5576001183826,489.636599939179,NaN,0.118614945145805
needle,128,2000,12,builtin,na,na,0,0.004372681875,21.7349609748638,489.636599939179,NaN,0.10263850318491
needle,128,2000,12,rand,running_mean,normweighted,128,0.000719293541666667,34.9185786358376,489.636599939179,2,0.0538364567482354
needle,128,2000,12,rand_r12,running_mean,normweighted,128,0.001354306875,34.9185786358376,489.636599939179,2,0.0538364567482354
needle,128,2000,13,det,na,na,0,0.00795226520833333,21.8402880617756,489.636599939179,NaN,0.111548861239888
needle,128,2000,13,builtin,na,na,0,0.00442859854166667,22.2947641530753,489.636599939179,NaN,0.102831039354599
needle,128,2000,13,rand,running_mean,normweighted,128,0.000653564375,60.3525840002396,489.636599939179,1,0.021213291421831
needle,128,2000,13,rand_r12,running_mean,normweighted,128,0.001328056875,60.3525840002396,489.636599939179,1,0.021213291421831
needle,128,2000,14,det,na,na,0,0.007952431875,21.8325939763045,489.636599939179,NaN,0.101311129174658
needle,128,2000,14,builtin,na,na,0,0.004431056875,21.7166563721353,489.636599939179,NaN,0.122496662017966
needle,128,2000,14,rand,running_mean,normweighted,128,0.000715231041666667,37.9149622918407,489.636599939179,2,0.0453241489742679
needle,128,2000,14,rand_r12,running_mean,normweighted,128,0.00133089020833333,37.9149622918407,489.636599939179,2,0.0453241489742679
needle,128,2000,15,det,na,na,0,0.00792776520833333,21.5834514113824,489.636599939179,NaN,0.102001943228759
needle,128,2000,15,builtin,na,na,0,0.00441576520833333,20.6684254482158,489.636599939179,NaN,0.12684519596432
needle,128,2000,15,rand,running_mean,normweighted,128,0.000619231041666667,65.8140222771492,489.636599939179,1,0.0202552539018342
needle,128,2000,15,rand_r12,running_mean,normweighted,128,0.00126839020833333,65.8140222771492,489.636599939179,1,0.0202552539018342
needle,128,2000,16,det,na,na,0,0.00794672354166667,21.0276065949436,489.636599939179,NaN,0.121807277654829
needle,128,2000,16,builtin,na,na,0,0.00431526520833333,21.3128664152833,489.636599939179,NaN,0.119752725555102
needle,128,2000,16,rand,running_mean,normweighted,128,0.000704585208333333,40.2622456862698,489.636599939179,2,0.0446941298063332
needle,128,2000,16,rand_r12,running_mean,normweighted,128,0.00134809854166667,40.2622456862698,489.636599939179,2,0.0446941298063332
needle,128,2000,17,det,na,na,0,0.00794726520833333,20.4451815908693,489.636599939179,NaN,0.137979579610298
needle,128,2000,17,builtin,na,na,0,0.00441239020833333,20.9007792889367,489.636599939179,NaN,0.119731575523546
needle,128,2000,17,rand,running_mean,normweighted,128,0.000697710208333333,42.866457123541,489.636599939179,2,0.042207799009742
needle,128,2000,17,rand_r12,running_mean,normweighted,128,0.00147447354166667,42.866457123541,489.636599939179,2,0.042207799009742
needle,128,2000,18,det,na,na,0,0.007899556875,22.3446842021182,489.636599939179,NaN,0.0929284920027254
needle,128,2000,18,builtin,na,na,0,0.00440072354166667,22.7099044732101,489.636599939179,NaN,0.0975953994220975
needle,128,2000,18,rand,running_mean,normweighted,128,0.000627793541666667,58.5181095178059,489.636599939179,1,0.0228372866462553
needle,128,2000,18,rand_r12,running_mean,normweighted,128,0.001255056875,58.5181095178059,489.636599939179,1,0.0228372866462553
needle,128,2000,19,det,na,na,0,0.00790976520833333,22.3658346648419,489.636599939179,NaN,0.104103569197672
needle,128,2000,19,builtin,na,na,0,0.00433622354166667,23.0546004609741,489.636599939179,NaN,0.0987285126745862
needle,128,2000,19,rand,running_mean,normweighted,128,0.000706439375,43.8650585751979,489.636599939179,2,0.0444414504496203
needle,128,2000,19,rand_r12,running_mean,normweighted,128,0.001525556875,43.8650585751979,489.636599939179,2,0.0444414504496203
needle,128,2000,20,det,na,na,0,0.007961931875,21.1276903366352,489.636599939179,NaN,0.119781334406087
needle,128,2000,20,builtin,na,na,0,0.00429751520833333,21.8127130032647,489.636599939179,NaN,0.104095380927919
needle,128,2000,20,rand,running_mean,normweighted,128,0.000699939375,56.608131288158,489.636599939179,2,0.023833242511449
needle,128,2000,20,rand_r12,running_mean,normweighted,128,0.00125601520833333,56.608131288158,489.636599939179,2,0.023833242511449
needle,128,4000,1,det,na,na,0,0.0155845152083333,21.4816936787343,704.09090322202,NaN,0.11893258194371
needle,128,4000,1,builtin,na,na,0,0.00746647354166667,21.2401803329864,704.09090322202,NaN,0.121901495642433
needle,128,4000,1,rand,running_mean,normweighted,128,0.000691272708333333,71.3937178813193,704.09090322202,1,0.0172922030863461
needle,128,4000,1,rand_r12,running_mean,normweighted,128,0.00195564020833333,71.3937178813193,704.09090322202,1,0.0172922030863461
needle,128,4000,2,det,na,na,0,0.0156399735416667,21.4273010879446,704.09090322202,NaN,0.117733110972283
needle,128,4000,2,builtin,na,na,0,0.007558556875,21.9790152105159,704.09090322202,NaN,0.110545365868681
needle,128,4000,2,rand,running_mean,normweighted,128,0.000777856041666667,52.0901450174642,704.09090322202,2,0.0240771725805747
needle,128,4000,2,rand_r12,running_mean,normweighted,128,0.00202689020833333,52.0901450174642,704.09090322202,2,0.0240771725805747
needle,128,4000,3,det,na,na,0,0.015595431875,22.0339499970292,704.09090322202,NaN,0.108754342648286
needle,128,4000,3,builtin,na,na,0,0.00759189020833333,22.5601221856674,704.09090322202,NaN,0.0840362506574828
needle,128,4000,3,rand,running_mean,normweighted,128,0.000778439375,42.0194782072163,704.09090322202,2,0.0398571730841706
needle,128,4000,3,rand_r12,running_mean,normweighted,128,0.002028056875,42.0194782072163,704.09090322202,2,0.0398571730841706
needle,128,4000,4,det,na,na,0,0.0154808485416667,22.0648030865419,704.09090322202,NaN,0.100659069659206
needle,128,4000,4,builtin,na,na,0,0.007510806875,22.0096662975594,704.09090322202,NaN,0.0943337993080774
needle,128,4000,4,rand,running_mean,normweighted,128,0.000779231041666667,49.2733472427447,704.09090322202,2,0.029021688095389
needle,128,4000,4,rand_r12,running_mean,normweighted,128,0.00202947354166667,49.2733472427447,704.09090322202,2,0.029021688095389
needle,128,4000,5,det,na,na,0,0.0155963902083333,21.5615799673412,704.09090322202,NaN,0.118341082914177
needle,128,4000,5,builtin,na,na,0,0.00747239020833333,21.099307823292,704.09090322202,NaN,0.118466790507621
needle,128,4000,5,rand,running_mean,normweighted,128,0.000768501875,42.5771392847484,704.09090322202,2,0.0340540769609703
needle,128,4000,5,rand_r12,running_mean,normweighted,128,0.00221114020833333,42.5771392847484,704.09090322202,2,0.0340540769609703
needle,128,4000,6,det,na,na,0,0.0156174735416667,21.2422112101298,704.09090322202,NaN,0.12582093392741
needle,128,4000,6,builtin,na,na,0,0.00755114020833333,21.6744320702904,704.09090322202,NaN,0.102435167823879
needle,128,4000,6,rand,running_mean,normweighted,128,0.000779251875,46.1096051288729,704.09090322202,2,0.0331600001760243
needle,128,4000,6,rand_r12,running_mean,normweighted,128,0.00205097354166667,46.1096051288729,704.09090322202,2,0.0331600001760243
needle,128,4000,7,det,na,na,0,0.0155787652083333,21.0324588806045,704.09090322202,NaN,0.118239133164993
needle,128,4000,7,builtin,na,na,0,0.007544306875,22.6690303053741,704.09090322202,NaN,0.0986966976768367
needle,128,4000,7,rand,running_mean,normweighted,128,0.000783001875,40.2461617050707,704.09090322202,2,0.0429353073161261
needle,128,4000,7,rand_r12,running_mean,normweighted,128,0.00203772354166667,40.2461617050707,704.09090322202,2,0.0429353073161261
needle,128,4000,8,det,na,na,0,0.0155546402083333,21.2692645901113,704.09090322202,NaN,0.107745393791449
needle,128,4000,8,builtin,na,na,0,0.00738422354166667,22.8191487948857,704.09090322202,NaN,0.0933440324729412
needle,128,4000,8,rand,running_mean,normweighted,128,0.000764606041666667,59.7907424094334,704.09090322202,2,0.0209889286939007
needle,128,4000,8,rand_r12,running_mean,normweighted,128,0.00230039020833333,59.7907424094334,704.09090322202,2,0.0209889286939007
needle,128,4000,9,det,na,na,0,0.0156412652083333,21.3579456294814,704.09090322202,NaN,0.128355230518921
needle,128,4000,9,builtin,na,na,0,0.00751914020833333,22.9119565710009,704.09090322202,NaN,0.0928872905453944
needle,128,4000,9,rand,running_mean,normweighted,128,0.000765918541666667,40.5189674916137,704.09090322202,2,0.0483797280337585
needle,128,4000,9,rand_r12,running_mean,normweighted,128,0.00229789020833333,40.5189674916137,704.09090322202,2,0.0483797280337585
needle,128,4000,10,det,na,na,0,0.015571306875,22.2590819261137,704.09090322202,NaN,0.110222639004469
needle,128,4000,10,builtin,na,na,0,0.00737509854166667,21.5432871411541,704.09090322202,NaN,0.115630611827649
needle,128,4000,10,rand,running_mean,normweighted,128,0.000770043541666667,43.2268581224451,704.09090322202,2,0.0377754083201154
needle,128,4000,10,rand_r12,running_mean,normweighted,128,0.00223201520833333,43.2268581224451,704.09090322202,2,0.0377754083201154
needle,128,4000,11,det,na,na,0,0.015521806875,22.0655094428396,704.09090322202,NaN,0.0995036039042001
needle,128,4000,11,builtin,na,na,0,0.00761884854166667,22.0272656762811,704.09090322202,NaN,0.106289838628588
needle,128,4000,11,rand,running_mean,normweighted,128,0.000685501875,69.4530700208067,704.09090322202,1,0.0174330778697867
needle,128,4000,11,rand_r12,running_mean,normweighted,128,0.002196681875,69.4530700208067,704.09090322202,1,0.0174330778697867
needle,128,4000,12,det,na,na,0,0.015596931875,22.4156408293793,704.09090322202,NaN,0.0925030981099236
needle,128,4000,12,builtin,na,na,0,0.007464681875,20.546816594082,704.09090322202,NaN,0.140043606646957
needle,128,4000,12,rand,running_mean,normweighted,128,0.000766189375,59.358463475208,704.09090322202,2,0.0219473188433386
needle,128,4000,12,rand_r12,running_mean,normweighted,128,0.00222672354166667,59.358463475208,704.09090322202,2,0.0219473188433386
needle,128,4000,13,det,na,na,0,0.015685556875,21.1824463383546,704.09090322202,NaN,0.118709606450862
needle,128,4000,13,builtin,na,na,0,0.00749551520833333,21.6018788276847,704.09090322202,NaN,0.111654695358132
needle,128,4000,13,rand,running_mean,normweighted,128,0.000780168541666667,61.6238296855815,704.09090322202,2,0.018924233599506
needle,128,4000,13,rand_r12,running_mean,normweighted,128,0.002018931875,61.6238296855815,704.09090322202,2,0.018924233599506
needle,128,4000,14,det,na,na,0,0.015550681875,20.6727864611759,704.09090322202,NaN,0.132117756512625
needle,128,4000,14,builtin,na,na,0,0.00743659854166667,21.6843175846847,704.09090322202,NaN,0.0970310580351892
needle,128,4000,14,rand,running_mean,normweighted,128,0.000783085208333333,32.0215882492458,704.09090322202,2,0.057333385851029
needle,128,4000,14,rand_r12,running_mean,normweighted,128,0.00202976520833333,32.0215882492458,704.09090322202,2,0.057333385851029
needle,128,4000,15,det,na,na,0,0.0155475985416667,21.2518750942028,704.09090322202,NaN,0.122010043024934
needle,128,4000,15,builtin,na,na,0,0.007608431875,22.0215214418519,704.09090322202,NaN,0.110013528610574
needle,128,4000,15,rand,running_mean,normweighted,128,0.000684606041666667,67.6056845135194,704.09090322202,1,0.0170558104318799
needle,128,4000,15,rand_r12,running_mean,normweighted,128,0.00220597354166667,67.6056845135194,704.09090322202,1,0.0170558104318799
needle,128,4000,16,det,na,na,0,0.0156586402083333,21.970567450133,704.09090322202,NaN,0.102812816229272
needle,128,4000,16,builtin,na,na,0,0.00748609854166667,21.7747960457563,704.09090322202,NaN,0.106720776677893
needle,128,4000,16,rand,running_mean,normweighted,128,0.000765064375,48.6702856054081,704.09090322202,2,0.0324000642462125
needle,128,4000,16,rand_r12,running_mean,normweighted,128,0.002260556875,48.6702856054081,704.09090322202,2,0.0324000642462125
needle,128,4000,17,det,na,na,0,0.015644806875,21.6750438052874,704.09090322202,NaN,0.121280137456636
needle,128,4000,17,builtin,na,na,0,0.00755489020833333,22.810417350378,704.09090322202,NaN,0.0872092778139939
needle,128,4000,17,rand,running_mean,normweighted,128,0.000693376875,45.8529063102687,704.09090322202,1,0.0344486932518251
needle,128,4000,17,rand_r12,running_mean,normweighted,128,0.00199334854166667,45.8529063102687,704.09090322202,1,0.0344486932518251
needle,128,4000,18,det,na,na,0,0.0156267235416667,21.7187394393685,704.09090322202,NaN,0.102038618681718
needle,128,4000,18,builtin,na,na,0,0.007417681875,21.7146296764268,704.09090322202,NaN,0.0995165431533977
needle,128,4000,18,rand,running_mean,normweighted,128,0.000766710208333333,53.6609581782719,704.09090322202,2,0.0229303574622589
needle,128,4000,18,rand_r12,running_mean,normweighted,128,0.002238681875,53.6609581782719,704.09090322202,2,0.0229303574622589
needle,128,4000,19,det,na,na,0,0.0156273485416667,21.5284971230698,704.09090322202,NaN,0.108878917751075
needle,128,4000,19,builtin,na,na,0,0.00741209854166667,23.5533130762072,704.09090322202,NaN,0.0803358131500095
needle,128,4000,19,rand,running_mean,normweighted,128,0.000683210208333333,45.9460394426763,704.09090322202,1,0.0351178581279801
needle,128,4000,19,rand_r12,running_mean,normweighted,128,0.00208314020833333,45.9460394426763,704.09090322202,1,0.0351178581279801
needle,128,4000,20,det,na,na,0,0.015644431875,21.5063132134476,704.09090322202,NaN,0.111154162564557
needle,128,4000,20,builtin,na,na,0,0.00753989020833333,22.7009299532501,704.09090322202,NaN,0.0919691197724886
needle,128,4000,20,rand,running_mean,normweighted,128,0.000687731041666667,54.1314532974451,704.09090322202,1,0.0237949225807637
needle,128,4000,20,rand_r12,running_mean,normweighted,128,0.00194122354166667,54.1314532974451,704.09090322202,1,0.0237949225807637
needle,128,8000,1,det,na,na,0,0.0333183485416667,21.308264467931,1003.86453269353,NaN,0.124416483524113
needle,128,8000,1,builtin,na,na,0,0.0125166402083333,21.6840997741785,1003.86453269353,NaN,0.10339303723718
needle,128,8000,1,rand,running_mean,normweighted,128,0.000908397708333333,68.239060719109,1003.86453269353,2,0.0176167930992789
needle,128,8000,1,rand_r12,running_mean,normweighted,128,0.004216806875,68.239060719109,1003.86453269353,2,0.0176167930992789
needle,128,8000,2,det,na,na,0,0.0334313902083333,21.4672941800759,1003.86453269353,NaN,0.119322294659578
needle,128,8000,2,builtin,na,na,0,0.012633431875,21.7191627102795,1003.86453269353,NaN,0.0948837536219767
needle,128,8000,2,rand,running_mean,normweighted,128,0.000918772708333333,47.545892152948,1003.86453269353,2,0.0292844806252997
needle,128,8000,2,rand_r12,running_mean,normweighted,128,0.004279056875,47.545892152948,1003.86453269353,2,0.0292844806252997
needle,128,8000,3,det,na,na,0,0.033326181875,20.8349514252547,1003.86453269353,NaN,0.125592251758711
needle,128,8000,3,builtin,na,na,0,0.0123205152083333,21.290318312744,1003.86453269353,NaN,0.114314869757389
needle,128,8000,3,rand,running_mean,normweighted,128,0.000821501875,105.680890729179,1003.86453269353,1,0.0102660313779765
needle,128,8000,3,rand_r12,running_mean,normweighted,128,0.00404434854166667,105.680890729179,1003.86453269353,1,0.0102660313779765
needle,128,8000,4,det,na,na,0,0.033314181875,21.3438058417942,1003.86453269353,NaN,0.115731380363939
needle,128,8000,4,builtin,na,na,0,0.0125933485416667,22.3492318900864,1003.86453269353,NaN,0.0889047234615378
needle,128,8000,4,rand,running_mean,normweighted,128,0.000908606041666667,51.0956205706457,1003.86453269353,2,0.0256971163713691
needle,128,8000,4,rand_r12,running_mean,normweighted,128,0.00400701520833333,51.0956205706457,1003.86453269353,2,0.0256971163713691
needle,128,8000,5,det,na,na,0,0.0334461402083333,21.6696664152415,1003.86453269353,NaN,0.116201916277001
needle,128,8000,5,builtin,na,na,0,0.012624056875,22.2225107299318,1003.86453269353,NaN,0.1127943193008
needle,128,8000,5,rand,running_mean,normweighted,128,0.000841147708333333,77.3399326528525,1003.86453269353,1,0.0162477297685685
needle,128,8000,5,rand_r12,running_mean,normweighted,128,0.00422301520833333,77.3399326528525,1003.86453269353,1,0.0162477297685685
needle,128,8000,6,det,na,na,0,0.0333522235416667,19.86893343675,1003.86453269353,NaN,0.137233130202997
needle,128,8000,6,builtin,na,na,0,0.0126219735416667,21.8015111162623,1003.86453269353,NaN,0.0940210986517069
needle,128,8000,6,rand,running_mean,normweighted,128,0.000826376875,86.8801320600055,1003.86453269353,1,0.0126197204423412
needle,128,8000,6,rand_r12,running_mean,normweighted,128,0.00417889020833333,86.8801320600055,1003.86453269353,1,0.0126197204423412
needle,128,8000,7,det,na,na,0,0.0334351402083333,22.3511376491872,1003.86453269353,NaN,0.0997373762390718
needle,128,8000,7,builtin,na,na,0,0.012463056875,23.0290640324297,1003.86453269353,NaN,0.0794077300603138
needle,128,8000,7,rand,running_mean,normweighted,128,0.000814314375,86.1508076912179,1003.86453269353,1,0.0153442129733611
needle,128,8000,7,rand_r12,running_mean,normweighted,128,0.00413426520833333,86.1508076912179,1003.86453269353,1,0.0153442129733611
needle,128,8000,8,det,na,na,0,0.0334148485416667,20.766443963697,1003.86453269353,NaN,0.136815026274294
needle,128,8000,8,builtin,na,na,0,0.012425931875,23.0024225954503,1003.86453269353,NaN,0.0846408506339718
needle,128,8000,8,rand,running_mean,normweighted,128,0.000915481041666667,44.0163663444932,1003.86453269353,2,0.0401051411586882
needle,128,8000,8,rand_r12,running_mean,normweighted,128,0.00432214020833333,44.0163663444932,1003.86453269353,2,0.0401051411586882
needle,128,8000,9,det,na,na,0,0.033233931875,22.1283384547645,1003.86453269353,NaN,0.10063506228003
needle,128,8000,9,builtin,na,na,0,0.0128755152083333,24.7701385498863,1003.86453269353,NaN,0.0650143944496212
needle,128,8000,9,rand,running_mean,normweighted,128,0.000818043541666667,76.5589925623171,1003.86453269353,1,0.0142938351005312
needle,128,8000,9,rand_r12,running_mean,normweighted,128,0.00415751520833333,76.5589925623171,1003.86453269353,1,0.0142938351005312
needle,128,8000,10,det,na,na,0,0.0333754735416667,21.7618202206113,1003.86453269353,NaN,0.106806633183749
needle,128,8000,10,builtin,na,na,0,0.0125951402083333,22.2084261303851,1003.86453269353,NaN,0.0947788798866007
needle,128,8000,10,rand,running_mean,normweighted,128,0.000894626875,46.7165846287325,1003.86453269353,2,0.0327194333431987
needle,128,8000,10,rand_r12,running_mean,normweighted,128,0.004199806875,46.7165846287325,1003.86453269353,2,0.0327194333431987
needle,128,8000,11,det,na,na,0,0.033408806875,21.604095663255,1003.86453269353,NaN,0.109912062100906
needle,128,8000,11,builtin,na,na,0,0.0127518485416667,22.8829410784275,1003.86453269353,NaN,0.0856409113941995
needle,128,8000,11,rand,running_mean,normweighted,128,0.000814960208333333,77.1208525321698,1003.86453269353,1,0.0148134532240593
needle,128,8000,11,rand_r12,running_mean,normweighted,128,0.00409926520833333,77.1208525321698,1003.86453269353,1,0.0148134532240593
needle,128,8000,12,det,na,na,0,0.0335416402083333,22.0961360369922,1003.86453269353,NaN,0.0966786588019477
needle,128,8000,12,builtin,na,na,0,0.0125211402083333,23.606497754973,1003.86453269353,NaN,0.0834493822387262
needle,128,8000,12,rand,running_mean,normweighted,128,0.000838064375,69.0679928995487,1003.86453269353,1,0.0162567262735427
needle,128,8000,12,rand_r12,running_mean,normweighted,128,0.004213181875,69.0679928995487,1003.86453269353,1,0.0162567262735427
needle,128,8000,13,det,na,na,0,0.0334690152083333,20.6903036092646,1003.86453269353,NaN,0.130368623922529
needle,128,8000,13,builtin,na,na,0,0.0126424735416667,22.0737462958581,1003.86453269353,NaN,0.104024016661884
needle,128,8000,13,rand,running_mean,normweighted,128,0.000825439375,59.2916844763356,1003.86453269353,1,0.0212136829246148
needle,128,8000,13,rand_r12,running_mean,normweighted,128,0.004039306875,59.2916844763356,1003.86453269353,1,0.0212136829246148
needle,128,8000,14,det,na,na,0,0.0334110152083333,21.7698130609581,1003.86453269353,NaN,0.113465904556961
needle,128,8000,14,builtin,na,na,0,0.0126152652083333,22.6366719840008,1003.86453269353,NaN,0.0965514836664544
needle,128,8000,14,rand,running_mean,normweighted,128,0.000815814375,94.2724207777064,1003.86453269353,1,0.0126108695377572
needle,128,8000,14,rand_r12,running_mean,normweighted,128,0.004148931875,94.2724207777064,1003.86453269353,1,0.0126108695377572
needle,128,8000,15,det,na,na,0,0.0333421402083333,22.2363631368184,1003.86453269353,NaN,0.109702086317837
needle,128,8000,15,builtin,na,na,0,0.0125089735416667,21.5098549230366,1003.86453269353,NaN,0.102859332922644
needle,128,8000,15,rand,running_mean,normweighted,128,0.000908981041666667,39.8125670758171,1003.86453269353,2,0.0395609107315372
needle,128,8000,15,rand_r12,running_mean,normweighted,128,0.00398676520833333,39.8125670758171,1003.86453269353,2,0.0395609107315372
needle,128,8000,16,det,na,na,0,0.0334578902083333,21.6240688149078,1003.86453269353,NaN,0.118752996381671
needle,128,8000,16,builtin,na,na,0,0.0126313902083333,22.1769254193742,1003.86453269353,NaN,0.103665452838937
needle,128,8000,16,rand,running_mean,normweighted,128,0.000823085208333333,91.8911470480422,1003.86453269353,1,0.0135303309026301
needle,128,8000,16,rand_r12,running_mean,normweighted,128,0.004179181875,91.8911470480422,1003.86453269353,1,0.0135303309026301
needle,128,8000,17,det,na,na,0,0.033508431875,20.6888601540479,1003.86453269353,NaN,0.130926609248449
needle,128,8000,17,builtin,na,na,0,0.0124647652083333,22.4036958927445,1003.86453269353,NaN,0.0843992610790813
needle,128,8000,17,rand,running_mean,normweighted,128,0.000921585208333333,66.6024895535295,1003.86453269353,2,0.0174563355978234
needle,128,8000,17,rand_r12,running_mean,normweighted,128,0.004319931875,66.6024895535295,1003.86453269353,2,0.0174563355978234
needle,128,8000,18,det,na,na,0,0.0333723485416667,21.8450072541593,1003.86453269353,NaN,0.10731498594875
needle,128,8000,18,builtin,na,na,0,0.0125787235416667,22.2416149563606,1003.86453269353,NaN,0.110572014875599
needle,128,8000,18,rand,running_mean,normweighted,128,0.000828022708333333,57.9958519162903,1003.86453269353,1,0.0222033791717686
needle,128,8000,18,rand_r12,running_mean,normweighted,128,0.00420414020833333,57.9958519162903,1003.86453269353,1,0.0222033791717686
needle,128,8000,19,det,na,na,0,0.033396556875,22.7470469172159,1003.86453269353,NaN,0.0972550125233645
needle,128,8000,19,builtin,na,na,0,0.012581931875,21.6650026666507,1003.86453269353,NaN,0.11277845292412
needle,128,8000,19,rand,running_mean,normweighted,128,0.000821356041666667,106.926165288734,1003.86453269353,1,0.0101738405828366
needle,128,8000,19,rand_r12,running_mean,normweighted,128,0.004157056875,106.926165288734,1003.86453269353,1,0.0101738405828366
needle,128,8000,20,det,na,na,0,0.0332376402083333,21.2360423106153,1003.86453269353,NaN,0.123027226287753
needle,128,8000,20,builtin,na,na,0,0.0125741402083333,22.1348144789379,1003.86453269353,NaN,0.114057790682305
needle,128,8000,20,rand,running_mean,normweighted,128,0.000813897708333333,54.0996936157979,1003.86453269353,1,0.0254345146256901
needle,128,8000,20,rand_r12,running_mean,normweighted,128,0.00410689020833333,54.0996936157979,1003.86453269353,1,0.0254345146256901
needle,128,16000,1,det,na,na,0,0.0930295152083333,21.2905886641821,1425.39257750277,NaN,0.112932421304983
needle,128,16000,1,builtin,na,na,0,0.0249048485416667,21.3416152069716,1425.39257750277,NaN,0.112436060457707
needle,128,16000,1,rand,running_mean,normweighted,128,0.001086306875,86.2287676664369,1425.39257750277,1,0.0132916076981656
needle,128,16000,1,rand_r12,running_mean,normweighted,128,0.00896359854166667,86.2287676664369,1425.39257750277,1,0.0132916076981656
needle,128,16000,2,det,na,na,0,0.0927293902083333,21.9250465097709,1425.39257750277,NaN,0.117724674076506
needle,128,16000,2,builtin,na,na,0,0.025211306875,22.0520773339217,1425.39257750277,NaN,0.100378445771575
needle,128,16000,2,rand,running_mean,normweighted,128,0.00115826520833333,141.717173341384,1425.39257750277,1,0.00741683551641802
needle,128,16000,2,rand_r12,running_mean,normweighted,128,0.009044431875,141.717173341384,1425.39257750277,1,0.00741683551641802
needle,128,16000,3,det,na,na,0,0.0931080985416667,21.1162234187838,1425.39257750277,NaN,0.121969290210296
needle,128,16000,3,builtin,na,na,0,0.0259581402083333,21.3353317011631,1425.39257750277,NaN,0.118229130529004
needle,128,16000,3,rand,running_mean,normweighted,128,0.00126501520833333,84.9203060921276,1425.39257750277,1,0.0145927137294247
needle,128,16000,3,rand_r12,running_mean,normweighted,128,0.0113973485416667,84.9203060921276,1425.39257750277,1,0.0145927137294247
needle,128,16000,4,det,na,na,0,0.092193556875,21.625466354792,1425.39257750277,NaN,0.0957631729330534
needle,128,16000,4,builtin,na,na,0,0.026660931875,21.5968895785964,1425.39257750277,NaN,0.120353132236455
needle,128,16000,4,rand,running_mean,normweighted,128,0.00129264020833333,125.054039923925,1425.39257750277,1,0.0084595499339157
needle,128,16000,4,rand_r12,running_mean,normweighted,128,0.0117723902083333,125.054039923925,1425.39257750277,1,0.0084595499339157
needle,128,16000,5,det,na,na,0,0.0934695152083333,21.8290409027267,1425.39257750277,NaN,0.104820682126783
needle,128,16000,5,builtin,na,na,0,0.0276763485416667,22.1028580680575,1425.39257750277,NaN,0.100575197050358
needle,128,16000,5,rand,running_mean,normweighted,128,0.00140426520833333,50.5947077819416,1425.39257750277,2,0.0299854243480789
needle,128,16000,5,rand_r12,running_mean,normweighted,128,0.0120690985416667,50.5947077819416,1425.39257750277,2,0.0299854243480789
needle,128,16000,6,det,na,na,0,0.0919783485416667,20.8888425772036,1425.39257750277,NaN,0.117347767049701
needle,128,16000,6,builtin,na,na,0,0.0266827235416667,20.4040671354731,1425.39257750277,NaN,0.133661452495042
needle,128,16000,6,rand,running_mean,normweighted,128,0.00139301520833333,37.0230769848788,1425.39257750277,2,0.0465156497602976
needle,128,16000,6,rand_r12,running_mean,normweighted,128,0.011918431875,37.0230769848788,1425.39257750277,2,0.0465156497602976
needle,128,16000,7,det,na,na,0,0.093311681875,21.2450905840569,1425.39257750277,NaN,0.127099191976543
needle,128,16000,7,builtin,na,na,0,0.027260306875,22.2948647935891,1425.39257750277,NaN,0.105960018029165
needle,128,16000,7,rand,running_mean,normweighted,128,0.001377181875,37.27416504144,1425.39257750277,2,0.0535549965179348
needle,128,16000,7,rand_r12,running_mean,normweighted,128,0.0120177652083333,37.27416504144,1425.39257750277,2,0.0535549965179348
needle,128,16000,8,det,na,na,0,0.093681556875,22.237994893856,1425.39257750277,NaN,0.104229322482059
needle,128,16000,8,builtin,na,na,0,0.0271544735416667,24.4050021371048,1425.39257750277,NaN,0.0743601947607678
needle,128,16000,8,rand,running_mean,normweighted,128,0.00129726520833333,124.128067870172,1425.39257750277,1,0.00905301151190637
needle,128,16000,8,rand_r12,running_mean,normweighted,128,0.0113114735416667,124.128067870172,1425.39257750277,1,0.00905301151190637
needle,128,16000,9,det,na,na,0,0.0924970152083333,20.5614135292977,1425.39257750277,NaN,0.122943083971586
needle,128,16000,9,builtin,na,na,0,0.0267868485416667,21.837618616168,1425.39257750277,NaN,0.0851637365143916
needle,128,16000,9,rand,running_mean,normweighted,128,0.001304556875,61.0131980084976,1425.39257750277,1,0.0218324587464956
needle,128,16000,9,rand_r12,running_mean,normweighted,128,0.0113307652083333,61.0131980084976,1425.39257750277,1,0.0218324587464956
needle,128,16000,10,det,na,na,0,0.091871931875,22.1969939569005,1425.39257750277,NaN,0.101851857268308
needle,128,16000,10,builtin,na,na,0,0.0275579735416667,22.354865335847,1425.39257750277,NaN,0.0965366216895166
needle,128,16000,10,rand,running_mean,normweighted,128,0.00138859854166667,70.3354188765158,1425.39257750277,2,0.0157701412447166
needle,128,16000,10,rand_r12,running_mean,normweighted,128,0.012004181875,70.3354188765158,1425.39257750277,2,0.0157701412447166
needle,128,16000,11,det,na,na,0,0.0916842652083333,22.7126884631093,1425.39257750277,NaN,0.0898487717617963
needle,128,16000,11,builtin,na,na,0,0.0272522235416667,21.4456294985037,1425.39257750277,NaN,0.115481465083266
needle,128,16000,11,rand,running_mean,normweighted,128,0.00152359854166667,41.0691535194692,1425.39257750277,2,0.0417149014969913
needle,128,16000,11,rand_r12,running_mean,normweighted,128,0.0120006402083333,41.0691535194692,1425.39257750277,2,0.0417149014969913
needle,128,16000,12,det,na,na,0,0.094998181875,22.8096634522652,1425.39257750277,NaN,0.108071535504428
needle,128,16000,12,builtin,na,na,0,0.0273875152083333,22.4621182651305,1425.39257750277,NaN,0.108577290060835
needle,128,16000,12,rand,running_mean,normweighted,128,0.00138047354166667,47.1075468483548,1425.39257750277,2,0.0295225020931434
needle,128,16000,12,rand_r12,running_mean,normweighted,128,0.0118950985416667,47.1075468483548,1425.39257750277,2,0.0295225020931434
needle,128,16000,13,det,na,na,0,0.091573056875,21.2912746292541,1425.39257750277,NaN,0.118788541298811
needle,128,16000,13,builtin,na,na,0,0.027693931875,22.6143956255019,1425.39257750277,NaN,0.0868007436346414
needle,128,16000,13,rand,running_mean,normweighted,128,0.001528056875,49.7900113865817,1425.39257750277,2,0.0278656007617957
needle,128,16000,13,rand_r12,running_mean,normweighted,128,0.012037681875,49.7900113865817,1425.39257750277,2,0.0278656007617957
needle,128,16000,14,det,na,na,0,0.0915752652083333,21.8231255259057,1425.39257750277,NaN,0.107979252152973
needle,128,16000,14,builtin,na,na,0,0.027179556875,22.6147976257291,1425.39257750277,NaN,0.0909028542257642
needle,128,16000,14,rand,running_mean,normweighted,128,0.00135984854166667,51.6739271821636,1425.39257750277,1,0.0263567957332054
needle,128,16000,14,rand_r12,running_mean,normweighted,128,0.0114620152083333,51.6739271821636,1425.39257750277,1,0.0263567957332054
needle,128,16000,15,det,na,na,0,0.0918643485416667,22.645084617412,1425.39257750277,NaN,0.0959315713374652
needle,128,16000,15,builtin,na,na,0,0.0273412652083333,21.606154090334,1425.39257750277,NaN,0.119711642543355
needle,128,16000,15,rand,running_mean,normweighted,128,0.001525431875,64.5067829181292,1425.39257750277,2,0.0179337728353
needle,128,16000,15,rand_r12,running_mean,normweighted,128,0.0120505985416667,64.5067829181292,1425.39257750277,2,0.0179337728353
needle,128,16000,16,det,na,na,0,0.0924582652083333,21.0115206299388,1425.39257750277,NaN,0.116661902694071
needle,128,16000,16,builtin,na,na,0,0.027580181875,21.5325293270865,1425.39257750277,NaN,0.120210513597265
needle,128,16000,16,rand,running_mean,normweighted,128,0.00139614020833333,64.7096753593371,1425.39257750277,1,0.020083773972773
needle,128,16000,16,rand_r12,running_mean,normweighted,128,0.011875306875,64.7096753593371,1425.39257750277,1,0.020083773972773
needle,128,16000,17,det,na,na,0,0.094371431875,22.0796638097045,1425.39257750277,NaN,0.103708720453461
needle,128,16000,17,builtin,na,na,0,0.027898681875,22.1174412105751,1425.39257750277,NaN,0.101309118827404
needle,128,16000,17,rand,running_mean,normweighted,128,0.00147584854166667,47.3168832749686,1425.39257750277,2,0.0339487721255814
needle,128,16000,17,rand_r12,running_mean,normweighted,128,0.0115959735416667,47.3168832749686,1425.39257750277,2,0.0339487721255814
needle,128,16000,18,det,na,na,0,0.0917237235416667,21.2139037884097,1425.39257750277,NaN,0.12071178858867
needle,128,16000,18,builtin,na,na,0,0.0273748485416667,22.8067637809061,1425.39257750277,NaN,0.0903911828856871
needle,128,16000,18,rand,running_mean,normweighted,128,0.001358181875,66.2958808182216,1425.39257750277,1,0.0216560421799983
needle,128,16000,18,rand_r12,running_mean,normweighted,128,0.0114798485416667,66.2958808182216,1425.39257750277,1,0.0216560421799983
needle,128,16000,19,det,na,na,0,0.0918171402083333,22.369954005121,1425.39257750277,NaN,0.106637812578829
needle,128,16000,19,builtin,na,na,0,0.0274662235416667,24.4053997576241,1425.39257750277,NaN,0.0702976367781929
needle,128,16000,19,rand,running_mean,normweighted,128,0.001351556875,92.2547257281239,1425.39257750277,1,0.0128236156952124
needle,128,16000,19,rand_r12,running_mean,normweighted,128,0.011757181875,92.2547257281239,1425.39257750277,1,0.0128236156952124
needle,128,16000,20,det,na,na,0,0.102570098541667,21.8874291897873,1425.39257750277,NaN,0.107820381903073
needle,128,16000,20,builtin,na,na,0,0.0274650152083333,24.2245068939348,1425.39257750277,NaN,0.0827585051261795
needle,128,16000,20,rand,running_mean,normweighted,128,0.00146551520833333,55.6093284290506,1425.39257750277,2,0.0227008113375656
needle,128,16000,20,rand_r12,running_mean,normweighted,128,0.0122717235416667,55.6093284290506,1425.39257750277,2,0.0227008113375656
needle,128,32000,1,det,na,na,0,0.241751348541667,21.3464841708986,2019.8376172356,NaN,0.114616152432934
needle,128,32000,1,builtin,na,na,0,0.104782473541667,21.9117042473769,2019.8376172356,NaN,0.104254076970033
needle,128,32000,1,rand,running_mean,normweighted,128,0.00230714020833333,127.585489842291,2019.8376172356,1,0.0082658894558444
needle,128,32000,1,rand_r12,running_mean,normweighted,128,0.0247326402083333,127.585489842291,2019.8376172356,1,0.0082658894558444
needle,128,32000,2,det,na,na,0,0.246866640208333,21.8394117332081,2019.8376172356,NaN,0.115241486887773
needle,128,32000,2,builtin,na,na,0,0.112923681875,21.3224282550014,2019.8376172356,NaN,0.126030182709019
needle,128,32000,2,rand,running_mean,normweighted,128,0.00281047354166667,66.992018703126,2019.8376172356,1,0.0181338686894695
needle,128,32000,2,rand_r12,running_mean,normweighted,128,0.0268036402083333,66.992018703126,2019.8376172356,1,0.0181338686894695
needle,128,32000,3,det,na,na,0,0.246666056875,21.5630736309311,2019.8376172356,NaN,0.110018605217559
needle,128,32000,3,builtin,na,na,0,0.105976265208333,23.8114662035132,2019.8376172356,NaN,0.0761782754196258
needle,128,32000,3,rand,running_mean,normweighted,128,0.002563306875,166.450178812633,2019.8376172356,1,0.00625796892948883
needle,128,32000,3,rand_r12,running_mean,normweighted,128,0.0261002235416667,166.450178812633,2019.8376172356,1,0.00625796892948883
needle,128,32000,4,det,na,na,0,0.239946598541667,21.7691513995281,2019.8376172356,NaN,0.101379301201495
needle,128,32000,4,builtin,na,na,0,0.108007806875,21.6555805114109,2019.8376172356,NaN,0.109813048401015
needle,128,32000,4,rand,running_mean,normweighted,128,0.002776556875,56.1356960248686,2019.8376172356,1,0.0248339359937616
needle,128,32000,4,rand_r12,running_mean,normweighted,128,0.0264325152083333,56.1356960248686,2019.8376172356,1,0.0248339359937616
needle,128,32000,5,det,na,na,0,0.242344640208333,21.5575051476509,2019.8376172356,NaN,0.110537409513543
needle,128,32000,5,builtin,na,na,0,0.104827140208333,21.4858994932991,2019.8376172356,NaN,0.108577872187216
needle,128,32000,5,rand,running_mean,normweighted,128,0.00248689020833333,47.7619286418654,2019.8376172356,1,0.030178767306359
needle,128,32000,5,rand_r12,running_mean,normweighted,128,0.0254773485416667,47.7619286418654,2019.8376172356,1,0.030178767306359
needle,128,32000,6,det,na,na,0,0.240036723541667,22.6148300422746,2019.8376172356,NaN,0.0968792215331231
needle,128,32000,6,builtin,na,na,0,0.108150806875,22.3300075430136,2019.8376172356,NaN,0.100386611725355
needle,128,32000,6,rand,running_mean,normweighted,128,0.00280826520833333,174.18248480336,2019.8376172356,1,0.00588795448452738
needle,128,32000,6,rand_r12,running_mean,normweighted,128,0.0275653485416667,174.18248480336,2019.8376172356,1,0.00588795448452738
needle,128,32000,7,det,na,na,0,0.240422390208333,22.2781153811056,2019.8376172356,NaN,0.109854435037148
needle,128,32000,7,builtin,na,na,0,0.105206098541667,21.9576454459925,2019.8376172356,NaN,0.105857142311062
needle,128,32000,7,rand,running_mean,normweighted,128,0.00255359854166667,48.9350824385653,2019.8376172356,1,0.0302782425076523
needle,128,32000,7,rand_r12,running_mean,normweighted,128,0.025766681875,48.9350824385653,2019.8376172356,1,0.0302782425076523
needle,128,32000,8,det,na,na,0,0.240552890208333,20.9577512665755,2019.8376172356,NaN,0.123470655063201
needle,128,32000,8,builtin,na,na,0,0.105248223541667,22.1339878270152,2019.8376172356,NaN,0.116785723814169
needle,128,32000,8,rand,running_mean,normweighted,128,0.002483431875,153.952106781336,2019.8376172356,1,0.0067223304816468
needle,128,32000,8,rand_r12,running_mean,normweighted,128,0.0254393485416667,153.952106781336,2019.8376172356,1,0.0067223304816468
needle,128,32000,9,det,na,na,0,0.240022390208333,21.720826056356,2019.8376172356,NaN,0.104897361782495
needle,128,32000,9,builtin,na,na,0,0.103710140208333,20.5254922760886,2019.8376172356,NaN,0.143649188728494
needle,128,32000,9,rand,running_mean,normweighted,128,0.002498931875,140.040059064106,2019.8376172356,1,0.00779148503007674
needle,128,32000,9,rand_r12,running_mean,normweighted,128,0.0253508485416667,140.040059064106,2019.8376172356,1,0.00779148503007674
needle,128,32000,10,det,na,na,0,0.240144431875,21.560920391252,2019.8376172356,NaN,0.114628715646167
needle,128,32000,10,builtin,na,na,0,0.103300056875,22.3700150990172,2019.8376172356,NaN,0.0949942281669319
needle,128,32000,10,rand,running_mean,normweighted,128,0.00248059854166667,55.9557268347853,2019.8376172356,2,0.0230823649819405
needle,128,32000,10,rand_r12,running_mean,normweighted,128,0.025598431875,55.9557268347853,2019.8376172356,2,0.0230823649819405
needle,128,32000,11,det,na,na,0,0.246067931875,21.740398778247,2019.8376172356,NaN,0.106784984966614
needle,128,32000,11,builtin,na,na,0,0.103083848541667,21.5398548677948,2019.8376172356,NaN,0.116476698133272
needle,128,32000,11,rand,running_mean,normweighted,128,0.00230284854166667,68.3932813774955,2019.8376172356,1,0.0206127935684091
needle,128,32000,11,rand_r12,running_mean,normweighted,128,0.0252105985416667,68.3932813774955,2019.8376172356,1,0.0206127935684091
needle,128,32000,12,det,na,na,0,0.246428056875,21.075187117177,2019.8376172356,NaN,0.125211866485735
needle,128,32000,12,builtin,na,na,0,0.105394265208333,22.016009052851,2019.8376172356,NaN,0.105827352313206
needle,128,32000,12,rand,running_mean,normweighted,128,0.00251447354166667,127.337681194017,2019.8376172356,1,0.00908362923345174
needle,128,32000,12,rand_r12,running_mean,normweighted,128,0.0258688485416667,127.337681194017,2019.8376172356,1,0.00908362923345174
needle,128,32000,13,det,na,na,0,0.246134390208333,21.7281103060122,2019.8376172356,NaN,0.108630028338118
needle,128,32000,13,builtin,na,na,0,0.104779848541667,22.7698625092968,2019.8376172356,NaN,0.0980364647862256
needle,128,32000,13,rand,running_mean,normweighted,128,0.00230884854166667,94.3599519284447,2019.8376172356,1,0.0121308502145813
needle,128,32000,13,rand_r12,running_mean,normweighted,128,0.024924181875,94.3599519284447,2019.8376172356,1,0.0121308502145813
needle,128,32000,14,det,na,na,0,0.241859223541667,21.9945408527306,2019.8376172356,NaN,0.10229087096627
needle,128,32000,14,builtin,na,na,0,0.106691223541667,22.4316131849689,2019.8376172356,NaN,0.100495013301772
needle,128,32000,14,rand,running_mean,normweighted,128,0.00249009854166667,123.934159755982,2019.8376172356,2,0.00880225960885546
needle,128,32000,14,rand_r12,running_mean,normweighted,128,0.025027931875,123.934159755982,2019.8376172356,2,0.00880225960885546
needle,128,32000,15,det,na,na,0,0.245797015208333,21.8369320655603,2019.8376172356,NaN,0.112103047898958
needle,128,32000,15,builtin,na,na,0,0.104630223541667,21.9906602901528,2019.8376172356,NaN,0.0955064944470232
needle,128,32000,15,rand,running_mean,normweighted,128,0.00267226520833333,63.8711800116641,2019.8376172356,2,0.0176998395191812
needle,128,32000,15,rand_r12,running_mean,normweighted,128,0.0260871402083333,63.8711800116641,2019.8376172356,2,0.0176998395191812
needle,128,32000,16,det,na,na,0,0.244196348541667,21.8734123801277,2019.8376172356,NaN,0.110588374892902
needle,128,32000,16,builtin,na,na,0,0.105598431875,21.8643396866952,2019.8376172356,NaN,0.102925598378207
needle,128,32000,16,rand,running_mean,normweighted,128,0.00234659854166667,92.150082148015,2019.8376172356,1,0.0134139144397332
needle,128,32000,16,rand_r12,running_mean,normweighted,128,0.0253326402083333,92.150082148015,2019.8376172356,1,0.0134139144397332
needle,128,32000,17,det,na,na,0,0.245302681875,22.0406540756037,2019.8376172356,NaN,0.109785300192976
needle,128,32000,17,builtin,na,na,0,0.104748056875,22.8729693027378,2019.8376172356,NaN,0.101174391408339
needle,128,32000,17,rand,running_mean,normweighted,128,0.00249997354166667,74.6883577912689,2019.8376172356,1,0.0176887639555534
needle,128,32000,17,rand_r12,running_mean,normweighted,128,0.0258991402083333,74.6883577912689,2019.8376172356,1,0.0176887639555534
needle,128,32000,18,det,na,na,0,0.245223598541667,21.6458843519585,2019.8376172356,NaN,0.100059187572663
needle,128,32000,18,builtin,na,na,0,0.104394765208333,20.9392941860879,2019.8376172356,NaN,0.121710102611255
needle,128,32000,18,rand,running_mean,normweighted,128,0.00232047354166667,70.5772551014276,2019.8376172356,1,0.0180175944649285
needle,128,32000,18,rand_r12,running_mean,normweighted,128,0.0249587235416667,70.5772551014276,2019.8376172356,1,0.0180175944649285
needle,128,32000,19,det,na,na,0,0.242965556875,21.0892042847809,2019.8376172356,NaN,0.117883512825206
needle,128,32000,19,builtin,na,na,0,0.103029973541667,21.012167967464,2019.8376172356,NaN,0.119559765795631
needle,128,32000,19,rand,running_mean,normweighted,128,0.002379431875,62.0461284019723,2019.8376172356,1,0.0221514291877721
needle,128,32000,19,rand_r12,running_mean,normweighted,128,0.0251131402083333,62.0461284019723,2019.8376172356,1,0.0221514291877721
needle,128,32000,20,det,na,na,0,0.242288223541667,22.8018897971625,2019.8376172356,NaN,0.093534857082847
needle,128,32000,20,builtin,na,na,0,0.103497848541667,22.7437011073289,2019.8376172356,NaN,0.104759915308228
needle,128,32000,20,rand,running_mean,normweighted,128,0.00231584854166667,149.356478473629,2019.8376172356,1,0.00752210280617844
needle,128,32000,20,rand_r12,running_mean,normweighted,128,0.024968431875,149.356478473629,2019.8376172356,1,0.00752210280617844
needle,128,64000,1,det,na,na,0,0.519627723541667,22.1729532680316,2859.32579465859,NaN,0.100951951226925
needle,128,64000,1,builtin,na,na,0,0.285962890208333,22.0680685983384,2859.32579465859,NaN,0.120211900156187
needle,128,64000,1,rand,running_mean,normweighted,128,0.00472201520833333,92.4030469275749,2859.32579465859,1,0.0129176724049187
needle,128,64000,1,rand_r12,running_mean,normweighted,128,0.050506681875,92.4030469275749,2859.32579465859,1,0.0129176724049187
needle,128,64000,2,det,na,na,0,0.520066390208333,21.048341101118,2859.32579465859,NaN,0.12970505807159
needle,128,64000,2,builtin,na,na,0,0.279964265208333,21.8897516431305,2859.32579465859,NaN,0.109236555397005
needle,128,64000,2,rand,running_mean,normweighted,128,0.00474284854166667,90.0478485069964,2859.32579465859,1,0.0129256017478026
needle,128,64000,2,rand_r12,running_mean,normweighted,128,0.0502741402083333,90.0478485069964,2859.32579465859,1,0.0129256017478026
needle,128,64000,3,det,na,na,0,0.519606723541667,22.7404055935285,2859.32579465859,NaN,0.09708233310258
needle,128,64000,3,builtin,na,na,0,0.279562765208333,21.7777483886778,2859.32579465859,NaN,0.0953351698456887
needle,128,64000,3,rand,running_mean,normweighted,128,0.00460509854166667,93.4688429794044,2859.32579465859,1,0.0113628617410768
needle,128,64000,3,rand_r12,running_mean,normweighted,128,0.0509469735416667,93.4688429794044,2859.32579465859,1,0.0113628617410768
needle,128,64000,4,det,na,na,0,0.520047515208333,21.3072748019161,2859.32579465859,NaN,0.119695192999948
needle,128,64000,4,builtin,na,na,0,0.277354598541667,20.6614760513602,2859.32579465859,NaN,0.130803288586788
needle,128,64000,4,rand,running_mean,normweighted,128,0.00460634854166667,216.019846994254,2859.32579465859,1,0.0047462235919477
needle,128,64000,4,rand_r12,running_mean,normweighted,128,0.0503653902083333,216.019846994254,2859.32579465859,1,0.0047462235919477
needle,128,64000,5,det,na,na,0,0.520958973541667,22.4975873573053,2859.32579465859,NaN,0.100540380981879
needle,128,64000,5,builtin,na,na,0,0.278788015208333,22.2906804861781,2859.32579465859,NaN,0.0888403258716541
needle,128,64000,5,rand,running_mean,normweighted,128,0.00477372354166667,230.453496864009,2859.32579465859,1,0.00440660573070224
needle,128,64000,5,rand_r12,running_mean,normweighted,128,0.0514689735416667,230.453496864009,2859.32579465859,1,0.00440660573070224
needle,128,64000,6,det,na,na,0,0.514316015208333,21.5595402017734,2859.32579465859,NaN,0.108565260573613
needle,128,64000,6,builtin,na,na,0,0.281139931875,22.1568385161944,2859.32579465859,NaN,0.12683614810222
needle,128,64000,6,rand,running_mean,normweighted,128,0.004449556875,60.5098918092912,2859.32579465859,2,0.0221841461330996
needle,128,64000,6,rand_r12,running_mean,normweighted,128,0.0495967652083333,60.5098918092912,2859.32579465859,2,0.0221841461330996
needle,128,64000,7,det,na,na,0,0.519418598541667,21.6521551933472,2859.32579465859,NaN,0.121622420033681
needle,128,64000,7,builtin,na,na,0,0.279125765208333,22.0503562158139,2859.32579465859,NaN,0.108775580620682
needle,128,64000,7,rand,running_mean,normweighted,128,0.004607306875,64.0774128890486,2859.32579465859,1,0.0193499424661345
needle,128,64000,7,rand_r12,running_mean,normweighted,128,0.050494556875,64.0774128890486,2859.32579465859,1,0.0193499424661345
needle,128,64000,8,det,na,na,0,0.517424681875,21.4403521055965,2859.32579465859,NaN,0.109879581710997
needle,128,64000,8,builtin,na,na,0,0.285032431875,21.7045386299978,2859.32579465859,NaN,0.10380510317442
needle,128,64000,8,rand,running_mean,normweighted,128,0.004142306875,77.9960261523731,2859.32579465859,1,0.0151512484660628
needle,128,64000,8,rand_r12,running_mean,normweighted,128,0.0499385152083333,77.9960261523731,2859.32579465859,1,0.0151512484660628
needle,128,64000,9,det,na,na,0,0.512855890208333,22.3397476825466,2859.32579465859,NaN,0.0974442970554129
needle,128,64000,9,builtin,na,na,0,0.279224015208333,23.1601462953934,2859.32579465859,NaN,0.0848397071341043
needle,128,64000,9,rand,running_mean,normweighted,128,0.00472176520833333,203.558303287398,2859.32579465859,1,0.00496905469177324
needle,128,64000,9,rand_r12,running_mean,normweighted,128,0.0501183902083333,203.558303287398,2859.32579465859,1,0.00496905469177324
needle,128,64000,10,det,na,na,0,0.511864348541667,20.8890163617575,2859.32579465859,NaN,0.128747486157979
needle,128,64000,10,builtin,na,na,0,0.277079848541667,23.0296468863722,2859.32579465859,NaN,0.0836751921003446
needle,128,64000,10,rand,running_mean,normweighted,128,0.00489434854166667,54.7052214387167,2859.32579465859,2,0.025055731205356
needle,128,64000,10,rand_r12,running_mean,normweighted,128,0.0505631402083333,54.7052214387167,2859.32579465859,2,0.025055731205356
needle,128,64000,11,det,na,na,0,0.513207015208333,21.9536817860919,2859.32579465859,NaN,0.114427169246128
needle,128,64000,11,builtin,na,na,0,0.279758431875,21.4691208061556,2859.32579465859,NaN,0.118611783422702
needle,128,64000,11,rand,running_mean,normweighted,128,0.004311056875,247.200457178783,2859.32579465859,1,0.0043435768095524
needle,128,64000,11,rand_r12,running_mean,normweighted,128,0.0496817652083333,247.200457178783,2859.32579465859,1,0.0043435768095524
needle,128,64000,12,det,na,na,0,0.520226473541667,21.5827036704721,2859.32579465859,NaN,0.112094441024915
needle,128,64000,12,builtin,na,na,0,0.279180848541667,21.6893693387993,2859.32579465859,NaN,0.105515119004124
needle,128,64000,12,rand,running_mean,normweighted,128,0.00474622354166667,212.291623868463,2859.32579465859,1,0.00516712869022781
needle,128,64000,12,rand_r12,running_mean,normweighted,128,0.0512381402083333,212.291623868463,2859.32579465859,1,0.00516712869022781
needle,128,64000,13,det,na,na,0,0.519999223541667,21.5956976598455,2859.32579465859,NaN,0.105235940087323
needle,128,64000,13,builtin,na,na,0,0.285526223541667,21.7578957005053,2859.32579465859,NaN,0.111102329043994
needle,128,64000,13,rand,running_mean,normweighted,128,0.00483359854166667,48.3201682075016,2859.32579465859,1,0.0291116672227402
needle,128,64000,13,rand_r12,running_mean,normweighted,128,0.0508377652083333,48.3201682075016,2859.32579465859,1,0.0291116672227402
needle,128,64000,14,det,na,na,0,0.511309140208333,21.5861175779471,2859.32579465859,NaN,0.120741151642248
needle,128,64000,14,builtin,na,na,0,0.279844306875,23.1310299936618,2859.32579465859,NaN,0.091391839265523
needle,128,64000,14,rand,running_mean,normweighted,128,0.004767056875,53.7180742825803,2859.32579465859,1,0.0246176234248823
needle,128,64000,14,rand_r12,running_mean,normweighted,128,0.0510821402083333,53.7180742825803,2859.32579465859,1,0.0246176234248823
needle,128,64000,15,det,na,na,0,0.519766556875,20.5098543033273,2859.32579465859,NaN,0.131663276296373
needle,128,64000,15,builtin,na,na,0,0.275804473541667,21.3735399816174,2859.32579465859,NaN,0.124785017665506
needle,128,64000,15,rand,running_mean,normweighted,128,0.00471884854166667,109.161469810221,2859.32579465859,1,0.0109860425840088
needle,128,64000,15,rand_r12,running_mean,normweighted,128,0.049550181875,109.161469810221,2859.32579465859,1,0.0109860425840088
needle,128,64000,16,det,na,na,0,0.509950348541667,21.6855370940457,2859.32579465859,NaN,0.114544909133314
needle,128,64000,16,builtin,na,na,0,0.281893723541667,21.0817788023581,2859.32579465859,NaN,0.12857546401259
needle,128,64000,16,rand,running_mean,normweighted,128,0.00429464020833333,134.407165566443,2859.32579465859,1,0.0104291395577819
needle,128,64000,16,rand_r12,running_mean,normweighted,128,0.0492470985416667,134.407165566443,2859.32579465859,1,0.0104291395577819
needle,128,64000,17,det,na,na,0,0.509451806875,20.7693396967029,2859.32579465859,NaN,0.118406417573524
needle,128,64000,17,builtin,na,na,0,0.281674223541667,21.023888405083,2859.32579465859,NaN,0.118963945524245
needle,128,64000,17,rand,running_mean,normweighted,128,0.00468747354166667,81.8934093812671,2859.32579465859,1,0.0156247612377192
needle,128,64000,17,rand_r12,running_mean,normweighted,128,0.0505950985416667,81.8934093812671,2859.32579465859,1,0.0156247612377192
needle,128,64000,18,det,na,na,0,0.521546348541667,21.1892765594799,2859.32579465859,NaN,0.12628263862606
needle,128,64000,18,builtin,na,na,0,0.278229348541667,24.0436962427334,2859.32579465859,NaN,0.0899667037921862
needle,128,64000,18,rand,running_mean,normweighted,128,0.004649681875,89.896185498642,2859.32579465859,1,0.0146613843229715
needle,128,64000,18,rand_r12,running_mean,normweighted,128,0.0503845985416667,89.896185498642,2859.32579465859,1,0.0146613843229715
needle,128,64000,19,det,na,na,0,0.515762348541667,21.8557191401186,2859.32579465859,NaN,0.105546685622167
needle,128,64000,19,builtin,na,na,0,0.277696348541667,21.7286676841123,2859.32579465859,NaN,0.107930350305085
needle,128,64000,19,rand,running_mean,normweighted,128,0.00477376520833333,72.5420374605283,2859.32579465859,1,0.0163568920823154
needle,128,64000,19,rand_r12,running_mean,normweighted,128,0.0513482652083333,72.5420374605283,2859.32579465859,1,0.0163568920823154
needle,128,64000,20,det,na,na,0,0.520777265208333,21.4656491981307,2859.32579465859,NaN,0.106221649794928
needle,128,64000,20,builtin,na,na,0,0.284474681875,21.0696592790443,2859.32579465859,NaN,0.124340302025628
needle,128,64000,20,rand,running_mean,normweighted,128,0.00485814020833333,55.2379002348378,2859.32579465859,2,0.0255567692500237
needle,128,64000,20,rand_r12,running_mean,normweighted,128,0.0514487652083333,55.2379002348378,2859.32579465859,2,0.0255567692500237
