family,m,n,k,seed,method,frob_err,spec_err,opt_frob,opt_spec,normA_fro,normA_2,time_s,maxT
gmm_kernel,2000,2000,4,1,bsqr_rand,167.086221657801,149.078146293207,122.399817482172,102.303093360154,1334.09092020522,1304.33695057622,0.000448590965277778,1.84995598930631
gmm_kernel,2000,2000,4,1,rejection_rpqr,154.605424448982,132.195822864749,122.399817482172,102.303093360154,1334.09092020522,1304.33695057622,0.00224073652083333,1.1841332447984
gmm_kernel,2000,2000,4,2,bsqr_rand,139.959923001427,115.671447403295,122.399817482172,102.303093360154,1334.09092020522,1304.33695057622,0.000476896520833333,1.38969223586414
gmm_kernel,2000,2000,4,2,rejection_rpqr,164.485148553311,127.40688615455,122.399817482172,102.303093360154,1334.09092020522,1304.33695057622,0.0018170281875,1.68457963685565
gmm_kernel,2000,2000,4,3,bsqr_rand,157.392117956315,134.787141394941,122.399817482172,102.303093360154,1334.09092020522,1304.33695057622,0.000337382631944444,1.42561902668833
gmm_kernel,2000,2000,4,3,rejection_rpqr,180.803401472794,122.799605926479,122.399817482172,102.303093360154,1334.09092020522,1304.33695057622,0.00194494485416667,5.72850960463192
gmm_kernel,2000,2000,4,4,bsqr_rand,148.137137090331,124.658058788382,122.399817482172,102.303093360154,1334.09092020522,1304.33695057622,0.0003058669375,1.21316113170884
gmm_kernel,2000,2000,4,4,rejection_rpqr,169.135002226372,125.006180945447,122.399817482172,102.303093360154,1334.09092020522,1304.33695057622,0.00248831985416667,1.37541108050516
gmm_kernel,2000,2000,4,5,bsqr_rand,167.870616745718,147.904100437572,122.399817482172,102.303093360154,1334.09092020522,1304.33695057622,0.0002625631875,1.66397437001123
gmm_kernel,2000,2000,4,5,rejection_rpqr,164.813675107488,118.085854736612,122.399817482172,102.303093360154,1334.09092020522,1304.33695057622,0.000803111520833333,1.75965885738288
gmm_kernel,2000,2000,4,6,bsqr_rand,159.790450807862,136.46484072925,122.399817482172,102.303093360154,1334.09092020522,1304.33695057622,0.0001634701875,1.14490830223552
gmm_kernel,2000,2000,4,6,rejection_rpqr,172.815716188487,122.785265391562,122.399817482172,102.303093360154,1334.09092020522,1304.33695057622,0.0005766794375,2.70941195846515
gmm_kernel,2000,2000,4,7,bsqr_rand,142.422984386501,118.453187766285,122.399817482172,102.303093360154,1334.09092020522,1304.33695057622,0.000110063708333333,1.11776874165233
gmm_kernel,2000,2000,4,7,rejection_rpqr,166.540128224594,116.693315546543,122.399817482172,102.303093360154,1334.09092020522,1304.33695057622,0.000212463395833333,3.85471001456173
gmm_kernel,2000,2000,4,8,bsqr_rand,147.283830130129,112.985480547636,122.399817482172,102.303093360154,1334.09092020522,1304.33695057622,7.31318680555556e-05,1.88379732099366
gmm_kernel,2000,2000,4,8,rejection_rpqr,156.423397314694,123.026353528958,122.399817482172,102.303093360154,1334.09092020522,1304.33695057622,0.000147183048611111,1.69941343714302
gmm_kernel,2000,2000,4,9,bsqr_rand,143.689875030794,113.752502563042,122.399817482172,102.303093360154,1334.09092020522,1304.33695057622,7.60797026515152e-05,1.54935783424534
gmm_kernel,2000,2000,4,9,rejection_rpqr,162.976967289408,123.75626723017,122.399817482172,102.303093360154,1334.09092020522,1304.33695057622,0.000181628520833333,5.16767001315945
gmm_kernel,2000,2000,4,10,bsqr_rand,168.901634371548,130.609373548461,122.399817482172,102.303093360154,1334.09092020522,1304.33695057622,7.35485347222222e-05,2.14888380138609
gmm_kernel,2000,2000,4,10,rejection_rpqr,148.619656792598,125.187241118757,122.399817482172,102.303093360154,1334.09092020522,1304.33695057622,0.000163183048611111,1.49140820896751
gmm_kernel,2000,2000,4,11,bsqr_rand,164.797161513041,145.061700126471,122.399817482172,102.303093360154,1334.09092020522,1304.33695057622,7.28562178030303e-05,1.41230082915249
gmm_kernel,2000,2000,4,11,rejection_rpqr,172.240975013068,142.977732449831,122.399817482172,102.303093360154,1334.09092020522,1304.33695057622,0.000135063708333333,1.31919618753213
gmm_kernel,2000,2000,4,12,bsqr_rand,168.314933533801,136.783641122573,122.399817482172,102.303093360154,1334.09092020522,1304.33695057622,0.000110194368055556,1.25701470903532
gmm_kernel,2000,2000,4,12,rejection_rpqr,163.230363541384,124.495946086401,122.399817482172,102.303093360154,1334.09092020522,1304.33695057622,0.000122230375,1.41403906633307
gmm_kernel,2000,2000,4,13,bsqr_rand,151.692622025701,127.749681771773,122.399817482172,102.303093360154,1334.09092020522,1304.33695057622,8.96770069444445e-05,1.26581860962326
gmm_kernel,2000,2000,4,13,rejection_rpqr,154.517737344811,128.153312137989,122.399817482172,102.303093360154,1334.09092020522,1304.33695057622,0.000147738604166667,2.95443439278114
gmm_kernel,2000,2000,4,14,bsqr_rand,161.487184823933,119.46934482637,122.399817482172,102.303093360154,1334.09092020522,1304.33695057622,7.81151105769231e-05,1.51803858885781
gmm_kernel,2000,2000,4,14,rejection_rpqr,147.674200433099,123.182642987397,122.399817482172,102.303093360154,1334.09092020522,1304.33695057622,0.000104871270833333,1.45875490274884
gmm_kernel,2000,2000,4,15,bsqr_rand,163.991520106455,127.462148092579,122.399817482172,102.303093360154,1334.09092020522,1304.33695057622,6.39521875e-05,1.3115644302874
gmm_kernel,2000,2000,4,15,rejection_rpqr,217.217835686299,202.771222803304,122.399817482172,102.303093360154,1334.09092020522,1304.33695057622,0.000144386854166667,4.01002064438386
gmm_kernel,2000,2000,4,16,bsqr_rand,163.077707768234,137.475986143649,122.399817482172,102.303093360154,1334.09092020522,1304.33695057622,6.40077430555556e-05,1.84586359235201
gmm_kernel,2000,2000,4,16,rejection_rpqr,153.652731078979,120.813231036721,122.399817482172,102.303093360154,1334.09092020522,1304.33695057622,0.00012502725,1.93004741775814
gmm_kernel,2000,2000,4,17,bsqr_rand,145.487916372047,120.449421592064,122.399817482172,102.303093360154,1334.09092020522,1304.33695057622,6.32382986111111e-05,1.15061932268405
gmm_kernel,2000,2000,4,17,rejection_rpqr,157.427692471007,125.729075007152,122.399817482172,102.303093360154,1334.09092020522,1304.33695057622,0.000124225166666667,2.078600108232
gmm_kernel,2000,2000,4,18,bsqr_rand,161.665870872543,137.582826490124,122.399817482172,102.303093360154,1334.09092020522,1304.33695057622,6.55744097222222e-05,2.14930067434612
gmm_kernel,2000,2000,4,18,rejection_rpqr,167.958174694949,129.598092903313,122.399817482172,102.303093360154,1334.09092020522,1304.33695057622,0.000125772041666667,1.30067544772163
gmm_kernel,2000,2000,4,19,bsqr_rand,165.269150487996,138.141458236384,122.399817482172,102.303093360154,1334.09092020522,1304.33695057622,0.000155613604166667,2.562432517381
gmm_kernel,2000,2000,4,19,rejection_rpqr,173.221014490422,124.793608484653,122.399817482172,102.303093360154,1334.09092020522,1304.33695057622,0.000126488604166667,3.06982864741919
gmm_kernel,2000,2000,4,20,bsqr_rand,154.047767088217,128.438614944145,122.399817482172,102.303093360154,1334.09092020522,1304.33695057622,6.64400327380952e-05,1.56215580097373
gmm_kernel,2000,2000,4,20,rejection_rpqr,166.466133159586,144.850974913062,122.399817482172,102.303093360154,1334.09092020522,1304.33695057622,0.000117792875,1.16789384937493
gmm_kernel,2000,2000,8,1,bsqr_rand,20.4847996431229,14.0717726888688,15.8571208150945,11.088878402708,1334.09092020522,1304.33695057622,7.56247259615385e-05,1.28723782977646
gmm_kernel,2000,2000,8,1,rejection_rpqr,44.7716836265941,42.2070207759228,15.8571208150945,11.088878402708,1334.09092020522,1304.33695057622,0.000146386854166667,6.1732174402314
gmm_kernel,2000,2000,8,2,bsqr_rand,21.4259046066678,14.4040628824303,15.8571208150945,11.088878402708,1334.09092020522,1304.33695057622,7.62817772435897e-05,1.3411765338888
gmm_kernel,2000,2000,8,2,rejection_rpqr,24.4036911890911,17.8239808889139,15.8571208150945,11.088878402708,1334.09092020522,1304.33695057622,0.000118016833333333,2.94036001783601
gmm_kernel,2000,2000,8,3,bsqr_rand,32.7566979366046,29.3126354414672,15.8571208150945,11.088878402708,1334.09092020522,1304.33695057622,7.46695977564102e-05,2.52887575534407
gmm_kernel,2000,2000,8,3,rejection_rpqr,32.1192891917721,28.7754178884792,15.8571208150945,11.088878402708,1334.09092020522,1304.33695057622,0.000107929604166667,4.88707861540452
gmm_kernel,2000,2000,8,4,bsqr_rand,29.7189154309444,21.9573028627415,15.8571208150945,11.088878402708,1334.09092020522,1304.33695057622,7.51119054487179e-05,2.05133151148393
gmm_kernel,2000,2000,8,4,rejection_rpqr,32.5858184827312,27.4784698202797,15.8571208150945,11.088878402708,1334.09092020522,1304.33695057622,0.000141543425595238,5.54740923216181
gmm_kernel,2000,2000,8,5,bsqr_rand,33.6195322001778,30.0448563213484,15.8571208150945,11.088878402708,1334.09092020522,1304.33695057622,7.79027013888889e-05,2.39457386300304
gmm_kernel,2000,2000,8,5,rejection_rpqr,27.349875809727,22.5435555380287,15.8571208150945,11.088878402708,1334.09092020522,1304.33695057622,0.000131305330357143,1.74314491329168
gmm_kernel,2000,2000,8,6,bsqr_rand,28.4479186346716,24.2860912236178,15.8571208150945,11.088878402708,1334.09092020522,1304.33695057622,7.96631180555556e-05,2.13174409480194
gmm_kernel,2000,2000,8,6,rejection_rpqr,31.8500537704969,22.637394879624,15.8571208150945,11.088878402708,1334.09092020522,1304.33695057622,0.0001713669375,7.6219510222788
gmm_kernel,2000,2000,8,7,bsqr_rand,27.9974199478403,22.4765053985862,15.8571208150945,11.088878402708,1334.09092020522,1304.33695057622,7.61006180555556e-05,3.83644263171446
gmm_kernel,2000,2000,8,7,rejection_rpqr,36.1208507802173,30.8955802047196,15.8571208150945,11.088878402708,1334.09092020522,1304.33695057622,0.000148781520833333,18.3692279116064
gmm_kernel,2000,2000,8,8,bsqr_rand,25.2775215144839,20.8448672449638,15.8571208150945,11.088878402708,1334.09092020522,1304.33695057622,7.44099823717949e-05,1.45692283155302
gmm_kernel,2000,2000,8,8,rejection_rpqr,32.2807484267038,27.6105184050386,15.8571208150945,11.088878402708,1334.09092020522,1304.33695057622,0.000158974715277778,3.88956285292647
gmm_kernel,2000,2000,8,9,bsqr_rand,24.0872217117413,18.0645940510793,15.8571208150945,11.088878402708,1334.09092020522,1304.33695057622,7.39772900641026e-05,1.49802183139318
gmm_kernel,2000,2000,8,9,rejection_rpqr,19.6045220033964,13.8346340601692,15.8571208150945,11.088878402708,1334.09092020522,1304.33695057622,0.000126641833333333,1.42968126262191
gmm_kernel,2000,2000,8,10,bsqr_rand,27.2177674045678,21.376418890089,15.8571208150945,11.088878402708,1334.09092020522,1304.33695057622,7.58779310897436e-05,1.99659064643856
gmm_kernel,2000,2000,8,10,rejection_rpqr,28.9336832706525,24.6930427796427,15.8571208150945,11.088878402708,1334.09092020522,1304.33695057622,0.000110199125,1.97247966711168
gmm_kernel,2000,2000,8,11,bsqr_rand,20.5020860548833,14.2977565407053,15.8571208150945,11.088878402708,1334.09092020522,1304.33695057622,7.39452387820513e-05,1.27253986464275
gmm_kernel,2000,2000,8,11,rejection_rpqr,44.4593751468329,33.7420265102983,15.8571208150945,11.088878402708,1334.09092020522,1304.33695057622,9.75171041666667e-05,8.85037167474518
gmm_kernel,2000,2000,8,12,bsqr_rand,20.561490653795,14.3759758186956,15.8571208150945,11.088878402708,1334.09092020522,1304.33695057622,7.58554951923077e-05,1.43523666960632
gmm_kernel,2000,2000,8,12,rejection_rpqr,34.9416511649606,28.9059722567699,15.8571208150945,11.088878402708,1334.09092020522,1304.33695057622,0.000160974715277778,6.34936031094909
gmm_kernel,2000,2000,8,13,bsqr_rand,21.7458306697887,16.5376673282375,15.8571208150945,11.088878402708,1334.09092020522,1304.33695057622,7.39260080128205e-05,1.2274785090785
gmm_kernel,2000,2000,8,13,rejection_rpqr,23.3398574483739,16.3051979189149,15.8571208150945,11.088878402708,1334.09092020522,1304.33695057622,0.000101996270833333,1.89311697077396
gmm_kernel,2000,2000,8,14,bsqr_rand,20.1559864367206,14.5780772260316,15.8571208150945,11.088878402708,1334.09092020522,1304.33695057622,7.46824182692308e-05,1.37267563826456
gmm_kernel,2000,2000,8,14,rejection_rpqr,32.7989046046977,29.5564451779391,15.8571208150945,11.088878402708,1334.09092020522,1304.33695057622,0.000142180330357143,3.51080719709614
gmm_kernel,2000,2000,8,15,bsqr_rand,20.9589485911576,14.5427941739741,15.8571208150945,11.088878402708,1334.09092020522,1304.33695057622,7.39708798076923e-05,1.31260181297155
gmm_kernel,2000,2000,8,15,rejection_rpqr,33.8340067290742,26.6307661143254,15.8571208150945,11.088878402708,1334.09092020522,1304.33695057622,0.000177419159722222,2.9812597830468
gmm_kernel,2000,2000,8,16,bsqr_rand,22.3007397341321,14.2166269828627,15.8571208150945,11.088878402708,1334.09092020522,1304.33695057622,7.36792131410256e-05,2.02960495911048
gmm_kernel,2000,2000,8,16,rejection_rpqr,21.4024626574725,14.2380104971827,15.8571208150945,11.088878402708,1334.09092020522,1304.33695057622,0.000122094958333333,1.45569081134514
gmm_kernel,2000,2000,8,17,bsqr_rand,27.1312747107555,22.2997107541092,15.8571208150945,11.088878402708,1334.09092020522,1304.33695057622,7.59163926282051e-05,1.74898912487925
gmm_kernel,2000,2000,8,17,rejection_rpqr,19.8575948938002,13.7924842545571,15.8571208150945,11.088878402708,1334.09092020522,1304.33695057622,0.000121746,1.3617941911542
gmm_kernel,2000,2000,8,18,bsqr_rand,20.5040386553714,14.2798855390587,15.8571208150945,11.088878402708,1334.09092020522,1304.33695057622,7.33031279761905e-05,1.27286688087469
gmm_kernel,2000,2000,8,18,rejection_rpqr,28.0993214990768,22.2506732393204,15.8571208150945,11.088878402708,1334.09092020522,1304.33695057622,0.000141382711309524,3.90457106721581
gmm_kernel,2000,2000,8,19,bsqr_rand,20.3629702530257,13.8478794922165,15.8571208150945,11.088878402708,1334.09092020522,1304.33695057622,7.41439567307692e-05,1.21213071331139
gmm_kernel,2000,2000,8,19,rejection_rpqr,28.9732346741363,25.1767492825322,15.8571208150945,11.088878402708,1334.09092020522,1304.33695057622,0.000101583770833333,1.73321402879528
gmm_kernel,2000,2000,8,20,bsqr_rand,20.8635527114458,14.37519800338,15.8571208150945,11.088878402708,1334.09092020522,1304.33695057622,7.54131875e-05,1.36869754185998
gmm_kernel,2000,2000,8,20,rejection_rpqr,28.1495749729796,21.1613945941605,15.8571208150945,11.088878402708,1334.09092020522,1304.33695057622,0.000104719958333333,2.63318237750132
gmm_kernel,2000,2000,16,1,bsqr_rand,6.11368485905383,2.7068957934772,3.5021135102711,1.30882236181577,1334.09092020522,1304.33695057622,0.000108167446759259,2.14804016073053
gmm_kernel,2000,2000,16,1,rejection_rpqr,6.42898239836867,3.12850201414816,3.5021135102711,1.30882236181577,1334.09092020522,1304.33695057622,0.000170856659722222,2.47188040064702
gmm_kernel,2000,2000,16,2,bsqr_rand,6.05822552354321,2.94927574334281,3.5021135102711,1.30882236181577,1334.09092020522,1304.33695057622,0.000110213743055556,2.51160571531565
gmm_kernel,2000,2000,16,2,rejection_rpqr,6.91898292433371,4.16896504206165,3.5021135102711,1.30882236181577,1334.09092020522,1304.33695057622,0.000162061854166667,7.20834350823299
gmm_kernel,2000,2000,16,3,bsqr_rand,7.00827661622846,3.51075766779564,3.5021135102711,1.30882236181577,1334.09092020522,1304.33695057622,0.00010627855787037,3.87341367039434
gmm_kernel,2000,2000,16,3,rejection_rpqr,7.91087442506368,5.43842817444393,3.5021135102711,1.30882236181577,1334.09092020522,1304.33695057622,0.000168162215277778,4.64610557795126
gmm_kernel,2000,2000,16,4,bsqr_rand,6.20884222499802,3.19262818211101,3.5021135102711,1.30882236181577,1334.09092020522,1304.33695057622,0.000110521270833333,2.1860353261505
gmm_kernel,2000,2000,16,4,rejection_rpqr,8.3979706449229,5.82797414252013,3.5021135102711,1.30882236181577,1334.09092020522,1304.33695057622,0.000172736854166667,10.0129233295465
gmm_kernel,2000,2000,16,5,bsqr_rand,5.75068042659378,2.59444050361659,3.5021135102711,1.30882236181577,1334.09092020522,1304.33695057622,0.000111005409722222,2.56209971439667
gmm_kernel,2000,2000,16,5,rejection_rpqr,6.48589255217181,3.08258251590696,3.5021135102711,1.30882236181577,1334.09092020522,1304.33695057622,0.000157210826388889,4.38473869782248
gmm_kernel,2000,2000,16,6,bsqr_rand,6.71044868022702,3.57614742420707,3.5021135102711,1.30882236181577,1334.09092020522,1304.33695057622,0.000109144298611111,3.0581128859632
gmm_kernel,2000,2000,16,6,rejection_rpqr,6.35969434509653,3.61725667554262,3.5021135102711,1.30882236181577,1334.09092020522,1304.33695057622,0.000157841044642857,9.32364687427461
gmm_kernel,2000,2000,16,7,bsqr_rand,6.97625839914726,3.99969428515505,3.5021135102711,1.30882236181577,1334.09092020522,1304.33695057622,0.000108264668981481,2.71711244941027
gmm_kernel,2000,2000,16,7,rejection_rpqr,5.90669864146057,2.80390311129075,3.5021135102711,1.30882236181577,1334.09092020522,1304.33695057622,0.000158217770833333,2.9761415991825
gmm_kernel,2000,2000,16,8,bsqr_rand,6.21247272711917,3.13264065832455,3.5021135102711,1.30882236181577,1334.09092020522,1304.33695057622,0.000107991520833333,2.71520837299134
gmm_kernel,2000,2000,16,8,rejection_rpqr,5.96892086230976,2.63928775326409,3.5021135102711,1.30882236181577,1334.09092020522,1304.33695057622,0.000156114854166667,4.38072412109281
gmm_kernel,2000,2000,16,9,bsqr_rand,6.24684655300993,3.0429780141073,3.5021135102711,1.30882236181577,1334.09092020522,1304.33695057622,0.00010877855787037,3.1418267272881
gmm_kernel,2000,2000,16,9,rejection_rpqr,6.9609783581056,3.96301382571682,3.5021135102711,1.30882236181577,1334.09092020522,1304.33695057622,0.000170919159722222,5.34995422078757
gmm_kernel,2000,2000,16,10,bsqr_rand,6.75203971922942,3.84872859502779,3.5021135102711,1.30882236181577,1334.09092020522,1304.33695057622,0.000110065594907407,2.04657069132478
gmm_kernel,2000,2000,16,10,rejection_rpqr,6.71714013506272,3.91405988088221,3.5021135102711,1.30882236181577,1334.09092020522,1304.33695057622,0.000153641833333333,6.25243076196201
gmm_kernel,2000,2000,16,11,bsqr_rand,6.28368639082811,3.19024094855753,3.5021135102711,1.30882236181577,1334.09092020522,1304.33695057622,0.000111754604166667,3.16270692848558
gmm_kernel,2000,2000,16,11,rejection_rpqr,8.49470182102129,5.6593239268247,3.5021135102711,1.30882236181577,1334.09092020522,1304.33695057622,0.000161251758928571,4.32621489915122
gmm_kernel,2000,2000,16,12,bsqr_rand,6.27241246707263,3.40209392866369,3.5021135102711,1.30882236181577,1334.09092020522,1304.33695057622,0.000108181335648148,2.26236992844431
gmm_kernel,2000,2000,16,12,rejection_rpqr,7.50935700069134,4.51076398642772,3.5021135102711,1.30882236181577,1334.09092020522,1304.33695057622,0.000171308048611111,3.0619935892006
gmm_kernel,2000,2000,16,13,bsqr_rand,6.74146411762023,3.69255278854677,3.5021135102711,1.30882236181577,1334.09092020522,1304.33695057622,0.000112255409722222,2.83331089957445
gmm_kernel,2000,2000,16,13,rejection_rpqr,6.21680610205704,2.68326729533116,3.5021135102711,1.30882236181577,1334.09092020522,1304.33695057622,0.000157849715277778,4.64513330542369
gmm_kernel,2000,2000,16,14,bsqr_rand,6.73729308014562,3.68449884138435,3.5021135102711,1.30882236181577,1334.09092020522,1304.33695057622,0.000110477631944444,2.99585133285368
gmm_kernel,2000,2000,16,14,rejection_rpqr,6.92472970789078,3.37532620189277,3.5021135102711,1.30882236181577,1334.09092020522,1304.33695057622,0.000162599715277778,3.06845711555788
gmm_kernel,2000,2000,16,15,bsqr_rand,5.75638333295101,2.68323535112523,3.5021135102711,1.30882236181577,1334.09092020522,1304.33695057622,0.000110514668981481,1.80134558796769
gmm_kernel,2000,2000,16,15,rejection_rpqr,6.9069676139961,4.22944223307846,3.5021135102711,1.30882236181577,1334.09092020522,1304.33695057622,0.000155019616071429,5.71959801406718
gmm_kernel,2000,2000,16,16,bsqr_rand,6.3860682624598,3.1511774886417,3.5021135102711,1.30882236181577,1334.09092020522,1304.33695057622,0.000111723002314815,2.03357763276831
gmm_kernel,2000,2000,16,16,rejection_rpqr,6.52651204314549,3.10266781186475,3.5021135102711,1.30882236181577,1334.09092020522,1304.33695057622,0.000163898326388889,3.93756941495771
gmm_kernel,2000,2000,16,17,bsqr_rand,5.87166260970035,3.32795255527675,3.5021135102711,1.30882236181577,1334.09092020522,1304.33695057622,0.000109729604166667,3.26296348810296
gmm_kernel,2000,2000,16,17,rejection_rpqr,8.02420051119869,5.90015171671054,3.5021135102711,1.30882236181577,1334.09092020522,1304.33695057622,0.0001558219375,3.86993189699505
gmm_kernel,2000,2000,16,18,bsqr_rand,6.13090301062411,3.31464598069817,3.5021135102711,1.30882236181577,1334.09092020522,1304.33695057622,0.000109926706018519,2.15365511751548
gmm_kernel,2000,2000,16,18,rejection_rpqr,6.5495967830771,3.48312428063591,3.5021135102711,1.30882236181577,1334.09092020522,1304.33695057622,0.000168781520833333,3.35565781810914
gmm_kernel,2000,2000,16,19,bsqr_rand,5.86946660387119,2.7538177747983,3.5021135102711,1.30882236181577,1334.09092020522,1304.33695057622,0.000110560965277778,1.79216647059278
gmm_kernel,2000,2000,16,19,rejection_rpqr,6.42947027282672,2.89955199111957,3.5021135102711,1.30882236181577,1334.09092020522,1304.33695057622,0.00016229937797619,2.81533864101906
gmm_kernel,2000,2000,16,20,bsqr_rand,6.1717064488555,2.65572313406319,3.5021135102711,1.30882236181577,1334.09092020522,1304.33695057622,0.000107935965277778,2.21148145990889
gmm_kernel,2000,2000,16,20,rejection_rpqr,7.03959368783516,4.2311439914009,3.5021135102711,1.30882236181577,1334.09092020522,1304.33695057622,0.000161335826388889,3.69474236527361
gmm_kernel,2000,2000,32,1,bsqr_rand,2.74773811530443,1.03243715462558,1.6889191493047,0.510030665708339,1334.09092020522,1304.33695057622,0.000144662473214286,2.02302443819189
gmm_kernel,2000,2000,32,1,rejection_rpqr,3.08180157917691,1.45956505511694,1.6889191493047,0.510030665708339,1334.09092020522,1304.33695057622,0.000267682145833333,4.73308549942068
gmm_kernel,2000,2000,32,2,bsqr_rand,2.72632894400571,1.06782600667711,1.6889191493047,0.510030665708339,1334.09092020522,1304.33695057622,0.000145394616071429,2.81314449344172
gmm_kernel,2000,2000,32,2,rejection_rpqr,2.68501522281487,0.973781696726566,1.6889191493047,0.510030665708339,1334.09092020522,1304.33695057622,0.0002262863125,9.48063806942849
gmm_kernel,2000,2000,32,3,bsqr_rand,2.85180354568339,1.14686804071437,1.6889191493047,0.510030665708339,1334.09092020522,1304.33695057622,0.000145061282738095,3.87475952052815
gmm_kernel,2000,2000,32,3,rejection_rpqr,3.0568831415522,1.32850526437052,1.6889191493047,0.510030665708339,1334.09092020522,1304.33695057622,0.000272244645833333,9.36118659777213
gmm_kernel,2000,2000,32,4,bsqr_rand,2.73359137205116,1.07309722965569,1.6889191493047,0.510030665708339,1334.09092020522,1304.33695057622,0.000144555330357143,3.11717565247081
gmm_kernel,2000,2000,32,4,rejection_rpqr,2.99931703748672,1.43264883042906,1.6889191493047,0.510030665708339,1334.09092020522,1304.33695057622,0.000244120548611111,8.21642809889692
gmm_kernel,2000,2000,32,5,bsqr_rand,2.68889675147025,0.972362241800963,1.6889191493047,0.510030665708339,1334.09092020522,1304.33695057622,0.000145156520833333,2.600811193039
gmm_kernel,2000,2000,32,5,rejection_rpqr,3.05161905524328,1.15745793476218,1.6889191493047,0.510030665708339,1334.09092020522,1304.33695057622,0.000250807145833333,5.77824964168885
gmm_kernel,2000,2000,32,6,bsqr_rand,2.76806304094204,1.03449065335367,1.6889191493047,0.510030665708339,1334.09092020522,1304.33695057622,0.000145317235119048,2.57500353615671
gmm_kernel,2000,2000,32,6,rejection_rpqr,3.10373742777528,1.5949373094621,1.6889191493047,0.510030665708339,1334.09092020522,1304.33695057622,0.0002677201875,6.63181890138948
gmm_kernel,2000,2000,32,7,bsqr_rand,2.86125689513684,1.09943143704015,1.6889191493047,0.510030665708339,1334.09092020522,1304.33695057622,0.000144620806547619,2.16523102755896
gmm_kernel,2000,2000,32,7,rejection_rpqr,3.03561148407772,1.43362068637543,1.6889191493047,0.510030665708339,1334.09092020522,1304.33695057622,0.000256327979166667,7.21422842987059
gmm_kernel,2000,2000,32,8,bsqr_rand,2.86136928075918,1.23985016765426,1.6889191493047,0.510030665708339,1334.09092020522,1304.33695057622,0.000142293425595238,2.51351960413614
gmm_kernel,2000,2000,32,8,rejection_rpqr,3.15364255196338,1.49967403598058,1.6889191493047,0.510030665708339,1334.09092020522,1304.33695057622,0.0002509451875,7.89256752960138
gmm_kernel,2000,2000,32,9,bsqr_rand,2.95717867113791,1.30884981956354,1.6889191493047,0.510030665708339,1334.09092020522,1304.33695057622,0.000144329139880952,3.26144163346954
gmm_kernel,2000,2000,32,9,rejection_rpqr,2.98332712944979,1.37616025083264,1.6889191493047,0.510030665708339,1334.09092020522,1304.33695057622,0.0002415951875,9.77244325008116
gmm_kernel,2000,2000,32,10,bsqr_rand,2.71662900876158,1.10621010382681,1.6889191493047,0.510030665708339,1334.09092020522,1304.33695057622,0.000142656520833333,2.47127241522171
gmm_kernel,2000,2000,32,10,rejection_rpqr,2.69839250536725,1.06262375533111,1.6889191493047,0.510030665708339,1334.09092020522,1304.33695057622,0.000244025895833333,7.8345055708557
gmm_kernel,2000,2000,32,11,bsqr_rand,3.0088002047219,1.41279465348048,1.6889191493047,0.510030665708339,1334.09092020522,1304.33695057622,0.000145775568452381,2.90728638600974
gmm_kernel,2000,2000,32,11,rejection_rpqr,2.89928622243392,1.2570514981683,1.6889191493047,0.510030665708339,1334.09092020522,1304.33695057622,0.000256338395833333,5.25778141580281
gmm_kernel,2000,2000,32,12,bsqr_rand,2.74253372774979,1.20371985101497,1.6889191493047,0.510030665708339,1334.09092020522,1304.33695057622,0.000142710092261905,3.44261767961042
gmm_kernel,2000,2000,32,12,rejection_rpqr,2.94739614221879,1.25269243887817,1.6889191493047,0.510030665708339,1334.09092020522,1304.33695057622,0.000241859229166667,3.8232867490354
gmm_kernel,2000,2000,32,13,bsqr_rand,2.84807863136554,1.27981201467241,1.6889191493047,0.510030665708339,1334.09092020522,1304.33695057622,0.000144882711309524,3.64067824672882
gmm_kernel,2000,2000,32,13,rejection_rpqr,2.66209937953564,0.958078442665224,1.6889191493047,0.510030665708339,1334.09092020522,1304.33695057622,0.0002452550625,13.38951655795
gmm_kernel,2000,2000,32,14,bsqr_rand,2.65995863567072,1.01823343048286,1.6889191493047,0.510030665708339,1334.09092020522,1304.33695057622,0.000144876758928571,2.42215488717199
gmm_kernel,2000,2000,32,14,rejection_rpqr,2.93374614859104,1.34195931515554,1.6889191493047,0.510030665708339,1334.09092020522,1304.33695057622,0.0002357201875,6.60347795225579
gmm_kernel,2000,2000,32,15,bsqr_rand,2.78889877778614,1.04469701966061,1.6889191493047,0.510030665708339,1334.09092020522,1304.33695057622,0.000143483901785714,2.80069035048966
gmm_kernel,2000,2000,32,15,rejection_rpqr,2.82827372302748,1.14276479731376,1.6889191493047,0.510030665708339,1334.09092020522,1304.33695057622,0.000270869645833333,3.68970106770991
gmm_kernel,2000,2000,32,16,bsqr_rand,2.98490504436381,1.40960749885726,1.6889191493047,0.510030665708339,1334.09092020522,1304.33695057622,0.000144239854166667,3.57133239837764
gmm_kernel,2000,2000,32,16,rejection_rpqr,2.99650989853134,1.25898713272475,1.6889191493047,0.510030665708339,1334.09092020522,1304.33695057622,0.0002707701875,3.16288184921672
gmm_kernel,2000,2000,32,17,bsqr_rand,2.82082200856618,1.0973268984013,1.6889191493047,0.510030665708339,1334.09092020522,1304.33695057622,0.000143382711309524,2.70600929631733
gmm_kernel,2000,2000,32,17,rejection_rpqr,2.86719150006229,1.09781530343822,1.6889191493047,0.510030665708339,1334.09092020522,1304.33695057622,0.000253053520833333,4.8899781654422
gmm_kernel,2000,2000,32,18,bsqr_rand,2.76991190531726,1.07989474921772,1.6889191493047,0.510030665708339,1334.09092020522,1304.33695057622,0.000144591044642857,2.65081515968152
gmm_kernel,2000,2000,32,18,rejection_rpqr,2.95100767727698,1.31032376366517,1.6889191493047,0.510030665708339,1334.09092020522,1304.33695057622,0.000251061854166667,6.30713166089324
gmm_kernel,2000,2000,32,19,bsqr_rand,2.5426454641122,0.917468995869286,1.6889191493047,0.510030665708339,1334.09092020522,1304.33695057622,0.000142763663690476,2.30382554730445
gmm_kernel,2000,2000,32,19,rejection_rpqr,2.77384698810394,1.08728041849285,1.6889191493047,0.510030665708339,1334.09092020522,1304.33695057622,0.0002443951875,4.0389270957046
gmm_kernel,2000,2000,32,20,bsqr_rand,2.59199237136303,0.944432257025095,1.6889191493047,0.510030665708339,1334.09092020522,1304.33695057622,0.000143019616071429,3.01094008972553
gmm_kernel,2000,2000,32,20,rejection_rpqr,2.94751673396651,1.56965865360347,1.6889191493047,0.510030665708339,1334.09092020522,1304.33695057622,0.000262557145833333,6.81180486933691
gmm_kernel,2000,2000,64,1,bsqr_rand,0.604476321265992,0.239018888174136,0.289253473221749,0.086041091686063,1334.09092020522,1304.33695057622,0.000259213395833333,2.77216491984961
gmm_kernel,2000,2000,64,1,rejection_rpqr,0.712562025064191,0.316663217034995,0.289253473221749,0.086041091686063,1334.09092020522,1304.33695057622,0.000560160409722222,11.8987864280073
gmm_kernel,2000,2000,64,2,bsqr_rand,0.603192968386134,0.253061182071101,0.289253473221749,0.086041091686063,1334.09092020522,1304.33695057622,0.0002568800625,3.5594581022519
gmm_kernel,2000,2000,64,2,rejection_rpqr,0.781905372124197,0.416257011473858,0.289253473221749,0.086041091686063,1334.09092020522,1304.33695057622,0.000563887770833333,21.5226231606163
gmm_kernel,2000,2000,64,3,bsqr_rand,0.615206593440954,0.243809951173281,0.289253473221749,0.086041091686063,1334.09092020522,1304.33695057622,0.000258807145833333,4.41707276958661
gmm_kernel,2000,2000,64,3,rejection_rpqr,0.662364916161133,0.280740029636959,0.289253473221749,0.086041091686063,1334.09092020522,1304.33695057622,0.000536825270833333,8.52460999295007
gmm_kernel,2000,2000,64,4,bsqr_rand,0.661972930000351,0.287883230526655,0.289253473221749,0.086041091686063,1334.09092020522,1304.33695057622,0.000260932145833333,3.67244391422428
gmm_kernel,2000,2000,64,4,rejection_rpqr,0.701155760332423,0.294222782868202,0.289253473221749,0.086041091686063,1334.09092020522,1304.33695057622,0.000529762770833333,10.4983574940528
gmm_kernel,2000,2000,64,5,bsqr_rand,0.637524028264609,0.282533790503291,0.289253473221749,0.086041091686063,1334.09092020522,1304.33695057622,0.0002583800625,3.50532533157896
gmm_kernel,2000,2000,64,5,rejection_rpqr,0.639711490473474,0.284955350439095,0.289253473221749,0.086041091686063,1334.09092020522,1304.33695057622,0.0005681169375,12.5903675661298
gmm_kernel,2000,2000,64,6,bsqr_rand,0.612854306498207,0.212713736736301,0.289253473221749,0.086041091686063,1334.09092020522,1304.33695057622,0.000279150895833333,3.33985445023688
gmm_kernel,2000,2000,64,6,rejection_rpqr,0.646631377209556,0.257124066711996,0.289253473221749,0.086041091686063,1334.09092020522,1304.33695057622,0.000534262770833333,10.4012102518022
gmm_kernel,2000,2000,64,7,bsqr_rand,0.594635418099085,0.226872474254312,0.289253473221749,0.086041091686063,1334.09092020522,1304.33695057622,0.000259046729166667,4.22118457043999
gmm_kernel,2000,2000,64,7,rejection_rpqr,0.685439779826419,0.313694504240085,0.289253473221749,0.086041091686063,1334.09092020522,1304.33695057622,0.000611783604166667,8.05371983656795
gmm_kernel,2000,2000,64,8,bsqr_rand,0.678479902179606,0.302499340440435,0.289253473221749,0.086041091686063,1334.09092020522,1304.33695057622,0.000258359229166667,3.06838663327712
gmm_kernel,2000,2000,64,8,rejection_rpqr,0.726764403757949,0.311797277036504,0.289253473221749,0.086041091686063,1334.09092020522,1304.33695057622,0.000531033604166667,14.7455703744016
gmm_kernel,2000,2000,64,9,bsqr_rand,0.626623568769687,0.273950731453264,0.289253473221749,0.086041091686063,1334.09092020522,1304.33695057622,0.0002568800625,3.74797205539774
gmm_kernel,2000,2000,64,9,rejection_rpqr,0.74055875563082,0.28924140258296,0.289253473221749,0.086041091686063,1334.09092020522,1304.33695057622,0.000542408604166667,8.70019975278173
gmm_kernel,2000,2000,64,10,bsqr_rand,0.61819325603075,0.227775694589369,0.289253473221749,0.086041091686063,1334.09092020522,1304.33695057622,0.0002802238125,3.48670885681189
gmm_kernel,2000,2000,64,10,rejection_rpqr,0.687427341271106,0.311418798318147,0.289253473221749,0.086041091686063,1334.09092020522,1304.33695057622,0.000540096104166667,18.2910060921532
gmm_kernel,2000,2000,64,11,bsqr_rand,0.561628062431463,0.197447236935317,0.289253473221749,0.086041091686063,1334.09092020522,1304.33695057622,0.000259963395833333,3.63382531598412
gmm_kernel,2000,2000,64,11,rejection_rpqr,0.742365634685808,0.315307579223088,0.289253473221749,0.086041091686063,1334.09092020522,1304.33695057622,0.000520033604166667,20.7410090594001
gmm_kernel,2000,2000,64,12,bsqr_rand,0.582411306521779,0.244181293744994,0.289253473221749,0.086041091686063,1334.09092020522,1304.33695057622,0.000257359229166667,2.17206076972254
gmm_kernel,2000,2000,64,12,rejection_rpqr,0.63975791692749,0.275809138198739,0.289253473221749,0.086041091686063,1334.09092020522,1304.33695057622,0.000520325270833333,7.05107400704175
gmm_kernel,2000,2000,64,13,bsqr_rand,0.66908951123362,0.297559172895774,0.289253473221749,0.086041091686063,1334.09092020522,1304.33695057622,0.000279619645833333,5.05763858558286
gmm_kernel,2000,2000,64,13,rejection_rpqr,0.702328602370367,0.351630377434526,0.289253473221749,0.086041091686063,1334.09092020522,1304.33695057622,0.000518596104166667,23.4994697719001
gmm_kernel,2000,2000,64,14,bsqr_rand,0.633375110868527,0.307943835050888,0.289253473221749,0.086041091686063,1334.09092020522,1304.33695057622,0.000259713395833333,3.98747871517293
gmm_kernel,2000,2000,64,14,rejection_rpqr,0.783237792042212,0.396248195005115,0.289253473221749,0.086041091686063,1334.09092020522,1304.33695057622,0.000550646520833333,11.0719409782346
gmm_kernel,2000,2000,64,15,bsqr_rand,0.616490847565819,0.253052404456078,0.289253473221749,0.086041091686063,1334.09092020522,1304.33695057622,0.000258577979166667,2.87891510254735
gmm_kernel,2000,2000,64,15,rejection_rpqr,0.713808411742052,0.356530149981183,0.289253473221749,0.086041091686063,1334.09092020522,1304.33695057622,0.000525325270833333,9.55007397877433
gmm_kernel,2000,2000,64,16,bsqr_rand,0.636183580932147,0.250723411856948,0.289253473221749,0.086041091686063,1334.09092020522,1304.33695057622,0.000256484229166667,3.63702344652335
gmm_kernel,2000,2000,64,16,rejection_rpqr,0.671515419342803,0.289123156332533,0.289253473221749,0.086041091686063,1334.09092020522,1304.33695057622,0.0005391794375,8.39489690706234
gmm_kernel,2000,2000,64,17,bsqr_rand,0.600731840107949,0.2631806394179,0.289253473221749,0.086041091686063,1334.09092020522,1304.33695057622,0.0002540988125,3.72551051275302
gmm_kernel,2000,2000,64,17,rejection_rpqr,0.700941969575148,0.327336787437229,0.289253473221749,0.086041091686063,1334.09092020522,1304.33695057622,0.000579971104166667,13.0489204751053
gmm_kernel,2000,2000,64,18,bsqr_rand,0.593087134946646,0.231534705126207,0.289253473221749,0.086041091686063,1334.09092020522,1304.33695057622,0.000256484229166667,2.54724996368366
gmm_kernel,2000,2000,64,18,rejection_rpqr,0.669548446632069,0.270019115564035,0.289253473221749,0.086041091686063,1334.09092020522,1304.33695057622,0.0005693131875,11.6393484622716
gmm_kernel,2000,2000,64,19,bsqr_rand,0.603896022073356,0.238876411310601,0.289253473221749,0.086041091686063,1334.09092020522,1304.33695057622,0.000259046729166667,2.86737143862126
gmm_kernel,2000,2000,64,19,rejection_rpqr,0.65270828876853,0.304084505518886,0.289253473221749,0.086041091686063,1334.09092020522,1304.33695057622,0.000569596104166667,16.4246720498747
gmm_kernel,2000,2000,64,20,bsqr_rand,0.63717544468245,0.337083382849712,0.289253473221749,0.086041091686063,1334.09092020522,1304.33695057622,0.0002580675625,5.28977061813234
gmm_kernel,2000,2000,64,20,rejection_rpqr,0.70521449757325,0.346494551512536,0.289253473221749,0.086041091686063,1334.09092020522,1304.33695057622,0.000531908604166667,21.9204409316629
gmm_kernel,2000,2000,128,1,bsqr_rand,0.0621068925725125,0.022854803597891,0.0247539677535906,0.00453534915361535,1334.09092020522,1304.33695057622,0.0008982781875,3.02050476793914
gmm_kernel,2000,2000,128,1,rejection_rpqr,0.0621040456173556,0.0216027756863788,0.0247539677535906,0.00453534915361535,1334.09092020522,1304.33695057622,0.0021866531875,18.1945154474152
gmm_kernel,2000,2000,128,2,bsqr_rand,0.0614026457299936,0.0199932215324004,0.0247539677535906,0.00453534915361535,1334.09092020522,1304.33695057622,0.0009105544375,4.13488019315746
gmm_kernel,2000,2000,128,2,rejection_rpqr,0.0660940524307768,0.0249876975401726,0.0247539677535906,0.00453534915361535,1334.09092020522,1304.33695057622,0.0023297781875,10.9091416914443
gmm_kernel,2000,2000,128,3,bsqr_rand,0.0593579756704555,0.0221517577039003,0.0247539677535906,0.00453534915361535,1334.09092020522,1304.33695057622,0.000917611520833333,3.00887637280604
gmm_kernel,2000,2000,128,3,rejection_rpqr,0.0732932115971999,0.038818203671384,0.0247539677535906,0.00453534915361535,1334.09092020522,1304.33695057622,0.0018814031875,36.45153736031
gmm_kernel,2000,2000,128,4,bsqr_rand,0.056597291288754,0.0181185644453745,0.0247539677535906,0.00453534915361535,1334.09092020522,1304.33695057622,0.000887346104166667,2.61207161478748
gmm_kernel,2000,2000,128,4,rejection_rpqr,0.0664226327232061,0.0289125479266364,0.0247539677535906,0.00453534915361535,1334.09092020522,1304.33695057622,0.00208444485416667,16.999682531373
gmm_kernel,2000,2000,128,5,bsqr_rand,0.0581785026478511,0.0179453848118217,0.0247539677535906,0.00453534915361535,1334.09092020522,1304.33695057622,0.0009049031875,4.24764235467694
gmm_kernel,2000,2000,128,5,rejection_rpqr,0.0655657872901073,0.0224604901045532,0.0247539677535906,0.00453534915361535,1334.09092020522,1304.33695057622,0.00214344485416667,27.4811476449426
gmm_kernel,2000,2000,128,6,bsqr_rand,0.0577240070781686,0.0181913946925762,0.0247539677535906,0.00453534915361535,1334.09092020522,1304.33695057622,0.0008971169375,3.83098743530025
gmm_kernel,2000,2000,128,6,rejection_rpqr,0.0755696560215975,0.0426392938411928,0.0247539677535906,0.00453534915361535,1334.09092020522,1304.33695057622,0.00241919485416667,30.5255109251089
gmm_kernel,2000,2000,128,7,bsqr_rand,0.0596228990886806,0.0181210077681466,0.0247539677535906,0.00453534915361535,1334.09092020522,1304.33695057622,0.000880012770833333,4.7153550501051
gmm_kernel,2000,2000,128,7,rejection_rpqr,0.0617416661897776,0.0215976746437681,0.0247539677535906,0.00453534915361535,1334.09092020522,1304.33695057622,0.0020537781875,13.6243187000968
gmm_kernel,2000,2000,128,8,bsqr_rand,0.0581374909018848,0.0179559038643464,0.0247539677535906,0.00453534915361535,1334.09092020522,1304.33695057622,0.0009068669375,4.00363236126924
gmm_kernel,2000,2000,128,8,rejection_rpqr,0.0649127637747193,0.0257024753775449,0.0247539677535906,0.00453534915361535,1334.09092020522,1304.33695057622,0.00221019485416667,12.1148067026364
gmm_kernel,2000,2000,128,9,bsqr_rand,0.0567752372915215,0.0166682856583727,0.0247539677535906,0.00453534915361535,1334.09092020522,1304.33695057622,0.000898012770833333,3.64864764610107
gmm_kernel,2000,2000,128,9,rejection_rpqr,0.0681455979713311,0.027673535196284,0.0247539677535906,0.00453534915361535,1334.09092020522,1304.33695057622,0.00187573652083333,9.79843637606138
gmm_kernel,2000,2000,128,10,bsqr_rand,0.0581606453675584,0.0165403507247196,0.0247539677535906,0.00453534915361535,1334.09092020522,1304.33695057622,0.000887450270833333,2.45593497501244
gmm_kernel,2000,2000,128,10,rejection_rpqr,0.0737535512014549,0.031441114060572,0.0247539677535906,0.00453534915361535,1334.09092020522,1304.33695057622,0.0016076531875,12.5995199712131
gmm_kernel,2000,2000,128,11,bsqr_rand,0.0572582740929197,0.0170650471520995,0.0247539677535906,0.00453534915361535,1334.09092020522,1304.33695057622,0.000883075270833333,3.96402494821212
gmm_kernel,2000,2000,128,11,rejection_rpqr,0.0690978693177982,0.0266407437298353,0.0247539677535906,0.00453534915361535,1334.09092020522,1304.33695057622,0.00189886152083333,14.6828022021916
gmm_kernel,2000,2000,128,12,bsqr_rand,0.0575459279899015,0.0186279912508957,0.0247539677535906,0.00453534915361535,1334.09092020522,1304.33695057622,0.0009078044375,3.94643959759878
gmm_kernel,2000,2000,128,12,rejection_rpqr,0.0630449993541239,0.0194767475725905,0.0247539677535906,0.00453534915361535,1334.09092020522,1304.33695057622,0.0018764031875,6.30421660784894
gmm_kernel,2000,2000,128,13,bsqr_rand,0.0587203568064286,0.0171926775477071,0.0247539677535906,0.00453534915361535,1334.09092020522,1304.33695057622,0.000877825270833333,3.06678613202141
gmm_kernel,2000,2000,128,13,rejection_rpqr,0.0647377560183074,0.0243880014938935,0.0247539677535906,0.00453534915361535,1334.09092020522,1304.33695057622,0.00196286152083333,13.2384382957542
gmm_kernel,2000,2000,128,14,bsqr_rand,0.0567276408318633,0.0153951280054056,0.0247539677535906,0.00453534915361535,1334.09092020522,1304.33695057622,0.000885846104166667,3.32217744815691
gmm_kernel,2000,2000,128,14,rejection_rpqr,0.0671125021225851,0.0242570897449319,0.0247539677535906,0.00453534915361535,1334.09092020522,1304.33695057622,0.0021592781875,8.39406280531988
gmm_kernel,2000,2000,128,15,bsqr_rand,0.0583777636460548,0.01662254386626,0.0247539677535906,0.00453534915361535,1334.09092020522,1304.33695057622,0.000916575270833333,3.12845021854798
gmm_kernel,2000,2000,128,15,rejection_rpqr,0.0621925434361828,0.0188166067847009,0.0247539677535906,0.00453534915361535,1334.09092020522,1304.33695057622,0.00209386152083333,8.4228112009886
gmm_kernel,2000,2000,128,16,bsqr_rand,0.0592219205919592,0.0222535009739935,0.0247539677535906,0.00453534915361535,1334.09092020522,1304.33695057622,0.0008706169375,4.24003803707665
gmm_kernel,2000,2000,128,16,rejection_rpqr,0.0666075667959462,0.0240015800429162,0.0247539677535906,0.00453534915361535,1334.09092020522,1304.33695057622,0.0021589031875,10.8233896978043
gmm_kernel,2000,2000,128,17,bsqr_rand,0.0586573733578302,0.017577129473817,0.0247539677535906,0.00453534915361535,1334.09092020522,1304.33695057622,0.000866658604166667,3.45338028879352
gmm_kernel,2000,2000,128,17,rejection_rpqr,0.0682376293200798,0.0261329070574463,0.0247539677535906,0.00453534915361535,1334.09092020522,1304.33695057622,0.0020164031875,10.3363415970384
gmm_kernel,2000,2000,128,18,bsqr_rand,0.0598636076262188,0.0166553078684412,0.0247539677535906,0.00453534915361535,1334.09092020522,1304.33695057622,0.000904762770833333,3.04298256518806
gmm_kernel,2000,2000,128,18,rejection_rpqr,0.071115588472063,0.0274075491323999,0.0247539677535906,0.00453534915361535,1334.09092020522,1304.33695057622,0.00181706985416667,24.4669628470948
gmm_kernel,2000,2000,128,19,bsqr_rand,0.0613270523909042,0.0205858958503558,0.0247539677535906,0.00453534915361535,1334.09092020522,1304.33695057622,0.000878762770833333,2.50186284476495
gmm_kernel,2000,2000,128,19,rejection_rpqr,0.0664291646770351,0.0234011954421508,0.0247539677535906,0.00453534915361535,1334.09092020522,1304.33695057622,0.00194023652083333,19.2318243558178
gmm_kernel,2000,2000,128,20,bsqr_rand,0.06010351031219,0.0180631234105313,0.0247539677535906,0.00453534915361535,1334.09092020522,1304.33695057622,0.000914012770833333,4.00287345546842
gmm_kernel,2000,2000,128,20,rejection_rpqr,0.0651895067608236,0.0270244276514213,0.0247539677535906,0.00453534915361535,1334.09092020522,1304.33695057622,0.00188548652083333,14.0747253619227
gmm_kernel,2000,2000,256,1,bsqr_rand,0.0116102767433177,0.00300446107506891,0.00447360617147553,0.000707386085447516,1334.09092020522,1304.33695057622,0.00553581985416667,4.8277778136349
gmm_kernel,2000,2000,256,1,rejection_rpqr,0.0117170561365724,0.00281524593223762,0.00447360617147553,0.000707386085447516,1334.09092020522,1304.33695057622,0.00992181985416667,22.4785876268551
gmm_kernel,2000,2000,256,2,bsqr_rand,0.0111354182974427,0.00254978659560766,0.00447360617147553,0.000707386085447516,1334.09092020522,1304.33695057622,0.00543506985416667,3.45792834841562
gmm_kernel,2000,2000,256,2,rejection_rpqr,0.0119779771211681,0.00305363603818549,0.00447360617147553,0.000707386085447516,1334.09092020522,1304.33695057622,0.0089394031875,20.5489523423947
gmm_kernel,2000,2000,256,3,bsqr_rand,0.011235325424699,0.00265192235214709,0.00447360617147553,0.000707386085447516,1334.09092020522,1304.33695057622,0.00545586152083333,3.53468126558874
gmm_kernel,2000,2000,256,3,rejection_rpqr,0.0117250495614148,0.00282064609816356,0.00447360617147553,0.000707386085447516,1334.09092020522,1304.33695057622,0.0089525281875,17.7660571759952
gmm_kernel,2000,2000,256,4,bsqr_rand,0.0110996184094417,0.00263681966851382,0.00447360617147553,0.000707386085447516,1334.09092020522,1304.33695057622,0.00548206985416667,3.19951957739413
gmm_kernel,2000,2000,256,4,rejection_rpqr,0.0117842303892254,0.00264364040833332,0.00447360617147553,0.000707386085447516,1334.09092020522,1304.33695057622,0.0088590281875,11.0051195314712
gmm_kernel,2000,2000,256,5,bsqr_rand,0.0108680722325974,0.00268408482989701,0.00447360617147553,0.000707386085447516,1334.09092020522,1304.33695057622,0.00552756985416667,3.44808690431987
gmm_kernel,2000,2000,256,5,rejection_rpqr,0.0116627276216078,0.0028746878115897,0.00447360617147553,0.000707386085447516,1334.09092020522,1304.33695057622,0.00930956985416667,15.6786802130932
gmm_kernel,2000,2000,256,6,bsqr_rand,0.0113328449575372,0.00277892927080339,0.00447360617147553,0.000707386085447516,1334.09092020522,1304.33695057622,0.00559273652083333,3.47543737878235
gmm_kernel,2000,2000,256,6,rejection_rpqr,0.0118023790183955,0.00296355624617473,0.00447360617147553,0.000707386085447516,1334.09092020522,1304.33695057622,0.0094277781875,19.6208893203784
gmm_kernel,2000,2000,256,7,bsqr_rand,0.011190803902731,0.00278913763969273,0.00447360617147553,0.000707386085447516,1334.09092020522,1304.33695057622,0.0054386531875,2.74585424520249
gmm_kernel,2000,2000,256,7,rejection_rpqr,0.0119177443140502,0.00301346080608122,0.00447360617147553,0.000707386085447516,1334.09092020522,1304.33695057622,0.0100614448541667,10.9931717224126
gmm_kernel,2000,2000,256,8,bsqr_rand,0.0108504905535926,0.00235041006558581,0.00447360617147553,0.000707386085447516,1334.09092020522,1304.33695057622,0.00536723652083333,3.2495653306692
gmm_kernel,2000,2000,256,8,rejection_rpqr,0.0115967154197293,0.00285875217461815,0.00447360617147553,0.000707386085447516,1334.09092020522,1304.33695057622,0.00995073652083333,17.2190471838407
gmm_kernel,2000,2000,256,9,bsqr_rand,0.010779012899464,0.00249316466225773,0.00447360617147553,0.000707386085447516,1334.09092020522,1304.33695057622,0.0055182781875,4.76457141585955
gmm_kernel,2000,2000,256,9,rejection_rpqr,0.0119215041056263,0.00314400461853153,0.00447360617147553,0.000707386085447516,1334.09092020522,1304.33695057622,0.0091336531875,13.1524995560664
gmm_kernel,2000,2000,256,10,bsqr_rand,0.0109702392076811,0.00248989000762318,0.00447360617147553,0.000707386085447516,1334.09092020522,1304.33695057622,0.0054969031875,4.02250277974322
gmm_kernel,2000,2000,256,10,rejection_rpqr,0.0117110971616716,0.00292991076631291,0.00447360617147553,0.000707386085447516,1334.09092020522,1304.33695057622,0.00978294485416667,28.8331825663614
gmm_kernel,2000,2000,256,11,bsqr_rand,0.0109660949999292,0.00262441498987625,0.00447360617147553,0.000707386085447516,1334.09092020522,1304.33695057622,0.0054892781875,3.25640735695397
gmm_kernel,2000,2000,256,11,rejection_rpqr,0.0118263868323595,0.00280485063590965,0.00447360617147553,0.000707386085447516,1334.09092020522,1304.33695057622,0.0098770281875,15.0505083327752
gmm_kernel,2000,2000,256,12,bsqr_rand,0.0110442952482927,0.00258900064886313,0.00447360617147553,0.000707386085447516,1334.09092020522,1304.33695057622,0.00548373652083333,4.53587253521817
gmm_kernel,2000,2000,256,12,rejection_rpqr,0.011901758444807,0.00306475783423978,0.00447360617147553,0.000707386085447516,1334.09092020522,1304.33695057622,0.0093650281875,19.223495319318
gmm_kernel,2000,2000,256,13,bsqr_rand,0.0108856809297584,0.00251270212789604,0.00447360617147553,0.000707386085447516,1334.09092020522,1304.33695057622,0.00541136152083333,4.61312005012555
gmm_kernel,2000,2000,256,13,rejection_rpqr,0.0117421924535734,0.00297493972768288,0.00447360617147553,0.000707386085447516,1334.09092020522,1304.33695057622,0.00941744485416667,38.4173518673452
gmm_kernel,2000,2000,256,14,bsqr_rand,0.0113105943231602,0.00270193961877612,0.00447360617147553,0.000707386085447516,1334.09092020522,1304.33695057622,0.0054147781875,3.44600066014553
gmm_kernel,2000,2000,256,14,rejection_rpqr,0.0115114371014876,0.00284667098819451,0.00447360617147553,0.000707386085447516,1334.09092020522,1304.33695057622,0.0109112781875,24.7342773708277
gmm_kernel,2000,2000,256,15,bsqr_rand,0.0113887849993891,0.00271668639844117,0.00447360617147553,0.000707386085447516,1334.09092020522,1304.33695057622,0.0055181531875,4.07084073544754
gmm_kernel,2000,2000,256,15,rejection_rpqr,0.0123246111741802,0.00381003371431414,0.00447360617147553,0.000707386085447516,1334.09092020522,1304.33695057622,0.0101446531875,22.4357480481797
gmm_kernel,2000,2000,256,16,bsqr_rand,0.0111892427179069,0.00288608814948893,0.00447360617147553,0.000707386085447516,1334.09092020522,1304.33695057622,0.00544394485416667,2.97822491321531
gmm_kernel,2000,2000,256,16,rejection_rpqr,0.0118632617719226,0.00298603095087755,0.00447360617147553,0.000707386085447516,1334.09092020522,1304.33695057622,0.00950006985416667,37.0289390980498
gmm_kernel,2000,2000,256,17,bsqr_rand,0.0110539029052634,0.00252270117319359,0.00447360617147553,0.000707386085447516,1334.09092020522,1304.33695057622,0.00537998652083333,3.10519753695297
gmm_kernel,2000,2000,256,17,rejection_rpqr,0.0116497911882781,0.0027391743164813,0.00447360617147553,0.000707386085447516,1334.09092020522,1304.33695057622,0.00863269485416667,12.7307858122444
gmm_kernel,2000,2000,256,18,bsqr_rand,0.0110943417430759,0.00252051532841018,0.00447360617147553,0.000707386085447516,1334.09092020522,1304.33695057622,0.00540094485416667,3.99844660700045
gmm_kernel,2000,2000,256,18,rejection_rpqr,0.0119755892442849,0.00279314047973708,0.00447360617147553,0.000707386085447516,1334.09092020522,1304.33695057622,0.0100278198541667,16.702824962707
gmm_kernel,2000,2000,256,19,bsqr_rand,0.0112047254932012,0.00272041277258166,0.00447360617147553,0.000707386085447516,1334.09092020522,1304.33695057622,0.00547556985416667,3.81398009620171
gmm_kernel,2000,2000,256,19,rejection_rpqr,0.011945120575517,0.00292089515591287,0.00447360617147553,0.000707386085447516,1334.09092020522,1304.33695057622,0.0086982781875,29.413623459045
gmm_kernel,2000,2000,256,20,bsqr_rand,0.0109946690628882,0.00256030817181048,0.00447360617147553,0.000707386085447516,1334.09092020522,1304.33695057622,0.00544244485416667,2.9835220526428
gmm_kernel,2000,2000,256,20,rejection_rpqr,0.0116870368984382,0.00285021839950123,0.00447360617147553,0.000707386085447516,1334.09092020522,1304.33695057622,0.0101317365208333,34.2600041738278
integral_skeleton,2000,2000,4,1,bsqr_rand,7.26257914542268,6.80848771148742,6.14574257124593,5.82689247231571,1436.46150216111,1432.54710254855,6.49936041666667e-05,2.1052913870884
integral_skeleton,2000,2000,4,1,rejection_rpqr,9.80387178628083,9.41995679078775,6.14574257124593,5.82689247231571,1436.46150216111,1432.54710254855,9.87831875e-05,9.51102398755559
integral_skeleton,2000,2000,4,2,bsqr_rand,10.0328763456222,9.715176147088,6.14574257124593,5.82689247231571,1436.46150216111,1432.54710254855,6.28188541666667e-05,1.69007834448718
integral_skeleton,2000,2000,4,2,rejection_rpqr,7.79555318402606,6.85022684717614,6.14574257124593,5.82689247231571,1436.46150216111,1432.54710254855,0.000109921270833333,2.06275260054829
integral_skeleton,2000,2000,4,3,bsqr_rand,8.09822172873145,7.58876771876554,6.14574257124593,5.82689247231571,1436.46150216111,1432.54710254855,6.22271875e-05,2.85699783976574
integral_skeleton,2000,2000,4,3,rejection_rpqr,8.20132854827566,7.64557043327567,6.14574257124593,5.82689247231571,1436.46150216111,1432.54710254855,0.000120454483796296,6.39319104283806
integral_skeleton,2000,2000,4,4,bsqr_rand,8.98494516901264,8.35246880913393,6.14574257124593,5.82689247231571,1436.46150216111,1432.54710254855,6.27021875e-05,2.26422075869775
integral_skeleton,2000,2000,4,4,rejection_rpqr,7.83768404630445,7.47183550234411,6.14574257124593,5.82689247231571,1436.46150216111,1432.54710254855,0.000115949854166667,2.2313782326616
integral_skeleton,2000,2000,4,5,bsqr_rand,6.92290888466719,6.40157890755438,6.14574257124593,5.82689247231571,1436.46150216111,1432.54710254855,6.44994097222222e-05,2.94682408126962
integral_skeleton,2000,2000,4,5,rejection_rpqr,7.86339248811937,7.28270747122345,6.14574257124593,5.82689247231571,1436.46150216111,1432.54710254855,7.265553125e-05,2.08988770547876
integral_skeleton,2000,2000,4,6,bsqr_rand,12.4197605623417,12.127191465178,6.14574257124593,5.82689247231571,1436.46150216111,1432.54710254855,6.41327430555556e-05,1.79330542784149
integral_skeleton,2000,2000,4,6,rejection_rpqr,7.53802903397295,7.1462727871339,6.14574257124593,5.82689247231571,1436.46150216111,1432.54710254855,9.43618912037037e-05,1.82105736239398
integral_skeleton,2000,2000,4,7,bsqr_rand,13.8344634875804,13.5670812685663,6.14574257124593,5.82689247231571,1436.46150216111,1432.54710254855,6.21994097222222e-05,4.77759774324906
integral_skeleton,2000,2000,4,7,rejection_rpqr,7.56229687295279,6.91970210285771,6.14574257124593,5.82689247231571,1436.46150216111,1432.54710254855,9.38368541666667e-05,1.46863546975989
integral_skeleton,2000,2000,4,8,bsqr_rand,10.227959068681,9.78791892603823,6.14574257124593,5.82689247231571,1436.46150216111,1432.54710254855,6.28605208333333e-05,1.8347823957416
integral_skeleton,2000,2000,4,8,rejection_rpqr,7.15394999178551,6.6630384366818,6.14574257124593,5.82689247231571,1436.46150216111,1432.54710254855,0.000112980375,1.89782487810527
integral_skeleton,2000,2000,4,9,bsqr_rand,7.96604310148762,7.58621382711619,6.14574257124593,5.82689247231571,1436.46150216111,1432.54710254855,6.233521875e-05,2.02301554897689
integral_skeleton,2000,2000,4,9,rejection_rpqr,11.9306623806143,11.4832831272495,6.14574257124593,5.82689247231571,1436.46150216111,1432.54710254855,0.000135878945075758,4.71553268487075
integral_skeleton,2000,2000,4,10,bsqr_rand,9.71019470049925,9.33587339153658,6.14574257124593,5.82689247231571,1436.46150216111,1432.54710254855,6.31882986111111e-05,3.1034783514783
integral_skeleton,2000,2000,4,10,rejection_rpqr,12.9953545976487,12.5618205453016,6.14574257124593,5.82689247231571,1436.46150216111,1432.54710254855,9.73562178030303e-05,3.13092062802889
integral_skeleton,2000,2000,4,11,bsqr_rand,10.52640259774,10.1738730039755,6.14574257124593,5.82689247231571,1436.46150216111,1432.54710254855,6.34049652777778e-05,1.29330670300753
integral_skeleton,2000,2000,4,11,rejection_rpqr,8.80107324668737,8.23030923915707,6.14574257124593,5.82689247231571,1436.46150216111,1432.54710254855,8.75531875e-05,4.34614592308616
integral_skeleton,2000,2000,4,12,bsqr_rand,9.82619456334152,9.3427151889014,6.14574257124593,5.82689247231571,1436.46150216111,1432.54710254855,6.28768854166667e-05,1.61316174059696
integral_skeleton,2000,2000,4,12,rejection_rpqr,11.8086294621205,11.3316272895892,6.14574257124593,5.82689247231571,1436.46150216111,1432.54710254855,0.000146341044642857,1.36846175950083
integral_skeleton,2000,2000,4,13,bsqr_rand,8.76824264022802,8.38905363709912,6.14574257124593,5.82689247231571,1436.46150216111,1432.54710254855,6.37882986111111e-05,1.46570335016078
integral_skeleton,2000,2000,4,13,rejection_rpqr,9.0334762777908,8.46517572953507,6.14574257124593,5.82689247231571,1436.46150216111,1432.54710254855,7.63827329545454e-05,2.86054807321048
integral_skeleton,2000,2000,4,14,bsqr_rand,12.3040891481061,11.5798507952832,6.14574257124593,5.82689247231571,1436.46150216111,1432.54710254855,6.222584375e-05,3.72698609815095
integral_skeleton,2000,2000,4,14,rejection_rpqr,13.202129485475,12.9389722986922,6.14574257124593,5.82689247231571,1436.46150216111,1432.54710254855,0.000105348642045455,6.03326211409443
integral_skeleton,2000,2000,4,15,bsqr_rand,9.36885211929777,8.89637803143826,6.14574257124593,5.82689247231571,1436.46150216111,1432.54710254855,6.36244097222222e-05,4.04459760004322
integral_skeleton,2000,2000,4,15,rejection_rpqr,7.21150997742453,6.72732454165648,6.14574257124593,5.82689247231571,1436.46150216111,1432.54710254855,9.70190965909091e-05,2.74458981246383
integral_skeleton,2000,2000,4,16,bsqr_rand,9.78593971199016,9.35860783997368,6.14574257124593,5.82689247231571,1436.46150216111,1432.54710254855,6.60327430555556e-05,1.38077051038037
integral_skeleton,2000,2000,4,16,rejection_rpqr,8.32786489493932,7.82896172559429,6.14574257124593,5.82689247231571,1436.46150216111,1432.54710254855,8.76257800925926e-05,4.35533505520556
integral_skeleton,2000,2000,4,17,bsqr_rand,16.7172336906421,16.421985633417,6.14574257124593,5.82689247231571,1436.46150216111,1432.54710254855,6.39494097222222e-05,4.20238218193033
integral_skeleton,2000,2000,4,17,rejection_rpqr,6.36787611072209,5.87363457903577,6.14574257124593,5.82689247231571,1436.46150216111,1432.54710254855,8.83675814393939e-05,2.37430377511043
integral_skeleton,2000,2000,4,18,bsqr_rand,12.209092161396,11.4325642870609,6.14574257124593,5.82689247231571,1436.46150216111,1432.54710254855,6.40632986111111e-05,2.1501271328712
integral_skeleton,2000,2000,4,18,rejection_rpqr,8.93271621222678,8.34173902927305,6.14574257124593,5.82689247231571,1436.46150216111,1432.54710254855,0.000114516833333333,3.66114657342918
integral_skeleton,2000,2000,4,19,bsqr_rand,12.9268294283894,12.4613176000706,6.14574257124593,5.82689247231571,1436.46150216111,1432.54710254855,6.19393854166667e-05,2.38509001989648
integral_skeleton,2000,2000,4,19,rejection_rpqr,9.001673340083,8.46972694645223,6.14574257124593,5.82689247231571,1436.46150216111,1432.54710254855,0.000152766381944444,1.47662661234246
integral_skeleton,2000,2000,4,20,bsqr_rand,12.2100896836343,11.8419889239856,6.14574257124593,5.82689247231571,1436.46150216111,1432.54710254855,6.52355208333333e-05,2.35001750464029
integral_skeleton,2000,2000,4,20,rejection_rpqr,21.7909753663402,21.5649521567503,6.14574257124593,5.82689247231571,1436.46150216111,1432.54710254855,9.94319753787879e-05,34.1058628358658
integral_skeleton,2000,2000,8,1,bsqr_rand,0.415043688050977,0.31074477724755,0.277305352775267,0.215198904780383,1436.46150216111,1432.54710254855,7.68587003205128e-05,2.37007116048252
integral_skeleton,2000,2000,8,1,rejection_rpqr,0.705989290604039,0.659295635438924,0.277305352775267,0.215198904780383,1436.46150216111,1432.54710254855,0.00011421475,10.7230976331002
integral_skeleton,2000,2000,8,2,bsqr_rand,0.544396310338216,0.468604865792568,0.277305352775267,0.215198904780383,1436.46150216111,1432.54710254855,7.59612644230769e-05,2.96780821300913
integral_skeleton,2000,2000,8,2,rejection_rpqr,0.752692097786202,0.628178640821827,0.277305352775267,0.215198904780383,1436.46150216111,1432.54710254855,0.000122781520833333,3.09458769540102
integral_skeleton,2000,2000,8,3,bsqr_rand,0.857342150685775,0.812163526055745,0.277305352775267,0.215198904780383,1436.46150216111,1432.54710254855,7.69548541666667e-05,3.47670939664486
integral_skeleton,2000,2000,8,3,rejection_rpqr,0.719442696709995,0.657056025977761,0.277305352775267,0.215198904780383,1436.46150216111,1432.54710254855,0.000120386625,6.81779098920795
integral_skeleton,2000,2000,8,4,bsqr_rand,0.582664106574978,0.440686067490143,0.277305352775267,0.215198904780383,1436.46150216111,1432.54710254855,7.45830592948718e-05,2.87118012255657
integral_skeleton,2000,2000,8,4,rejection_rpqr,0.638600186352701,0.453705794809215,0.277305352775267,0.215198904780383,1436.46150216111,1432.54710254855,0.000143689993055556,5.55450638409547
integral_skeleton,2000,2000,8,5,bsqr_rand,0.476078573389968,0.367668352140451,0.277305352775267,0.215198904780383,1436.46150216111,1432.54710254855,7.54548541666667e-05,3.07908759682458
integral_skeleton,2000,2000,8,5,rejection_rpqr,1.58692439329419,1.51340956467655,0.277305352775267,0.215198904780383,1436.46150216111,1432.54710254855,0.000153551104166667,3.41011668498343
integral_skeleton,2000,2000,8,6,bsqr_rand,0.66058947543782,0.558779633289713,0.277305352775267,0.215198904780383,1436.46150216111,1432.54710254855,7.46151105769231e-05,1.68922837375593
integral_skeleton,2000,2000,8,6,rejection_rpqr,0.515164579400934,0.415003582940602,0.277305352775267,0.215198904780383,1436.46150216111,1432.54710254855,0.000129602949404762,8.66791078389609
integral_skeleton,2000,2000,8,7,bsqr_rand,0.935219470499473,0.866369277757758,0.277305352775267,0.215198904780383,1436.46150216111,1432.54710254855,7.38298541666667e-05,4.41144787740558
integral_skeleton,2000,2000,8,7,rejection_rpqr,0.609341561659588,0.522181710970324,0.277305352775267,0.215198904780383,1436.46150216111,1432.54710254855,0.000143001208333333,4.75026319886354
integral_skeleton,2000,2000,8,8,bsqr_rand,0.433719546164846,0.29026704074537,0.277305352775267,0.215198904780383,1436.46150216111,1432.54710254855,7.45478028846154e-05,1.60154979974464
integral_skeleton,2000,2000,8,8,rejection_rpqr,0.615621202241908,0.491107417633524,0.277305352775267,0.215198904780383,1436.46150216111,1432.54710254855,0.000136292875,3.03305498968729
integral_skeleton,2000,2000,8,9,bsqr_rand,0.87346367426003,0.724456811085638,0.277305352775267,0.215198904780383,1436.46150216111,1432.54710254855,7.6964469551282e-05,7.17318055383825
integral_skeleton,2000,2000,8,9,rejection_rpqr,0.582496157861166,0.489316348116079,0.277305352775267,0.215198904780383,1436.46150216111,1432.54710254855,0.000117329333333333,15.7695255785579
integral_skeleton,2000,2000,8,10,bsqr_rand,1.19563368075241,1.15560969663263,0.277305352775267,0.215198904780383,1436.46150216111,1432.54710254855,7.28332569444445e-05,1.79190779305887
integral_skeleton,2000,2000,8,10,rejection_rpqr,0.41598256712383,0.313626455014818,0.277305352775267,0.215198904780383,1436.46150216111,1432.54710254855,0.000127990791666667,5.80260150775275
integral_skeleton,2000,2000,8,11,bsqr_rand,0.610151526898636,0.519991614861005,0.277305352775267,0.215198904780383,1436.46150216111,1432.54710254855,7.38779310897436e-05,2.51457669900322
integral_skeleton,2000,2000,8,11,rejection_rpqr,0.701327204948294,0.622043761245107,0.277305352775267,0.215198904780383,1436.46150216111,1432.54710254855,0.000117756416666667,18.2667480712369
integral_skeleton,2000,2000,8,12,bsqr_rand,0.73367755030744,0.681649555356769,0.277305352775267,0.215198904780383,1436.46150216111,1432.54710254855,7.64260080128205e-05,2.84132295412029
integral_skeleton,2000,2000,8,12,rejection_rpqr,0.622988031351173,0.567941219014349,0.277305352775267,0.215198904780383,1436.46150216111,1432.54710254855,0.000152412215277778,2.56309055204727
integral_skeleton,2000,2000,8,13,bsqr_rand,1.04033843727733,0.968886098375957,0.277305352775267,0.215198904780383,1436.46150216111,1432.54710254855,7.44933157051282e-05,2.34446192491782
integral_skeleton,2000,2000,8,13,rejection_rpqr,0.79043432009463,0.752647150050658,0.277305352775267,0.215198904780383,1436.46150216111,1432.54710254855,0.000133936282738095,8.78559236705189
integral_skeleton,2000,2000,8,14,bsqr_rand,0.677110984481339,0.564690679480672,0.277305352775267,0.215198904780383,1436.46150216111,1432.54710254855,7.36407516025641e-05,2.23486985640243
integral_skeleton,2000,2000,8,14,rejection_rpqr,0.585573998844437,0.523177053652223,0.277305352775267,0.215198904780383,1436.46150216111,1432.54710254855,0.000115808770833333,4.61429118144467
integral_skeleton,2000,2000,8,15,bsqr_rand,0.535456905176368,0.456632496488126,0.277305352775267,0.215198904780383,1436.46150216111,1432.54710254855,7.57881180555556e-05,3.00495858945725
integral_skeleton,2000,2000,8,15,rejection_rpqr,0.572349869703667,0.490425604013056,0.277305352775267,0.215198904780383,1436.46150216111,1432.54710254855,0.000115511625,3.86356664049029
integral_skeleton,2000,2000,8,16,bsqr_rand,0.599324475791951,0.545124442504012,0.277305352775267,0.215198904780383,1436.46150216111,1432.54710254855,7.27568680555556e-05,7.05309016877523
integral_skeleton,2000,2000,8,16,rejection_rpqr,0.495185118430363,0.399717606390617,0.277305352775267,0.215198904780383,1436.46150216111,1432.54710254855,0.000117553291666667,5.70322383282942
integral_skeleton,2000,2000,8,17,bsqr_rand,0.560302757907619,0.488341176772322,0.277305352775267,0.215198904780383,1436.46150216111,1432.54710254855,7.44580592948718e-05,1.4613131170684
integral_skeleton,2000,2000,8,17,rejection_rpqr,0.530371047531525,0.471053540583065,0.277305352775267,0.215198904780383,1436.46150216111,1432.54710254855,0.000118019616071429,4.73388392417958
integral_skeleton,2000,2000,8,18,bsqr_rand,0.692933200733152,0.594295552039014,0.277305352775267,0.215198904780383,1436.46150216111,1432.54710254855,7.42048541666667e-05,2.58357116322002
integral_skeleton,2000,2000,8,18,rejection_rpqr,0.857650293208151,0.741113837067124,0.277305352775267,0.215198904780383,1436.46150216111,1432.54710254855,0.000114636625,14.7222865058666
integral_skeleton,2000,2000,8,19,bsqr_rand,0.647441741800852,0.474237923656848,0.277305352775267,0.215198904780383,1436.46150216111,1432.54710254855,7.38715208333333e-05,5.87952877322668
integral_skeleton,2000,2000,8,19,rejection_rpqr,0.898807705395855,0.825855631619565,0.277305352775267,0.215198904780383,1436.46150216111,1432.54710254855,0.000108367104166667,3.01766925432473
integral_skeleton,2000,2000,8,20,bsqr_rand,0.8127710489932,0.764162112499776,0.277305352775267,0.215198904780383,1436.46150216111,1432.54710254855,7.58907516025641e-05,2.89529534957228
integral_skeleton,2000,2000,8,20,rejection_rpqr,0.556682687233571,0.447877774373389,0.277305352775267,0.215198904780383,1436.46150216111,1432.54710254855,0.000123860583333333,3.19921340376637
integral_skeleton,2000,2000,16,1,bsqr_rand,0.0155543249736767,0.0140379921786694,0.00424985358636586,0.00300731535998951,1436.46150216111,1432.54710254855,0.000111255409722222,3.62422399223864
integral_skeleton,2000,2000,16,1,rejection_rpqr,0.0121521201650329,0.00819066967852617,0.00424985358636586,0.00300731535998951,1436.46150216111,1432.54710254855,0.0001733201875,24.8394318988597
integral_skeleton,2000,2000,16,2,bsqr_rand,0.0117733357012329,0.0085693646335101,0.00424985358636586,0.00300731535998951,1436.46150216111,1432.54710254855,0.0001086581875,5.73159867691333
integral_skeleton,2000,2000,16,2,rejection_rpqr,0.0110120326957289,0.00883603564103691,0.00424985358636586,0.00300731535998951,1436.46150216111,1432.54710254855,0.000175391381944444,6.69887465353526
integral_skeleton,2000,2000,16,3,bsqr_rand,0.00802116684204356,0.00558807617098523,0.00424985358636586,0.00300731535998951,1436.46150216111,1432.54710254855,0.000109815594907407,3.76721898405453
integral_skeleton,2000,2000,16,3,rejection_rpqr,0.0079014882484258,0.00463145007830158,0.00424985358636586,0.00300731535998951,1436.46150216111,1432.54710254855,0.00018929937797619,8.35384234819009
integral_skeleton,2000,2000,16,4,bsqr_rand,0.0107162058508641,0.00867836626971704,0.00424985358636586,0.00300731535998951,1436.46150216111,1432.54710254855,0.000107598002314815,3.60982167960823
integral_skeleton,2000,2000,16,4,rejection_rpqr,0.0111908346356627,0.00934168521375036,0.00424985358636586,0.00300731535998951,1436.46150216111,1432.54710254855,0.0001784451875,18.4008258701489
integral_skeleton,2000,2000,16,5,bsqr_rand,0.0104265989061051,0.00682105540068719,0.00424985358636586,0.00300731535998951,1436.46150216111,1432.54710254855,0.000108838743055556,6.28719184140299
integral_skeleton,2000,2000,16,5,rejection_rpqr,0.00947582153114201,0.00722571579680536,0.00424985358636586,0.00300731535998951,1436.46150216111,1432.54710254855,0.000145204139880952,9.37376557882097
integral_skeleton,2000,2000,16,6,bsqr_rand,0.0081852454099782,0.00551877777888035,0.00424985358636586,0.00300731535998951,1436.46150216111,1432.54710254855,0.000108269298611111,4.8479524060624
integral_skeleton,2000,2000,16,6,rejection_rpqr,0.0164610018534535,0.0122510377253487,0.00424985358636586,0.00300731535998951,1436.46150216111,1432.54710254855,0.000174403520833333,11.2697220874119
integral_skeleton,2000,2000,16,7,bsqr_rand,0.0112491986647915,0.00903798930736026,0.00424985358636586,0.00300731535998951,1436.46150216111,1432.54710254855,0.000108986891203704,2.68816151490393
integral_skeleton,2000,2000,16,7,rejection_rpqr,0.00956014656092813,0.00721219530878419,0.00424985358636586,0.00300731535998951,1436.46150216111,1432.54710254855,0.000164905270833333,4.71521643475937
integral_skeleton,2000,2000,16,8,bsqr_rand,0.0100103755429429,0.00701527454822801,0.00424985358636586,0.00300731535998951,1436.46150216111,1432.54710254855,0.000107733770833333,6.58216961714194
integral_skeleton,2000,2000,16,8,rejection_rpqr,0.00939314171553026,0.00817004134945992,0.00424985358636586,0.00300731535998951,1436.46150216111,1432.54710254855,0.000155769616071429,3.76071942687896
integral_skeleton,2000,2000,16,9,bsqr_rand,0.0158764049439103,0.0142354144439431,0.00424985358636586,0.00300731535998951,1436.46150216111,1432.54710254855,0.000108871270833333,1.67274545730559
integral_skeleton,2000,2000,16,9,rejection_rpqr,0.00988630314170015,0.00781512708775706,0.00424985358636586,0.00300731535998951,1436.46150216111,1432.54710254855,0.000163217770833333,13.7883412088763
integral_skeleton,2000,2000,16,10,bsqr_rand,0.0113618066052132,0.00921781788984578,0.00424985358636586,0.00300731535998951,1436.46150216111,1432.54710254855,0.000111060965277778,8.27873738283416
integral_skeleton,2000,2000,16,10,rejection_rpqr,0.0113407221635421,0.00844262007010982,0.00424985358636586,0.00300731535998951,1436.46150216111,1432.54710254855,0.000162669159722222,17.2197575789006
integral_skeleton,2000,2000,16,11,bsqr_rand,0.0105776077992723,0.0088946924677413,0.00424985358636586,0.00300731535998951,1436.46150216111,1432.54710254855,0.000105508770833333,3.86356241174909
integral_skeleton,2000,2000,16,11,rejection_rpqr,0.0093942614848899,0.0068666241260944,0.00424985358636586,0.00300731535998951,1436.46150216111,1432.54710254855,0.000163273326388889,6.74809952655613
integral_skeleton,2000,2000,16,12,bsqr_rand,0.0120398696597234,0.00895912680670505,0.00424985358636586,0.00300731535998951,1436.46150216111,1432.54710254855,0.0001072831875,9.25376225913446
integral_skeleton,2000,2000,16,12,rejection_rpqr,0.0111795719327954,0.00840814884255211,0.00424985358636586,0.00300731535998951,1436.46150216111,1432.54710254855,0.000142727949404762,31.9792297575655
integral_skeleton,2000,2000,16,13,bsqr_rand,0.00911917104975767,0.00703167642899268,0.00424985358636586,0.00300731535998951,1436.46150216111,1432.54710254855,0.000108204483796296,3.80448482792428
integral_skeleton,2000,2000,16,13,rejection_rpqr,0.0112850797244057,0.00951670513721545,0.00424985358636586,0.00300731535998951,1436.46150216111,1432.54710254855,0.0001850731875,7.44218787286423
integral_skeleton,2000,2000,16,14,bsqr_rand,0.0164129867477692,0.012777830123511,0.00424985358636586,0.00300731535998951,1436.46150216111,1432.54710254855,0.000111519298611111,1.83128050418578
integral_skeleton,2000,2000,16,14,rejection_rpqr,0.0160498027910906,0.0133159335565563,0.00424985358636586,0.00300731535998951,1436.46150216111,1432.54710254855,0.000150132711309524,12.6741786695122
integral_skeleton,2000,2000,16,15,bsqr_rand,0.013583119203587,0.00949090255619213,0.00424985358636586,0.00300731535998951,1436.46150216111,1432.54710254855,0.000108389668981481,4.68997471804852
integral_skeleton,2000,2000,16,15,rejection_rpqr,0.016443071345847,0.0139154870686755,0.00424985358636586,0.00300731535998951,1436.46150216111,1432.54710254855,0.000171286854166667,15.3653423875556
integral_skeleton,2000,2000,16,16,bsqr_rand,0.00985800105082821,0.00790387529345939,0.00424985358636586,0.00300731535998951,1436.46150216111,1432.54710254855,0.000111355375,3.50545145001376
integral_skeleton,2000,2000,16,16,rejection_rpqr,0.0110000313850204,0.00907684304957051,0.00424985358636586,0.00300731535998951,1436.46150216111,1432.54710254855,0.000146835826388889,12.0122469020161
integral_skeleton,2000,2000,16,17,bsqr_rand,0.0115208495084786,0.00912282748665724,0.00424985358636586,0.00300731535998951,1436.46150216111,1432.54710254855,0.000108093372685185,3.26653187494844
integral_skeleton,2000,2000,16,17,rejection_rpqr,0.0157369721939785,0.0143043609060889,0.00424985358636586,0.00300731535998951,1436.46150216111,1432.54710254855,0.000175842770833333,9.51202571733943
integral_skeleton,2000,2000,16,18,bsqr_rand,0.0115531279449052,0.00990319204961942,0.00424985358636586,0.00300731535998951,1436.46150216111,1432.54710254855,0.000106519298611111,4.75526249512602
integral_skeleton,2000,2000,16,18,rejection_rpqr,0.0141836932073911,0.0115432722117478,0.00424985358636586,0.00300731535998951,1436.46150216111,1432.54710254855,0.000160507711309524,7.18731978106534
integral_skeleton,2000,2000,16,19,bsqr_rand,0.0128190008185736,0.0109556930274408,0.00424985358636586,0.00300731535998951,1436.46150216111,1432.54710254855,0.000107371150462963,3.60335778883119
integral_skeleton,2000,2000,16,19,rejection_rpqr,0.0123789031518908,0.0103705462289606,0.00424985358636586,0.00300731535998951,1436.46150216111,1432.54710254855,0.000155655270833333,9.60070176443488
integral_skeleton,2000,2000,16,20,bsqr_rand,0.0156451914246789,0.0137341580478458,0.00424985358636586,0.00300731535998951,1436.46150216111,1432.54710254855,0.000107968372685185,4.52082459407221
integral_skeleton,2000,2000,16,20,rejection_rpqr,0.00880520618006821,0.00612341624869779,0.00424985358636586,0.00300731535998951,1436.46150216111,1432.54710254855,0.000162488604166667,6.93407835260376
integral_skeleton,2000,2000,32,1,bsqr_rand,6.41781081520145e-05,5.60910991864475e-05,1.4811530574007e-05,8.92024426151288e-06,1436.46150216111,1432.54710254855,0.000143132711309524,4.05505645292428
integral_skeleton,2000,2000,32,1,rejection_rpqr,3.20668395191005e-05,1.95739265926476e-05,1.4811530574007e-05,8.92024426151288e-06,1436.46150216111,1432.54710254855,0.0002716925625,18.6630253381475
integral_skeleton,2000,2000,32,2,bsqr_rand,4.79512986351927e-05,3.52808493523853e-05,1.4811530574007e-05,8.92024426151288e-06,1436.46150216111,1432.54710254855,0.000145442235119048,4.88869857895505
integral_skeleton,2000,2000,32,2,rejection_rpqr,5.85971368171902e-05,3.93870542434523e-05,1.4811530574007e-05,8.92024426151288e-06,1436.46150216111,1432.54710254855,0.000258578520833333,16.9320077270128
integral_skeleton,2000,2000,32,3,bsqr_rand,4.90756833403767e-05,3.80921363056836e-05,1.4811530574007e-05,8.92024426151288e-06,1436.46150216111,1432.54710254855,0.000145091044642857,7.02938900250823
integral_skeleton,2000,2000,32,3,rejection_rpqr,7.41207802813675e-05,5.69773008254278e-05,1.4811530574007e-05,8.92024426151288e-06,1436.46150216111,1432.54710254855,0.0002818175625,61.1888403427839
integral_skeleton,2000,2000,32,4,bsqr_rand,4.79320435775278e-05,3.49106688435031e-05,1.4811530574007e-05,8.92024426151288e-06,1436.46150216111,1432.54710254855,0.000151960092261905,9.01304395547949
integral_skeleton,2000,2000,32,4,rejection_rpqr,4.34050591419885e-05,3.15883838015135e-05,1.4811530574007e-05,8.92024426151288e-06,1436.46150216111,1432.54710254855,0.0002911881875,14.8860957755739
integral_skeleton,2000,2000,32,5,bsqr_rand,5.18184059723146e-05,4.2072447998056e-05,1.4811530574007e-05,8.92024426151288e-06,1436.46150216111,1432.54710254855,0.00014734699702381,7.20098821187597
integral_skeleton,2000,2000,32,5,rejection_rpqr,4.54593464463781e-05,3.11603275390559e-05,1.4811530574007e-05,8.92024426151288e-06,1436.46150216111,1432.54710254855,0.0002469425625,29.6416420317192
integral_skeleton,2000,2000,32,6,bsqr_rand,3.76784206020449e-05,2.22848981908468e-05,1.4811530574007e-05,8.92024426151288e-06,1436.46150216111,1432.54710254855,0.000142988604166667,3.75070327546606
integral_skeleton,2000,2000,32,6,rejection_rpqr,4.05412933188479e-05,2.79312229257917e-05,1.4811530574007e-05,8.92024426151288e-06,1436.46150216111,1432.54710254855,0.0002536701875,5.03896197101106
integral_skeleton,2000,2000,32,7,bsqr_rand,4.1382103343335e-05,3.00620637030987e-05,1.4811530574007e-05,8.92024426151288e-06,1436.46150216111,1432.54710254855,0.000152293425595238,5.79588290497115
integral_skeleton,2000,2000,32,7,rejection_rpqr,4.47771350398312e-05,3.16023793615474e-05,1.4811530574007e-05,8.92024426151288e-06,1436.46150216111,1432.54710254855,0.000210419159722222,32.2304914731692
integral_skeleton,2000,2000,32,8,bsqr_rand,4.52889449622192e-05,3.33118351161152e-05,1.4811530574007e-05,8.92024426151288e-06,1436.46150216111,1432.54710254855,0.000147686282738095,10.8674606832864
integral_skeleton,2000,2000,32,8,rejection_rpqr,6.12175754406638e-05,5.21486981248539e-05,1.4811530574007e-05,8.92024426151288e-06,1436.46150216111,1432.54710254855,0.000273046729166667,28.3747239204096
integral_skeleton,2000,2000,32,9,bsqr_rand,3.85781200374108e-05,2.9099278476909e-05,1.4811530574007e-05,8.92024426151288e-06,1436.46150216111,1432.54710254855,0.000161150568452381,3.0277570135662
integral_skeleton,2000,2000,32,9,rejection_rpqr,4.35743007182555e-05,3.19249916933723e-05,1.4811530574007e-05,8.92024426151288e-06,1436.46150216111,1432.54710254855,0.000278025895833333,8.96897679608668
integral_skeleton,2000,2000,32,10,bsqr_rand,3.41742617503241e-05,2.41009040304259e-05,1.4811530574007e-05,8.92024426151288e-06,1436.46150216111,1432.54710254855,0.000156192235119048,7.0875716203731
integral_skeleton,2000,2000,32,10,rejection_rpqr,5.51396451052849e-05,3.89081973565074e-05,1.4811530574007e-05,8.92024426151288e-06,1436.46150216111,1432.54710254855,0.000248861854166667,11.4799384561086
integral_skeleton,2000,2000,32,11,bsqr_rand,5.84725795533388e-05,4.46872662277125e-05,1.4811530574007e-05,8.92024426151288e-06,1436.46150216111,1432.54710254855,0.000144085092261905,7.84038846977396
integral_skeleton,2000,2000,32,11,rejection_rpqr,3.19645996754008e-05,2.04202254240672e-05,1.4811530574007e-05,8.92024426151288e-06,1436.46150216111,1432.54710254855,0.000284400895833333,6.08542187049095
integral_skeleton,2000,2000,32,12,bsqr_rand,4.66959626050882e-05,3.42413532870908e-05,1.4811530574007e-05,8.92024426151288e-06,1436.46150216111,1432.54710254855,0.000146483901785714,5.91152533731604
integral_skeleton,2000,2000,32,12,rejection_rpqr,5.31646013462461e-05,4.41312371974625e-05,1.4811530574007e-05,8.92024426151288e-06,1436.46150216111,1432.54710254855,0.000246525895833333,6.46680885371102
integral_skeleton,2000,2000,32,13,bsqr_rand,4.649588917305e-05,3.43577152095717e-05,1.4811530574007e-05,8.92024426151288e-06,1436.46150216111,1432.54710254855,0.00015372199702381,11.1463024294221
integral_skeleton,2000,2000,32,13,rejection_rpqr,4.98589155058936e-05,3.97980323292942e-05,1.4811530574007e-05,8.92024426151288e-06,1436.46150216111,1432.54710254855,0.0002568488125,22.9892336597175
integral_skeleton,2000,2000,32,14,bsqr_rand,4.00271734044922e-05,2.48961015756319e-05,1.4811530574007e-05,8.92024426151288e-06,1436.46150216111,1432.54710254855,0.000147370806547619,9.37241050158765
integral_skeleton,2000,2000,32,14,rejection_rpqr,6.92513133612255e-05,6.3243172973273e-05,1.4811530574007e-05,8.92024426151288e-06,1436.46150216111,1432.54710254855,0.000258786854166667,45.7369766350385
integral_skeleton,2000,2000,32,15,bsqr_rand,4.26052686333031e-05,3.02392264190509e-05,1.4811530574007e-05,8.92024426151288e-06,1436.46150216111,1432.54710254855,0.000145882711309524,10.082797892982
integral_skeleton,2000,2000,32,15,rejection_rpqr,6.59233601374387e-05,5.30267950166463e-05,1.4811530574007e-05,8.92024426151288e-06,1436.46150216111,1432.54710254855,0.000265921729166667,97.7265037915485
integral_skeleton,2000,2000,32,16,bsqr_rand,3.57446076335952e-05,2.62624672691604e-05,1.4811530574007e-05,8.92024426151288e-06,1436.46150216111,1432.54710254855,0.000146430330357143,9.32660937515137
integral_skeleton,2000,2000,32,16,rejection_rpqr,4.78200393457408e-05,3.84292574297239e-05,1.4811530574007e-05,8.92024426151288e-06,1436.46150216111,1432.54710254855,0.000275525895833333,17.8008916247284
integral_skeleton,2000,2000,32,17,bsqr_rand,3.64787020611938e-05,2.43851248371867e-05,1.4811530574007e-05,8.92024426151288e-06,1436.46150216111,1432.54710254855,0.000152382711309524,8.90028346980345
integral_skeleton,2000,2000,32,17,rejection_rpqr,4.25372974433041e-05,3.09121785207624e-05,1.4811530574007e-05,8.92024426151288e-06,1436.46150216111,1432.54710254855,0.000236807145833333,18.2859089704923
integral_skeleton,2000,2000,32,18,bsqr_rand,6.79798125427381e-05,5.61997491581175e-05,1.4811530574007e-05,8.92024426151288e-06,1436.46150216111,1432.54710254855,0.000149537215277778,2.29829070711841
integral_skeleton,2000,2000,32,18,rejection_rpqr,4.22397329464501e-05,3.3147988414345e-05,1.4811530574007e-05,8.92024426151288e-06,1436.46150216111,1432.54710254855,0.000218421729166667,13.6117941776999
integral_skeleton,2000,2000,32,19,bsqr_rand,5.38559321178036e-05,4.20039464511463e-05,1.4811530574007e-05,8.92024426151288e-06,1436.46150216111,1432.54710254855,0.000149483901785714,7.3287824852083
integral_skeleton,2000,2000,32,19,rejection_rpqr,4.20463757815662e-05,3.26576507862181e-05,1.4811530574007e-05,8.92024426151288e-06,1436.46150216111,1432.54710254855,0.000255109229166667,17.8801353440534
integral_skeleton,2000,2000,32,20,bsqr_rand,4.4401973568494e-05,3.19698554175714e-05,1.4811530574007e-05,8.92024426151288e-06,1436.46150216111,1432.54710254855,0.000147471997023809,6.80451834526873
integral_skeleton,2000,2000,32,20,rejection_rpqr,3.9433786651283e-05,3.09197607826102e-05,1.4811530574007e-05,8.92024426151288e-06,1436.46150216111,1432.54710254855,0.000256686854166667,15.8682833788826
snapshots,1000,2000,4,1,bsqr_rand,217.935552047992,168.543447717577,164.650394746698,102.432694233243,623.8591799977,425.0105826897,6.63907516025641e-05,1.41191863102233
snapshots,1000,2000,4,1,rejection_rpqr,265.458916292177,202.688101384833,164.650394746698,102.432694233243,623.8591799977,425.0105826897,8.48337708333333e-05,2.24897458107362
snapshots,1000,2000,4,2,bsqr_rand,199.319176070122,133.580133899288,164.650394746698,102.432694233243,623.8591799977,425.0105826897,6.50799136904762e-05,1.48218271332125
snapshots,1000,2000,4,2,rejection_rpqr,222.258460869468,144.680700312928,164.650394746698,102.432694233243,623.8591799977,425.0105826897,8.23799652777778e-05,1.83836652017125
snapshots,1000,2000,4,3,bsqr_rand,220.780866130932,169.787900105271,164.650394746698,102.432694233243,623.8591799977,425.0105826897,6.21268854166667e-05,1.53950701904627
snapshots,1000,2000,4,3,rejection_rpqr,201.71066998886,120.228968044356,164.650394746698,102.432694233243,623.8591799977,425.0105826897,0.000120568916666667,1.26042903623061
snapshots,1000,2000,4,4,bsqr_rand,184.323341718742,128.641718583183,164.650394746698,102.432694233243,623.8591799977,425.0105826897,6.50242291666667e-05,1.75289991132882
snapshots,1000,2000,4,4,rejection_rpqr,193.579288691198,126.597580978186,164.650394746698,102.432694233243,623.8591799977,425.0105826897,9.48069753787879e-05,1.17096608715017
snapshots,1000,2000,4,5,bsqr_rand,237.18961011788,190.459284837155,164.650394746698,102.432694233243,623.8591799977,425.0105826897,6.324146875e-05,2.36336450895681
snapshots,1000,2000,4,5,rejection_rpqr,220.99959413823,159.995236853291,164.650394746698,102.432694233243,623.8591799977,425.0105826897,9.2958490530303e-05,3.17081103571216
snapshots,1000,2000,4,6,bsqr_rand,259.505343560617,174.405493085541,164.650394746698,102.432694233243,623.8591799977,425.0105826897,6.49855208333333e-05,1.76850834775818
snapshots,1000,2000,4,6,rejection_rpqr,228.500993220673,183.950273589225,164.650394746698,102.432694233243,623.8591799977,425.0105826897,0.0001354879375,1.83814847502343
snapshots,1000,2000,4,7,bsqr_rand,223.790513432182,169.941962402762,164.650394746698,102.432694233243,623.8591799977,425.0105826897,6.34576145833333e-05,1.95145317306231
snapshots,1000,2000,4,7,rejection_rpqr,238.537610310018,181.607469875607,164.650394746698,102.432694233243,623.8591799977,425.0105826897,9.50342481060606e-05,3.50813187533422
snapshots,1000,2000,4,8,bsqr_rand,223.645078638645,156.77178656091,164.650394746698,102.432694233243,623.8591799977,425.0105826897,6.35355208333333e-05,1.78461916713501
snapshots,1000,2000,4,8,rejection_rpqr,222.835322935812,162.13848626872,164.650394746698,102.432694233243,623.8591799977,425.0105826897,8.51668238636364e-05,2.24564879059219
snapshots,1000,2000,4,9,bsqr_rand,182.193651771571,121.601332032945,164.650394746698,102.432694233243,623.8591799977,425.0105826897,6.55561041666667e-05,1.16327113079464
snapshots,1000,2000,4,9,rejection_rpqr,221.94903775635,159.091120502287,164.650394746698,102.432694233243,623.8591799977,425.0105826897,0.000116801706018519,1.66150877798185
snapshots,1000,2000,4,10,bsqr_rand,208.259419478633,150.860160911407,164.650394746698,102.432694233243,623.8591799977,425.0105826897,6.54910763888889e-05,2.03769598834912
snapshots,1000,2000,4,10,rejection_rpqr,237.988843151236,175.96283466144,164.650394746698,102.432694233243,623.8591799977,425.0105826897,0.000107397884469697,3.65337300745937
snapshots,1000,2000,4,11,bsqr_rand,190.457312579626,136.695016054542,164.650394746698,102.432694233243,623.8591799977,425.0105826897,6.51216770833333e-05,1.38535262034461
snapshots,1000,2000,4,11,rejection_rpqr,213.141883212708,165.756355846288,164.650394746698,102.432694233243,623.8591799977,425.0105826897,0.000105491520833333,2.35992690665505
snapshots,1000,2000,4,12,bsqr_rand,178.414095384495,120.023389355734,164.650394746698,102.432694233243,623.8591799977,425.0105826897,6.29160763888889e-05,1.6153868686914
snapshots,1000,2000,4,12,rejection_rpqr,244.91750330916,186.543763806743,164.650394746698,102.432694233243,623.8591799977,425.0105826897,0.000107398928240741,2.93812778534405
snapshots,1000,2000,4,13,bsqr_rand,194.976592889896,136.69885231694,164.650394746698,102.432694233243,623.8591799977,425.0105826897,6.40799652777778e-05,1.13134094389141
snapshots,1000,2000,4,13,rejection_rpqr,253.574224813914,209.561653333573,164.650394746698,102.432694233243,623.8591799977,425.0105826897,9.29622784090909e-05,5.60502939676443
snapshots,1000,2000,4,14,bsqr_rand,218.227324302989,153.72138010255,164.650394746698,102.432694233243,623.8591799977,425.0105826897,6.26021875e-05,1.76595737938326
snapshots,1000,2000,4,14,rejection_rpqr,212.516529598813,141.98215931749,164.650394746698,102.432694233243,623.8591799977,425.0105826897,0.000105199854166667,1.36032698047303
snapshots,1000,2000,4,15,bsqr_rand,170.768246625385,109.598695223895,164.650394746698,102.432694233243,623.8591799977,425.0105826897,6.45438541666667e-05,1.06571011852301
snapshots,1000,2000,4,15,rejection_rpqr,182.443970958654,124.286828413672,164.650394746698,102.432694233243,623.8591799977,425.0105826897,0.000134431335648148,1.49199346967489
snapshots,1000,2000,4,16,bsqr_rand,209.258308231335,135.653430528657,164.650394746698,102.432694233243,623.8591799977,425.0105826897,6.44132986111111e-05,1.37849616256584
snapshots,1000,2000,4,16,rejection_rpqr,172.436164664631,106.270872755244,164.650394746698,102.432694233243,623.8591799977,425.0105826897,0.000141108901785714,1.14401128856526
snapshots,1000,2000,4,17,bsqr_rand,179.439961324785,116.433152273526,164.650394746698,102.432694233243,623.8591799977,425.0105826897,6.244459375e-05,1.99237340891729
snapshots,1000,2000,4,17,rejection_rpqr,223.023975517431,161.620851396675,164.650394746698,102.432694233243,623.8591799977,425.0105826897,9.61668238636364e-05,1.2898132856227
snapshots,1000,2000,4,18,bsqr_rand,197.020603440011,121.406166043744,164.650394746698,102.432694233243,623.8591799977,425.0105826897,6.50271875e-05,2.06416886569192
snapshots,1000,2000,4,18,rejection_rpqr,185.659294153515,126.956865818219,164.650394746698,102.432694233243,623.8591799977,425.0105826897,7.29410763888889e-05,1.26496330140773
snapshots,1000,2000,4,19,bsqr_rand,180.626456882778,120.889073692201,164.650394746698,102.432694233243,623.8591799977,425.0105826897,6.36021875e-05,1.08536819623051
snapshots,1000,2000,4,19,rejection_rpqr,198.855155458013,148.46851675365,164.650394746698,102.432694233243,623.8591799977,425.0105826897,0.000119272041666667,6.91324971212226
snapshots,1000,2000,4,20,bsqr_rand,204.588794076344,147.627315331612,164.650394746698,102.432694233243,623.8591799977,425.0105826897,6.65216319444444e-05,1.48494703164193
snapshots,1000,2000,4,20,rejection_rpqr,200.859222522551,146.793426532932,164.650394746698,102.432694233243,623.8591799977,425.0105826897,0.000102117581439394,1.40722846317173
snapshots,1000,2000,8,1,bsqr_rand,104.370579405033,63.7415267562567,72.1836882869281,37.6861250722174,623.8591799977,425.0105826897,7.46695977564102e-05,2.91971185117683
snapshots,1000,2000,8,1,rejection_rpqr,89.6842980288268,52.3303443925848,72.1836882869281,37.6861250722174,623.8591799977,425.0105826897,0.000106996150462963,1.59477863408719
snapshots,1000,2000,8,2,bsqr_rand,89.8617088744825,56.58263480836,72.1836882869281,37.6861250722174,623.8591799977,425.0105826897,7.60958798076923e-05,1.24466484126472
snapshots,1000,2000,8,2,rejection_rpqr,81.7424809462567,48.917765644295,72.1836882869281,37.6861250722174,623.8591799977,425.0105826897,0.000139553291666667,2.37901778716889
snapshots,1000,2000,8,3,bsqr_rand,98.54681787495,55.2256644431345,72.1836882869281,37.6861250722174,623.8591799977,425.0105826897,7.7438828525641e-05,1.58582526898766
snapshots,1000,2000,8,3,rejection_rpqr,111.603688024812,75.1222286410485,72.1836882869281,37.6861250722174,623.8591799977,425.0105826897,0.000127792875,4.57704309187727
snapshots,1000,2000,8,4,bsqr_rand,93.8095876602964,57.6653560559404,72.1836882869281,37.6861250722174,623.8591799977,425.0105826897,7.41535721153846e-05,2.14807103779049
snapshots,1000,2000,8,4,rejection_rpqr,112.77181548474,79.7446822041345,72.1836882869281,37.6861250722174,623.8591799977,425.0105826897,0.00012527725,2.87232635903983
snapshots,1000,2000,8,5,bsqr_rand,100.506126345108,62.9742028918936,72.1836882869281,37.6861250722174,623.8591799977,425.0105826897,7.42753669871795e-05,3.48561110171164
snapshots,1000,2000,8,5,rejection_rpqr,86.9013659128367,51.2977365079943,72.1836882869281,37.6861250722174,623.8591799977,425.0105826897,0.000115386625,5.99210096133435
snapshots,1000,2000,8,6,bsqr_rand,100.420763093954,54.7028053743247,72.1836882869281,37.6861250722174,623.8591799977,425.0105826897,7.57593413461538e-05,1.35192059552743
snapshots,1000,2000,8,6,rejection_rpqr,84.9899230409547,45.2720842937905,72.1836882869281,37.6861250722174,623.8591799977,425.0105826897,0.000127131416666667,1.73761744062806
snapshots,1000,2000,8,7,bsqr_rand,91.0204416334142,54.6118714054754,72.1836882869281,37.6861250722174,623.8591799977,425.0105826897,7.42401105769231e-05,1.79433705975007
snapshots,1000,2000,8,7,rejection_rpqr,107.907115925005,78.7200724231208,72.1836882869281,37.6861250722174,623.8591799977,425.0105826897,0.000125900568452381,2.34392739284563
snapshots,1000,2000,8,8,bsqr_rand,105.151284837245,74.2344665332446,72.1836882869281,37.6861250722174,623.8591799977,425.0105826897,7.37433157051282e-05,1.52163821778651
snapshots,1000,2000,8,8,rejection_rpqr,105.086103176537,74.090332301038,72.1836882869281,37.6861250722174,623.8591799977,425.0105826897,0.000122532458333333,6.44358191116985
snapshots,1000,2000,8,9,bsqr_rand,78.9086155294033,41.3420570081035,72.1836882869281,37.6861250722174,623.8591799977,425.0105826897,7.63010080128205e-05,1.32906882444964
snapshots,1000,2000,8,9,rejection_rpqr,109.49232395412,75.3572323699226,72.1836882869281,37.6861250722174,623.8591799977,425.0105826897,0.000131303291666667,2.50517399658015
snapshots,1000,2000,8,10,bsqr_rand,96.8601797301473,63.646832368277,72.1836882869281,37.6861250722174,623.8591799977,425.0105826897,7.51151105769231e-05,2.12792084367648
snapshots,1000,2000,8,10,rejection_rpqr,109.307890761614,75.3759996499931,72.1836882869281,37.6861250722174,623.8591799977,425.0105826897,0.00011533975,3.84554346627972
snapshots,1000,2000,8,11,bsqr_rand,141.724037637691,106.692439048962,72.1836882869281,37.6861250722174,623.8591799977,425.0105826897,7.32561362179487e-05,2.78656137759796
snapshots,1000,2000,8,11,rejection_rpqr,97.9483591042207,61.9912495652053,72.1836882869281,37.6861250722174,623.8591799977,425.0105826897,0.000127105375,8.46791323311274
snapshots,1000,2000,8,12,bsqr_rand,86.0156290763447,52.8283397823471,72.1836882869281,37.6861250722174,623.8591799977,425.0105826897,7.42465208333333e-05,1.91531312039037
snapshots,1000,2000,8,12,rejection_rpqr,117.638289487029,94.1179077847321,72.1836882869281,37.6861250722174,623.8591799977,425.0105826897,0.000129787473214286,7.20674685946921
snapshots,1000,2000,8,13,bsqr_rand,88.2012121057738,48.6045989895962,72.1836882869281,37.6861250722174,623.8591799977,425.0105826897,7.59484439102564e-05,2.44371404641889
snapshots,1000,2000,8,13,rejection_rpqr,91.7692935182635,53.5846375976898,72.1836882869281,37.6861250722174,623.8591799977,425.0105826897,0.000105321270833333,1.98449354484885
snapshots,1000,2000,8,14,bsqr_rand,96.6534133380116,62.8825918298851,72.1836882869281,37.6861250722174,623.8591799977,425.0105826897,7.32529310897436e-05,2.59902894033219
snapshots,1000,2000,8,14,rejection_rpqr,93.607019471399,56.869191677481,72.1836882869281,37.6861250722174,623.8591799977,425.0105826897,0.000136192235119048,2.69207014560485
snapshots,1000,2000,8,15,bsqr_rand,121.23439855717,71.4032704475642,72.1836882869281,37.6861250722174,623.8591799977,425.0105826897,7.34772900641026e-05,2.74501775304501
snapshots,1000,2000,8,15,rejection_rpqr,82.076321746007,45.4881963487072,72.1836882869281,37.6861250722174,623.8591799977,425.0105826897,0.000124553291666667,4.6056306901121
snapshots,1000,2000,8,16,bsqr_rand,93.3039558648054,55.5159242228909,72.1836882869281,37.6861250722174,623.8591799977,425.0105826897,7.98471458333333e-05,2.11388050640254
snapshots,1000,2000,8,16,rejection_rpqr,96.4341619331714,50.8959909738906,72.1836882869281,37.6861250722174,623.8591799977,425.0105826897,0.000122824125,1.41416326166611
snapshots,1000,2000,8,17,bsqr_rand,130.230360105739,80.6706506211554,72.1836882869281,37.6861250722174,623.8591799977,425.0105826897,7.63042131410256e-05,1.58145164043016
snapshots,1000,2000,8,17,rejection_rpqr,176.221863610167,116.179743380443,72.1836882869281,37.6861250722174,623.8591799977,425.0105826897,0.000123496,6.97410181878132
snapshots,1000,2000,8,18,bsqr_rand,85.9989564501405,54.6165895178323,72.1836882869281,37.6861250722174,623.8591799977,425.0105826897,7.53683157051282e-05,1.58289118079559
snapshots,1000,2000,8,18,rejection_rpqr,95.0647362879959,59.2470324368603,72.1836882869281,37.6861250722174,623.8591799977,425.0105826897,0.000130936282738095,3.1703164900947
snapshots,1000,2000,8,19,bsqr_rand,80.0974688578711,42.6414074403339,72.1836882869281,37.6861250722174,623.8591799977,425.0105826897,7.52112644230769e-05,2.25542281071881
snapshots,1000,2000,8,19,rejection_rpqr,151.495667943062,127.179081488937,72.1836882869281,37.6861250722174,623.8591799977,425.0105826897,0.000145477949404762,5.05088006436896
snapshots,1000,2000,8,20,bsqr_rand,87.2748853873493,49.9109324230356,72.1836882869281,37.6861250722174,623.8591799977,425.0105826897,7.41279310897436e-05,3.02811759072004
snapshots,1000,2000,8,20,rejection_rpqr,97.1459724442005,61.9744255121678,72.1836882869281,37.6861250722174,623.8591799977,425.0105826897,0.000110917446759259,2.2360776556325
snapshots,1000,2000,16,1,bsqr_rand,46.3420329099321,32.8469668333882,22.35576269102,11.4227001554272,623.8591799977,425.0105826897,0.0001087129375,2.9690922718954
snapshots,1000,2000,16,1,rejection_rpqr,30.4937236401042,17.5327578608432,22.35576269102,11.4227001554272,623.8591799977,425.0105826897,0.0001496344375,4.82416425113672
snapshots,1000,2000,16,2,bsqr_rand,47.7618092257486,33.0907149270862,22.35576269102,11.4227001554272,623.8591799977,425.0105826897,0.000108183770833333,3.71042284123085
snapshots,1000,2000,16,2,rejection_rpqr,36.2802707186668,24.6119324547895,22.35576269102,11.4227001554272,623.8591799977,425.0105826897,0.000151301104166667,6.7106726625786
snapshots,1000,2000,16,3,bsqr_rand,44.7508978150137,35.9044502014713,22.35576269102,11.4227001554272,623.8591799977,425.0105826897,0.00010978781712963,2.01079943660645
snapshots,1000,2000,16,3,rejection_rpqr,30.4167216876955,16.5500412572831,22.35576269102,11.4227001554272,623.8591799977,425.0105826897,0.0001541981875,6.64590705690785
snapshots,1000,2000,16,4,bsqr_rand,35.9483751368881,23.997204674204,22.35576269102,11.4227001554272,623.8591799977,425.0105826897,0.000110570224537037,3.99084093763774
snapshots,1000,2000,16,4,rejection_rpqr,29.177675412027,17.3148055811068,22.35576269102,11.4227001554272,623.8591799977,425.0105826897,0.000165669159722222,10.8152880327072
snapshots,1000,2000,16,5,bsqr_rand,37.0961374885924,22.3437052759849,22.35576269102,11.4227001554272,623.8591799977,425.0105826897,0.000111810965277778,2.89138751376713
snapshots,1000,2000,16,5,rejection_rpqr,33.4968204551079,21.6832206603514,22.35576269102,11.4227001554272,623.8591799977,425.0105826897,0.000153877493055556,3.15846734615898
snapshots,1000,2000,16,6,bsqr_rand,38.6794480874987,27.1599329868533,22.35576269102,11.4227001554272,623.8591799977,425.0105826897,0.000109584113425926,2.78427100769458
snapshots,1000,2000,16,6,rejection_rpqr,35.5060056713418,22.383045497617,22.35576269102,11.4227001554272,623.8591799977,425.0105826897,0.000163403520833333,8.69654830123263
snapshots,1000,2000,16,7,bsqr_rand,52.3434277981026,36.5769658581937,22.35576269102,11.4227001554272,623.8591799977,425.0105826897,0.000107195224537037,2.88536738458399
snapshots,1000,2000,16,7,rejection_rpqr,54.1822244902435,46.2318205411344,22.35576269102,11.4227001554272,623.8591799977,425.0105826897,0.000167120548611111,7.92534818534119
snapshots,1000,2000,16,8,bsqr_rand,35.0660558588396,21.5739921445115,22.35576269102,11.4227001554272,623.8591799977,425.0105826897,0.000107486891203704,5.69031915831279
snapshots,1000,2000,16,8,rejection_rpqr,42.5789875216053,30.2348375101318,22.35576269102,11.4227001554272,623.8591799977,425.0105826897,0.000167835826388889,11.9908190387575
snapshots,1000,2000,16,9,bsqr_rand,33.325556506008,16.212851809387,22.35576269102,11.4227001554272,623.8591799977,425.0105826897,0.000108107261574074,2.52928484661333
snapshots,1000,2000,16,9,rejection_rpqr,32.97955713969,20.728375594753,22.35576269102,11.4227001554272,623.8591799977,425.0105826897,0.000176037473214286,15.1159658887501
snapshots,1000,2000,16,10,bsqr_rand,33.1718292278738,18.7572880947148,22.35576269102,11.4227001554272,623.8591799977,425.0105826897,0.000108459113425926,2.65487314518719
snapshots,1000,2000,16,10,rejection_rpqr,41.6418214316059,26.8835212496693,22.35576269102,11.4227001554272,623.8591799977,425.0105826897,0.000157751758928571,3.98559251811997
snapshots,1000,2000,16,11,bsqr_rand,37.3532782172234,27.3151593351042,22.35576269102,11.4227001554272,623.8591799977,425.0105826897,0.0001089379375,2.47341459710022
snapshots,1000,2000,16,11,rejection_rpqr,30.7750408833489,15.3701745534455,22.35576269102,11.4227001554272,623.8591799977,425.0105826897,0.000176530270833333,3.34078943175309
snapshots,1000,2000,16,12,bsqr_rand,34.4878634731295,20.3228631516569,22.35576269102,11.4227001554272,623.8591799977,425.0105826897,0.000109685965277778,5.56069676474147
snapshots,1000,2000,16,12,rejection_rpqr,37.0397162375653,22.6648587098048,22.35576269102,11.4227001554272,623.8591799977,425.0105826897,0.0001725731875,8.68383211786574
snapshots,1000,2000,16,13,bsqr_rand,36.2347995213681,21.3900092224732,22.35576269102,11.4227001554272,623.8591799977,425.0105826897,0.000110857261574074,3.30767559677747
snapshots,1000,2000,16,13,rejection_rpqr,33.5233385490972,18.166240771685,22.35576269102,11.4227001554272,623.8591799977,425.0105826897,0.0001412594375,14.1039095411624
snapshots,1000,2000,16,14,bsqr_rand,43.3607913647264,23.9813838154292,22.35576269102,11.4227001554272,623.8591799977,425.0105826897,0.000109713743055556,3.19583516592264
snapshots,1000,2000,16,14,rejection_rpqr,27.9858396525992,17.0614999442161,22.35576269102,11.4227001554272,623.8591799977,425.0105826897,0.000162558048611111,8.79136913238203
snapshots,1000,2000,16,15,bsqr_rand,36.9296827204726,25.4215236014078,22.35576269102,11.4227001554272,623.8591799977,425.0105826897,0.000109917446759259,2.90710054884802
snapshots,1000,2000,16,15,rejection_rpqr,33.236418008068,17.3743263523448,22.35576269102,11.4227001554272,623.8591799977,425.0105826897,0.000153661854166667,6.67236119831999
snapshots,1000,2000,16,16,bsqr_rand,51.3268961086188,38.6070041946086,22.35576269102,11.4227001554272,623.8591799977,425.0105826897,0.000108977631944444,2.0935454493471
snapshots,1000,2000,16,16,rejection_rpqr,32.4976094930722,18.6784257070948,22.35576269102,11.4227001554272,623.8591799977,425.0105826897,0.000158731659722222,12.820465858722
snapshots,1000,2000,16,17,bsqr_rand,45.6854566348586,28.538139705541,22.35576269102,11.4227001554272,623.8591799977,425.0105826897,0.000111005409722222,2.52934163943147
snapshots,1000,2000,16,17,rejection_rpqr,31.8369960561203,17.6359219850355,22.35576269102,11.4227001554272,623.8591799977,425.0105826897,0.000153516381944444,3.28460887698088
snapshots,1000,2000,16,18,bsqr_rand,49.2061089914902,34.2346289700958,22.35576269102,11.4227001554272,623.8591799977,425.0105826897,0.000110241520833333,3.17257428584122
snapshots,1000,2000,16,18,rejection_rpqr,31.3464002834811,17.4087072069279,22.35576269102,11.4227001554272,623.8591799977,425.0105826897,0.000160287666666667,11.8505055847554
snapshots,1000,2000,16,19,bsqr_rand,43.8918168097497,28.4243082606742,22.35576269102,11.4227001554272,623.8591799977,425.0105826897,0.000109565594907407,3.0275053677926
snapshots,1000,2000,16,19,rejection_rpqr,36.4716604015761,23.1640516175256,22.35576269102,11.4227001554272,623.8591799977,425.0105826897,0.000162608901785714,5.66769510320753
snapshots,1000,2000,16,20,bsqr_rand,36.6060678880754,27.1764275803833,22.35576269102,11.4227001554272,623.8591799977,425.0105826897,0.000107639668981481,2.92906448204221
snapshots,1000,2000,16,20,rejection_rpqr,64.6824323765819,57.6020736277047,22.35576269102,11.4227001554272,623.8591799977,425.0105826897,0.000161676104166667,5.74495945960497
snapshots,1000,2000,32,1,bsqr_rand,5.91812064810838,4.36065683795059,2.04662735650276,1.10207387270547,623.8591799977,425.0105826897,0.000142787473214286,7.67547303655708
snapshots,1000,2000,32,1,rejection_rpqr,4.06588980631321,2.5104806375358,2.04662735650276,1.10207387270547,623.8591799977,425.0105826897,0.000268653520833333,12.767107435134
snapshots,1000,2000,32,2,bsqr_rand,6.73857563997542,4.27912464839765,2.04662735650276,1.10207387270547,623.8591799977,425.0105826897,0.000143811282738095,2.26134050508795
snapshots,1000,2000,32,2,rejection_rpqr,5.04873624923954,3.4905459301385,2.04662735650276,1.10207387270547,623.8591799977,425.0105826897,0.000265932145833333,5.69190630219412
snapshots,1000,2000,32,3,bsqr_rand,4.86905626822647,2.65473697301298,2.04662735650276,1.10207387270547,623.8591799977,425.0105826897,0.000145680330357143,8.13071519394573
snapshots,1000,2000,32,3,rejection_rpqr,3.70325184921427,2.39332792201305,2.04662735650276,1.10207387270547,623.8591799977,425.0105826897,0.000244236854166667,6.58060643955633
snapshots,1000,2000,32,4,bsqr_rand,4.2847068726053,2.35159576130137,2.04662735650276,1.10207387270547,623.8591799977,425.0105826897,0.000149632711309524,4.06675725336285
snapshots,1000,2000,32,4,rejection_rpqr,4.76811446243265,2.95608531809527,2.04662735650276,1.10207387270547,623.8591799977,425.0105826897,0.000248104854166667,5.79402518738517
snapshots,1000,2000,32,5,bsqr_rand,4.22849602748988,2.73329285114659,2.04662735650276,1.10207387270547,623.8591799977,425.0105826897,0.000144525568452381,5.40021647305589
snapshots,1000,2000,32,5,rejection_rpqr,4.98634220884189,3.37934872182752,2.04662735650276,1.10207387270547,623.8591799977,425.0105826897,0.000266327979166667,9.83514732585359
snapshots,1000,2000,32,6,bsqr_rand,11.4438923774113,9.36102520940152,2.04662735650276,1.10207387270547,623.8591799977,425.0105826897,0.000144025568452381,7.1777219708899
snapshots,1000,2000,32,6,rejection_rpqr,11.3918807349471,8.52136398307637,2.04662735650276,1.10207387270547,623.8591799977,425.0105826897,0.000248136854166667,64.4383968578997
snapshots,1000,2000,32,7,bsqr_rand,4.57100710965747,2.42357157246907,2.04662735650276,1.10207387270547,623.8591799977,425.0105826897,0.000145793425595238,4.50065940401677
snapshots,1000,2000,32,7,rejection_rpqr,4.04414306660737,2.70973438535795,2.04662735650276,1.10207387270547,623.8591799977,425.0105826897,0.000291525895833333,12.3692696798292
snapshots,1000,2000,32,8,bsqr_rand,6.68587149308103,4.69115865383106,2.04662735650276,1.10207387270547,623.8591799977,425.0105826897,0.0001433231875,10.2907051874496
snapshots,1000,2000,32,8,rejection_rpqr,6.86129050371079,4.67560935246012,2.04662735650276,1.10207387270547,623.8591799977,425.0105826897,0.000236234229166667,11.9274336683086
snapshots,1000,2000,32,9,bsqr_rand,5.55909161200559,3.27511030915477,2.04662735650276,1.10207387270547,623.8591799977,425.0105826897,0.0001446981875,3.23942319469785
snapshots,1000,2000,32,9,rejection_rpqr,3.35040359317709,2.01109056795824,2.04662735650276,1.10207387270547,623.8591799977,425.0105826897,0.0002785675625,17.238845339732
snapshots,1000,2000,32,10,bsqr_rand,5.93069988687964,4.33797961145257,2.04662735650276,1.10207387270547,623.8591799977,425.0105826897,0.000146894616071429,5.23239416161054
snapshots,1000,2000,32,10,rejection_rpqr,4.92680277085234,3.95569310615891,2.04662735650276,1.10207387270547,623.8591799977,425.0105826897,0.000227577979166667,24.80290119318
snapshots,1000,2000,32,11,bsqr_rand,5.00749449880553,2.7233244958199,2.04662735650276,1.10207387270547,623.8591799977,425.0105826897,0.0001443231875,3.92003476153817
snapshots,1000,2000,32,11,rejection_rpqr,4.4965846582855,3.11774748808459,2.04662735650276,1.10207387270547,623.8591799977,425.0105826897,0.000280078520833333,9.58413799047135
snapshots,1000,2000,32,12,bsqr_rand,6.14541118290462,4.96252549049348,2.04662735650276,1.10207387270547,623.8591799977,425.0105826897,0.000145430330357143,6.32190260388853
snapshots,1000,2000,32,12,rejection_rpqr,4.50128977249428,3.15398298671549,2.04662735650276,1.10207387270547,623.8591799977,425.0105826897,0.0002487863125,24.2593694135851
snapshots,1000,2000,32,13,bsqr_rand,3.65393163775727,2.09997117366615,2.04662735650276,1.10207387270547,623.8591799977,425.0105826897,0.000142692235119048,5.60564403692072
snapshots,1000,2000,32,13,rejection_rpqr,7.5198297426947,5.84219259183325,2.04662735650276,1.10207387270547,623.8591799977,425.0105826897,0.0002485701875,27.9469667047272
snapshots,1000,2000,32,14,bsqr_rand,5.47107757217474,4.24621568657852,2.04662735650276,1.10207387270547,623.8591799977,425.0105826897,0.000142460092261905,6.35245059247034
snapshots,1000,2000,32,14,rejection_rpqr,5.71868086065001,4.04639219808007,2.04662735650276,1.10207387270547,623.8591799977,425.0105826897,0.000273053520833333,19.6263265538503
snapshots,1000,2000,32,15,bsqr_rand,5.13740321748782,3.37393519115163,2.04662735650276,1.10207387270547,623.8591799977,425.0105826897,0.000145977949404762,5.43395635914449
snapshots,1000,2000,32,15,rejection_rpqr,5.55842399308306,4.08254835816754,2.04662735650276,1.10207387270547,623.8591799977,425.0105826897,0.0002662550625,16.6308836559905
snapshots,1000,2000,32,16,bsqr_rand,5.32058471056431,3.82375019322418,2.04662735650276,1.10207387270547,623.8591799977,425.0105826897,0.000146811282738095,7.8287966737456
snapshots,1000,2000,32,16,rejection_rpqr,3.38879503392776,1.98557574741331,2.04662735650276,1.10207387270547,623.8591799977,425.0105826897,0.000254536854166667,18.0265357005261
snapshots,1000,2000,32,17,bsqr_rand,5.29165978025116,3.88753266531888,2.04662735650276,1.10207387270547,623.8591799977,425.0105826897,0.000145335092261905,6.56184928384666
snapshots,1000,2000,32,17,rejection_rpqr,5.10672461417282,3.5628352082141,2.04662735650276,1.10207387270547,623.8591799977,425.0105826897,0.000250586854166667,65.2871811832988
snapshots,1000,2000,32,18,bsqr_rand,7.43530059222521,5.78519167427938,2.04662735650276,1.10207387270547,623.8591799977,425.0105826897,0.000144716044642857,5.26500371016446
snapshots,1000,2000,32,18,rejection_rpqr,4.90810817996517,3.1175995055592,2.04662735650276,1.10207387270547,623.8591799977,425.0105826897,0.000267736854166667,7.98094544809492
snapshots,1000,2000,32,19,bsqr_rand,9.02712254043374,7.37742442942385,2.04662735650276,1.10207387270547,623.8591799977,425.0105826897,0.000145406520833333,9.64474164413028
snapshots,1000,2000,32,19,rejection_rpqr,3.76221013876025,2.21947546378401,2.04662735650276,1.10207387270547,623.8591799977,425.0105826897,0.0002631300625,13.6865538360482
snapshots,1000,2000,32,20,bsqr_rand,5.82722463186416,3.72424804227957,2.04662735650276,1.10207387270547,623.8591799977,425.0105826897,0.000149763663690476,2.27668129369934
snapshots,1000,2000,32,20,rejection_rpqr,6.73244141585502,5.96836860764843,2.04662735650276,1.10207387270547,623.8591799977,425.0105826897,0.0002815988125,21.0176835135731
snapshots,1000,2000,64,1,bsqr_rand,0.00233199435955716,0.00199442148480733,0.000915229925060466,0.000688865328314914,623.8591799977,425.0105826897,0.0002591613125,3.18934563491106
snapshots,1000,2000,64,1,rejection_rpqr,0.0030341471518261,0.00267024744794946,0.000915229925060466,0.000688865328314914,623.8591799977,425.0105826897,0.0005754919375,27.9145928651521
snapshots,1000,2000,64,2,bsqr_rand,0.00346757505192785,0.0030715628896897,0.000915229925060466,0.000688865328314914,623.8591799977,425.0105826897,0.000261577979166667,7.42867236491317
snapshots,1000,2000,64,2,rejection_rpqr,0.00272979259945713,0.00190308148087567,0.000915229925060466,0.000688865328314914,623.8591799977,425.0105826897,0.000630285409722222,21.2563107220218
snapshots,1000,2000,64,3,bsqr_rand,0.00325015295086851,0.00225249675706351,0.000915229925060466,0.000688865328314914,623.8591799977,425.0105826897,0.000264109229166667,6.91204887590048
snapshots,1000,2000,64,3,rejection_rpqr,0.00664300511319105,0.00603315442254126,0.000915229925060466,0.000688865328314914,623.8591799977,425.0105826897,0.000580200270833333,26.2861934542683
snapshots,1000,2000,64,4,bsqr_rand,0.00263349808677599,0.00188255313012527,0.000915229925060466,0.000688865328314914,623.8591799977,425.0105826897,0.000258515479166667,4.37333909383278
snapshots,1000,2000,64,4,rejection_rpqr,0.00158321548509441,0.00115861682515096,0.000915229925060466,0.000688865328314914,623.8591799977,425.0105826897,0.000497825270833333,71.9182816181581
snapshots,1000,2000,64,5,bsqr_rand,0.00245905605957621,0.00163745587187365,0.000915229925060466,0.000688865328314914,623.8591799977,425.0105826897,0.0002617550625,4.22941606655016
snapshots,1000,2000,64,5,rejection_rpqr,0.00455003485642826,0.003962198519028,0.000915229925060466,0.000688865328314914,623.8591799977,425.0105826897,0.000526354854166667,36.0202989626011
snapshots,1000,2000,64,6,bsqr_rand,0.00403299778751268,0.00369474741887947,0.000915229925060466,0.000688865328314914,623.8591799977,425.0105826897,0.000260609229166667,4.29701937094143
snapshots,1000,2000,64,6,rejection_rpqr,0.00177603882738187,0.00133151488757092,0.000915229925060466,0.000688865328314914,623.8591799977,425.0105826897,0.0005381794375,34.4993630829646
snapshots,1000,2000,64,7,bsqr_rand,0.00298711552939824,0.00197000609898696,0.000915229925060466,0.000688865328314914,623.8591799977,425.0105826897,0.000290202979166667,15.9498880407034
snapshots,1000,2000,64,7,rejection_rpqr,0.00519282381602163,0.00463969490658446,0.000915229925060466,0.000688865328314914,623.8591799977,425.0105826897,0.000581387770833333,237.390881824322
snapshots,1000,2000,64,8,bsqr_rand,0.00518168441507539,0.00488391991481413,0.000915229925060466,0.000688865328314914,623.8591799977,425.0105826897,0.000258400895833333,11.5487651978192
snapshots,1000,2000,64,8,rejection_rpqr,0.00368408892353119,0.00282509893253026,0.000915229925060466,0.000688865328314914,623.8591799977,425.0105826897,0.000575533604166667,8.77801726713532
snapshots,1000,2000,64,9,bsqr_rand,0.00364082047801125,0.00327553371326294,0.000915229925060466,0.000688865328314914,623.8591799977,425.0105826897,0.000257234229166667,10.4461526197692
snapshots,1000,2000,64,9,rejection_rpqr,0.0030993144031283,0.00258733020469407,0.000915229925060466,0.000688865328314914,623.8591799977,425.0105826897,0.000497137770833333,49.6491097697158
snapshots,1000,2000,64,10,bsqr_rand,0.00616102509041788,0.00595350884098066,0.000915229925060466,0.000688865328314914,623.8591799977,425.0105826897,0.000266088395833333,9.81260425806257
snapshots,1000,2000,64,10,rejection_rpqr,0.00310689539542064,0.00232129245718963,0.000915229925060466,0.000688865328314914,623.8591799977,425.0105826897,0.000525979854166667,177.818044413003
snapshots,1000,2000,64,11,bsqr_rand,0.00244122163054771,0.00172427864217073,0.000915229925060466,0.000688865328314914,623.8591799977,425.0105826897,0.0002821613125,2.88645086417803
snapshots,1000,2000,64,11,rejection_rpqr,0.00317558704001587,0.00223832356834073,0.000915229925060466,0.000688865328314914,623.8591799977,425.0105826897,0.0005704294375,39.3614868015991
snapshots,1000,2000,64,12,bsqr_rand,0.0115505399739632,0.0114108290359218,0.000915229925060466,0.000688865328314914,623.8591799977,425.0105826897,0.000257327979166667,22.2532611465863
snapshots,1000,2000,64,12,rejection_rpqr,0.00326247785359374,0.00295554484414458,0.000915229925060466,0.000688865328314914,623.8591799977,425.0105826897,0.000576075270833333,24.6797175654273
snapshots,1000,2000,64,13,bsqr_rand,0.00222125387111861,0.00143769439935138,0.000915229925060466,0.000688865328314914,623.8591799977,425.0105826897,0.000262150895833333,16.4348402195603
snapshots,1000,2000,64,13,rejection_rpqr,0.0028710389971722,0.0022218540634235,0.000915229925060466,0.000688865328314914,623.8591799977,425.0105826897,0.0005323044375,20.7116424888716
snapshots,1000,2000,64,14,bsqr_rand,0.00307144534050109,0.00250647422254561,0.000915229925060466,0.000688865328314914,623.8591799977,425.0105826897,0.000260400895833333,13.5722284210571
snapshots,1000,2000,64,14,rejection_rpqr,0.00354798748264637,0.00298734045090292,0.000915229925060466,0.000688865328314914,623.8591799977,425.0105826897,0.000625346104166667,32.7309366320129
snapshots,1000,2000,64,15,bsqr_rand,0.00526802668952771,0.00480781878486122,0.000915229925060466,0.000688865328314914,623.8591799977,425.0105826897,0.0002673800625,6.56490406772599
snapshots,1000,2000,64,15,rejection_rpqr,0.00196224029666086,0.00112022464082937,0.000915229925060466,0.000688865328314914,623.8591799977,425.0105826897,0.0005913044375,34.8718000479646
snapshots,1000,2000,64,16,bsqr_rand,0.00200541679398162,0.00158409207555547,0.000915229925060466,0.000688865328314914,623.8591799977,425.0105826897,0.000262650895833333,5.2395743796847
snapshots,1000,2000,64,16,rejection_rpqr,0.00208041590988891,0.00153545682912596,0.000915229925060466,0.000688865328314914,623.8591799977,425.0105826897,0.000546658604166667,23.3528110242934
snapshots,1000,2000,64,17,bsqr_rand,0.00407634877234426,0.00360502341286608,0.000915229925060466,0.000688865328314914,623.8591799977,425.0105826897,0.000257296729166667,15.248219536737
snapshots,1000,2000,64,17,rejection_rpqr,0.00259327686648205,0.00161914408389651,0.000915229925060466,0.000688865328314914,623.8591799977,425.0105826897,0.000667033604166667,117.714587770732
snapshots,1000,2000,64,18,bsqr_rand,0.00402347814984898,0.0031117465522679,0.000915229925060466,0.000688865328314914,623.8591799977,425.0105826897,0.0002847550625,13.7298741590496
snapshots,1000,2000,64,18,rejection_rpqr,0.00315450080655335,0.00281446376842949,0.000915229925060466,0.000688865328314914,623.8591799977,425.0105826897,0.000531721104166667,17.6176153894909
snapshots,1000,2000,64,19,bsqr_rand,0.00610805925398871,0.005863555773833,0.000915229925060466,0.000688865328314914,623.8591799977,425.0105826897,0.000256484229166667,16.0841866206686
snapshots,1000,2000,64,19,rejection_rpqr,0.00248625639787506,0.0019632567528184,0.000915229925060466,0.000688865328314914,623.8591799977,425.0105826897,0.0005257419375,18.0433933512314
snapshots,1000,2000,64,20,bsqr_rand,0.00278286035508338,0.0019766531896822,0.000915229925060466,0.000688865328314914,623.8591799977,425.0105826897,0.000267807145833333,7.51983002840691
snapshots,1000,2000,64,20,rejection_rpqr,0.00686119412246748,0.00673512142909101,0.000915229925060466,0.000688865328314914,623.8591799977,425.0105826897,0.000664825270833333,47.8789255511888
