run_id,timestamp,family,regime,m,n,aspect,seed,blas_threads,method,bench_surface,tmin_s,tmed_s,tci_low_s,tci_high_s,alloc_bytes,residual,orthogonality
20260316_123334,2026-03-16T12:33:34.504,gaussian,square,64,64,1.000000,20260310,1,bsqr_full,materialize_qrp,7.2167e-5,7.868750000000001e-5,7.24686e-5,0.00011733517499999999,236896,5.533550057830302e-16,6.157824457400668e-15
20260316_123334,2026-03-16T12:33:34.504,gaussian,square,64,64,1.000000,20260310,1,dgeqp3,materialize_qrp,5.7417e-5,6.8125e-5,5.7477175e-5,8.083029999999998e-5,250208,5.884699445236682e-16,6.885819648643135e-15
20260316_123334,2026-03-16T12:33:34.504,gaussian,square,64,64,1.000000,20260310,1,bsqr_rinv,materialize_qrp,7.325e-5,8.00005e-5,7.337107500000001e-5,0.00010174717499999996,236944,5.533550057830302e-16,6.157824457400668e-15
20260316_123334,2026-03-16T12:33:34.504,gaussian,square,64,64,1.000000,20260310,1,dgeqp3_trsm,materialize_qrp,5.5834e-5,5.98955e-5,5.59848e-5,7.495247499999996e-5,250208,5.884699445236682e-16,6.885819648643135e-15
20260316_123334,2026-03-16T12:33:34.504,gaussian,square,128,128,1.000000,20260310,1,bsqr_full,materialize_qrp,0.00039433400000000004,0.000424375,0.000397807475,0.0004845214499999999,767168,7.328778215630288e-16,1.0543923996940254e-14
20260316_123334,2026-03-16T12:33:34.504,gaussian,square,128,128,1.000000,20260310,1,dgeqp3,materialize_qrp,0.000306417,0.00032325050000000003,0.00030656780000000005,0.00035221155,823744,7.410311847957666e-16,1.1040087235281498e-14
20260316_123334,2026-03-16T12:33:34.504,gaussian,square,128,128,1.000000,20260310,1,bsqr_rinv,materialize_qrp,0.00038425000000000004,0.000418041,0.000386153125,0.0004373644,767216,7.328778215630288e-16,1.0543923996940254e-14
20260316_123334,2026-03-16T12:33:34.504,gaussian,square,128,128,1.000000,20260310,1,dgeqp3_trsm,materialize_qrp,0.000271416,0.000310875,0.00029195815,0.00037731685,823744,7.410311847957666e-16,1.1040087235281498e-14
20260316_123334,2026-03-16T12:33:34.504,gaussian,square,256,256,1.000000,20260310,1,bsqr_full,materialize_qrp,0.0032747500000000003,0.0034361875,0.0033116641000000002,0.0038190853249999994,2776928,8.78338064520323e-16,1.9757030234327516e-14
20260316_123334,2026-03-16T12:33:34.504,gaussian,square,256,256,1.000000,20260310,1,dgeqp3,materialize_qrp,0.0019669590000000003,0.0021181875000000003,0.00202559265,0.0027437417249999993,2858336,9.351071928314476e-16,2.023588289338543e-14
20260316_123334,2026-03-16T12:33:34.504,gaussian,square,256,256,1.000000,20260310,1,bsqr_rinv,materialize_qrp,0.003346458,0.0034515,0.00334787755,0.0048240446999999985,2776976,8.78338064520323e-16,1.9757030234327516e-14
20260316_123334,2026-03-16T12:33:34.504,gaussian,square,256,256,1.000000,20260310,1,dgeqp3_trsm,materialize_qrp,0.002044625,0.002135042,0.002057040625,0.0028526060999999985,2858336,9.351071928314476e-16,2.023588289338543e-14
20260316_123334,2026-03-16T12:33:34.504,gaussian,square,384,384,1.000000,20260310,1,bsqr_full,materialize_qrp,0.008439625000000001,0.0090060415,0.008444790625,0.010564601600000001,6097760,1.03987954966885e-15,2.901038303303234e-14
20260316_123334,2026-03-16T12:33:34.504,gaussian,square,384,384,1.000000,20260310,1,dgeqp3,materialize_qrp,0.004281625,0.004678104000000001,0.0044061742,0.006384260325,6203744,1.0962439568698355e-15,3.014545937529705e-14
20260316_123334,2026-03-16T12:33:34.504,gaussian,square,384,384,1.000000,20260310,1,bsqr_rinv,materialize_qrp,0.008313666,0.0088516875,0.008366470649999999,0.01013610095,6097808,1.03987954966885e-15,2.901038303303234e-14
20260316_123334,2026-03-16T12:33:34.504,gaussian,square,384,384,1.000000,20260310,1,dgeqp3_trsm,materialize_qrp,0.004241834,0.0046253125,0.004334452025,0.006239054074999999,6203744,1.0962439568698355e-15,3.014545937529705e-14
20260316_123334,2026-03-16T12:33:34.504,gaussian,square,512,512,1.000000,20260310,1,bsqr_full,materialize_qrp,0.018490833,0.0201945205,0.018723558,0.02362576685,10729344,1.1940961519354435e-15,3.7986907908942624e-14
20260316_123334,2026-03-16T12:33:34.504,gaussian,square,512,512,1.000000,20260310,1,dgeqp3,materialize_qrp,0.009383958000000001,0.010187312,0.00946337595,0.0129220758,10859872,1.2378455379225145e-15,3.86816801933746e-14
20260316_123334,2026-03-16T12:33:34.504,gaussian,square,512,512,1.000000,20260310,1,bsqr_rinv,materialize_qrp,0.01855,0.0202363545,0.018762092225,0.025626102975,10729392,1.1940961519354435e-15,3.7986907908942624e-14
20260316_123334,2026-03-16T12:33:34.504,gaussian,square,512,512,1.000000,20260310,1,dgeqp3_trsm,materialize_qrp,0.009330959,0.009956937,0.0093783856,0.012019693324999999,10859872,1.2378455379225145e-15,3.86816801933746e-14
20260316_123334,2026-03-16T12:33:34.504,gaussian,short_wide,32,64,2.000000,20260310,1,bsqr_full,materialize_qrp,2.8208e-5,2.8687500000000003e-5,2.8208725e-5,4.497732499999997e-5,138336,4.835098717590868e-16,2.9525604125416648e-15
20260316_123334,2026-03-16T12:33:34.504,gaussian,short_wide,32,64,2.000000,20260310,1,dgeqp3,materialize_qrp,2.1042000000000003e-5,2.4937500000000003e-5,2.1162350000000002e-5,3.911932499999999e-5,159840,5.306665983352502e-16,3.483742306929226e-15
20260316_123334,2026-03-16T12:33:34.504,gaussian,short_wide,32,64,2.000000,20260310,1,bsqr_rinv,materialize_qrp,2.7834e-5,2.8646000000000003e-5,2.8014525000000003e-5,3.9185899999999966e-5,146608,4.835098717590868e-16,2.9525604125416648e-15
20260316_123334,2026-03-16T12:33:34.504,gaussian,short_wide,32,64,2.000000,20260310,1,dgeqp3_trsm,materialize_qrp,2.4666e-5,3.1875e-5,2.5029225000000003e-5,5.1387649999999965e-5,209312,5.306665983352502e-16,3.483742306929226e-15
20260316_123334,2026-03-16T12:33:34.504,gaussian,short_wide,32,128,4.000000,20260310,1,bsqr_full,materialize_qrp,4.5958e-5,4.66255e-5,4.6018175e-5,5.4085899999999976e-5,192928,5.326756777656283e-16,3.3203272004137195e-15
20260316_123334,2026-03-16T12:33:34.504,gaussian,short_wide,32,128,4.000000,20260310,1,dgeqp3,materialize_qrp,3.125e-5,3.46875e-5,3.125e-5,5.1973899999999973e-5,274080,6.072340746631066e-16,3.750578058892803e-15
20260316_123334,2026-03-16T12:33:34.504,gaussian,short_wide,32,128,4.000000,20260310,1,bsqr_rinv,materialize_qrp,5.1459e-5,5.8687500000000003e-5,5.179105e-5,0.00016205137499999994,217584,5.326756777656283e-16,3.3203272004137195e-15
20260316_123334,2026-03-16T12:33:34.504,gaussian,short_wide,32,128,4.000000,20260310,1,dgeqp3_trsm,materialize_qrp,4.4000000000000006e-5,4.9562500000000005e-5,4.475545e-5,6.259564999999998e-5,372704,6.072340746631066e-16,3.750578058892803e-15
20260316_123334,2026-03-16T12:33:34.504,gaussian,short_wide,32,256,8.000000,20260310,1,bsqr_full,materialize_qrp,9.300000000000001e-5,9.8604e-5,9.300000000000001e-5,0.000122283,301152,5.587361471231404e-16,3.0379943427859746e-15
20260316_123334,2026-03-16T12:33:34.504,gaussian,short_wide,32,256,8.000000,20260310,1,dgeqp3,materialize_qrp,6.5208e-5,6.86455e-5,6.560095e-5,9.020937499999998e-5,439904,5.891996615831363e-16,3.38495843679928e-15
20260316_123334,2026-03-16T12:33:34.504,gaussian,short_wide,32,256,8.000000,20260310,1,bsqr_rinv,materialize_qrp,0.000101333,0.00010818750000000001,0.0001028439,0.00012039295000000001,366768,5.587361471231404e-16,3.0379943427859746e-15
20260316_123334,2026-03-16T12:33:34.504,gaussian,short_wide,32,256,8.000000,20260310,1,dgeqp3_trsm,materialize_qrp,7.8292e-5,9.14165e-5,8.215842499999999e-5,0.00012436562499999998,645024,5.891996615831363e-16,3.38495843679928e-15
20260316_123334,2026-03-16T12:33:34.504,gaussian,short_wide,32,320,10.000000,20260310,1,bsqr_full,materialize_qrp,0.000112875,0.00012202050000000001,0.00011311715,0.00013459359999999995,404576,5.659887693733468e-16,3.069499181568871e-15
20260316_123334,2026-03-16T12:33:34.504,gaussian,short_wide,32,320,10.000000,20260310,1,dgeqp3,materialize_qrp,7.1208e-5,8.26455e-5,7.4772825e-5,9.10125e-5,572000,5.810221680072307e-16,3.2883436227223147e-15
20260316_123334,2026-03-16T12:33:34.504,gaussian,short_wide,32,320,10.000000,20260310,1,bsqr_rinv,materialize_qrp,0.00012945800000000002,0.000132125,0.00012951817500000002,0.00016044077499999997,502960,5.659887693733468e-16,3.069499181568871e-15
20260316_123334,2026-03-16T12:33:34.504,gaussian,short_wide,32,320,10.000000,20260310,1,dgeqp3_trsm,materialize_qrp,0.000105958,0.0001205,0.00011018765000000001,0.000165996575,875424,5.810221680072307e-16,3.2883436227223147e-15
20260316_123334,2026-03-16T12:33:34.504,gaussian,short_wide,64,128,2.000000,20260310,1,bsqr_full,materialize_qrp,0.000139042,0.0001472505,0.000139283425,0.00022648357499999993,340640,6.617169753096065e-16,6.219948234932546e-15
20260316_123334,2026-03-16T12:33:34.504,gaussian,short_wide,64,128,2.000000,20260310,1,dgeqp3,materialize_qrp,9.0958e-5,0.000100604,9.1109525e-5,0.00011407404999999997,429984,6.597830765051429e-16,6.112932773859395e-15
20260316_123334,2026-03-16T12:33:34.504,gaussian,short_wide,64,128,2.000000,20260310,1,bsqr_rinv,materialize_qrp,0.000134458,0.0001464585,0.00013542442500000002,0.000179875,373488,6.617169753096065e-16,6.219948234932546e-15
20260316_123334,2026-03-16T12:33:34.504,gaussian,short_wide,64,128,2.000000,20260310,1,dgeqp3_trsm,materialize_qrp,0.00011362500000000001,0.0001273545,0.00011374535000000001,0.00014597065,626912,6.597830765051429e-16,6.112932773859395e-15
20260316_123334,2026-03-16T12:33:34.504,gaussian,short_wide,64,256,4.000000,20260310,1,bsqr_full,materialize_qrp,0.000315417,0.0003325625,0.00031626307500000003,0.0003707402,547168,7.141034034723814e-16,6.077652932521102e-15
20260316_123334,2026-03-16T12:33:34.504,gaussian,short_wide,64,256,4.000000,20260310,1,dgeqp3,materialize_qrp,0.00018025000000000002,0.000187125,0.000180703125,0.00025354105,726880,7.30698394984022e-16,6.199472761391778e-15
20260316_123334,2026-03-16T12:33:34.504,gaussian,short_wide,64,256,4.000000,20260310,1,bsqr_rinv,materialize_qrp,0.00031966700000000004,0.000342854,0.00032223495,0.00038702245,645552,7.141034034723814e-16,6.077652932521102e-15
20260316_123334,2026-03-16T12:33:34.504,gaussian,short_wide,64,256,4.000000,20260310,1,dgeqp3_trsm,materialize_qrp,0.000228375,0.0002336045,0.00022873750000000002,0.00024938844999999996,1120416,7.30698394984022e-16,6.199472761391778e-15
20260316_123334,2026-03-16T12:33:34.504,gaussian,short_wide,64,512,8.000000,20260310,1,bsqr_full,materialize_qrp,0.00080225,0.0008515835,0.0008105875,0.000946132775,960864,7.511155631944894e-16,6.162754322893893e-15
20260316_123334,2026-03-16T12:33:34.504,gaussian,short_wide,64,512,8.000000,20260310,1,dgeqp3,materialize_qrp,0.00047054100000000005,0.0004881875,0.00047162850000000004,0.0005640201250000001,1320800,7.662225892798759e-16,6.2230568029369374e-15
20260316_123334,2026-03-16T12:33:34.504,gaussian,short_wide,64,512,8.000000,20260310,1,bsqr_rinv,materialize_qrp,0.00085775,0.0008835205,0.0008605898250000001,0.0010383571999999998,1190320,7.511155631944894e-16,6.162754322893893e-15
20260316_123334,2026-03-16T12:33:34.504,gaussian,short_wide,64,512,8.000000,20260310,1,dgeqp3_trsm,materialize_qrp,0.000580208,0.000642854,0.0005902072,0.0013925253749999984,2107552,7.662225892798759e-16,6.2230568029369374e-15
20260316_123334,2026-03-16T12:33:34.504,gaussian,short_wide,64,640,10.000000,20260310,1,bsqr_full,materialize_qrp,0.001122958,0.0011793955000000001,0.001124408725,0.001283151525,1167712,7.4546457677752e-16,6.007454239979572e-15
20260316_123334,2026-03-16T12:33:34.504,gaussian,short_wide,64,640,10.000000,20260310,1,dgeqp3,materialize_qrp,0.000580667,0.0006552915000000001,0.000605678775,0.0015798196999999964,1617760,7.810874331577469e-16,6.5522527975959505e-15
20260316_123334,2026-03-16T12:33:34.504,gaussian,short_wide,64,640,10.000000,20260310,1,bsqr_rinv,materialize_qrp,0.001142,0.001180229,0.0011466516,0.0013041281249999998,1462704,7.4546457677752e-16,6.007454239979572e-15
20260316_123334,2026-03-16T12:33:34.504,gaussian,short_wide,64,640,10.000000,20260310,1,dgeqp3_trsm,materialize_qrp,0.000681292,0.0007634585,0.000690414675,0.001629155299999996,2601120,7.810874331577469e-16,6.5522527975959505e-15
20260316_123334,2026-03-16T12:33:34.504,gaussian,short_wide,128,256,2.000000,20260310,1,bsqr_full,materialize_qrp,0.001152084,0.001217083,0.001181052825,0.0019193031249999997,1170304,8.373320207872965e-16,1.038090415474662e-14
20260316_123334,2026-03-16T12:33:34.504,gaussian,short_wide,128,256,2.000000,20260310,1,dgeqp3,materialize_qrp,0.0007497910000000001,0.0007723130000000001,0.000751724575,0.0008984093750000001,1382784,8.951435444118604e-16,1.10749713439502e-14
20260316_123334,2026-03-16T12:33:34.504,gaussian,short_wide,128,256,2.000000,20260310,1,bsqr_rinv,materialize_qrp,0.0012002500000000001,0.001249604,0.0012019414250000002,0.0017530509499999996,1301456,8.373320207872965e-16,1.038090415474662e-14
20260316_123334,2026-03-16T12:33:34.504,gaussian,short_wide,128,256,2.000000,20260310,1,dgeqp3_trsm,materialize_qrp,0.000838334,0.0008763125,0.000840508275,0.0016866025499999967,2169536,8.951435444118604e-16,1.10749713439502e-14
20260316_123334,2026-03-16T12:33:34.504,gaussian,short_wide,128,512,4.000000,20260310,1,bsqr_full,materialize_qrp,0.002836584,0.0029635835000000003,0.002845434075,0.004068415624999996,1977216,9.11305729556066e-16,1.0585872850415557e-14
20260316_123334,2026-03-16T12:33:34.504,gaussian,short_wide,128,512,4.000000,20260310,1,dgeqp3,materialize_qrp,0.0016768750000000002,0.0029965835000000003,0.0017294984000000002,0.026332129225,2500992,9.426998103366272e-16,1.1025557048594668e-14
20260316_123334,2026-03-16T12:33:34.504,gaussian,short_wide,128,512,4.000000,20260310,1,bsqr_rinv,materialize_qrp,0.002846958,0.0030297080000000003,0.0028474720250000005,0.004574860324999999,2370512,9.11305729556066e-16,1.0585872850415557e-14
20260316_123334,2026-03-16T12:33:34.504,gaussian,short_wide,128,512,4.000000,20260310,1,dgeqp3_trsm,materialize_qrp,0.0017197080000000001,0.0019579790000000003,0.0017840213,0.004100207049999998,4074176,9.426998103366272e-16,1.1025557048594668e-14
20260316_123334,2026-03-16T12:33:34.504,gaussian,short_wide,128,1024,8.000000,20260310,1,bsqr_full,materialize_qrp,0.004714792000000001,0.005181666000000001,0.004919151375000001,0.007870926749999998,3591040,9.204584614748929e-16,1.1061946855717139e-14
20260316_123334,2026-03-16T12:33:34.504,gaussian,short_wide,128,1024,8.000000,20260310,1,dgeqp3,materialize_qrp,0.0025782500000000002,0.0028144375,0.00260111795,0.0051075242,4737408,9.586999385439055e-16,1.1640526242008219e-14
20260316_123334,2026-03-16T12:33:34.504,gaussian,short_wide,128,1024,8.000000,20260310,1,bsqr_rinv,materialize_qrp,0.005031875,0.0052231460000000006,0.005062083575,0.0072672803,4508624,9.204584614748929e-16,1.1061946855717139e-14
20260316_123334,2026-03-16T12:33:34.504,gaussian,short_wide,128,1024,8.000000,20260310,1,dgeqp3_trsm,materialize_qrp,0.0030518340000000002,0.00328275,0.003071831675,0.005094414024999999,7883456,9.586999385439055e-16,1.1640526242008219e-14
20260316_123334,2026-03-16T12:33:34.504,gaussian,short_wide,128,1280,10.000000,20260310,1,bsqr_full,materialize_qrp,0.005825084,0.006374250000000001,0.005911902750000001,0.011664332199999988,4397952,8.782555458091536e-16,1.0510407525464545e-14
20260316_123334,2026-03-16T12:33:34.504,gaussian,short_wide,128,1280,10.000000,20260310,1,dgeqp3,materialize_qrp,0.0029430000000000003,0.003359688,0.0030274625000000005,0.004408755450000001,5855616,9.050736686012935e-16,1.072921556293721e-14
20260316_123334,2026-03-16T12:33:34.504,gaussian,short_wide,128,1280,10.000000,20260310,1,bsqr_rinv,materialize_qrp,0.0059440000000000005,0.006165979,0.005957171075,0.0069447144,5577680,8.782555458091536e-16,1.0510407525464545e-14
20260316_123334,2026-03-16T12:33:34.504,gaussian,short_wide,128,1280,10.000000,20260310,1,dgeqp3_trsm,materialize_qrp,0.0035501250000000003,0.0042064165,0.0035930812500000004,0.005839014675,9788096,9.050736686012935e-16,1.072921556293721e-14
20260316_123334,2026-03-16T12:33:34.504,gaussian,short_wide,256,512,2.000000,20260310,1,bsqr_full,materialize_qrp,0.007886375000000001,0.009606208500000001,0.0079100883,0.027889638724999992,4370272,1.0602547282698988e-15,2.0397104227669935e-14
20260316_123334,2026-03-16T12:33:34.504,gaussian,short_wide,256,512,2.000000,20260310,1,dgeqp3,materialize_qrp,0.003748042,0.0039106455000000005,0.003754657625,0.005374235974999999,5025120,1.1158782236690142e-15,2.0394316049097268e-14
20260316_123334,2026-03-16T12:33:34.504,gaussian,short_wide,256,512,2.000000,20260310,1,bsqr_rinv,materialize_qrp,0.009558167000000001,0.0130093545,0.009754339675000001,0.04250011874999996,4894640,1.0602547282698988e-15,2.0397104227669935e-14
20260316_123334,2026-03-16T12:33:34.504,gaussian,short_wide,256,512,2.000000,20260310,1,dgeqp3_trsm,materialize_qrp,0.004075166,0.0043730835000000004,0.004079697975,0.005821281099999999,8171168,1.1158782236690142e-15,2.0394316049097268e-14
20260316_123334,2026-03-16T12:33:34.504,gaussian,short_wide,256,1024,4.000000,20260310,1,bsqr_full,materialize_qrp,0.014488125000000001,0.0160223535,0.014573796075000003,0.017756875,7556960,1.103516382992093e-15,1.9866880571637028e-14
20260316_123334,2026-03-16T12:33:34.504,gaussian,short_wide,256,1024,4.000000,20260310,1,dgeqp3,materialize_qrp,0.006717333000000001,0.007308854500000001,0.006755697825,0.010092491575,9358688,1.1690823879598292e-15,2.0322563413181e-14
20260316_123334,2026-03-16T12:33:34.504,gaussian,short_wide,256,1024,4.000000,20260310,1,bsqr_rinv,materialize_qrp,0.014340333,0.015513792,0.014400447825,0.017306038450000002,9129904,1.103516382992093e-15,1.9866880571637028e-14
20260316_123334,2026-03-16T12:33:34.504,gaussian,short_wide,256,1024,4.000000,20260310,1,dgeqp3_trsm,materialize_qrp,0.007402625,0.008275395500000001,0.00751373125,0.010653837499999997,15650464,1.1690823879598292e-15,2.0322563413181e-14
20260316_123334,2026-03-16T12:33:34.504,gaussian,short_wide,256,2048,8.000000,20260310,1,bsqr_full,materialize_qrp,0.023624167,0.025206021000000002,0.023637851375000005,0.027634284225,13930336,1.133759677140803e-15,1.957916491850602e-14
20260316_123334,2026-03-16T12:33:34.504,gaussian,short_wide,256,2048,8.000000,20260310,1,dgeqp3,materialize_qrp,0.012124916000000001,0.013534875500000002,0.012422680025000002,0.020334691575,18058592,1.2078015360129928e-15,2.0394085567114e-14
20260316_123334,2026-03-16T12:33:34.504,gaussian,short_wide,256,2048,8.000000,20260310,1,bsqr_rinv,materialize_qrp,0.023599792,0.0250378955,0.023735064675000004,0.035232033275000005,17600432,1.133759677140803e-15,1.957916491850602e-14
20260316_123334,2026-03-16T12:33:34.504,gaussian,short_wide,256,2048,8.000000,20260310,1,dgeqp3_trsm,materialize_qrp,0.013952166,0.014986416,0.0141086152,0.025609762649999954,30641824,1.2078015360129928e-15,2.0394085567114e-14
20260316_123334,2026-03-16T12:33:34.504,gaussian,short_wide,256,2560,10.000000,20260310,1,bsqr_full,materialize_qrp,0.028752625,0.0298885205,0.028790114025,0.04261171089999996,17117024,1.1407262509198185e-15,1.9730067624044353e-14
20260316_123334,2026-03-16T12:33:34.504,gaussian,short_wide,256,2560,10.000000,20260310,1,dgeqp3,materialize_qrp,0.015002791000000001,0.0157364995,0.015126917525000002,0.026778442799999955,22392160,1.2151751335088374e-15,2.0409244228624337e-14
20260316_123334,2026-03-16T12:33:34.504,gaussian,short_wide,256,2560,10.000000,20260310,1,bsqr_rinv,materialize_qrp,0.028988625,0.030803333000000002,0.029119427325000002,0.035870768750000004,21835696,1.1407262509198185e-15,1.9730067624044353e-14
20260316_123334,2026-03-16T12:33:34.504,gaussian,short_wide,256,2560,10.000000,20260310,1,dgeqp3_trsm,materialize_qrp,0.017693084,0.0188344585,0.017737157475,0.048738046874999996,38121120,1.2151751335088374e-15,2.0409244228624337e-14
20260316_123334,2026-03-16T12:33:34.504,gaussian,short_wide,512,1024,2.000000,20260310,1,bsqr_full,materialize_qrp,0.038108541,0.040075354,0.03832208467500001,0.05367490719999995,17061760,1.4139485609722735e-15,3.8059663648159884e-14
20260316_123334,2026-03-16T12:33:34.504,gaussian,short_wide,512,1024,2.000000,20260310,1,dgeqp3,materialize_qrp,0.017107375,0.0178482085,0.01711060705,0.028796306899999957,19387744,1.4648735822845601e-15,3.87329713268932e-14
20260316_123334,2026-03-16T12:33:34.504,gaussian,short_wide,512,1024,2.000000,20260310,1,bsqr_rinv,materialize_qrp,0.038382167,0.040496208500000005,0.038615617000000005,0.05412558372499997,19158992,1.4139485609722735e-15,3.8059663648159884e-14
20260316_123334,2026-03-16T12:33:34.504,gaussian,short_wide,512,1024,2.000000,20260310,1,dgeqp3_trsm,materialize_qrp,0.01894175,0.0202036875,0.0189795109,0.051086567524999994,31970976,1.4648735822845601e-15,3.87329713268932e-14
20260316_123334,2026-03-16T12:33:34.504,gaussian,short_wide,512,2048,4.000000,20260310,1,bsqr_full,materialize_qrp,0.07141929200000001,0.07315566650000001,0.07145520922500001,0.10977506642500001,29726592,1.5022231563003954e-15,3.809616368149937e-14
20260316_123334,2026-03-16T12:33:34.504,gaussian,short_wide,512,2048,4.000000,20260310,1,dgeqp3,materialize_qrp,0.031750375000000004,0.033232500000000005,0.031822875,0.07404625464999998,36476256,1.5596578191714302e-15,3.8350458775905766e-14
20260316_123334,2026-03-16T12:33:34.504,gaussian,short_wide,512,2048,4.000000,20260310,1,bsqr_rinv,materialize_qrp,0.072042542,0.0743505,0.072319159225,0.1052905011,36018128,1.5022231563003954e-15,3.809616368149937e-14
20260316_123334,2026-03-16T12:33:34.504,gaussian,short_wide,512,2048,4.000000,20260310,1,dgeqp3_trsm,materialize_qrp,0.03608675,0.0385346665,0.03621800545,0.07131297892499999,61642400,1.5596578191714302e-15,3.8350458775905766e-14
20260316_123334,2026-03-16T12:33:34.504,gaussian,short_wide,512,4096,8.000000,20260310,1,bsqr_full,materialize_qrp,0.217385292,0.232654875,0.21790679200000002,0.2893005835,55056256,1.54559346125524e-15,3.792293656704104e-14
20260316_123334,2026-03-16T12:33:34.504,gaussian,short_wide,512,4096,8.000000,20260310,1,dgeqp3,materialize_qrp,0.076218833,0.080475958,0.076713192375,0.11569922390000001,70620512,1.6102969779176026e-15,3.859792656561285e-14
20260316_123334,2026-03-16T12:33:34.504,gaussian,short_wide,512,4096,8.000000,20260310,1,bsqr_rinv,materialize_qrp,0.22218991700000001,0.2343436875,0.22260910745,0.26977534670000003,71833552,1.54559346125524e-15,3.792293656704104e-14
20260316_123334,2026-03-16T12:33:34.504,gaussian,short_wide,512,4096,8.000000,20260310,1,dgeqp3_trsm,materialize_qrp,0.08694241700000001,0.09177481250000001,0.08722293110000001,0.12406865312500001,123049632,1.6102969779176026e-15,3.859792656561285e-14
20260316_123334,2026-03-16T12:33:34.504,gaussian,short_wide,512,5120,10.000000,20260310,1,bsqr_full,materialize_qrp,0.37161312500000004,0.37637808300000003,0.37226093125000004,0.40758161677500004,67966848,1.5590312136534444e-15,3.8052755870392326e-14
20260316_123334,2026-03-16T12:33:34.504,gaussian,short_wide,512,5120,10.000000,20260310,1,dgeqp3,materialize_qrp,0.159145583,0.165132667,0.160562958,0.207480535975,87725408,1.6211262781385581e-15,3.8540326779773534e-14
20260316_123334,2026-03-16T12:33:34.504,gaussian,short_wide,512,5120,10.000000,20260310,1,bsqr_rinv,materialize_qrp,0.380368833,0.388985417,0.38195037060000003,0.46417155019999995,88938448,1.5590312136534444e-15,3.8052755870392326e-14
20260316_123334,2026-03-16T12:33:34.504,gaussian,short_wide,512,5120,10.000000,20260310,1,dgeqp3_trsm,materialize_qrp,0.172751542,0.180073333,0.173772692,0.21516905045,150640288,1.6211262781385581e-15,3.8540326779773534e-14
20260316_123334,2026-03-16T12:33:34.504,ill_conditioned,square,64,64,1.000000,20260310,1,bsqr_full,materialize_qrp,7.2625e-5,8.2292e-5,7.2866425e-5,0.00011159862499999994,236896,6.084064098580611e-16,5.84648664233054e-15
20260316_123334,2026-03-16T12:33:34.504,ill_conditioned,square,64,64,1.000000,20260310,1,dgeqp3,materialize_qrp,5.6791000000000006e-5,6.6458e-5,5.69128e-5,8.152732499999997e-5,250208,6.047844850861847e-16,6.537375931509517e-15
20260316_123334,2026-03-16T12:33:34.504,ill_conditioned,square,64,64,1.000000,20260310,1,bsqr_rinv,materialize_qrp,7.2458e-5,7.8854e-5,7.563060000000001e-5,9.375435e-5,236944,6.084064098580611e-16,5.84648664233054e-15
20260316_123334,2026-03-16T12:33:34.504,ill_conditioned,square,64,64,1.000000,20260310,1,dgeqp3_trsm,materialize_qrp,5.7042e-5,6.239550000000001e-5,5.906620000000001e-5,7.3947025e-5,250208,6.047844850861847e-16,6.537375931509517e-15
20260316_123334,2026-03-16T12:33:34.504,ill_conditioned,square,128,128,1.000000,20260310,1,bsqr_full,materialize_qrp,0.00038291700000000003,0.0004154795,0.000390891275,0.00045252435,767168,5.953573958688276e-16,1.0393713302236559e-14
20260316_123334,2026-03-16T12:33:34.504,ill_conditioned,square,128,128,1.000000,20260310,1,dgeqp3,materialize_qrp,0.00027933300000000004,0.000300708,0.0002878822,0.00031577027500000003,823744,7.167586266575395e-16,1.1287298133042172e-14
20260316_123334,2026-03-16T12:33:34.504,ill_conditioned,square,128,128,1.000000,20260310,1,bsqr_rinv,materialize_qrp,0.00038750000000000004,0.000412604,0.00040055000000000006,0.000420903775,767216,5.953573958688276e-16,1.0393713302236559e-14
20260316_123334,2026-03-16T12:33:34.504,ill_conditioned,square,128,128,1.000000,20260310,1,dgeqp3_trsm,materialize_qrp,0.000280167,0.00030206250000000003,0.000289320125,0.000315791425,823744,7.167586266575395e-16,1.1287298133042172e-14
20260316_123334,2026-03-16T12:33:34.504,ill_conditioned,square,256,256,1.000000,20260310,1,bsqr_full,materialize_qrp,0.0032417920000000003,0.0033608955,0.0032853224499999997,0.004565851899999999,2776928,6.17190551705094e-16,1.988836133642453e-14
20260316_123334,2026-03-16T12:33:34.504,ill_conditioned,square,256,256,1.000000,20260310,1,dgeqp3,materialize_qrp,0.002143625,0.002244354,0.002184920275,0.0025408470249999988,2858336,8.092165188510098e-16,2.0502027308857648e-14
20260316_123334,2026-03-16T12:33:34.504,ill_conditioned,square,256,256,1.000000,20260310,1,bsqr_rinv,materialize_qrp,0.0033021250000000004,0.0033717290000000004,0.003303877325,0.00485447565,2776976,6.17190551705094e-16,1.988836133642453e-14
20260316_123334,2026-03-16T12:33:34.504,ill_conditioned,square,256,256,1.000000,20260310,1,dgeqp3_trsm,materialize_qrp,0.0021858750000000003,0.0022423125,0.002191916425,0.0031286607499999967,2858336,8.092165188510098e-16,2.0502027308857648e-14
20260316_123334,2026-03-16T12:33:34.504,ill_conditioned,square,384,384,1.000000,20260310,1,bsqr_full,materialize_qrp,0.008359208,0.008905042,0.00837648765,0.011325938875,6097760,7.866541197097873e-16,2.8999849877093304e-14
20260316_123334,2026-03-16T12:33:34.504,ill_conditioned,square,384,384,1.000000,20260310,1,dgeqp3,materialize_qrp,0.0048605,0.005141813,0.0048857843750000005,0.006558694124999999,6203744,8.294129572758968e-16,2.9236693747537044e-14
20260316_123334,2026-03-16T12:33:34.504,ill_conditioned,square,384,384,1.000000,20260310,1,bsqr_rinv,materialize_qrp,0.008449709,0.0088086875,0.008452819975,0.01192474295,6097808,7.866541197097873e-16,2.8999849877093304e-14
20260316_123334,2026-03-16T12:33:34.504,ill_conditioned,square,384,384,1.000000,20260310,1,dgeqp3_trsm,materialize_qrp,0.0047388330000000005,0.0049499165,0.0047480463,0.006472403125,6203744,8.294129572758968e-16,2.9236693747537044e-14
20260316_123334,2026-03-16T12:33:34.504,ill_conditioned,square,512,512,1.000000,20260310,1,bsqr_full,materialize_qrp,0.018137375,0.0188477505,0.0181439,0.021690892950000002,10729344,8.386738228599949e-16,3.769681438281473e-14
20260316_123334,2026-03-16T12:33:34.504,ill_conditioned,square,512,512,1.000000,20260310,1,dgeqp3,materialize_qrp,0.010469875,0.0107429375,0.010470298400000001,0.0126751609,10859872,9.01309529149875e-16,3.844225448921347e-14
20260316_123334,2026-03-16T12:33:34.504,ill_conditioned,square,512,512,1.000000,20260310,1,bsqr_rinv,materialize_qrp,0.018224292,0.019082604500000003,0.018262927975,0.023011016850000003,10729392,8.386738228599949e-16,3.769681438281473e-14
20260316_123334,2026-03-16T12:33:34.504,ill_conditioned,square,512,512,1.000000,20260310,1,dgeqp3_trsm,materialize_qrp,0.010404791,0.010910354,0.010416875300000001,0.0133531016,10859872,9.01309529149875e-16,3.844225448921347e-14
20260316_123334,2026-03-16T12:33:34.504,ill_conditioned,short_wide,32,64,2.000000,20260310,1,bsqr_full,materialize_qrp,2.7916000000000002e-5,2.9208500000000003e-5,2.800735e-5,4.2287349999999994e-5,138336,3.3145355355388735e-16,3.420671241488939e-15
20260316_123334,2026-03-16T12:33:34.504,ill_conditioned,short_wide,32,64,2.000000,20260310,1,dgeqp3,materialize_qrp,1.9833e-5,2.08335e-5,1.992435e-5,3.7040624999999994e-5,159840,5.231063826450243e-16,3.2098676852220476e-15
20260316_123334,2026-03-16T12:33:34.504,ill_conditioned,short_wide,32,64,2.000000,20260310,1,bsqr_rinv,materialize_qrp,2.8167000000000003e-5,2.9e-5,2.8196725000000002e-5,3.5741724999999985e-5,146608,3.3145355355388735e-16,3.420671241488939e-15
20260316_123334,2026-03-16T12:33:34.504,ill_conditioned,short_wide,32,64,2.000000,20260310,1,dgeqp3_trsm,materialize_qrp,2.5042000000000002e-5,3.0604e-5,2.5132625000000002e-5,4.631212499999999e-5,209312,5.231063826450243e-16,3.2098676852220476e-15
20260316_123334,2026-03-16T12:33:34.504,ill_conditioned,short_wide,32,128,4.000000,20260310,1,bsqr_full,materialize_qrp,4.5958e-5,4.6896e-5,4.6079075e-5,5.395269999999998e-5,192928,4.048141825618265e-16,3.251638935743897e-15
20260316_123334,2026-03-16T12:33:34.504,ill_conditioned,short_wide,32,128,4.000000,20260310,1,dgeqp3,materialize_qrp,3.2833e-5,3.4229e-5,3.316505e-5,4.221714999999999e-5,274080,5.612399834352731e-16,3.402887607384437e-15
20260316_123334,2026-03-16T12:33:34.504,ill_conditioned,short_wide,32,128,4.000000,20260310,1,bsqr_rinv,materialize_qrp,4.8708e-5,4.96045e-5,4.8708725000000005e-5,5.6768599999999984e-5,217584,4.048141825618265e-16,3.251638935743897e-15
20260316_123334,2026-03-16T12:33:34.504,ill_conditioned,short_wide,32,128,4.000000,20260310,1,dgeqp3_trsm,materialize_qrp,5.225e-5,5.51455e-5,5.2975e-5,6.996809999999998e-5,372704,5.612399834352731e-16,3.402887607384437e-15
20260316_123334,2026-03-16T12:33:34.504,ill_conditioned,short_wide,32,256,8.000000,20260310,1,bsqr_full,materialize_qrp,9.3542e-5,9.666600000000001e-5,9.360217500000001e-5,0.00010545719999999999,301152,3.7753127104356606e-16,2.804578555146081e-15
20260316_123334,2026-03-16T12:33:34.504,ill_conditioned,short_wide,32,256,8.000000,20260310,1,dgeqp3,materialize_qrp,5.9291000000000005e-5,6.9604e-5,6.0379225e-5,8.254687499999999e-5,439904,3.8152024442661836e-16,3.051940516563145e-15
20260316_123334,2026-03-16T12:33:34.504,ill_conditioned,short_wide,32,256,8.000000,20260310,1,bsqr_rinv,materialize_qrp,9.429200000000001e-5,0.00010491700000000001,9.525842500000001e-5,0.00011294374999999999,366768,3.7753127104356606e-16,2.804578555146081e-15
20260316_123334,2026-03-16T12:33:34.504,ill_conditioned,short_wide,32,256,8.000000,20260310,1,dgeqp3_trsm,materialize_qrp,7.737500000000001e-5,9.2979e-5,8.015465000000001e-5,0.00010137050000000001,645024,3.8152024442661836e-16,3.051940516563145e-15
20260316_123334,2026-03-16T12:33:34.504,ill_conditioned,short_wide,32,320,10.000000,20260310,1,bsqr_full,materialize_qrp,0.00011633300000000001,0.00012616650000000002,0.00011657515000000001,0.00013391765,404576,5.62975352745399e-16,2.9537108258722998e-15
20260316_123334,2026-03-16T12:33:34.504,ill_conditioned,short_wide,32,320,10.000000,20260310,1,dgeqp3,materialize_qrp,6.904200000000001e-5,8.35625e-5,7.024985e-5,9.03734e-5,572000,3.909886250691476e-16,3.383202277478144e-15
20260316_123334,2026-03-16T12:33:34.504,ill_conditioned,short_wide,32,320,10.000000,20260310,1,bsqr_rinv,materialize_qrp,0.00012200000000000001,0.0001336045,0.00012203045000000001,0.00014142187500000003,502960,5.62975352745399e-16,2.9537108258722998e-15
20260316_123334,2026-03-16T12:33:34.504,ill_conditioned,short_wide,32,320,10.000000,20260310,1,dgeqp3_trsm,materialize_qrp,0.00010295800000000001,0.0001129585,0.00010386425000000001,0.00011974237500000001,875424,3.909886250691476e-16,3.383202277478144e-15
20260316_123334,2026-03-16T12:33:34.504,ill_conditioned,short_wide,64,128,2.000000,20260310,1,bsqr_full,materialize_qrp,0.00013404200000000002,0.000142084,0.00013419280000000002,0.00015416764999999998,340640,4.3905432260402193e-16,6.05010129020505e-15
20260316_123334,2026-03-16T12:33:34.504,ill_conditioned,short_wide,64,128,2.000000,20260310,1,dgeqp3,materialize_qrp,9.2458e-5,0.00010185450000000001,9.3092375e-5,0.000107810175,429984,5.102776702945381e-16,6.839713254589383e-15
20260316_123334,2026-03-16T12:33:34.504,ill_conditioned,short_wide,64,128,2.000000,20260310,1,bsqr_rinv,materialize_qrp,0.000136167,0.00014435400000000002,0.0001366803,0.000152640475,373488,4.3905432260402193e-16,6.05010129020505e-15
20260316_123334,2026-03-16T12:33:34.504,ill_conditioned,short_wide,64,128,2.000000,20260310,1,dgeqp3_trsm,materialize_qrp,0.0001055,0.000122167,0.00010601402500000001,0.000127952325,626912,5.102776702945381e-16,6.839713254589383e-15
20260316_123334,2026-03-16T12:33:34.504,ill_conditioned,short_wide,64,256,4.000000,20260310,1,bsqr_full,materialize_qrp,0.000309084,0.00032625000000000004,0.000314188725,0.000339175,547168,4.815505047136756e-16,6.072247796434565e-15
20260316_123334,2026-03-16T12:33:34.504,ill_conditioned,short_wide,64,256,4.000000,20260310,1,dgeqp3,materialize_qrp,0.00017479100000000001,0.0001877705,0.00017624172500000003,0.00020162637500000002,726880,5.675907250853972e-16,6.291270355300022e-15
20260316_123334,2026-03-16T12:33:34.504,ill_conditioned,short_wide,64,256,4.000000,20260310,1,bsqr_rinv,materialize_qrp,0.000326333,0.000336958,0.00032742050000000004,0.00034940000000000004,645552,4.815505047136756e-16,6.072247796434565e-15
20260316_123334,2026-03-16T12:33:34.504,ill_conditioned,short_wide,64,256,4.000000,20260310,1,dgeqp3_trsm,materialize_qrp,0.000227542,0.00023587500000000003,0.0002290819,0.0002512644,1120416,5.675907250853972e-16,6.291270355300022e-15
20260316_123334,2026-03-16T12:33:34.504,ill_conditioned,short_wide,64,512,8.000000,20260310,1,bsqr_full,materialize_qrp,0.000827916,0.0008427915,0.000830786275,0.00086569295,960864,4.298407842348501e-16,6.078304864208021e-15
20260316_123334,2026-03-16T12:33:34.504,ill_conditioned,short_wide,64,512,8.000000,20260310,1,dgeqp3,materialize_qrp,0.00048520800000000005,0.000496021,0.000486748625,0.00050761345,1320800,4.758503831989428e-16,6.6377245412495005e-15
20260316_123334,2026-03-16T12:33:34.504,ill_conditioned,short_wide,64,512,8.000000,20260310,1,bsqr_rinv,materialize_qrp,0.000860541,0.0008720420000000001,0.0008616894,0.0008886914250000001,1190320,4.298407842348501e-16,6.078304864208021e-15
20260316_123334,2026-03-16T12:33:34.504,ill_conditioned,short_wide,64,512,8.000000,20260310,1,dgeqp3_trsm,materialize_qrp,0.000513708,0.0005856875,0.00053062515,0.0009132126499999984,2107552,4.758503831989428e-16,6.6377245412495005e-15
20260316_123334,2026-03-16T12:33:34.504,ill_conditioned,short_wide,64,640,10.000000,20260310,1,bsqr_full,materialize_qrp,0.001124,0.0011438750000000001,0.001126960175,0.0011838447,1167712,5.042678105541967e-16,6.369370155818731e-15
20260316_123334,2026-03-16T12:33:34.504,ill_conditioned,short_wide,64,640,10.000000,20260310,1,dgeqp3,materialize_qrp,0.0006327080000000001,0.0006631665,0.000632829075,0.001980887074999994,1617760,5.130868727960114e-16,6.5264656578262446e-15
20260316_123334,2026-03-16T12:33:34.504,ill_conditioned,short_wide,64,640,10.000000,20260310,1,bsqr_rinv,materialize_qrp,0.001157458,0.0011823955,0.0011592705,0.0012190690500000002,1462704,5.042678105541967e-16,6.369370155818731e-15
20260316_123334,2026-03-16T12:33:34.504,ill_conditioned,short_wide,64,640,10.000000,20260310,1,dgeqp3_trsm,materialize_qrp,0.0007062500000000001,0.0007692710000000001,0.000718514825,0.002184417224999993,2601120,5.130868727960114e-16,6.5264656578262446e-15
20260316_123334,2026-03-16T12:33:34.504,ill_conditioned,short_wide,128,256,2.000000,20260310,1,bsqr_full,materialize_qrp,0.0011846670000000001,0.0012046665,0.0011849388750000002,0.001224448625,1170304,5.623536981645376e-16,1.047469328347716e-14
20260316_123334,2026-03-16T12:33:34.504,ill_conditioned,short_wide,128,256,2.000000,20260310,1,dgeqp3,materialize_qrp,0.0007474160000000001,0.0007665,0.0007476581500000001,0.0007914843750000001,1382784,7.728267049961769e-16,1.1207155889024912e-14
20260316_123334,2026-03-16T12:33:34.504,ill_conditioned,short_wide,128,256,2.000000,20260310,1,bsqr_rinv,materialize_qrp,0.001214708,0.001231333,0.0012156142500000001,0.0012601138750000002,1301456,5.623536981645376e-16,1.047469328347716e-14
20260316_123334,2026-03-16T12:33:34.504,ill_conditioned,short_wide,128,256,2.000000,20260310,1,dgeqp3_trsm,materialize_qrp,0.000816334,0.0008492295,0.00081754185,0.0012377024749999981,2169536,7.728267049961769e-16,1.1207155889024912e-14
20260316_123334,2026-03-16T12:33:34.504,ill_conditioned,short_wide,128,512,4.000000,20260310,1,bsqr_full,materialize_qrp,0.0027365840000000002,0.0029298335000000003,0.0027369762250000003,0.005252980599999996,1977216,6.255221815426867e-16,1.0791822080605813e-14
20260316_123334,2026-03-16T12:33:34.504,ill_conditioned,short_wide,128,512,4.000000,20260310,1,dgeqp3,materialize_qrp,0.001520834,0.0017617705000000001,0.001574996575,0.004440517149999994,2500992,6.57800004400735e-16,1.1175154302016705e-14
20260316_123334,2026-03-16T12:33:34.504,ill_conditioned,short_wide,128,512,4.000000,20260310,1,bsqr_rinv,materialize_qrp,0.0026884580000000003,0.0029655000000000003,0.0027464580000000002,0.003959633574999996,2370512,6.255221815426867e-16,1.0791822080605813e-14
20260316_123334,2026-03-16T12:33:34.504,ill_conditioned,short_wide,128,512,4.000000,20260310,1,dgeqp3_trsm,materialize_qrp,0.0017993750000000002,0.001961708,0.00181970545,0.006657409525,4074176,6.57800004400735e-16,1.1175154302016705e-14
20260316_123334,2026-03-16T12:33:34.504,ill_conditioned,short_wide,128,1024,8.000000,20260310,1,bsqr_full,materialize_qrp,0.004918583000000001,0.005086938,0.004942266575,0.009045160599999998,3591040,6.000212222928188e-16,1.0576483792954099e-14
20260316_123334,2026-03-16T12:33:34.504,ill_conditioned,short_wide,128,1024,8.000000,20260310,1,dgeqp3,materialize_qrp,0.0026282500000000004,0.0027833955000000003,0.0026307273250000002,0.0065383770249999975,4737408,7.423490604886907e-16,1.114529406348633e-14
20260316_123334,2026-03-16T12:33:34.504,ill_conditioned,short_wide,128,1024,8.000000,20260310,1,bsqr_rinv,materialize_qrp,0.005016667000000001,0.005158979,0.00502279905,0.008059392799999999,4508624,6.000212222928188e-16,1.0576483792954099e-14
20260316_123334,2026-03-16T12:33:34.504,ill_conditioned,short_wide,128,1024,8.000000,20260310,1,dgeqp3_trsm,materialize_qrp,0.0030031660000000003,0.0032050000000000004,0.0030318948500000003,0.007054647674999999,7883456,7.423490604886907e-16,1.114529406348633e-14
20260316_123334,2026-03-16T12:33:34.504,ill_conditioned,short_wide,128,1280,10.000000,20260310,1,bsqr_full,materialize_qrp,0.0059604160000000005,0.0061119585,0.0059654308250000005,0.010478591725,4397952,6.247041455766504e-16,1.0674957642893817e-14
20260316_123334,2026-03-16T12:33:34.504,ill_conditioned,short_wide,128,1280,10.000000,20260310,1,dgeqp3,materialize_qrp,0.0031255420000000003,0.0033435835000000004,0.003142246725,0.006676097674999999,5855616,6.244051706841253e-16,1.1065379616079933e-14
20260316_123334,2026-03-16T12:33:34.504,ill_conditioned,short_wide,128,1280,10.000000,20260310,1,bsqr_rinv,materialize_qrp,0.006015,0.0062101665,0.00601503045,0.0077269556749999975,5577680,6.247041455766504e-16,1.0674957642893817e-14
20260316_123334,2026-03-16T12:33:34.504,ill_conditioned,short_wide,128,1280,10.000000,20260310,1,dgeqp3_trsm,materialize_qrp,0.0035532920000000004,0.0038536455000000003,0.0035821100250000007,0.0080242875,9788096,6.244051706841253e-16,1.1065379616079933e-14
20260316_123334,2026-03-16T12:33:34.504,ill_conditioned,short_wide,256,512,2.000000,20260310,1,bsqr_full,materialize_qrp,0.0076602910000000005,0.007839792,0.00768895895,0.01003130465,4370272,7.355683396597412e-16,2.0095741051298755e-14
20260316_123334,2026-03-16T12:33:34.504,ill_conditioned,short_wide,256,512,2.000000,20260310,1,dgeqp3,materialize_qrp,0.004198958,0.004337542000000001,0.0042111931,0.006599798249999999,5025120,8.087085214230534e-16,2.0534159523912726e-14
20260316_123334,2026-03-16T12:33:34.504,ill_conditioned,short_wide,256,512,2.000000,20260310,1,bsqr_rinv,materialize_qrp,0.0077770420000000005,0.007909833,0.007780425575,0.010932530449999998,4894640,7.355683396597412e-16,2.0095741051298755e-14
20260316_123334,2026-03-16T12:33:34.504,ill_conditioned,short_wide,256,512,2.000000,20260310,1,dgeqp3_trsm,materialize_qrp,0.0045573340000000006,0.0047736245,0.004589807475000001,0.008395602975,8171168,8.087085214230534e-16,2.0534159523912726e-14
20260316_123334,2026-03-16T12:33:34.504,ill_conditioned,short_wide,256,1024,4.000000,20260310,1,bsqr_full,materialize_qrp,0.013400292000000001,0.014249708000000002,0.013565500650000001,0.018239792375,7556960,7.966842175052663e-16,1.9942734768030378e-14
20260316_123334,2026-03-16T12:33:34.504,ill_conditioned,short_wide,256,1024,4.000000,20260310,1,dgeqp3,materialize_qrp,0.007796834000000001,0.0081591875,0.0077997637250000005,0.0118851686,9358688,8.794730492567993e-16,2.0706630208038838e-14
20260316_123334,2026-03-16T12:33:34.504,ill_conditioned,short_wide,256,1024,4.000000,20260310,1,bsqr_rinv,materialize_qrp,0.013722459000000001,0.014477375,0.013732065250000001,0.01798204345,9129904,7.966842175052663e-16,1.9942734768030378e-14
20260316_123334,2026-03-16T12:33:34.504,ill_conditioned,short_wide,256,1024,4.000000,20260310,1,dgeqp3_trsm,materialize_qrp,0.008609333,0.009765916500000001,0.008678178275,0.012194088875,15650464,8.794730492567993e-16,2.0706630208038838e-14
20260316_123334,2026-03-16T12:33:34.504,ill_conditioned,short_wide,256,2048,8.000000,20260310,1,bsqr_full,materialize_qrp,0.023472833000000002,0.0249335,0.02354231265,0.029107118599999995,13930336,8.243924639225784e-16,1.987406901032292e-14
20260316_123334,2026-03-16T12:33:34.504,ill_conditioned,short_wide,256,2048,8.000000,20260310,1,dgeqp3,materialize_qrp,0.015202958,0.016099937,0.015250717375,0.0190308545,18058592,9.224287173368434e-16,2.0314335885602174e-14
20260316_123334,2026-03-16T12:33:34.504,ill_conditioned,short_wide,256,2048,8.000000,20260310,1,bsqr_rinv,materialize_qrp,0.023790750000000003,0.025093687500000003,0.024140200000000004,0.029331689825,17600432,8.243924639225784e-16,1.987406901032292e-14
20260316_123334,2026-03-16T12:33:34.504,ill_conditioned,short_wide,256,2048,8.000000,20260310,1,dgeqp3_trsm,materialize_qrp,0.017584583,0.0183989165,0.017607964250000004,0.029695478699999958,30641824,9.224287173368434e-16,2.0314335885602174e-14
20260316_123334,2026-03-16T12:33:34.504,ill_conditioned,short_wide,256,2560,10.000000,20260310,1,bsqr_full,materialize_qrp,0.028806125000000002,0.030809645500000003,0.028947802325,0.04329400704999996,17117024,8.298993542988425e-16,1.9810101227424967e-14
20260316_123334,2026-03-16T12:33:34.504,ill_conditioned,short_wide,256,2560,10.000000,20260310,1,dgeqp3,materialize_qrp,0.018996000000000002,0.019864791500000003,0.019092999200000002,0.031007516424999958,22392160,9.311649239473855e-16,2.0534156442672463e-14
20260316_123334,2026-03-16T12:33:34.504,ill_conditioned,short_wide,256,2560,10.000000,20260310,1,bsqr_rinv,materialize_qrp,0.029086375,0.031460521000000005,0.029602212500000002,0.034019359750000006,21835696,8.298993542988425e-16,1.9810101227424967e-14
20260316_123334,2026-03-16T12:33:34.504,ill_conditioned,short_wide,256,2560,10.000000,20260310,1,dgeqp3_trsm,materialize_qrp,0.021055625,0.022744,0.021438696875000003,0.05381419725,38121120,9.311649239473855e-16,2.0534156442672463e-14
20260316_123334,2026-03-16T12:33:34.504,ill_conditioned,short_wide,512,1024,2.000000,20260310,1,bsqr_full,materialize_qrp,0.038403875000000004,0.041080667,0.038408466425,0.05264253247499996,17061760,1.0355720661679563e-15,3.808803367303382e-14
20260316_123334,2026-03-16T12:33:34.504,ill_conditioned,short_wide,512,1024,2.000000,20260310,1,dgeqp3,materialize_qrp,0.021235,0.022852437,0.021249167225,0.03379918924999996,19387744,1.0692086357841354e-15,3.824848857089762e-14
20260316_123334,2026-03-16T12:33:34.504,ill_conditioned,short_wide,512,1024,2.000000,20260310,1,bsqr_rinv,materialize_qrp,0.0392845,0.041015417000000005,0.0393619242,0.054311330024999965,19158992,1.0355720661679563e-15,3.808803367303382e-14
20260316_123334,2026-03-16T12:33:34.504,ill_conditioned,short_wide,512,1024,2.000000,20260310,1,dgeqp3_trsm,materialize_qrp,0.023259458,0.0246122915,0.0233940064,0.053456453125,31970976,1.0692086357841354e-15,3.824848857089762e-14
20260316_123334,2026-03-16T12:33:34.504,ill_conditioned,short_wide,512,2048,4.000000,20260310,1,bsqr_full,materialize_qrp,0.071415791,0.0740668745,0.071599941725,0.111679253275,29726592,1.1048108401956203e-15,3.7871593793721226e-14
20260316_123334,2026-03-16T12:33:34.504,ill_conditioned,short_wide,512,2048,4.000000,20260310,1,dgeqp3,materialize_qrp,0.041514,0.043332604000000004,0.0416938,0.077831885025,36476256,1.131088822472298e-15,3.849374920167758e-14
20260316_123334,2026-03-16T12:33:34.504,ill_conditioned,short_wide,512,2048,4.000000,20260310,1,bsqr_rinv,materialize_qrp,0.071116625,0.0795573125,0.07207489375000001,0.14249618155,36018128,1.1048108401956203e-15,3.7871593793721226e-14
20260316_123334,2026-03-16T12:33:34.504,ill_conditioned,short_wide,512,2048,4.000000,20260310,1,dgeqp3_trsm,materialize_qrp,0.046027542000000005,0.0482442085,0.046052433425,0.08127957420000001,61642400,1.131088822472298e-15,3.849374920167758e-14
20260316_123334,2026-03-16T12:33:34.504,ill_conditioned,short_wide,512,4096,8.000000,20260310,1,bsqr_full,materialize_qrp,0.218094542,0.22786452100000001,0.218287632275,0.2958783539749999,55056256,1.1240304673239617e-15,3.790576369262771e-14
20260316_123334,2026-03-16T12:33:34.504,ill_conditioned,short_wide,512,4096,8.000000,20260310,1,dgeqp3,materialize_qrp,0.098196,0.102288875,0.09859115545000001,0.138312222025,70620512,1.182467514165501e-15,3.825223810613039e-14
20260316_123334,2026-03-16T12:33:34.504,ill_conditioned,short_wide,512,4096,8.000000,20260310,1,bsqr_rinv,materialize_qrp,0.22035925,0.282957042,0.22084708735000003,0.3190624584,71833552,1.1240304673239617e-15,3.790576369262771e-14
20260316_123334,2026-03-16T12:33:34.504,ill_conditioned,short_wide,512,4096,8.000000,20260310,1,dgeqp3_trsm,materialize_qrp,0.10688612500000001,0.11186968800000001,0.107368491425,0.145381291725,127243936,1.182467514165501e-15,3.825223810613039e-14
20260316_123334,2026-03-16T12:33:34.504,ill_conditioned,short_wide,512,5120,10.000000,20260310,1,bsqr_full,materialize_qrp,0.370188375,0.45101450000000004,0.372198,0.59847171875,67966848,1.1143517488280985e-15,3.817271527389363e-14
20260316_123334,2026-03-16T12:33:34.504,ill_conditioned,short_wide,512,5120,10.000000,20260310,1,dgeqp3,materialize_qrp,0.182527459,0.189893209,0.18278485840000003,0.2514327331999999,87725408,1.1635901042356727e-15,3.852810502524772e-14
20260316_123334,2026-03-16T12:33:34.504,ill_conditioned,short_wide,512,5120,10.000000,20260310,1,bsqr_rinv,materialize_qrp,0.44230495900000005,0.471902166,0.44644705250000005,0.52328716675,86841296,1.1143517488280985e-15,3.817271527389363e-14
20260316_123334,2026-03-16T12:33:34.504,ill_conditioned,short_wide,512,5120,10.000000,20260310,1,dgeqp3_trsm,materialize_qrp,0.205095417,0.2484561875,0.20693643767500003,0.29955164357499997,150640288,1.1635901042356727e-15,3.852810502524772e-14
20260316_123334,2026-03-16T12:33:34.504,orthonormal_rows,square,64,64,1.000000,20260310,1,bsqr_full,materialize_qrp,7.375e-5,8.127050000000001e-5,7.62875e-5,0.00011591452499999999,236896,6.417070649550043e-16,5.93956046101127e-15
20260316_123334,2026-03-16T12:33:34.504,orthonormal_rows,square,64,64,1.000000,20260310,1,dgeqp3,materialize_qrp,5.5959000000000004e-5,5.6979000000000005e-5,5.598872500000001e-5,6.420719999999998e-5,250208,6.731638259107574e-16,6.370055107280079e-15
20260316_123334,2026-03-16T12:33:34.504,orthonormal_rows,square,64,64,1.000000,20260310,1,bsqr_rinv,materialize_qrp,7.270800000000001e-5,8.2521e-5,7.2798625e-5,0.00011343654999999997,236944,6.417070649550043e-16,5.93956046101127e-15
20260316_123334,2026-03-16T12:33:34.504,orthonormal_rows,square,64,64,1.000000,20260310,1,dgeqp3_trsm,materialize_qrp,5.8e-5,6.306250000000001e-5,6.038670000000001e-5,7.439782500000001e-5,250208,6.731638259107574e-16,6.370055107280079e-15
20260316_123334,2026-03-16T12:33:34.504,orthonormal_rows,square,128,128,1.000000,20260310,1,bsqr_full,materialize_qrp,0.000383958,0.000423521,0.00039009077500000005,0.000443244125,767168,8.32549716320858e-16,1.0384149346838285e-14
20260316_123334,2026-03-16T12:33:34.504,orthonormal_rows,square,128,128,1.000000,20260310,1,dgeqp3,materialize_qrp,0.000276625,0.000302646,0.000284509375,0.00032106817500000004,823744,8.400139388077895e-16,1.0736148595612819e-14
20260316_123334,2026-03-16T12:33:34.504,orthonormal_rows,square,128,128,1.000000,20260310,1,bsqr_rinv,materialize_qrp,0.00038550000000000005,0.0004105205,0.000388097675,0.0004303306,767216,8.32549716320858e-16,1.0384149346838285e-14
20260316_123334,2026-03-16T12:33:34.504,orthonormal_rows,square,128,128,1.000000,20260310,1,dgeqp3_trsm,materialize_qrp,0.000271375,0.0003038745,0.00028663045,0.00031538342500000006,823744,8.400139388077895e-16,1.0736148595612819e-14
20260316_123334,2026-03-16T12:33:34.504,orthonormal_rows,square,256,256,1.000000,20260310,1,bsqr_full,materialize_qrp,0.003286625,0.003373646,0.0032903703500000003,0.005245921874999997,2776928,1.0051366365050383e-15,1.960504534666056e-14
20260316_123334,2026-03-16T12:33:34.504,orthonormal_rows,square,256,256,1.000000,20260310,1,dgeqp3,materialize_qrp,0.0020362500000000003,0.0020860625000000002,0.002047427325,0.002454932049999999,2858336,1.0414191080853932e-15,2.0230496031497135e-14
20260316_123334,2026-03-16T12:33:34.504,orthonormal_rows,square,256,256,1.000000,20260310,1,bsqr_rinv,materialize_qrp,0.0032848340000000004,0.0033418750000000002,0.003299363725,0.004033309675,2776976,1.0051366365050383e-15,1.960504534666056e-14
20260316_123334,2026-03-16T12:33:34.504,orthonormal_rows,square,256,256,1.000000,20260310,1,dgeqp3_trsm,materialize_qrp,0.00204725,0.0020964585,0.0020505429500000004,0.002880777174999999,2858336,1.0414191080853932e-15,2.0230496031497135e-14
20260316_123334,2026-03-16T12:33:34.504,orthonormal_rows,square,384,384,1.000000,20260310,1,bsqr_full,materialize_qrp,0.008316500000000001,0.0087722705,0.008388909375,0.011317520124999998,6097760,1.1721691489188583e-15,2.9387362124120564e-14
20260316_123334,2026-03-16T12:33:34.504,orthonormal_rows,square,384,384,1.000000,20260310,1,dgeqp3,materialize_qrp,0.004334667,0.004524854,0.004355601375,0.0062838447,6203744,1.196681628681297e-15,2.9860825527189964e-14
20260316_123334,2026-03-16T12:33:34.504,orthonormal_rows,square,384,384,1.000000,20260310,1,bsqr_rinv,materialize_qrp,0.00836475,0.0087395415,0.008374084375,0.010932321075,6097808,1.1721691489188583e-15,2.9387362124120564e-14
20260316_123334,2026-03-16T12:33:34.504,orthonormal_rows,square,384,384,1.000000,20260310,1,dgeqp3_trsm,materialize_qrp,0.004336250000000001,0.004451312000000001,0.004374433575,0.005632847974999999,6203744,1.196681628681297e-15,2.9860825527189964e-14
20260316_123334,2026-03-16T12:33:34.504,orthonormal_rows,square,512,512,1.000000,20260310,1,bsqr_full,materialize_qrp,0.018113125,0.019507625,0.018337753925,0.020818965925,10729344,1.3126693874777632e-15,3.797514754606759e-14
20260316_123334,2026-03-16T12:33:34.504,orthonormal_rows,square,512,512,1.000000,20260310,1,dgeqp3,materialize_qrp,0.009074916,0.00945525,0.009119957350000001,0.011353745924999999,10859872,1.3306297476321328e-15,3.804271009240442e-14
20260316_123334,2026-03-16T12:33:34.504,orthonormal_rows,square,512,512,1.000000,20260310,1,bsqr_rinv,materialize_qrp,0.018324625,0.019586625,0.018408996875000003,0.022610883425,10729392,1.3126693874777632e-15,3.797514754606759e-14
20260316_123334,2026-03-16T12:33:34.504,orthonormal_rows,square,512,512,1.000000,20260310,1,dgeqp3_trsm,materialize_qrp,0.009432875,0.0097779795,0.009474653125,0.0109157402,10859872,1.3306297476321328e-15,3.804271009240442e-14
20260316_123334,2026-03-16T12:33:34.504,orthonormal_rows,short_wide,32,64,2.000000,20260310,1,bsqr_full,materialize_qrp,2.8000000000000003e-5,3.0209e-5,2.8090625000000007e-5,3.782172499999998e-5,138336,5.723541236200058e-16,3.569406647792487e-15
20260316_123334,2026-03-16T12:33:34.504,orthonormal_rows,short_wide,32,64,2.000000,20260310,1,dgeqp3,materialize_qrp,1.9084000000000002e-5,2.025e-5,1.9294975e-5,2.634214999999999e-5,159840,5.755785581479111e-16,3.533805047401359e-15
20260316_123334,2026-03-16T12:33:34.504,orthonormal_rows,short_wide,32,64,2.000000,20260310,1,bsqr_rinv,materialize_qrp,2.8208e-5,2.8791000000000003e-5,2.8208e-5,3.631859999999998e-5,146608,5.723541236200058e-16,3.569406647792487e-15
20260316_123334,2026-03-16T12:33:34.504,orthonormal_rows,short_wide,32,64,2.000000,20260310,1,dgeqp3_trsm,materialize_qrp,2.4375000000000003e-5,3.0125e-5,2.4585975e-5,4.0785325e-5,209312,5.755785581479111e-16,3.533805047401359e-15
20260316_123334,2026-03-16T12:33:34.504,orthonormal_rows,short_wide,32,128,4.000000,20260310,1,bsqr_full,materialize_qrp,4.55e-5,4.60835e-5,4.55e-5,5.7814249999999996e-5,192928,5.571731766922084e-16,3.0760866298562317e-15
20260316_123334,2026-03-16T12:33:34.504,orthonormal_rows,short_wide,32,128,4.000000,20260310,1,dgeqp3,materialize_qrp,3.1166e-5,3.2396e-5,3.14386e-5,4.343845e-5,274080,6.468441556836548e-16,3.715574755863367e-15
20260316_123334,2026-03-16T12:33:34.504,orthonormal_rows,short_wide,32,128,4.000000,20260310,1,bsqr_rinv,materialize_qrp,4.7292e-5,4.8542000000000004e-5,4.7774850000000006e-5,5.84106e-5,217584,5.571731766922084e-16,3.0760866298562317e-15
20260316_123334,2026-03-16T12:33:34.504,orthonormal_rows,short_wide,32,128,4.000000,20260310,1,dgeqp3_trsm,materialize_qrp,5.1042000000000004e-5,5.2791500000000004e-5,5.1071725e-5,6.3740625e-5,372704,6.468441556836548e-16,3.715574755863367e-15
20260316_123334,2026-03-16T12:33:34.504,orthonormal_rows,short_wide,32,256,8.000000,20260310,1,bsqr_full,materialize_qrp,8.8041e-5,9.34585e-5,8.924957499999999e-5,0.00010341075,301152,5.977071546322132e-16,3.1680517133105967e-15
20260316_123334,2026-03-16T12:33:34.504,orthonormal_rows,short_wide,32,256,8.000000,20260310,1,dgeqp3,materialize_qrp,5.55e-5,6.39995e-5,5.5771875000000005e-5,6.929985e-5,439904,5.606373906538638e-16,3.1290074232331894e-15
20260316_123334,2026-03-16T12:33:34.504,orthonormal_rows,short_wide,32,256,8.000000,20260310,1,bsqr_rinv,materialize_qrp,9.154100000000001e-5,0.000102979,9.23269e-5,0.0001092436,366768,5.977071546322132e-16,3.1680517133105967e-15
20260316_123334,2026-03-16T12:33:34.504,orthonormal_rows,short_wide,32,256,8.000000,20260310,1,dgeqp3_trsm,materialize_qrp,8.9042e-5,9.175000000000001e-5,8.925297500000001e-5,0.0003618949749999987,645024,5.606373906538638e-16,3.1290074232331894e-15
20260316_123334,2026-03-16T12:33:34.504,orthonormal_rows,short_wide,32,320,10.000000,20260310,1,bsqr_full,materialize_qrp,0.000120167,0.0001240415,0.00012055995000000001,0.00013479650000000002,404576,5.440616906957495e-16,2.942048377600859e-15
20260316_123334,2026-03-16T12:33:34.504,orthonormal_rows,short_wide,32,320,10.000000,20260310,1,dgeqp3,materialize_qrp,7.1791e-5,7.954150000000001e-5,7.56886e-5,8.4603125e-5,572000,5.646604909014385e-16,3.1088803670395084e-15
20260316_123334,2026-03-16T12:33:34.504,orthonormal_rows,short_wide,32,320,10.000000,20260310,1,bsqr_rinv,materialize_qrp,0.0001295,0.00013345850000000002,0.000129529725,0.000140807475,502960,5.440616906957495e-16,2.942048377600859e-15
20260316_123334,2026-03-16T12:33:34.504,orthonormal_rows,short_wide,32,320,10.000000,20260310,1,dgeqp3_trsm,materialize_qrp,0.0001,0.00010999950000000001,0.0001040484,0.0001171386,875424,5.646604909014385e-16,3.1088803670395084e-15
20260316_123334,2026-03-16T12:33:34.504,orthonormal_rows,short_wide,64,128,2.000000,20260310,1,bsqr_full,materialize_qrp,0.00013808400000000001,0.000145479,0.000138325425,0.00017096969999999995,340640,7.011966433030591e-16,5.816919387949305e-15
20260316_123334,2026-03-16T12:33:34.504,orthonormal_rows,short_wide,64,128,2.000000,20260310,1,dgeqp3,materialize_qrp,9.058400000000001e-5,0.0001012085,9.182157500000001e-5,0.000107413725,429984,7.811092051502277e-16,6.917901098806196e-15
20260316_123334,2026-03-16T12:33:34.504,orthonormal_rows,short_wide,64,128,2.000000,20260310,1,bsqr_rinv,materialize_qrp,0.000136708,0.00014308350000000002,0.000137342375,0.00015596875,373488,7.011966433030591e-16,5.816919387949305e-15
20260316_123334,2026-03-16T12:33:34.504,orthonormal_rows,short_wide,64,128,2.000000,20260310,1,dgeqp3_trsm,materialize_qrp,0.000116083,0.000120229,0.00011653685000000002,0.000125307625,626912,7.811092051502277e-16,6.917901098806196e-15
20260316_123334,2026-03-16T12:33:34.504,orthonormal_rows,short_wide,64,256,4.000000,20260310,1,bsqr_full,materialize_qrp,0.000318667,0.000330042,0.000318877975,0.0003393484,547168,7.662387021208411e-16,6.215422989224652e-15
20260316_123334,2026-03-16T12:33:34.504,orthonormal_rows,short_wide,64,256,4.000000,20260310,1,dgeqp3,materialize_qrp,0.000177083,0.0001847505,0.000179167375,0.0002027242,726880,7.80295872755044e-16,6.3880610985129725e-15
20260316_123334,2026-03-16T12:33:34.504,orthonormal_rows,short_wide,64,256,4.000000,20260310,1,bsqr_rinv,materialize_qrp,0.000325042,0.000337417,0.00032800217500000004,0.00036434877499999995,645552,7.662387021208411e-16,6.215422989224652e-15
20260316_123334,2026-03-16T12:33:34.504,orthonormal_rows,short_wide,64,256,4.000000,20260310,1,dgeqp3_trsm,materialize_qrp,0.00021525,0.00023195850000000003,0.00022195625000000002,0.0002717894,1120416,7.80295872755044e-16,6.3880610985129725e-15
20260316_123334,2026-03-16T12:33:34.504,orthonormal_rows,short_wide,64,512,8.000000,20260310,1,bsqr_full,materialize_qrp,0.0008425,0.0008536045000000001,0.0008429234,0.00089092435,960864,7.641494535213801e-16,6.332828899637733e-15
20260316_123334,2026-03-16T12:33:34.504,orthonormal_rows,short_wide,64,512,8.000000,20260310,1,dgeqp3,materialize_qrp,0.000455458,0.0004801455,0.000466333,0.000500355825,1320800,8.155271876144694e-16,6.788269969205867e-15
20260316_123334,2026-03-16T12:33:34.504,orthonormal_rows,short_wide,64,512,8.000000,20260310,1,bsqr_rinv,materialize_qrp,0.00082125,0.000859646,0.000840190625,0.000878280025,1190320,7.641494535213801e-16,6.332828899637733e-15
20260316_123334,2026-03-16T12:33:34.504,orthonormal_rows,short_wide,64,512,8.000000,20260310,1,dgeqp3_trsm,materialize_qrp,0.000495458,0.0005636045000000001,0.0005018931,0.0008376668499999987,2107552,8.155271876144694e-16,6.788269969205867e-15
20260316_123334,2026-03-16T12:33:34.504,orthonormal_rows,short_wide,64,640,10.000000,20260310,1,bsqr_full,materialize_qrp,0.001084041,0.0011308540000000001,0.0010979675250000001,0.001168690325,1167712,7.636397888327121e-16,6.099902016498859e-15
20260316_123334,2026-03-16T12:33:34.504,orthonormal_rows,short_wide,64,640,10.000000,20260310,1,dgeqp3,materialize_qrp,0.0005943330000000001,0.000633167,0.00059690095,0.0017935513749999946,1617760,7.925235915297731e-16,6.1985162469237914e-15
20260316_123334,2026-03-16T12:33:34.504,orthonormal_rows,short_wide,64,640,10.000000,20260310,1,bsqr_rinv,materialize_qrp,0.0011117920000000001,0.001162688,0.00112843655,0.001198776375,1462704,7.636397888327121e-16,6.099902016498859e-15
20260316_123334,2026-03-16T12:33:34.504,orthonormal_rows,short_wide,64,640,10.000000,20260310,1,dgeqp3_trsm,materialize_qrp,0.000673208,0.0007422495,0.000691816575,0.0018063715749999949,2601120,7.925235915297731e-16,6.1985162469237914e-15
20260316_123334,2026-03-16T12:33:34.504,orthonormal_rows,short_wide,128,256,2.000000,20260310,1,bsqr_full,materialize_qrp,0.0011760000000000002,0.001198229,0.0011796250000000001,0.0013562543499999993,1170304,9.111709708699152e-16,1.0627394849050319e-14
20260316_123334,2026-03-16T12:33:34.504,orthonormal_rows,short_wide,128,256,2.000000,20260310,1,dgeqp3,materialize_qrp,0.000722458,0.0007665835,0.0007297384500000001,0.0008063585749999999,1382784,9.681429219979343e-16,1.130240611318869e-14
20260316_123334,2026-03-16T12:33:34.504,orthonormal_rows,short_wide,128,256,2.000000,20260310,1,bsqr_rinv,materialize_qrp,0.001200542,0.0012279580000000001,0.001211356825,0.0012482508,1301456,9.111709708699152e-16,1.0627394849050319e-14
20260316_123334,2026-03-16T12:33:34.504,orthonormal_rows,short_wide,128,256,2.000000,20260310,1,dgeqp3_trsm,materialize_qrp,0.0008019580000000001,0.0008475205000000001,0.0008099939,0.0011701956499999984,2169536,9.681429219979343e-16,1.130240611318869e-14
20260316_123334,2026-03-16T12:33:34.504,orthonormal_rows,short_wide,128,512,4.000000,20260310,1,bsqr_full,materialize_qrp,0.002729917,0.002908083,0.002765652975,0.0050452899749999945,1977216,9.596532897883902e-16,1.0905439580671879e-14
20260316_123334,2026-03-16T12:33:34.504,orthonormal_rows,short_wide,128,512,4.000000,20260310,1,dgeqp3,materialize_qrp,0.001552917,0.0017475625000000002,0.0015837896750000003,0.0031696374999999983,2500992,9.607500800446622e-16,1.0737213437744801e-14
20260316_123334,2026-03-16T12:33:34.504,orthonormal_rows,short_wide,128,512,4.000000,20260310,1,bsqr_rinv,materialize_qrp,0.00281,0.0029563330000000002,0.00282576875,0.005161800424999994,2370512,9.596532897883902e-16,1.0905439580671879e-14
20260316_123334,2026-03-16T12:33:34.504,orthonormal_rows,short_wide,128,512,4.000000,20260310,1,dgeqp3_trsm,materialize_qrp,0.0017156670000000001,0.0019192295000000001,0.001727477975,0.005050934075,4074176,9.607500800446622e-16,1.0737213437744801e-14
20260316_123334,2026-03-16T12:33:34.504,orthonormal_rows,short_wide,128,1024,8.000000,20260310,1,bsqr_full,materialize_qrp,0.004878625,0.005043271,0.004924209375,0.008622811274999998,3591040,9.118249186524455e-16,1.066899011429985e-14
20260316_123334,2026-03-16T12:33:34.504,orthonormal_rows,short_wide,128,1024,8.000000,20260310,1,dgeqp3,materialize_qrp,0.0025276250000000004,0.0027032085,0.0025458406250000003,0.007807717149999996,4737408,9.29922059984131e-16,1.0604992526402167e-14
20260316_123334,2026-03-16T12:33:34.504,orthonormal_rows,short_wide,128,1024,8.000000,20260310,1,bsqr_rinv,materialize_qrp,0.004950917,0.0051354375,0.004979886550000001,0.008216128274999998,4508624,9.118249186524455e-16,1.066899011429985e-14
20260316_123334,2026-03-16T12:33:34.504,orthonormal_rows,short_wide,128,1024,8.000000,20260310,1,dgeqp3_trsm,materialize_qrp,0.0029066670000000004,0.0031295835,0.002928417,0.007557292949999999,7883456,9.29922059984131e-16,1.0604992526402167e-14
20260316_123334,2026-03-16T12:33:34.504,orthonormal_rows,short_wide,128,1280,10.000000,20260310,1,bsqr_full,materialize_qrp,0.0058235000000000006,0.006050291500000001,0.00589618125,0.009101961275,4397952,9.177426369713249e-16,1.0949269583957678e-14
20260316_123334,2026-03-16T12:33:34.504,orthonormal_rows,short_wide,128,1280,10.000000,20260310,1,dgeqp3,materialize_qrp,0.002994833,0.0032770420000000004,0.003034979875,0.00496874825,5855616,9.381731460693726e-16,1.1147752317405977e-14
20260316_123334,2026-03-16T12:33:34.504,orthonormal_rows,short_wide,128,1280,10.000000,20260310,1,bsqr_rinv,materialize_qrp,0.005878417,0.0061497295,0.005914877975000001,0.009496639674999998,5577680,9.177426369713249e-16,1.0949269583957678e-14
20260316_123334,2026-03-16T12:33:34.504,orthonormal_rows,short_wide,128,1280,10.000000,20260310,1,dgeqp3_trsm,materialize_qrp,0.003514459,0.0037709170000000004,0.003515002025,0.006251149574999999,9788096,9.381731460693726e-16,1.1147752317405977e-14
20260316_123334,2026-03-16T12:33:34.504,orthonormal_rows,short_wide,256,512,2.000000,20260310,1,bsqr_full,materialize_qrp,0.0076885420000000005,0.007834437500000001,0.007698510025000001,0.0106103598,4370272,1.1389123833918431e-15,2.004240811967313e-14
20260316_123334,2026-03-16T12:33:34.504,orthonormal_rows,short_wide,256,512,2.000000,20260310,1,dgeqp3,materialize_qrp,0.0037343330000000003,0.0038330625,0.0037409181750000004,0.007092149049999997,5025120,1.1856115187132112e-15,2.0515495729205452e-14
20260316_123334,2026-03-16T12:33:34.504,orthonormal_rows,short_wide,256,512,2.000000,20260310,1,bsqr_rinv,materialize_qrp,0.007728416,0.007947979,0.007763669125000001,0.010285642,4894640,1.1389123833918431e-15,2.004240811967313e-14
20260316_123334,2026-03-16T12:33:34.504,orthonormal_rows,short_wide,256,512,2.000000,20260310,1,dgeqp3_trsm,materialize_qrp,0.0040055,0.004287333,0.0040554648250000006,0.007340032775,8171168,1.1856115187132112e-15,2.0515495729205452e-14
20260316_123334,2026-03-16T12:33:34.504,orthonormal_rows,short_wide,256,1024,4.000000,20260310,1,bsqr_full,materialize_qrp,0.013393667000000001,0.014231958500000001,0.013551052175000002,0.018253362649999997,7556960,1.150446580201618e-15,1.9886150767395372e-14
20260316_123334,2026-03-16T12:33:34.504,orthonormal_rows,short_wide,256,1024,4.000000,20260310,1,dgeqp3,materialize_qrp,0.006454916000000001,0.0067266875,0.00647690815,0.010160898775,9358688,1.2225217992941622e-15,2.075426169560514e-14
20260316_123334,2026-03-16T12:33:34.504,orthonormal_rows,short_wide,256,1024,4.000000,20260310,1,bsqr_rinv,materialize_qrp,0.013689542,0.0144383335,0.013696156900000001,0.0186721955,9129904,1.150446580201618e-15,1.9886150767395372e-14
20260316_123334,2026-03-16T12:33:34.504,orthonormal_rows,short_wide,256,1024,4.000000,20260310,1,dgeqp3_trsm,materialize_qrp,0.007175041,0.007706625000000001,0.007185644850000001,0.010007746075,15650464,1.2225217992941622e-15,2.075426169560514e-14
20260316_123334,2026-03-16T12:33:34.504,orthonormal_rows,short_wide,256,2048,8.000000,20260310,1,bsqr_full,materialize_qrp,0.023165375000000002,0.025296479,0.023277357050000003,0.028305474425,13930336,1.1449842056481448e-15,1.9524610453759973e-14
20260316_123334,2026-03-16T12:33:34.504,orthonormal_rows,short_wide,256,2048,8.000000,20260310,1,dgeqp3,materialize_qrp,0.011989375,0.013210833500000001,0.0120329359,0.016554818749999995,18058592,1.2407335837578731e-15,2.0523011456636368e-14
20260316_123334,2026-03-16T12:33:34.504,orthonormal_rows,short_wide,256,2048,8.000000,20260310,1,bsqr_rinv,materialize_qrp,0.024465625,0.026927688,0.0245640742,0.028990108150000006,17600432,1.1449842056481448e-15,1.9524610453759973e-14
20260316_123334,2026-03-16T12:33:34.504,orthonormal_rows,short_wide,256,2048,8.000000,20260310,1,dgeqp3_trsm,materialize_qrp,0.01401225,0.014884854000000001,0.014095896875000001,0.025512884799999958,30641824,1.2407335837578731e-15,2.0523011456636368e-14
20260316_123334,2026-03-16T12:33:34.504,orthonormal_rows,short_wide,256,2560,10.000000,20260310,1,bsqr_full,materialize_qrp,0.027645791000000003,0.032117833000000005,0.028592279225000003,0.034630060474999995,17117024,1.1552540839000554e-15,1.9976200972667538e-14
20260316_123334,2026-03-16T12:33:34.504,orthonormal_rows,short_wide,256,2560,10.000000,20260310,1,dgeqp3,materialize_qrp,0.015192458,0.016356791500000002,0.015203242375000002,0.026994427024999955,22392160,1.2333774156748603e-15,2.0722294034546068e-14
20260316_123334,2026-03-16T12:33:34.504,orthonormal_rows,short_wide,256,2560,10.000000,20260310,1,bsqr_rinv,materialize_qrp,0.029726958,0.033183979,0.029962311125000002,0.0362012606,21835696,1.1552540839000554e-15,1.9976200972667538e-14
20260316_123334,2026-03-16T12:33:34.504,orthonormal_rows,short_wide,256,2560,10.000000,20260310,1,dgeqp3_trsm,materialize_qrp,0.017209000000000002,0.018577271000000003,0.017299414025,0.048598557475,38121120,1.2333774156748603e-15,2.0722294034546068e-14
20260316_123334,2026-03-16T12:33:34.504,orthonormal_rows,short_wide,512,1024,2.000000,20260310,1,bsqr_full,materialize_qrp,0.038976000000000004,0.0430800205,0.039923514825,0.05846030189999994,17061760,1.4993662706644025e-15,3.8126040042145945e-14
20260316_123334,2026-03-16T12:33:34.504,orthonormal_rows,short_wide,512,1024,2.000000,20260310,1,dgeqp3,materialize_qrp,0.016743666,0.018462938,0.016904948775,0.030356034674999956,19387744,1.5547769405692144e-15,3.8638687218042306e-14
20260316_123334,2026-03-16T12:33:34.504,orthonormal_rows,short_wide,512,1024,2.000000,20260310,1,bsqr_rinv,materialize_qrp,0.039828958000000005,0.043224833000000004,0.040282958800000004,0.05863798654999995,19158992,1.4993662706644025e-15,3.8126040042145945e-14
20260316_123334,2026-03-16T12:33:34.504,orthonormal_rows,short_wide,512,1024,2.000000,20260310,1,dgeqp3_trsm,materialize_qrp,0.019149917000000002,0.020887417000000002,0.019190939675,0.0518561386,31970976,1.5547769405692144e-15,3.8638687218042306e-14
20260316_123334,2026-03-16T12:33:34.504,orthonormal_rows,short_wide,512,2048,4.000000,20260310,1,bsqr_full,materialize_qrp,0.07164237500000001,0.0814147915,0.073036821875,0.12630843655000001,29726592,1.532384521456272e-15,3.7761201001912035e-14
20260316_123334,2026-03-16T12:33:34.504,orthonormal_rows,short_wide,512,2048,4.000000,20260310,1,dgeqp3,materialize_qrp,0.031922667,0.033215146,0.032090413875,0.0666247261,36476256,1.5958458993632142e-15,3.797307428464864e-14
20260316_123334,2026-03-16T12:33:34.504,orthonormal_rows,short_wide,512,2048,4.000000,20260310,1,bsqr_rinv,materialize_qrp,0.07564825,0.08527920850000001,0.07591139527500002,0.1167107894,36018128,1.532384521456272e-15,3.7761201001912035e-14
20260316_123334,2026-03-16T12:33:34.504,orthonormal_rows,short_wide,512,2048,4.000000,20260310,1,dgeqp3_trsm,materialize_qrp,0.036179666,0.038367250000000006,0.03629974485,0.07283865095,61642400,1.5958458993632142e-15,3.797307428464864e-14
20260316_123334,2026-03-16T12:33:34.504,orthonormal_rows,short_wide,512,4096,8.000000,20260310,1,bsqr_full,materialize_qrp,0.21879345800000002,0.28072983300000004,0.22326996440000002,0.32498804169999995,55056256,1.5630478478388333e-15,3.770408701532817e-14
20260316_123334,2026-03-16T12:33:34.504,orthonormal_rows,short_wide,512,4096,8.000000,20260310,1,dgeqp3,materialize_qrp,0.07639045900000001,0.08001962500000001,0.07644444105,0.113604001225,70620512,1.6300347024145253e-15,3.878877142761363e-14
20260316_123334,2026-03-16T12:33:34.504,orthonormal_rows,short_wide,512,4096,8.000000,20260310,1,bsqr_rinv,materialize_qrp,0.259825708,0.46655735400000004,0.26110479565,0.9665796588500002,71833552,1.5630478478388333e-15,3.770408701532817e-14
20260316_123334,2026-03-16T12:33:34.504,orthonormal_rows,short_wide,512,4096,8.000000,20260310,1,dgeqp3_trsm,materialize_qrp,0.084809375,0.08989672950000001,0.086248560175,0.14102871089999997,125146784,1.6300347024145253e-15,3.878877142761363e-14
20260316_123334,2026-03-16T12:33:34.504,orthonormal_rows,short_wide,512,5120,10.000000,20260310,1,bsqr_full,materialize_qrp,0.40836950000000005,0.45829612500000005,0.41076709375000003,0.5159795935,67966848,1.5723458849572821e-15,3.780686383535912e-14
20260316_123334,2026-03-16T12:33:34.504,orthonormal_rows,short_wide,512,5120,10.000000,20260310,1,dgeqp3,materialize_qrp,0.15616325,0.2010655,0.15852935142500002,0.4056259570999993,87725408,1.6408603405515636e-15,3.869831045441037e-14
20260316_123334,2026-03-16T12:33:34.504,orthonormal_rows,short_wide,512,5120,10.000000,20260310,1,bsqr_rinv,materialize_qrp,0.461225041,0.5111104165,0.468132981775,0.5792080432250001,86841296,1.5723458849572821e-15,3.780686383535912e-14
20260316_123334,2026-03-16T12:33:34.504,orthonormal_rows,short_wide,512,5120,10.000000,20260310,1,dgeqp3_trsm,materialize_qrp,0.17001625,0.209235583,0.17067175015000002,0.6619725847499989,150640288,1.6408603405515636e-15,3.869831045441037e-14
20260316_123334,2026-03-16T12:33:34.504,gaussian,square,64,64,1.000000,20260311,1,bsqr_full,materialize_qrp,0.000124875,0.000145104,0.0001250867,0.000249265325,236896,5.556283668258509e-16,6.3325249036096355e-15
20260316_123334,2026-03-16T12:33:34.504,gaussian,square,64,64,1.000000,20260311,1,dgeqp3,materialize_qrp,8.079200000000001e-5,0.00011589550000000001,8.2966275e-5,0.0003114478249999997,250208,5.885052819619953e-16,6.632531056365504e-15
20260316_123334,2026-03-16T12:33:34.504,gaussian,square,64,64,1.000000,20260311,1,bsqr_rinv,materialize_qrp,9.2e-5,9.4375e-5,9.21508e-5,0.00012886467499999998,236944,5.556283668258509e-16,6.3325249036096355e-15
20260316_123334,2026-03-16T12:33:34.504,gaussian,square,64,64,1.000000,20260311,1,dgeqp3_trsm,materialize_qrp,7.016700000000001e-5,7.67705e-5,7.3489675e-5,9.287144999999996e-5,250208,5.885052819619953e-16,6.632531056365504e-15
20260316_123334,2026-03-16T12:33:34.504,gaussian,square,128,128,1.000000,20260311,1,bsqr_full,materialize_qrp,0.0004997080000000001,0.0005287085000000001,0.0005042697,0.000600593375,767168,7.140931999036581e-16,1.0676698014676034e-14
20260316_123334,2026-03-16T12:33:34.504,gaussian,square,128,128,1.000000,20260311,1,dgeqp3,materialize_qrp,0.000330542,0.0003807705,0.00033854672500000004,0.000588082775,823744,7.403183600797456e-16,1.0816608931277344e-14
20260316_123334,2026-03-16T12:33:34.504,gaussian,square,128,128,1.000000,20260311,1,bsqr_rinv,materialize_qrp,0.000505041,0.0005216250000000001,0.0005055253,0.000623501225,767216,7.140931999036581e-16,1.0676698014676034e-14
20260316_123334,2026-03-16T12:33:34.504,gaussian,square,128,128,1.000000,20260311,1,dgeqp3_trsm,materialize_qrp,0.00032975,0.0003547495,0.00033536875000000004,0.00040759360000000003,823744,7.403183600797456e-16,1.0816608931277344e-14
20260316_123334,2026-03-16T12:33:34.504,gaussian,square,256,256,1.000000,20260311,1,bsqr_full,materialize_qrp,0.0037806660000000002,0.0039912085,0.0037820253750000003,0.005417066999999996,2776928,8.84382709356842e-16,1.9916453494948778e-14
20260316_123334,2026-03-16T12:33:34.504,gaussian,square,256,256,1.000000,20260311,1,dgeqp3,materialize_qrp,0.002104833,0.002230604,0.0021059205,0.0036088595249999965,2858336,9.332232856703336e-16,2.0285216125112807e-14
20260316_123334,2026-03-16T12:33:34.504,gaussian,square,256,256,1.000000,20260311,1,bsqr_rinv,materialize_qrp,0.003597292,0.0037568335000000004,0.0036360186,0.005075419699999999,2776976,8.84382709356842e-16,1.9916453494948778e-14
20260316_123334,2026-03-16T12:33:34.504,gaussian,square,256,256,1.000000,20260311,1,dgeqp3_trsm,materialize_qrp,0.0019925,0.002107729,0.0020023179499999997,0.003516677975,2858336,9.332232856703336e-16,2.0285216125112807e-14
20260316_123334,2026-03-16T12:33:34.504,gaussian,square,384,384,1.000000,20260311,1,bsqr_full,materialize_qrp,0.009163417,0.010175291500000001,0.009328595925,0.01272195275,6097760,1.0544412300735577e-15,2.9502288018207066e-14
20260316_123334,2026-03-16T12:33:34.504,gaussian,square,384,384,1.000000,20260311,1,dgeqp3,materialize_qrp,0.004225333,0.004643646,0.0042399845250000005,0.007592439025,6203744,1.101243593241098e-15,3.004114827949069e-14
20260316_123334,2026-03-16T12:33:34.504,gaussian,square,384,384,1.000000,20260311,1,bsqr_rinv,materialize_qrp,0.009106833,0.009986479000000001,0.009175526750000001,0.012805324574999999,6097808,1.0544412300735577e-15,2.9502288018207066e-14
20260316_123334,2026-03-16T12:33:34.504,gaussian,square,384,384,1.000000,20260311,1,dgeqp3_trsm,materialize_qrp,0.004520916000000001,0.004893667,0.004607040200000001,0.013313042374999974,6203744,1.101243593241098e-15,3.004114827949069e-14
20260316_123334,2026-03-16T12:33:34.504,gaussian,square,512,512,1.000000,20260311,1,bsqr_full,materialize_qrp,0.019767292000000002,0.0224612705,0.01979517405,0.05201026657499998,10729344,1.195050870558813e-15,3.790315964034835e-14
20260316_123334,2026-03-16T12:33:34.504,gaussian,square,512,512,1.000000,20260311,1,dgeqp3,materialize_qrp,0.009626042000000001,0.010964854500000001,0.009634017,0.014130053425,10859872,1.2360573297764559e-15,3.827292778088262e-14
20260316_123334,2026-03-16T12:33:34.504,gaussian,square,512,512,1.000000,20260311,1,bsqr_rinv,materialize_qrp,0.018334833000000002,0.019595208500000003,0.0183847681,0.022411927175,10729392,1.195050870558813e-15,3.790315964034835e-14
20260316_123334,2026-03-16T12:33:34.504,gaussian,square,512,512,1.000000,20260311,1,dgeqp3_trsm,materialize_qrp,0.009080416000000001,0.009409187500000001,0.009164637075,0.0113433117,10859872,1.2360573297764559e-15,3.827292778088262e-14
20260316_123334,2026-03-16T12:33:34.504,gaussian,short_wide,32,64,2.000000,20260311,1,bsqr_full,materialize_qrp,3.0542e-5,3.2187e-5,3.0995125e-5,4.7373249999999945e-5,138336,4.767954630879803e-16,3.0416748204948705e-15
20260316_123334,2026-03-16T12:33:34.504,gaussian,short_wide,32,64,2.000000,20260311,1,dgeqp3,materialize_qrp,1.9541e-5,2.05e-5,1.9572175e-5,3.4122025000000005e-5,159840,5.338460553594697e-16,3.555320302841277e-15
20260316_123334,2026-03-16T12:33:34.504,gaussian,short_wide,32,64,2.000000,20260311,1,bsqr_rinv,materialize_qrp,2.8708e-5,2.9333500000000003e-5,2.8829075e-5,3.514417499999998e-5,146608,4.767954630879803e-16,3.0416748204948705e-15
20260316_123334,2026-03-16T12:33:34.504,gaussian,short_wide,32,64,2.000000,20260311,1,dgeqp3_trsm,materialize_qrp,2.7542e-5,3.4521000000000004e-5,2.8477975000000002e-5,4.05875e-5,209312,5.338460553594697e-16,3.555320302841277e-15
20260316_123334,2026-03-16T12:33:34.504,gaussian,short_wide,32,128,4.000000,20260311,1,bsqr_full,materialize_qrp,4.5458000000000004e-5,4.63955e-5,4.5548625e-5,7.478285000000001e-5,192928,5.57339362061496e-16,3.4414299426745962e-15
20260316_123334,2026-03-16T12:33:34.504,gaussian,short_wide,32,128,4.000000,20260311,1,dgeqp3,materialize_qrp,3.1917e-5,3.27085e-5,3.197717500000001e-5,4.710472499999998e-5,274080,5.347040818163381e-16,3.1230905904392464e-15
20260316_123334,2026-03-16T12:33:34.504,gaussian,short_wide,32,128,4.000000,20260311,1,bsqr_rinv,materialize_qrp,5.6042e-5,6.51875e-5,5.6283425000000006e-5,7.783734999999999e-5,217584,5.57339362061496e-16,3.4414299426745962e-15
20260316_123334,2026-03-16T12:33:34.504,gaussian,short_wide,32,128,4.000000,20260311,1,dgeqp3_trsm,materialize_qrp,4.6208e-5,4.8437500000000005e-5,4.632907500000001e-5,8.281127499999998e-5,372704,5.347040818163381e-16,3.1230905904392464e-15
20260316_123334,2026-03-16T12:33:34.504,gaussian,short_wide,32,256,8.000000,20260311,1,bsqr_full,materialize_qrp,9.687500000000001e-5,0.00010102050000000001,9.744920000000002e-5,0.00011725857499999999,301152,5.070382138200773e-16,2.5912917428915223e-15
20260316_123334,2026-03-16T12:33:34.504,gaussian,short_wide,32,256,8.000000,20260311,1,dgeqp3,materialize_qrp,6.145800000000001e-5,8.35415e-5,6.64431e-5,9.07231e-5,439904,5.750381203399579e-16,3.2947650497269526e-15
20260316_123334,2026-03-16T12:33:34.504,gaussian,short_wide,32,256,8.000000,20260311,1,bsqr_rinv,materialize_qrp,9.8041e-5,0.0001092915,9.8736275e-5,0.0001253261,366768,5.070382138200773e-16,2.5912917428915223e-15
20260316_123334,2026-03-16T12:33:34.504,gaussian,short_wide,32,256,8.000000,20260311,1,dgeqp3_trsm,materialize_qrp,8.3417e-5,9.250000000000001e-5,8.477637500000001e-5,0.00010315560000000001,645024,5.750381203399579e-16,3.2947650497269526e-15
20260316_123334,2026-03-16T12:33:34.504,gaussian,short_wide,32,320,10.000000,20260311,1,bsqr_full,materialize_qrp,0.000118833,0.000126937,0.00011916577500000001,0.00013675529999999998,404576,5.338482956797689e-16,3.0027087138481105e-15
20260316_123334,2026-03-16T12:33:34.504,gaussian,short_wide,32,320,10.000000,20260311,1,dgeqp3,materialize_qrp,7.4375e-5,8.904150000000001e-5,7.787965000000001e-5,0.0001638355999999998,572000,6.02395212898631e-16,3.4120134306064398e-15
20260316_123334,2026-03-16T12:33:34.504,gaussian,short_wide,32,320,10.000000,20260311,1,bsqr_rinv,materialize_qrp,0.00013429200000000002,0.000149479,0.00013447252500000003,0.000172473475,502960,5.338482956797689e-16,3.0027087138481105e-15
20260316_123334,2026-03-16T12:33:34.504,gaussian,short_wide,32,320,10.000000,20260311,1,dgeqp3_trsm,materialize_qrp,9.220800000000001e-5,0.00011312500000000001,9.290327500000001e-5,0.00013393437500000001,875424,6.02395212898631e-16,3.4120134306064398e-15
20260316_123334,2026-03-16T12:33:34.504,gaussian,short_wide,64,128,2.000000,20260311,1,bsqr_full,materialize_qrp,0.00013450000000000002,0.0001441875,0.000138003925,0.0001743205,340640,6.655232916722036e-16,6.196581706062726e-15
20260316_123334,2026-03-16T12:33:34.504,gaussian,short_wide,64,128,2.000000,20260311,1,dgeqp3,materialize_qrp,9.4333e-5,0.00010602100000000001,9.6508e-5,0.0001301019,429984,6.708568597511681e-16,6.234265738086532e-15
20260316_123334,2026-03-16T12:33:34.504,gaussian,short_wide,64,128,2.000000,20260311,1,bsqr_rinv,materialize_qrp,0.000139542,0.0001469165,0.00014165610000000002,0.00016879265,373488,6.655232916722036e-16,6.196581706062726e-15
20260316_123334,2026-03-16T12:33:34.504,gaussian,short_wide,64,128,2.000000,20260311,1,dgeqp3_trsm,materialize_qrp,0.00010458300000000001,0.000122729,0.00010706032500000001,0.00013663654999999998,626912,6.708568597511681e-16,6.234265738086532e-15
20260316_123334,2026-03-16T12:33:34.504,gaussian,short_wide,64,256,4.000000,20260311,1,bsqr_full,materialize_qrp,0.000307166,0.000325271,0.00030801207500000006,0.00035047690000000005,547168,7.216716217524271e-16,6.0608621754577445e-15
20260316_123334,2026-03-16T12:33:34.504,gaussian,short_wide,64,256,4.000000,20260311,1,dgeqp3,materialize_qrp,0.000171583,0.00019206300000000002,0.00017686970000000004,0.00022732702499999994,726880,7.636253443350295e-16,6.419349457173959e-15
20260316_123334,2026-03-16T12:33:34.504,gaussian,short_wide,64,256,4.000000,20260311,1,bsqr_rinv,materialize_qrp,0.000312542,0.00033229150000000003,0.00031885530000000004,0.00034700624999999994,645552,7.216716217524271e-16,6.0608621754577445e-15
20260316_123334,2026-03-16T12:33:34.504,gaussian,short_wide,64,256,4.000000,20260311,1,dgeqp3_trsm,materialize_qrp,0.00021475000000000002,0.0002371665,0.00022357107500000002,0.0003876554499999993,1120416,7.636253443350295e-16,6.419349457173959e-15
20260316_123334,2026-03-16T12:33:34.504,gaussian,short_wide,64,512,8.000000,20260311,1,bsqr_full,materialize_qrp,0.0008077910000000001,0.0008487080000000001,0.00081564565,0.0009322023249999999,960864,7.482967707583215e-16,6.339209911170142e-15
20260316_123334,2026-03-16T12:33:34.504,gaussian,short_wide,64,512,8.000000,20260311,1,dgeqp3,materialize_qrp,0.000480041,0.000512375,0.00048121985000000003,0.0005463375,1320800,7.740919658355252e-16,6.362785736260132e-15
20260316_123334,2026-03-16T12:33:34.504,gaussian,short_wide,64,512,8.000000,20260311,1,bsqr_rinv,materialize_qrp,0.000836667,0.000881646,0.0008418021750000002,0.00094525015,1190320,7.482967707583215e-16,6.339209911170142e-15
20260316_123334,2026-03-16T12:33:34.504,gaussian,short_wide,64,512,8.000000,20260311,1,dgeqp3_trsm,materialize_qrp,0.000518291,0.000591646,0.000528380825,0.000864040624999999,2107552,7.740919658355252e-16,6.362785736260132e-15
20260316_123334,2026-03-16T12:33:34.504,gaussian,short_wide,64,640,10.000000,20260311,1,bsqr_full,materialize_qrp,0.0010853330000000002,0.0011420620000000001,0.001109197825,0.0011778242000000001,1167712,7.553144711336925e-16,6.182655791877826e-15
20260316_123334,2026-03-16T12:33:34.504,gaussian,short_wide,64,640,10.000000,20260311,1,dgeqp3,materialize_qrp,0.0006265,0.000662937,0.0006307593750000001,0.0014115240499999963,1617760,7.701678375852386e-16,6.23167555565943e-15
20260316_123334,2026-03-16T12:33:34.504,gaussian,short_wide,64,640,10.000000,20260311,1,bsqr_rinv,materialize_qrp,0.001109416,0.0011790415,0.0011391417250000001,0.001256195275,1462704,7.553144711336925e-16,6.182655791877826e-15
20260316_123334,2026-03-16T12:33:34.504,gaussian,short_wide,64,640,10.000000,20260311,1,dgeqp3_trsm,materialize_qrp,0.0006892910000000001,0.0007523335000000001,0.000689442525,0.001392006549999997,2601120,7.701678375852386e-16,6.23167555565943e-15
20260316_123334,2026-03-16T12:33:34.504,gaussian,short_wide,128,256,2.000000,20260311,1,bsqr_full,materialize_qrp,0.0011668750000000002,0.001211667,0.00116705625,0.0013444441749999995,1170304,8.687136597717937e-16,1.0607081032965025e-14
20260316_123334,2026-03-16T12:33:34.504,gaussian,short_wide,128,256,2.000000,20260311,1,dgeqp3,materialize_qrp,0.0007397500000000001,0.0007800000000000001,0.0007426195500000001,0.0008057070500000001,1382784,8.89937151882439e-16,1.1172928617052627e-14
20260316_123334,2026-03-16T12:33:34.504,gaussian,short_wide,128,256,2.000000,20260311,1,bsqr_rinv,materialize_qrp,0.0012104160000000002,0.0012370205,0.0012108089500000002,0.00126841265,1301456,8.687136597717937e-16,1.0607081032965025e-14
20260316_123334,2026-03-16T12:33:34.504,gaussian,short_wide,128,256,2.000000,20260311,1,dgeqp3_trsm,materialize_qrp,0.0007987920000000001,0.0008639375,0.0008188803000000001,0.0012672306749999984,2169536,8.89937151882439e-16,1.1172928617052627e-14
20260316_123334,2026-03-16T12:33:34.504,gaussian,short_wide,128,512,4.000000,20260311,1,bsqr_full,materialize_qrp,0.002765375,0.002918771,0.002820897675,0.004102167949999998,1977216,9.308394192810521e-16,1.0687476056656708e-14
20260316_123334,2026-03-16T12:33:34.504,gaussian,short_wide,128,512,4.000000,20260311,1,dgeqp3,materialize_qrp,0.0015365420000000001,0.0017522915000000002,0.001545151375,0.002291595649999998,2500992,9.24859990331129e-16,1.0643679655387061e-14
20260316_123334,2026-03-16T12:33:34.504,gaussian,short_wide,128,512,4.000000,20260311,1,bsqr_rinv,materialize_qrp,0.0027691670000000003,0.002958104,0.002812908425,0.004007431249999999,2370512,9.308394192810521e-16,1.0687476056656708e-14
20260316_123334,2026-03-16T12:33:34.504,gaussian,short_wide,128,512,4.000000,20260311,1,dgeqp3_trsm,materialize_qrp,0.0017358330000000002,0.0019305625000000002,0.00175761345,0.0035570918499999993,4074176,9.24859990331129e-16,1.0643679655387061e-14
20260316_123334,2026-03-16T12:33:34.504,gaussian,short_wide,128,1024,8.000000,20260311,1,bsqr_full,materialize_qrp,0.0049271670000000005,0.0050620835,0.0049316678,0.0075042112749999995,3591040,8.887063900535728e-16,1.0597857266411556e-14
20260316_123334,2026-03-16T12:33:34.504,gaussian,short_wide,128,1024,8.000000,20260311,1,dgeqp3,materialize_qrp,0.002543875,0.0027397710000000002,0.0025456273250000004,0.004960737874999999,4737408,8.995642645397801e-16,1.074754061118985e-14
20260316_123334,2026-03-16T12:33:34.504,gaussian,short_wide,128,1024,8.000000,20260311,1,bsqr_rinv,materialize_qrp,0.004962459000000001,0.0051547705,0.004975841050000001,0.007188752974999999,4508624,8.887063900535728e-16,1.0597857266411556e-14
20260316_123334,2026-03-16T12:33:34.504,gaussian,short_wide,128,1024,8.000000,20260311,1,dgeqp3_trsm,materialize_qrp,0.002899042,0.0031698330000000004,0.0029682193250000002,0.006210133574999999,7883456,8.995642645397801e-16,1.074754061118985e-14
20260316_123334,2026-03-16T12:33:34.504,gaussian,short_wide,128,1280,10.000000,20260311,1,bsqr_full,materialize_qrp,0.005868292000000001,0.006051688,0.0058950561000000005,0.008522323775,4397952,8.883198866546727e-16,1.0777762480668372e-14
20260316_123334,2026-03-16T12:33:34.504,gaussian,short_wide,128,1280,10.000000,20260311,1,dgeqp3,materialize_qrp,0.003088542,0.0032861875,0.00310482405,0.00532802325,5855616,9.23952382726941e-16,1.109164750803374e-14
20260316_123334,2026-03-16T12:33:34.504,gaussian,short_wide,128,1280,10.000000,20260311,1,bsqr_rinv,materialize_qrp,0.005992209,0.006260917,0.00600263015,0.008878795924999999,5577680,8.883198866546727e-16,1.0777762480668372e-14
20260316_123334,2026-03-16T12:33:34.504,gaussian,short_wide,128,1280,10.000000,20260311,1,dgeqp3_trsm,materialize_qrp,0.003660083,0.0039884585,0.00366823925,0.006771982849999999,9788096,9.23952382726941e-16,1.109164750803374e-14
20260316_123334,2026-03-16T12:33:34.504,gaussian,short_wide,256,512,2.000000,20260311,1,bsqr_full,materialize_qrp,0.007498292,0.0077896665,0.007512157625,0.009860192524999999,4370272,1.0521695072538872e-15,1.9650803706351486e-14
20260316_123334,2026-03-16T12:33:34.504,gaussian,short_wide,256,512,2.000000,20260311,1,dgeqp3,materialize_qrp,0.0037380000000000004,0.0039206250000000005,0.0037386343750000005,0.0062655431,5025120,1.0839991521313582e-15,1.97903793023808e-14
20260316_123334,2026-03-16T12:33:34.504,gaussian,short_wide,256,512,2.000000,20260311,1,bsqr_rinv,materialize_qrp,0.007819167,0.007997146,0.00782342565,0.009723504499999997,4894640,1.0521695072538872e-15,1.9650803706351486e-14
20260316_123334,2026-03-16T12:33:34.504,gaussian,short_wide,256,512,2.000000,20260311,1,dgeqp3_trsm,materialize_qrp,0.004086542,0.004367271000000001,0.0041260545,0.007351160475,8171168,1.0839991521313582e-15,1.97903793023808e-14
20260316_123334,2026-03-16T12:33:34.504,gaussian,short_wide,256,1024,4.000000,20260311,1,bsqr_full,materialize_qrp,0.013386333,0.0141552085,0.01342333845,0.0178369367,7556960,1.105623808042119e-15,1.965171962871492e-14
20260316_123334,2026-03-16T12:33:34.504,gaussian,short_wide,256,1024,4.000000,20260311,1,dgeqp3,materialize_qrp,0.0065038330000000005,0.0067539375,0.0065054947,0.010573067525,9358688,1.1689734483403977e-15,2.024079722842575e-14
20260316_123334,2026-03-16T12:33:34.504,gaussian,short_wide,256,1024,4.000000,20260311,1,bsqr_rinv,materialize_qrp,0.013806042000000001,0.015480979,0.0138391194,0.02085444295,9129904,1.105623808042119e-15,1.965171962871492e-14
20260316_123334,2026-03-16T12:33:34.504,gaussian,short_wide,256,1024,4.000000,20260311,1,dgeqp3_trsm,materialize_qrp,0.007205042,0.0077156665,0.007268902175,0.010281872025,15650464,1.1689734483403977e-15,2.024079722842575e-14
20260316_123334,2026-03-16T12:33:34.504,gaussian,short_wide,256,2048,8.000000,20260311,1,bsqr_full,materialize_qrp,0.023219209,0.0255544795,0.023902702025,0.027603352025,13930336,1.138202433637626e-15,1.9670346338944817e-14
20260316_123334,2026-03-16T12:33:34.504,gaussian,short_wide,256,2048,8.000000,20260311,1,dgeqp3,materialize_qrp,0.011914000000000001,0.014174770500000001,0.01206389375,0.021593416574999996,18058592,1.214223186816077e-15,2.0126004511151377e-14
20260316_123334,2026-03-16T12:33:34.504,gaussian,short_wide,256,2048,8.000000,20260311,1,bsqr_rinv,materialize_qrp,0.024151833,0.026313541500000003,0.024401022025000003,0.028548154724999997,17600432,1.138202433637626e-15,1.9670346338944817e-14
20260316_123334,2026-03-16T12:33:34.504,gaussian,short_wide,256,2048,8.000000,20260311,1,dgeqp3_trsm,materialize_qrp,0.014175917000000001,0.015191875,0.014265001375000001,0.02645113749999995,30641824,1.214223186816077e-15,2.0126004511151377e-14
20260316_123334,2026-03-16T12:33:34.504,gaussian,short_wide,256,2560,10.000000,20260311,1,bsqr_full,materialize_qrp,0.027825625000000003,0.03101175,0.028842830450000002,0.0348105027,17117024,1.1614929695611613e-15,2.023029783520569e-14
20260316_123334,2026-03-16T12:33:34.504,gaussian,short_wide,256,2560,10.000000,20260311,1,dgeqp3,materialize_qrp,0.015063208000000002,0.015719833500000002,0.015142596225,0.027641621074999956,22392160,1.221401778677302e-15,2.054044866849129e-14
20260316_123334,2026-03-16T12:33:34.504,gaussian,short_wide,256,2560,10.000000,20260311,1,bsqr_rinv,materialize_qrp,0.029230750000000003,0.0343582915,0.02924014455,0.09874886519999991,21835696,1.1614929695611613e-15,2.023029783520569e-14
20260316_123334,2026-03-16T12:33:34.504,gaussian,short_wide,256,2560,10.000000,20260311,1,dgeqp3_trsm,materialize_qrp,0.016936083,0.0187060005,0.017096942375,0.048591163599999994,38121120,1.221401778677302e-15,2.054044866849129e-14
20260316_123334,2026-03-16T12:33:34.504,gaussian,short_wide,512,1024,2.000000,20260311,1,bsqr_full,materialize_qrp,0.038506375,0.043168917,0.039397702325000006,0.05831830762499994,17061760,1.4102399066065817e-15,3.825100020901917e-14
20260316_123334,2026-03-16T12:33:34.504,gaussian,short_wide,512,1024,2.000000,20260311,1,dgeqp3,materialize_qrp,0.017144208,0.018424604,0.01720353765,0.031081207049999955,19387744,1.4462713117372116e-15,3.8011674554295584e-14
20260316_123334,2026-03-16T12:33:34.504,gaussian,short_wide,512,1024,2.000000,20260311,1,bsqr_rinv,materialize_qrp,0.03876325,0.042831979000000006,0.03886254455,0.05829837012499996,19158992,1.4102399066065817e-15,3.825100020901917e-14
20260316_123334,2026-03-16T12:33:34.504,gaussian,short_wide,512,1024,2.000000,20260311,1,dgeqp3_trsm,materialize_qrp,0.018821709000000002,0.0202158545,0.019270271575,0.051025046724999995,31970976,1.4462713117372116e-15,3.8011674554295584e-14
20260316_123334,2026-03-16T12:33:34.504,gaussian,short_wide,512,2048,4.000000,20260311,1,bsqr_full,materialize_qrp,0.07327829200000001,0.07954710400000001,0.07356732485,0.11978979237499998,29726592,1.4966670451644937e-15,3.785369446672342e-14
20260316_123334,2026-03-16T12:33:34.504,gaussian,short_wide,512,2048,4.000000,20260311,1,dgeqp3,materialize_qrp,0.031872084,0.033508312500000005,0.031920930875,0.0677328875,36476256,1.556721816975698e-15,3.810599109905824e-14
20260316_123334,2026-03-16T12:33:34.504,gaussian,short_wide,512,2048,4.000000,20260311,1,bsqr_rinv,materialize_qrp,0.073751833,0.0820360415,0.074603889975,0.11660858189999998,36018128,1.4966670451644937e-15,3.785369446672342e-14
20260316_123334,2026-03-16T12:33:34.504,gaussian,short_wide,512,2048,4.000000,20260311,1,dgeqp3_trsm,materialize_qrp,0.035972792,0.038045146,0.035980403775,0.07106352267499999,61642400,1.556721816975698e-15,3.810599109905824e-14
20260316_123334,2026-03-16T12:33:34.504,gaussian,short_wide,512,4096,8.000000,20260311,1,bsqr_full,materialize_qrp,0.228433458,0.288376,0.24090395835,0.6613055666500001,55056256,1.5397773953169231e-15,3.775086468707171e-14
20260316_123334,2026-03-16T12:33:34.504,gaussian,short_wide,512,4096,8.000000,20260311,1,dgeqp3,materialize_qrp,0.10990237500000001,0.16399825,0.11014609835,0.35588639769999975,70620512,1.6163459858579691e-15,3.897531908264375e-14
20260316_123334,2026-03-16T12:33:34.504,gaussian,short_wide,512,4096,8.000000,20260311,1,bsqr_rinv,materialize_qrp,0.27188450000000003,0.287073458,0.27255081160000005,0.330201966425,73930704,1.5397773953169231e-15,3.775086468707171e-14
20260316_123334,2026-03-16T12:33:34.504,gaussian,short_wide,512,4096,8.000000,20260311,1,dgeqp3_trsm,materialize_qrp,0.086461416,0.1030606455,0.08650349645,0.16007129839999995,131438240,1.6163459858579691e-15,3.897531908264375e-14
20260316_123334,2026-03-16T12:33:34.504,gaussian,short_wide,512,5120,10.000000,20260311,1,bsqr_full,materialize_qrp,0.40995916600000004,0.482917083,0.4189353535,0.538403344,67966848,1.5579743094926963e-15,3.7724648307030747e-14
20260316_123334,2026-03-16T12:33:34.504,gaussian,short_wide,512,5120,10.000000,20260311,1,dgeqp3,materialize_qrp,0.156925541,0.19570737500000002,0.158022911,0.27647385925,87725408,1.6249553290565272e-15,3.8777671829848555e-14
20260316_123334,2026-03-16T12:33:34.504,gaussian,short_wide,512,5120,10.000000,20260311,1,bsqr_rinv,materialize_qrp,0.44634783400000005,0.47862116600000004,0.44666612550000007,0.5599243330000001,86841296,1.5579743094926963e-15,3.7724648307030747e-14
20260316_123334,2026-03-16T12:33:34.504,gaussian,short_wide,512,5120,10.000000,20260311,1,dgeqp3_trsm,materialize_qrp,0.17660441600000001,0.22051129200000003,0.17759961845,0.27409052720000004,150640288,1.6249553290565272e-15,3.8777671829848555e-14
20260316_123334,2026-03-16T12:33:34.504,ill_conditioned,square,64,64,1.000000,20260311,1,bsqr_full,materialize_qrp,8.1625e-5,0.000103354,8.186715e-5,0.00017557187499999983,236896,4.565629785427305e-16,5.97739674193309e-15
20260316_123334,2026-03-16T12:33:34.504,ill_conditioned,square,64,64,1.000000,20260311,1,dgeqp3,materialize_qrp,5.9084000000000006e-5,7.000000000000001e-5,5.9264525e-5,8.7044325e-5,250208,4.428888529104967e-16,6.563192800494753e-15
20260316_123334,2026-03-16T12:33:34.504,ill_conditioned,square,64,64,1.000000,20260311,1,bsqr_rinv,materialize_qrp,7.2958e-5,7.914550000000001e-5,7.597907500000001e-5,9.413924999999996e-5,236944,4.565629785427305e-16,5.97739674193309e-15
20260316_123334,2026-03-16T12:33:34.504,ill_conditioned,square,64,64,1.000000,20260311,1,dgeqp3_trsm,materialize_qrp,6.275000000000001e-5,6.485450000000001e-5,6.293125e-5,7.556017499999998e-5,250208,4.428888529104967e-16,6.563192800494753e-15
20260316_123334,2026-03-16T12:33:34.504,ill_conditioned,square,128,128,1.000000,20260311,1,bsqr_full,materialize_qrp,0.000392917,0.000425375,0.0003937928,0.000443485325,767168,5.149802710181381e-16,1.0522416010557863e-14
20260316_123334,2026-03-16T12:33:34.504,ill_conditioned,square,128,128,1.000000,20260311,1,dgeqp3,materialize_qrp,0.0002875,0.00030456250000000004,0.00028931249999999996,0.0003184367,823744,5.125113262150521e-16,1.0735373650745837e-14
20260316_123334,2026-03-16T12:33:34.504,ill_conditioned,square,128,128,1.000000,20260311,1,bsqr_rinv,materialize_qrp,0.00040779200000000003,0.000416646,0.00040903030000000005,0.00042866562500000005,767216,5.149802710181381e-16,1.0522416010557863e-14
20260316_123334,2026-03-16T12:33:34.504,ill_conditioned,square,128,128,1.000000,20260311,1,dgeqp3_trsm,materialize_qrp,0.00028129200000000004,0.0003059165,0.00028875297500000004,0.000318913725,823744,5.125113262150521e-16,1.0735373650745837e-14
20260316_123334,2026-03-16T12:33:34.504,ill_conditioned,square,256,256,1.000000,20260311,1,bsqr_full,materialize_qrp,0.0032501250000000004,0.003373979,0.0032839883000000004,0.0040806888749999985,2776928,6.516012095974658e-16,1.9515711286542785e-14
20260316_123334,2026-03-16T12:33:34.504,ill_conditioned,square,256,256,1.000000,20260311,1,dgeqp3,materialize_qrp,0.002076375,0.0022511875,0.002085075,0.0027490715,2858336,7.410880816862273e-16,2.028573525480711e-14
20260316_123334,2026-03-16T12:33:34.504,ill_conditioned,square,256,256,1.000000,20260311,1,bsqr_rinv,materialize_qrp,0.0032279170000000003,0.003360937,0.00329307565,0.0038722387249999993,2776976,6.516012095974658e-16,1.9515711286542785e-14
20260316_123334,2026-03-16T12:33:34.504,ill_conditioned,square,256,256,1.000000,20260311,1,dgeqp3_trsm,materialize_qrp,0.0021789170000000003,0.002239479,0.0021860756500000004,0.0031091015249999987,2858336,7.410880816862273e-16,2.028573525480711e-14
20260316_123334,2026-03-16T12:33:34.504,ill_conditioned,square,384,384,1.000000,20260311,1,bsqr_full,materialize_qrp,0.008179125,0.0087373745,0.008300109375000001,0.010670934799999997,6097760,7.474521474886309e-16,2.9197570979215086e-14
20260316_123334,2026-03-16T12:33:34.504,ill_conditioned,square,384,384,1.000000,20260311,1,dgeqp3,materialize_qrp,0.004623833,0.0050218960000000005,0.004644647025,0.008490249049999999,6203744,8.265249541915345e-16,2.997047590476461e-14
20260316_123334,2026-03-16T12:33:34.504,ill_conditioned,square,384,384,1.000000,20260311,1,bsqr_rinv,materialize_qrp,0.008423292,0.0087741875,0.008466428775,0.010712277324999998,6097808,7.474521474886309e-16,2.9197570979215086e-14
20260316_123334,2026-03-16T12:33:34.504,ill_conditioned,square,384,384,1.000000,20260311,1,dgeqp3_trsm,materialize_qrp,0.004475542,0.0047883335,0.004478170125,0.0065936437499999985,6203744,8.265249541915345e-16,2.997047590476461e-14
20260316_123334,2026-03-16T12:33:34.504,ill_conditioned,square,512,512,1.000000,20260311,1,bsqr_full,materialize_qrp,0.017886417,0.018850458,0.0179436311,0.0218376484,10729344,8.531252997767705e-16,3.8266532361746926e-14
20260316_123334,2026-03-16T12:33:34.504,ill_conditioned,square,512,512,1.000000,20260311,1,dgeqp3,materialize_qrp,0.010252,0.010679396,0.010319394550000001,0.011925447825000001,10859872,8.959381854643325e-16,3.856937118466982e-14
20260316_123334,2026-03-16T12:33:34.504,ill_conditioned,square,512,512,1.000000,20260311,1,bsqr_rinv,materialize_qrp,0.018347583,0.0192941875,0.0185597064,0.022202435600000004,10729392,8.531252997767705e-16,3.8266532361746926e-14
20260316_123334,2026-03-16T12:33:34.504,ill_conditioned,square,512,512,1.000000,20260311,1,dgeqp3_trsm,materialize_qrp,0.010304292000000001,0.0107248545,0.010333291275,0.02910111809999994,10859872,8.959381854643325e-16,3.856937118466982e-14
20260316_123334,2026-03-16T12:33:34.504,ill_conditioned,short_wide,32,64,2.000000,20260311,1,bsqr_full,materialize_qrp,3.0125e-5,3.2229e-5,3.0275800000000006e-5,0.00010386627499999998,138336,5.030072516352158e-16,3.5812524869871555e-15
20260316_123334,2026-03-16T12:33:34.504,ill_conditioned,short_wide,32,64,2.000000,20260311,1,dgeqp3,materialize_qrp,1.9542e-5,3.1e-5,1.9692800000000002e-5,3.979469999999999e-5,159840,4.943271610476642e-16,3.242597670338175e-15
20260316_123334,2026-03-16T12:33:34.504,ill_conditioned,short_wide,32,64,2.000000,20260311,1,bsqr_rinv,materialize_qrp,3.2125e-5,4.0125e-5,3.4088300000000004e-5,5.949862499999999e-5,146608,5.030072516352158e-16,3.5812524869871555e-15
20260316_123334,2026-03-16T12:33:34.504,ill_conditioned,short_wide,32,64,2.000000,20260311,1,dgeqp3_trsm,materialize_qrp,2.525e-5,3.1041500000000004e-5,2.579375e-5,6.134374999999997e-5,209312,4.943271610476642e-16,3.242597670338175e-15
20260316_123334,2026-03-16T12:33:34.504,ill_conditioned,short_wide,32,128,4.000000,20260311,1,bsqr_full,materialize_qrp,4.6291e-5,4.7042e-5,4.6291725000000004e-5,5.887202499999998e-5,192928,3.603448108597241e-16,3.2989614490171373e-15
20260316_123334,2026-03-16T12:33:34.504,ill_conditioned,short_wide,32,128,4.000000,20260311,1,dgeqp3,materialize_qrp,3.2708e-5,3.3729e-5,3.29197e-5,4.1216274999999985e-5,274080,4.3836687714504196e-16,3.971170841476136e-15
20260316_123334,2026-03-16T12:33:34.504,ill_conditioned,short_wide,32,128,4.000000,20260311,1,bsqr_rinv,materialize_qrp,4.8208e-5,4.9375e-5,4.8268175000000005e-5,6.311794999999998e-5,217584,3.603448108597241e-16,3.2989614490171373e-15
20260316_123334,2026-03-16T12:33:34.504,ill_conditioned,short_wide,32,128,4.000000,20260311,1,dgeqp3_trsm,materialize_qrp,4.5792000000000005e-5,4.7209e-5,4.5821725000000004e-5,7.3203275e-5,372704,4.3836687714504196e-16,3.971170841476136e-15
20260316_123334,2026-03-16T12:33:34.504,ill_conditioned,short_wide,32,256,8.000000,20260311,1,bsqr_full,materialize_qrp,9.1791e-5,9.664600000000001e-5,9.3634675e-5,0.00010960705,301152,3.116298222884279e-16,2.617761392968046e-15
20260316_123334,2026-03-16T12:33:34.504,ill_conditioned,short_wide,32,256,8.000000,20260311,1,dgeqp3,materialize_qrp,6.0417e-5,6.7792e-5,6.132325e-5,7.475015e-5,439904,3.688294832559934e-16,3.2799453150389027e-15
20260316_123334,2026-03-16T12:33:34.504,ill_conditioned,short_wide,32,256,8.000000,20260311,1,bsqr_rinv,materialize_qrp,9.2959e-5,0.0001032915,9.368399999999999e-5,0.000109341,366768,3.116298222884279e-16,2.617761392968046e-15
20260316_123334,2026-03-16T12:33:34.504,ill_conditioned,short_wide,32,256,8.000000,20260311,1,dgeqp3_trsm,materialize_qrp,9.2625e-5,9.4771e-5,9.280625e-5,0.00010637122499999998,645024,3.688294832559934e-16,3.2799453150389027e-15
20260316_123334,2026-03-16T12:33:34.504,ill_conditioned,short_wide,32,320,10.000000,20260311,1,bsqr_full,materialize_qrp,0.000123084,0.0001268745,0.000123174625,0.0001388189,404576,3.7870976178004135e-16,2.7400759741307093e-15
20260316_123334,2026-03-16T12:33:34.504,ill_conditioned,short_wide,32,320,10.000000,20260311,1,dgeqp3,materialize_qrp,7.416600000000001e-5,9.045800000000001e-5,7.6160475e-5,0.00010146482499999999,572000,4.161616829686562e-16,2.8736999953073265e-15
20260316_123334,2026-03-16T12:33:34.504,ill_conditioned,short_wide,32,320,10.000000,20260311,1,bsqr_rinv,materialize_qrp,0.00013187500000000002,0.00014185400000000001,0.00013235857500000002,0.00016084062499999995,502960,3.7870976178004135e-16,2.7400759741307093e-15
20260316_123334,2026-03-16T12:33:34.504,ill_conditioned,short_wide,32,320,10.000000,20260311,1,dgeqp3_trsm,materialize_qrp,0.00010383300000000001,0.0001157085,0.00010857595000000002,0.00013460777500000001,875424,4.161616829686562e-16,2.8736999953073265e-15
20260316_123334,2026-03-16T12:33:34.504,ill_conditioned,short_wide,64,128,2.000000,20260311,1,bsqr_full,materialize_qrp,0.000138083,0.000141917,0.000138234525,0.0001559625,340640,4.476670213360398e-16,6.176305288195453e-15
20260316_123334,2026-03-16T12:33:34.504,ill_conditioned,short_wide,64,128,2.000000,20260311,1,dgeqp3,materialize_qrp,9.687500000000001e-5,0.000102854,0.00010013750000000001,0.00011624265,429984,5.024565809916887e-16,6.5415561425169795e-15
20260316_123334,2026-03-16T12:33:34.504,ill_conditioned,short_wide,64,128,2.000000,20260311,1,bsqr_rinv,materialize_qrp,0.000141084,0.00015577050000000002,0.00014120435,0.00020439919999999998,373488,4.476670213360398e-16,6.176305288195453e-15
20260316_123334,2026-03-16T12:33:34.504,ill_conditioned,short_wide,64,128,2.000000,20260311,1,dgeqp3_trsm,materialize_qrp,0.000116792,0.0001221875,0.00011706387500000001,0.00013851154999999996,626912,5.024565809916887e-16,6.5415561425169795e-15
20260316_123334,2026-03-16T12:33:34.504,ill_conditioned,short_wide,64,256,4.000000,20260311,1,bsqr_full,materialize_qrp,0.00031625,0.0003344585,0.00031679375000000004,0.00036736795,547168,5.983894351517807e-16,6.31386841523673e-15
20260316_123334,2026-03-16T12:33:34.504,ill_conditioned,short_wide,64,256,4.000000,20260311,1,dgeqp3,materialize_qrp,0.000172291,0.00020170850000000002,0.000173318325,0.00027071097499999997,726880,5.7963641836048005e-16,6.3813975591795756e-15
20260316_123334,2026-03-16T12:33:34.504,ill_conditioned,short_wide,64,256,4.000000,20260311,1,bsqr_rinv,materialize_qrp,0.000328792,0.00039435450000000003,0.00033108735,0.0007894089999999995,645552,5.983894351517807e-16,6.31386841523673e-15
20260316_123334,2026-03-16T12:33:34.504,ill_conditioned,short_wide,64,256,4.000000,20260311,1,dgeqp3_trsm,materialize_qrp,0.000236125,0.000254083,0.00023678909999999998,0.00035805037499999975,1120416,5.7963641836048005e-16,6.3813975591795756e-15
20260316_123334,2026-03-16T12:33:34.504,ill_conditioned,short_wide,64,512,8.000000,20260311,1,bsqr_full,materialize_qrp,0.0008290420000000001,0.0008855205,0.0008306732500000001,0.001085919175,960864,4.488008829097414e-16,6.054147321634418e-15
20260316_123334,2026-03-16T12:33:34.504,ill_conditioned,short_wide,64,512,8.000000,20260311,1,dgeqp3,materialize_qrp,0.000468459,0.0005046875,0.000476463725,0.00054052935,1320800,4.2450914807806877e-16,5.985287941864241e-15
20260316_123334,2026-03-16T12:33:34.504,ill_conditioned,short_wide,64,512,8.000000,20260311,1,bsqr_rinv,materialize_qrp,0.0008550830000000001,0.000890562,0.0008596744250000001,0.0010643507999999993,1190320,4.488008829097414e-16,6.054147321634418e-15
20260316_123334,2026-03-16T12:33:34.504,ill_conditioned,short_wide,64,512,8.000000,20260311,1,dgeqp3_trsm,materialize_qrp,0.00054525,0.0005974590000000001,0.0005602937499999999,0.001252932199999997,2107552,4.2450914807806877e-16,5.985287941864241e-15
20260316_123334,2026-03-16T12:33:34.504,ill_conditioned,short_wide,64,640,10.000000,20260311,1,bsqr_full,materialize_qrp,0.001112125,0.001167375,0.0011150554500000001,0.00122681685,1167712,5.595219423515922e-16,6.406657744168152e-15
20260316_123334,2026-03-16T12:33:34.504,ill_conditioned,short_wide,64,640,10.000000,20260311,1,dgeqp3,materialize_qrp,0.000630708,0.0006812705,0.000647715775,0.0018268490499999946,1617760,5.284340041854158e-16,6.360378574335651e-15
20260316_123334,2026-03-16T12:33:34.504,ill_conditioned,short_wide,64,640,10.000000,20260311,1,bsqr_rinv,materialize_qrp,0.001149209,0.001203833,0.0011568816750000001,0.0012971472499999999,1462704,5.595219423515922e-16,6.406657744168152e-15
20260316_123334,2026-03-16T12:33:34.504,ill_conditioned,short_wide,64,640,10.000000,20260311,1,dgeqp3_trsm,materialize_qrp,0.000745834,0.0007797710000000001,0.0007474340750000001,0.0015393539249999963,2601120,5.284340041854158e-16,6.360378574335651e-15
20260316_123334,2026-03-16T12:33:34.504,ill_conditioned,short_wide,128,256,2.000000,20260311,1,bsqr_full,materialize_qrp,0.001224208,0.0013086875000000002,0.001227833725,0.0022147635999999987,1170304,5.750634473732223e-16,1.0568567519797143e-14
20260316_123334,2026-03-16T12:33:34.504,ill_conditioned,short_wide,128,256,2.000000,20260311,1,dgeqp3,materialize_qrp,0.0007644160000000001,0.000778625,0.000765231625,0.000816957475,1382784,6.124921327206481e-16,1.1061959200416122e-14
20260316_123334,2026-03-16T12:33:34.504,ill_conditioned,short_wide,128,256,2.000000,20260311,1,bsqr_rinv,materialize_qrp,0.001238666,0.001278875,0.0012396027,0.0013755808250000001,1301456,5.750634473732223e-16,1.0568567519797143e-14
20260316_123334,2026-03-16T12:33:34.504,ill_conditioned,short_wide,128,256,2.000000,20260311,1,dgeqp3_trsm,materialize_qrp,0.0009081670000000001,0.0009455415000000001,0.0009129998500000001,0.0020642696999999947,2169536,6.124921327206481e-16,1.1061959200416122e-14
20260316_123334,2026-03-16T12:33:34.504,ill_conditioned,short_wide,128,512,4.000000,20260311,1,bsqr_full,materialize_qrp,0.0027651670000000002,0.0029662295,0.0027922936,0.005616088874999996,1977216,7.183253850925552e-16,1.0406517975357605e-14
20260316_123334,2026-03-16T12:33:34.504,ill_conditioned,short_wide,128,512,4.000000,20260311,1,dgeqp3,materialize_qrp,0.001532792,0.0017657290000000002,0.001594870125,0.0032164605999999976,2500992,7.439458160817571e-16,1.1215249248152174e-14
20260316_123334,2026-03-16T12:33:34.504,ill_conditioned,short_wide,128,512,4.000000,20260311,1,bsqr_rinv,materialize_qrp,0.002774583,0.0029557295,0.00280237515,0.004502233424999996,2370512,7.183253850925552e-16,1.0406517975357605e-14
20260316_123334,2026-03-16T12:33:34.504,ill_conditioned,short_wide,128,512,4.000000,20260311,1,dgeqp3_trsm,materialize_qrp,0.0018149580000000002,0.0019466455,0.001818946225,0.005774720649999998,4074176,7.439458160817571e-16,1.1215249248152174e-14
20260316_123334,2026-03-16T12:33:34.504,ill_conditioned,short_wide,128,1024,8.000000,20260311,1,bsqr_full,materialize_qrp,0.0049466250000000005,0.0050621665000000005,0.0049567141000000006,0.007926258275,3591040,6.129163687586062e-16,1.0755192682789473e-14
20260316_123334,2026-03-16T12:33:34.504,ill_conditioned,short_wide,128,1024,8.000000,20260311,1,dgeqp3,materialize_qrp,0.002598209,0.0028070205,0.0026041895250000003,0.0053117168499999985,4737408,5.936335764595401e-16,1.0914827874351718e-14
20260316_123334,2026-03-16T12:33:34.504,ill_conditioned,short_wide,128,1024,8.000000,20260311,1,bsqr_rinv,materialize_qrp,0.004889666,0.005162708,0.004984580825,0.008580949999999999,4508624,6.129163687586062e-16,1.0755192682789473e-14
20260316_123334,2026-03-16T12:33:34.504,ill_conditioned,short_wide,128,1024,8.000000,20260311,1,dgeqp3_trsm,materialize_qrp,0.002947125,0.0031431040000000003,0.002987815625,0.006408590474999999,7883456,5.936335764595401e-16,1.0914827874351718e-14
20260316_123334,2026-03-16T12:33:34.504,ill_conditioned,short_wide,128,1280,10.000000,20260311,1,bsqr_full,materialize_qrp,0.005932542000000001,0.006174000000000001,0.005946739675000001,0.009661419699999998,4397952,6.440358274332938e-16,1.0828477681222945e-14
20260316_123334,2026-03-16T12:33:34.504,ill_conditioned,short_wide,128,1280,10.000000,20260311,1,dgeqp3,materialize_qrp,0.0030127500000000002,0.0033753335,0.0031018945500000004,0.0051098765999999995,5855616,5.918939903345719e-16,1.0514395569521567e-14
20260316_123334,2026-03-16T12:33:34.504,ill_conditioned,short_wide,128,1280,10.000000,20260311,1,bsqr_rinv,materialize_qrp,0.006084542,0.0063551045,0.006098377175000001,0.007866772824999998,5577680,6.440358274332938e-16,1.0828477681222945e-14
20260316_123334,2026-03-16T12:33:34.504,ill_conditioned,short_wide,128,1280,10.000000,20260311,1,dgeqp3_trsm,materialize_qrp,0.003439208,0.0037960000000000003,0.0034904415750000002,0.006723105299999999,9788096,5.918939903345719e-16,1.0514395569521567e-14
20260316_123334,2026-03-16T12:33:34.504,ill_conditioned,short_wide,256,512,2.000000,20260311,1,bsqr_full,materialize_qrp,0.0076004160000000005,0.007853146,0.0076113519000000004,0.010781422824999998,4370272,7.473937425147452e-16,2.0042093156689473e-14
20260316_123334,2026-03-16T12:33:34.504,ill_conditioned,short_wide,256,512,2.000000,20260311,1,dgeqp3,materialize_qrp,0.004292958,0.0045854795000000005,0.004303772825,0.021642102324999943,5025120,8.375334724949686e-16,2.048991951898119e-14
20260316_123334,2026-03-16T12:33:34.504,ill_conditioned,short_wide,256,512,2.000000,20260311,1,bsqr_rinv,materialize_qrp,0.007589083000000001,0.007905312500000001,0.007618415050000001,0.0111586864,4894640,7.473937425147452e-16,2.0042093156689473e-14
20260316_123334,2026-03-16T12:33:34.504,ill_conditioned,short_wide,256,512,2.000000,20260311,1,dgeqp3_trsm,materialize_qrp,0.004757209,0.0049340625,0.004783157475,0.008478035599999998,8171168,8.375334724949686e-16,2.048991951898119e-14
20260316_123334,2026-03-16T12:33:34.504,ill_conditioned,short_wide,256,1024,4.000000,20260311,1,bsqr_full,materialize_qrp,0.013411542,0.0141615005,0.0134409045,0.017737924625,7556960,7.951518852310285e-16,1.9842727219114398e-14
20260316_123334,2026-03-16T12:33:34.504,ill_conditioned,short_wide,256,1024,4.000000,20260311,1,dgeqp3,materialize_qrp,0.007546375,0.007860792,0.007600840625000001,0.011377053124999998,9358688,9.117226706295229e-16,2.0779890736081367e-14
20260316_123334,2026-03-16T12:33:34.504,ill_conditioned,short_wide,256,1024,4.000000,20260311,1,bsqr_rinv,materialize_qrp,0.013375708,0.0145309375,0.0135958963,0.01750371265,9129904,7.951518852310285e-16,1.9842727219114398e-14
20260316_123334,2026-03-16T12:33:34.504,ill_conditioned,short_wide,256,1024,4.000000,20260311,1,dgeqp3_trsm,materialize_qrp,0.008336292,0.009088792,0.008349220925000001,0.01218149375,15650464,9.117226706295229e-16,2.0779890736081367e-14
20260316_123334,2026-03-16T12:33:34.504,ill_conditioned,short_wide,256,2048,8.000000,20260311,1,bsqr_full,materialize_qrp,0.023022791,0.024817395500000002,0.023311311275000003,0.028884045350000002,13930336,8.114567715996084e-16,2.013249178321472e-14
20260316_123334,2026-03-16T12:33:34.504,ill_conditioned,short_wide,256,2048,8.000000,20260311,1,dgeqp3,materialize_qrp,0.015129209000000001,0.016167833,0.015175970775,0.0179205133,18058592,9.488925452541894e-16,2.0719502643700417e-14
20260316_123334,2026-03-16T12:33:34.504,ill_conditioned,short_wide,256,2048,8.000000,20260311,1,bsqr_rinv,materialize_qrp,0.023883959000000003,0.0256124795,0.023948905950000002,0.028324289250000002,17600432,8.114567715996084e-16,2.013249178321472e-14
20260316_123334,2026-03-16T12:33:34.504,ill_conditioned,short_wide,256,2048,8.000000,20260311,1,dgeqp3_trsm,materialize_qrp,0.016588167,0.017963208,0.0166727194,0.028954777174999953,30641824,9.488925452541894e-16,2.0719502643700417e-14
20260316_123334,2026-03-16T12:33:34.504,ill_conditioned,short_wide,256,2560,10.000000,20260311,1,bsqr_full,materialize_qrp,0.028733750000000002,0.030733791500000003,0.02884685,0.03313319470000001,17117024,8.47930761998094e-16,2.0007063555515745e-14
20260316_123334,2026-03-16T12:33:34.504,ill_conditioned,short_wide,256,2560,10.000000,20260311,1,dgeqp3,materialize_qrp,0.018816084,0.019886125,0.018947519975,0.030274679499999957,22392160,8.93519688010301e-16,2.0358498835576664e-14
20260316_123334,2026-03-16T12:33:34.504,ill_conditioned,short_wide,256,2560,10.000000,20260311,1,bsqr_rinv,materialize_qrp,0.029152083000000002,0.0314118545,0.029280468900000002,0.03387562485000001,21835696,8.47930761998094e-16,2.0007063555515745e-14
20260316_123334,2026-03-16T12:33:34.504,ill_conditioned,short_wide,256,2560,10.000000,20260311,1,dgeqp3_trsm,materialize_qrp,0.021198125,0.022596646,0.021210147675000002,0.05295211155,38121120,8.93519688010301e-16,2.0358498835576664e-14
20260316_123334,2026-03-16T12:33:34.504,ill_conditioned,short_wide,512,1024,2.000000,20260311,1,bsqr_full,materialize_qrp,0.038348584000000005,0.0408468125,0.038566174625000005,0.05393965217499995,17061760,1.0476467148088418e-15,3.8110470490019397e-14
20260316_123334,2026-03-16T12:33:34.504,ill_conditioned,short_wide,512,1024,2.000000,20260311,1,dgeqp3,materialize_qrp,0.020980958,0.022389250000000003,0.021110340775,0.034432254499999954,19387744,1.0514116480075422e-15,3.8554558510551614e-14
20260316_123334,2026-03-16T12:33:34.504,ill_conditioned,short_wide,512,1024,2.000000,20260311,1,bsqr_rinv,materialize_qrp,0.038749375,0.041257729,0.038883107050000004,0.054723141574999946,19158992,1.0476467148088418e-15,3.8110470490019397e-14
20260316_123334,2026-03-16T12:33:34.504,ill_conditioned,short_wide,512,1024,2.000000,20260311,1,dgeqp3_trsm,materialize_qrp,0.022613209000000002,0.024862146,0.023060019975000002,0.053563347825,31970976,1.0514116480075422e-15,3.8554558510551614e-14
20260316_123334,2026-03-16T12:33:34.504,ill_conditioned,short_wide,512,2048,4.000000,20260311,1,bsqr_full,materialize_qrp,0.072293125,0.0779539375,0.07242187267500001,0.13152143517499995,29726592,1.076374121529341e-15,3.8129834176531226e-14
20260316_123334,2026-03-16T12:33:34.504,ill_conditioned,short_wide,512,2048,4.000000,20260311,1,dgeqp3,materialize_qrp,0.041355291,0.0433524585,0.041402506625,0.07705533845000001,36476256,1.1212462343439885e-15,3.85068933022288e-14
20260316_123334,2026-03-16T12:33:34.504,ill_conditioned,short_wide,512,2048,4.000000,20260311,1,bsqr_rinv,materialize_qrp,0.07372766700000001,0.08042637500000001,0.074463813875,0.13379327484999995,36018128,1.076374121529341e-15,3.8129834176531226e-14
20260316_123334,2026-03-16T12:33:34.504,ill_conditioned,short_wide,512,2048,4.000000,20260311,1,dgeqp3_trsm,materialize_qrp,0.045607875000000006,0.0478094375,0.045757979725,0.08174963735,61642400,1.1212462343439885e-15,3.85068933022288e-14
20260316_123334,2026-03-16T12:33:34.504,ill_conditioned,short_wide,512,4096,8.000000,20260311,1,bsqr_full,materialize_qrp,0.222928708,0.298085708,0.226170147725,0.33805938925,55056256,1.1290595583961962e-15,3.8094863018157325e-14
20260316_123334,2026-03-16T12:33:34.504,ill_conditioned,short_wide,512,4096,8.000000,20260311,1,dgeqp3,materialize_qrp,0.107529833,0.15578839600000002,0.10795290095000001,0.266778510325,70620512,1.1772011310357963e-15,3.833494285734908e-14
20260316_123334,2026-03-16T12:33:34.504,ill_conditioned,short_wide,512,4096,8.000000,20260311,1,bsqr_rinv,materialize_qrp,0.272509333,0.31816512550000003,0.276304895875,0.393609119625,71833552,1.1290595583961962e-15,3.8094863018157325e-14
20260316_123334,2026-03-16T12:33:34.504,ill_conditioned,short_wide,512,4096,8.000000,20260311,1,dgeqp3_trsm,materialize_qrp,0.112020542,0.129122167,0.1142529069,0.18088052065,127243936,1.1772011310357963e-15,3.833494285734908e-14
20260316_123334,2026-03-16T12:33:34.504,ill_conditioned,short_wide,512,5120,10.000000,20260311,1,bsqr_full,materialize_qrp,0.45647275000000004,0.553277875,0.45893374375,0.681428338025,67966848,1.1165908654749579e-15,3.8031767925334215e-14
20260316_123334,2026-03-16T12:33:34.504,ill_conditioned,short_wide,512,5120,10.000000,20260311,1,dgeqp3,materialize_qrp,0.2431655,0.27657775,0.2445218378,0.3361177475499999,87725408,1.1771129262017436e-15,3.836705133566732e-14
20260316_123334,2026-03-16T12:33:34.504,ill_conditioned,short_wide,512,5120,10.000000,20260311,1,bsqr_rinv,materialize_qrp,0.48077854200000003,0.553402041,0.487082342,0.6212674497999999,86841296,1.1165908654749579e-15,3.8031767925334215e-14
20260316_123334,2026-03-16T12:33:34.504,ill_conditioned,short_wide,512,5120,10.000000,20260311,1,dgeqp3_trsm,materialize_qrp,0.263381167,0.2784089375,0.263687981725,0.33506276785,150640288,1.1771129262017436e-15,3.836705133566732e-14
20260316_123334,2026-03-16T12:33:34.504,orthonormal_rows,square,64,64,1.000000,20260311,1,bsqr_full,materialize_qrp,8.562500000000001e-5,0.00010172950000000001,8.580625e-5,0.00013351032499999988,236896,6.269559095007357e-16,6.0119492575473695e-15
20260316_123334,2026-03-16T12:33:34.504,orthonormal_rows,square,64,64,1.000000,20260311,1,dgeqp3,materialize_qrp,6.6834e-5,6.9959e-5,6.737702500000001e-5,9.982012499999996e-5,250208,6.827615026093719e-16,6.357178775128149e-15
20260316_123334,2026-03-16T12:33:34.504,orthonormal_rows,square,64,64,1.000000,20260311,1,bsqr_rinv,materialize_qrp,7.7833e-5,0.00010560450000000001,8.142827499999999e-5,0.000171260325,236944,6.269559095007357e-16,6.0119492575473695e-15
20260316_123334,2026-03-16T12:33:34.504,orthonormal_rows,square,64,64,1.000000,20260311,1,dgeqp3_trsm,materialize_qrp,6.2166e-5,6.7854e-5,6.355582500000001e-5,8.396547499999997e-5,250208,6.827615026093719e-16,6.357178775128149e-15
20260316_123334,2026-03-16T12:33:34.504,orthonormal_rows,square,128,128,1.000000,20260311,1,bsqr_full,materialize_qrp,0.000424958,0.00045816700000000005,0.00043353765,0.00049956235,767168,8.370727128074633e-16,1.0834818553018371e-14
20260316_123334,2026-03-16T12:33:34.504,orthonormal_rows,square,128,128,1.000000,20260311,1,dgeqp3,materialize_qrp,0.000309583,0.000348063,0.00032048845,0.000422850425,823744,8.576539599550105e-16,1.1009621390099485e-14
20260316_123334,2026-03-16T12:33:34.504,orthonormal_rows,square,128,128,1.000000,20260311,1,bsqr_rinv,materialize_qrp,0.00042275,0.00044227100000000005,0.00042773437500000005,0.000480240475,767216,8.370727128074633e-16,1.0834818553018371e-14
20260316_123334,2026-03-16T12:33:34.504,orthonormal_rows,square,128,128,1.000000,20260311,1,dgeqp3_trsm,materialize_qrp,0.000297458,0.00031681300000000004,0.000298183725,0.000349734375,823744,8.576539599550105e-16,1.1009621390099485e-14
20260316_123334,2026-03-16T12:33:34.504,orthonormal_rows,square,256,256,1.000000,20260311,1,bsqr_full,materialize_qrp,0.003355666,0.0036432495,0.00338194725,0.005210573899999996,2776928,9.98788116144698e-16,1.971508847492146e-14
20260316_123334,2026-03-16T12:33:34.504,orthonormal_rows,square,256,256,1.000000,20260311,1,dgeqp3,materialize_qrp,0.0018169590000000002,0.0020292705000000003,0.0018526949750000002,0.002586469974999999,2858336,1.0432080293944526e-15,2.0570821147944165e-14
20260316_123334,2026-03-16T12:33:34.504,orthonormal_rows,square,256,256,1.000000,20260311,1,bsqr_rinv,materialize_qrp,0.0031225000000000003,0.0035654375,0.003297889825,0.004690423624999997,2776976,9.98788116144698e-16,1.971508847492146e-14
20260316_123334,2026-03-16T12:33:34.504,orthonormal_rows,square,256,256,1.000000,20260311,1,dgeqp3_trsm,materialize_qrp,0.0018277920000000002,0.0021321455,0.0018509311000000001,0.0033510328500000004,2858336,1.0432080293944526e-15,2.0570821147944165e-14
20260316_123334,2026-03-16T12:33:34.504,orthonormal_rows,square,384,384,1.000000,20260311,1,bsqr_full,materialize_qrp,0.008228792,0.0094731875,0.00827464825,0.012550736125,6097760,1.166025903266226e-15,2.8993423667171797e-14
20260316_123334,2026-03-16T12:33:34.504,orthonormal_rows,square,384,384,1.000000,20260311,1,dgeqp3,materialize_qrp,0.004048875,0.004564479000000001,0.00411488045,0.0061261648250000005,6203744,1.1979445679741727e-15,2.964461810303838e-14
20260316_123334,2026-03-16T12:33:34.504,orthonormal_rows,square,384,384,1.000000,20260311,1,bsqr_rinv,materialize_qrp,0.00868525,0.009300125000000001,0.008724128125000001,0.011863877699999997,6097808,1.166025903266226e-15,2.8993423667171797e-14
20260316_123334,2026-03-16T12:33:34.504,orthonormal_rows,square,384,384,1.000000,20260311,1,dgeqp3_trsm,materialize_qrp,0.003962417,0.004581354,0.004099834950000001,0.006044290049999998,6203744,1.1979445679741727e-15,2.964461810303838e-14
20260316_123334,2026-03-16T12:33:34.504,orthonormal_rows,square,512,512,1.000000,20260311,1,bsqr_full,materialize_qrp,0.018989167,0.020132562500000003,0.019071453775,0.024922855599999995,10729344,1.3090932903667209e-15,3.7698567965883765e-14
20260316_123334,2026-03-16T12:33:34.504,orthonormal_rows,square,512,512,1.000000,20260311,1,dgeqp3,materialize_qrp,0.009425125000000001,0.010507625000000001,0.009444851525,0.013806941999999997,10859872,1.3433990879958013e-15,3.846504948833939e-14
20260316_123334,2026-03-16T12:33:34.504,orthonormal_rows,square,512,512,1.000000,20260311,1,bsqr_rinv,materialize_qrp,0.019303833000000003,0.0212542085,0.019311173625000004,0.025359489824999998,10729392,1.3090932903667209e-15,3.7698567965883765e-14
20260316_123334,2026-03-16T12:33:34.504,orthonormal_rows,square,512,512,1.000000,20260311,1,dgeqp3_trsm,materialize_qrp,0.008761125,0.009599229,0.008887335175,0.011920071225,10859872,1.3433990879958013e-15,3.846504948833939e-14
20260316_123334,2026-03-16T12:33:34.504,orthonormal_rows,short_wide,32,64,2.000000,20260311,1,bsqr_full,materialize_qrp,2.8041e-5,3.1625e-5,2.8132350000000005e-5,4.834264999999997e-5,138336,5.420792876210207e-16,3.062058114139742e-15
20260316_123334,2026-03-16T12:33:34.504,orthonormal_rows,short_wide,32,64,2.000000,20260311,1,dgeqp3,materialize_qrp,1.9292e-5,2.0146e-5,1.9382625e-5,2.833002499999997e-5,159840,5.635001504903682e-16,3.3073679938691926e-15
20260316_123334,2026-03-16T12:33:34.504,orthonormal_rows,short_wide,32,64,2.000000,20260311,1,bsqr_rinv,materialize_qrp,2.7583000000000003e-5,2.8313e-5,2.7613450000000002e-5,3.824549999999997e-5,146608,5.420792876210207e-16,3.062058114139742e-15
20260316_123334,2026-03-16T12:33:34.504,orthonormal_rows,short_wide,32,64,2.000000,20260311,1,dgeqp3_trsm,materialize_qrp,3.2417000000000005e-5,4.3604000000000005e-5,3.27795e-5,0.0003563517499999985,209312,5.635001504903682e-16,3.3073679938691926e-15
20260316_123334,2026-03-16T12:33:34.504,orthonormal_rows,short_wide,32,128,4.000000,20260311,1,bsqr_full,materialize_qrp,4.5709000000000006e-5,4.8292000000000005e-5,4.58598e-5,5.9621874999999984e-5,192928,5.273533615808201e-16,3.1463667105243177e-15
20260316_123334,2026-03-16T12:33:34.504,orthonormal_rows,short_wide,32,128,4.000000,20260311,1,dgeqp3,materialize_qrp,3.1291e-5,3.55205e-5,3.13519e-5,4.3922025e-5,274080,6.540903768178375e-16,3.8260518191178164e-15
20260316_123334,2026-03-16T12:33:34.504,orthonormal_rows,short_wide,32,128,4.000000,20260311,1,bsqr_rinv,materialize_qrp,4.9500000000000004e-5,5.0854500000000006e-5,4.9560175000000005e-5,6.6285975e-5,217584,5.273533615808201e-16,3.1463667105243177e-15
20260316_123334,2026-03-16T12:33:34.504,orthonormal_rows,short_wide,32,128,4.000000,20260311,1,dgeqp3_trsm,materialize_qrp,4.0833e-5,4.75205e-5,4.201185e-5,6.1854875e-5,372704,6.540903768178375e-16,3.8260518191178164e-15
20260316_123334,2026-03-16T12:33:34.504,orthonormal_rows,short_wide,32,256,8.000000,20260311,1,bsqr_full,materialize_qrp,9.3417e-5,0.000101125,9.441315e-5,0.00012885189999999999,301152,5.269642881783617e-16,2.7950799225358585e-15
20260316_123334,2026-03-16T12:33:34.504,orthonormal_rows,short_wide,32,256,8.000000,20260311,1,dgeqp3,materialize_qrp,5.9417000000000004e-5,6.425e-5,6.0353700000000005e-5,7.1890775e-5,439904,6.088436480117347e-16,3.463557080422177e-15
20260316_123334,2026-03-16T12:33:34.504,orthonormal_rows,short_wide,32,256,8.000000,20260311,1,bsqr_rinv,materialize_qrp,9.325e-5,0.00010145850000000001,9.533437500000001e-5,0.00011329942500000001,366768,5.269642881783617e-16,2.7950799225358585e-15
20260316_123334,2026-03-16T12:33:34.504,orthonormal_rows,short_wide,32,256,8.000000,20260311,1,dgeqp3_trsm,materialize_qrp,7.1958e-5,8.914550000000001e-5,7.6066575e-5,0.00010291917500000001,645024,6.088436480117347e-16,3.463557080422177e-15
20260316_123334,2026-03-16T12:33:34.504,orthonormal_rows,short_wide,32,320,10.000000,20260311,1,bsqr_full,materialize_qrp,0.000112584,0.00012191650000000001,0.000115030875,0.000141243375,404576,5.449148372009156e-16,2.9132209663088834e-15
20260316_123334,2026-03-16T12:33:34.504,orthonormal_rows,short_wide,32,320,10.000000,20260311,1,dgeqp3,materialize_qrp,7.8792e-5,8.15835e-5,7.8792e-5,8.916605e-5,572000,6.284839934613921e-16,3.616765127998936e-15
20260316_123334,2026-03-16T12:33:34.504,orthonormal_rows,short_wide,32,320,10.000000,20260311,1,bsqr_rinv,materialize_qrp,0.000122375,0.00013547950000000002,0.0001226766,0.00016770857499999995,502960,5.449148372009156e-16,2.9132209663088834e-15
20260316_123334,2026-03-16T12:33:34.504,orthonormal_rows,short_wide,32,320,10.000000,20260311,1,dgeqp3_trsm,materialize_qrp,0.000104417,0.000111958,0.00010447717500000001,0.0001256734,875424,6.284839934613921e-16,3.616765127998936e-15
20260316_123334,2026-03-16T12:33:34.504,orthonormal_rows,short_wide,64,128,2.000000,20260311,1,bsqr_full,materialize_qrp,0.00013175,0.00014004150000000002,0.00013259535,0.00016532092499999999,340640,7.123364605034118e-16,6.03177498466195e-15
20260316_123334,2026-03-16T12:33:34.504,orthonormal_rows,short_wide,64,128,2.000000,20260311,1,dgeqp3,materialize_qrp,9.108300000000001e-5,9.9375e-5,9.135487500000001e-5,0.00011636795,429984,7.395056277123489e-16,6.257293394323148e-15
20260316_123334,2026-03-16T12:33:34.504,orthonormal_rows,short_wide,64,128,2.000000,20260311,1,bsqr_rinv,materialize_qrp,0.00013416600000000002,0.00014208300000000002,0.00013615975,0.00016334252499999998,373488,7.123364605034118e-16,6.03177498466195e-15
20260316_123334,2026-03-16T12:33:34.504,orthonormal_rows,short_wide,64,128,2.000000,20260311,1,dgeqp3_trsm,materialize_qrp,0.00010541600000000001,0.00011983350000000001,0.000106866725,0.000127991725,626912,7.395056277123489e-16,6.257293394323148e-15
20260316_123334,2026-03-16T12:33:34.504,orthonormal_rows,short_wide,64,256,4.000000,20260311,1,bsqr_full,materialize_qrp,0.000317292,0.00033072900000000004,0.000317382625,0.000344190625,547168,7.540837900812984e-16,6.066604480677455e-15
20260316_123334,2026-03-16T12:33:34.504,orthonormal_rows,short_wide,64,256,4.000000,20260311,1,dgeqp3,materialize_qrp,0.00016475000000000002,0.000184708,0.00017323830000000003,0.00019975297500000002,726880,7.505683707396436e-16,6.238258755568025e-15
20260316_123334,2026-03-16T12:33:34.504,orthonormal_rows,short_wide,64,256,4.000000,20260311,1,bsqr_rinv,materialize_qrp,0.000369458,0.00038325,0.00037018372500000003,0.0007602847499999997,645552,7.540837900812984e-16,6.066604480677455e-15
20260316_123334,2026-03-16T12:33:34.504,orthonormal_rows,short_wide,64,256,4.000000,20260311,1,dgeqp3_trsm,materialize_qrp,0.00022175000000000002,0.00025343800000000004,0.00022501250000000003,0.00033729455000000005,1120416,7.505683707396436e-16,6.238258755568025e-15
20260316_123334,2026-03-16T12:33:34.504,orthonormal_rows,short_wide,64,512,8.000000,20260311,1,bsqr_full,materialize_qrp,0.0008337920000000001,0.000879083,0.00084188735,0.0009148634500000001,960864,7.891137543035364e-16,6.3571863057206475e-15
20260316_123334,2026-03-16T12:33:34.504,orthonormal_rows,short_wide,64,512,8.000000,20260311,1,dgeqp3,materialize_qrp,0.000453042,0.000513291,0.00045790530000000004,0.00064028205,1320800,7.74290819504142e-16,6.1206161459900555e-15
20260316_123334,2026-03-16T12:33:34.504,orthonormal_rows,short_wide,64,512,8.000000,20260311,1,bsqr_rinv,materialize_qrp,0.0008405410000000001,0.0009465835,0.0008499660000000001,0.0010630994250000001,1190320,7.891137543035364e-16,6.3571863057206475e-15
20260316_123334,2026-03-16T12:33:34.504,orthonormal_rows,short_wide,64,512,8.000000,20260311,1,dgeqp3_trsm,materialize_qrp,0.000562834,0.000592458,0.00056404185,0.001035328274999998,2107552,7.74290819504142e-16,6.1206161459900555e-15
20260316_123334,2026-03-16T12:33:34.504,orthonormal_rows,short_wide,64,640,10.000000,20260311,1,bsqr_full,materialize_qrp,0.0011207090000000001,0.001206479,0.001123608275,0.0013006832750000002,1167712,7.240834751108849e-16,5.6658525928105906e-15
20260316_123334,2026-03-16T12:33:34.504,orthonormal_rows,short_wide,64,640,10.000000,20260311,1,dgeqp3,materialize_qrp,0.000618667,0.000692792,0.000637395925,0.00268504294999999,1617760,8.129638950252823e-16,6.8462308351347255e-15
20260316_123334,2026-03-16T12:33:34.504,orthonormal_rows,short_wide,64,640,10.000000,20260311,1,bsqr_rinv,materialize_qrp,0.0010954580000000001,0.001155812,0.0010967876500000001,0.001270495775,1462704,7.240834751108849e-16,5.6658525928105906e-15
20260316_123334,2026-03-16T12:33:34.504,orthonormal_rows,short_wide,64,640,10.000000,20260311,1,dgeqp3_trsm,materialize_qrp,0.000681291,0.0007704585000000001,0.0006816237750000001,0.0018835593749999952,2601120,8.129638950252823e-16,6.8462308351347255e-15
20260316_123334,2026-03-16T12:33:34.504,orthonormal_rows,short_wide,128,256,2.000000,20260311,1,bsqr_full,materialize_qrp,0.001192375,0.001244021,0.00119726875,0.001776513299999998,1170304,9.22636577676721e-16,1.0488850194407091e-14
20260316_123334,2026-03-16T12:33:34.504,orthonormal_rows,short_wide,128,256,2.000000,20260311,1,dgeqp3,materialize_qrp,0.0007161250000000001,0.0007723960000000001,0.00072579215,0.0010891097999999985,1382784,9.40548148785616e-16,1.124771932705122e-14
20260316_123334,2026-03-16T12:33:34.504,orthonormal_rows,short_wide,128,256,2.000000,20260311,1,bsqr_rinv,materialize_qrp,0.001194042,0.0012386250000000001,0.00120639745,0.0013041609,1301456,9.22636577676721e-16,1.0488850194407091e-14
20260316_123334,2026-03-16T12:33:34.504,orthonormal_rows,short_wide,128,256,2.000000,20260311,1,dgeqp3_trsm,materialize_qrp,0.0007922500000000001,0.0008526670000000001,0.0008019171500000001,0.0016711983999999963,2169536,9.40548148785616e-16,1.124771932705122e-14
20260316_123334,2026-03-16T12:33:34.504,orthonormal_rows,short_wide,128,512,4.000000,20260311,1,bsqr_full,materialize_qrp,0.00268175,0.0029637500000000002,0.0028179296500000003,0.004984283574999995,1977216,9.49650926803766e-16,1.0753261927931248e-14
20260316_123334,2026-03-16T12:33:34.504,orthonormal_rows,short_wide,128,512,4.000000,20260311,1,dgeqp3,materialize_qrp,0.001590416,0.0017905205,0.0016532800250000001,0.002933408424999995,2500992,9.904782218111183e-16,1.1198305508062186e-14
20260316_123334,2026-03-16T12:33:34.504,orthonormal_rows,short_wide,128,512,4.000000,20260311,1,bsqr_rinv,materialize_qrp,0.002844,0.0030660830000000003,0.0028529718749999997,0.004154005674999996,2370512,9.49650926803766e-16,1.0753261927931248e-14
20260316_123334,2026-03-16T12:33:34.504,orthonormal_rows,short_wide,128,512,4.000000,20260311,1,dgeqp3_trsm,materialize_qrp,0.0017019580000000002,0.0019561875,0.0017329822000000002,0.0043601342249999986,4074176,9.904782218111183e-16,1.1198305508062186e-14
20260316_123334,2026-03-16T12:33:34.504,orthonormal_rows,short_wide,128,1024,8.000000,20260311,1,bsqr_full,materialize_qrp,0.0049909590000000005,0.0052786465,0.005007512925000001,0.008989368599999997,3591040,9.002448262548082e-16,1.0440218717869942e-14
20260316_123334,2026-03-16T12:33:34.504,orthonormal_rows,short_wide,128,1024,8.000000,20260311,1,dgeqp3,materialize_qrp,0.002666125,0.0029374375000000004,0.0026929500000000004,0.00668878815,4737408,9.580885158889836e-16,1.1284367786514897e-14
20260316_123334,2026-03-16T12:33:34.504,orthonormal_rows,short_wide,128,1024,8.000000,20260311,1,bsqr_rinv,materialize_qrp,0.005086375000000001,0.0054814370000000005,0.005099546075,0.010026002324999998,4508624,9.002448262548082e-16,1.0440218717869942e-14
20260316_123334,2026-03-16T12:33:34.504,orthonormal_rows,short_wide,128,1024,8.000000,20260311,1,dgeqp3_trsm,materialize_qrp,0.0030839580000000004,0.0034369995,0.0032224939,0.009259096299999995,7883456,9.580885158889836e-16,1.1284367786514897e-14
20260316_123334,2026-03-16T12:33:34.504,orthonormal_rows,short_wide,128,1280,10.000000,20260311,1,bsqr_full,materialize_qrp,0.006019,0.006300062,0.006030177325,0.01057881795,4397952,9.280100935897126e-16,1.0821953969564217e-14
20260316_123334,2026-03-16T12:33:34.504,orthonormal_rows,short_wide,128,1280,10.000000,20260311,1,dgeqp3,materialize_qrp,0.0031737500000000004,0.0035266250000000002,0.0032187000000000006,0.006400891049999994,5855616,9.496281694273122e-16,1.1339281150025586e-14
20260316_123334,2026-03-16T12:33:34.504,orthonormal_rows,short_wide,128,1280,10.000000,20260311,1,bsqr_rinv,materialize_qrp,0.0058585830000000005,0.006664813,0.006090250950000001,0.00850526345,5577680,9.280100935897126e-16,1.0821953969564217e-14
20260316_123334,2026-03-16T12:33:34.504,orthonormal_rows,short_wide,128,1280,10.000000,20260311,1,dgeqp3_trsm,materialize_qrp,0.003726417,0.004107646,0.0037365068250000003,0.008852863450000002,9788096,9.496281694273122e-16,1.1339281150025586e-14
20260316_123334,2026-03-16T12:33:34.504,orthonormal_rows,short_wide,256,512,2.000000,20260311,1,bsqr_full,materialize_qrp,0.007857792,0.008141729,0.007862745925000001,0.012065835899999999,4370272,1.1247221240627105e-15,2.0003779192570235e-14
20260316_123334,2026-03-16T12:33:34.504,orthonormal_rows,short_wide,256,512,2.000000,20260311,1,dgeqp3,materialize_qrp,0.003456209,0.0038631875000000003,0.003517289525,0.006805216274999998,5025120,1.1789036030609456e-15,2.051022881013409e-14
20260316_123334,2026-03-16T12:33:34.504,orthonormal_rows,short_wide,256,512,2.000000,20260311,1,bsqr_rinv,materialize_qrp,0.0078117080000000005,0.008228063,0.007909129875,0.010387079649999999,4894640,1.1247221240627105e-15,2.0003779192570235e-14
20260316_123334,2026-03-16T12:33:34.504,orthonormal_rows,short_wide,256,512,2.000000,20260311,1,dgeqp3_trsm,materialize_qrp,0.004024042,0.00435675,0.004042801375,0.008053822024999999,8171168,1.1789036030609456e-15,2.051022881013409e-14
20260316_123334,2026-03-16T12:33:34.504,orthonormal_rows,short_wide,256,1024,4.000000,20260311,1,bsqr_full,materialize_qrp,0.01405425,0.015162583,0.014179977325000002,0.021377626375,7556960,1.1546422029174667e-15,2.0140416645569172e-14
20260316_123334,2026-03-16T12:33:34.504,orthonormal_rows,short_wide,256,1024,4.000000,20260311,1,dgeqp3,materialize_qrp,0.006798083000000001,0.007290083,0.006843879075,0.012113215049999994,9358688,1.211958117887987e-15,2.0439585012845147e-14
20260316_123334,2026-03-16T12:33:34.504,orthonormal_rows,short_wide,256,1024,4.000000,20260311,1,bsqr_rinv,materialize_qrp,0.015077833,0.016463250000000002,0.015135259525,0.022516877025,9129904,1.1546422029174667e-15,2.0140416645569172e-14
20260316_123334,2026-03-16T12:33:34.504,orthonormal_rows,short_wide,256,1024,4.000000,20260311,1,dgeqp3_trsm,materialize_qrp,0.007358334,0.0087238125,0.007615889525000001,0.013063842799999996,15650464,1.211958117887987e-15,2.0439585012845147e-14
20260316_123334,2026-03-16T12:33:34.504,orthonormal_rows,short_wide,256,2048,8.000000,20260311,1,bsqr_full,materialize_qrp,0.024331083,0.030655999500000003,0.024556135325,0.033125164250000005,13930336,1.1482492885023833e-15,1.9768642320721936e-14
20260316_123334,2026-03-16T12:33:34.504,orthonormal_rows,short_wide,256,2048,8.000000,20260311,1,dgeqp3,materialize_qrp,0.01231625,0.013771749500000001,0.012555349200000001,0.017171378775000003,18058592,1.2269016640462727e-15,2.0295283694506457e-14
20260316_123334,2026-03-16T12:33:34.504,orthonormal_rows,short_wide,256,2048,8.000000,20260311,1,bsqr_rinv,materialize_qrp,0.025167250000000002,0.028648416500000003,0.025204345349999997,0.04538956307499993,17600432,1.1482492885023833e-15,1.9768642320721936e-14
20260316_123334,2026-03-16T12:33:34.504,orthonormal_rows,short_wide,256,2048,8.000000,20260311,1,dgeqp3_trsm,materialize_qrp,0.014736791,0.0159784375,0.014850767525000003,0.03134057972499994,30641824,1.2269016640462727e-15,2.0295283694506457e-14
20260316_123334,2026-03-16T12:33:34.504,orthonormal_rows,short_wide,256,2560,10.000000,20260311,1,bsqr_full,materialize_qrp,0.030617792,0.0359147915,0.031071852975,0.05927611969999992,17117024,1.1510909689619592e-15,1.9752213432503048e-14
20260316_123334,2026-03-16T12:33:34.504,orthonormal_rows,short_wide,256,2560,10.000000,20260311,1,dgeqp3,materialize_qrp,0.015486542,0.016968958500000002,0.015648095925,0.03326686234999995,22392160,1.2201134255060414e-15,2.0221695396395895e-14
20260316_123334,2026-03-16T12:33:34.504,orthonormal_rows,short_wide,256,2560,10.000000,20260311,1,bsqr_rinv,materialize_qrp,0.032507958,0.038658479,0.032560702475,0.0426293556,21835696,1.1510909689619592e-15,1.9752213432503048e-14
20260316_123334,2026-03-16T12:33:34.504,orthonormal_rows,short_wide,256,2560,10.000000,20260311,1,dgeqp3_trsm,materialize_qrp,0.018840791000000003,0.020553021,0.01899183315,0.062226619699999985,38121120,1.2201134255060414e-15,2.0221695396395895e-14
20260316_123334,2026-03-16T12:33:34.504,orthonormal_rows,short_wide,512,1024,2.000000,20260311,1,bsqr_full,materialize_qrp,0.040214167,0.048125333000000006,0.040573706825,0.06453017309999994,17061760,1.4897571750559473e-15,3.7764659514665687e-14
20260316_123334,2026-03-16T12:33:34.504,orthonormal_rows,short_wide,512,1024,2.000000,20260311,1,dgeqp3,materialize_qrp,0.017994333,0.0198137915,0.018003818175000002,0.03549672892499994,19387744,1.540152016952854e-15,3.818395125177994e-14
20260316_123334,2026-03-16T12:33:34.504,orthonormal_rows,short_wide,512,1024,2.000000,20260311,1,bsqr_rinv,materialize_qrp,0.043680459000000005,0.047786562500000004,0.044786990250000006,0.06654937404999993,19158992,1.4897571750559473e-15,3.7764659514665687e-14
20260316_123334,2026-03-16T12:33:34.504,orthonormal_rows,short_wide,512,1024,2.000000,20260311,1,dgeqp3_trsm,materialize_qrp,0.018476042,0.020807833,0.018604487350000004,0.032626305599999954,31970976,1.540152016952854e-15,3.818395125177994e-14
20260316_123334,2026-03-16T12:33:34.504,orthonormal_rows,short_wide,512,2048,4.000000,20260311,1,bsqr_full,materialize_qrp,0.08017975000000001,0.096761333,0.083073103925,0.14810453002500001,29726592,1.5399396041463713e-15,3.781977816392975e-14
20260316_123334,2026-03-16T12:33:34.504,orthonormal_rows,short_wide,512,2048,4.000000,20260311,1,dgeqp3,materialize_qrp,0.031744833,0.0349967915,0.032237410325,0.04904692129999995,36476256,1.6071497700738994e-15,3.8700041305413685e-14
20260316_123334,2026-03-16T12:33:34.504,orthonormal_rows,short_wide,512,2048,4.000000,20260311,1,bsqr_rinv,materialize_qrp,0.084309542,0.09753310400000001,0.08445937485,0.16762118109999993,36018128,1.5399396041463713e-15,3.781977816392975e-14
20260316_123334,2026-03-16T12:33:34.504,orthonormal_rows,short_wide,512,2048,4.000000,20260311,1,dgeqp3_trsm,materialize_qrp,0.035809375000000004,0.0391440625,0.03673776795,0.07261457064999999,61642400,1.6071497700738994e-15,3.8700041305413685e-14
20260316_123334,2026-03-16T12:33:34.504,orthonormal_rows,short_wide,512,4096,8.000000,20260311,1,bsqr_full,materialize_qrp,0.273212834,0.324170563,0.27400334937500004,0.36907143725,55056256,1.5711646219648074e-15,3.789347578481332e-14
20260316_123334,2026-03-16T12:33:34.504,orthonormal_rows,short_wide,512,4096,8.000000,20260311,1,dgeqp3,materialize_qrp,0.08513179100000001,0.0975175625,0.08725271832500002,0.1433829625,70620512,1.6361130878243134e-15,3.8742903350013603e-14
20260316_123334,2026-03-16T12:33:34.504,orthonormal_rows,short_wide,512,4096,8.000000,20260311,1,bsqr_rinv,materialize_qrp,0.2920505,0.341474375,0.29337783125,0.37843515865,71833552,1.5711646219648074e-15,3.789347578481332e-14
20260316_123334,2026-03-16T12:33:34.504,orthonormal_rows,short_wide,512,4096,8.000000,20260311,1,dgeqp3_trsm,materialize_qrp,0.09973770800000001,0.1144744585,0.10170792595000001,0.20006616372499986,125146784,1.6361130878243134e-15,3.8742903350013603e-14
20260316_123334,2026-03-16T12:33:34.504,orthonormal_rows,short_wide,512,5120,10.000000,20260311,1,bsqr_full,materialize_qrp,0.47176700000000005,0.5363078335,0.47744552187500006,0.592073349925,67966848,1.5739952373701468e-15,3.8439920961357106e-14
20260316_123334,2026-03-16T12:33:34.504,orthonormal_rows,short_wide,512,5120,10.000000,20260311,1,dgeqp3,materialize_qrp,0.196360792,0.21037283350000002,0.19899606472500003,0.25791381700000005,87725408,1.6284985366411922e-15,3.812301586658752e-14
20260316_123334,2026-03-16T12:33:34.504,orthonormal_rows,short_wide,512,5120,10.000000,20260311,1,bsqr_rinv,materialize_qrp,0.48099675000000003,0.531995729,0.488151046875,0.6321381299500001,86841296,1.5739952373701468e-15,3.8439920961357106e-14
20260316_123334,2026-03-16T12:33:34.504,orthonormal_rows,short_wide,512,5120,10.000000,20260311,1,dgeqp3_trsm,materialize_qrp,0.215496916,0.233544875,0.218449354,0.2791716875,150640288,1.6284985366411922e-15,3.812301586658752e-14
20260316_123334,2026-03-16T12:33:34.504,gaussian,square,64,64,1.000000,20260310,4,bsqr_full,materialize_qrp,7.3916e-5,7.62915e-5,7.403707500000001e-5,0.00012902027499999997,236896,5.533550057830302e-16,6.157824457400668e-15
20260316_123334,2026-03-16T12:33:34.504,gaussian,square,64,64,1.000000,20260310,4,dgeqp3,materialize_qrp,6.275000000000001e-5,6.94375e-5,6.492499999999999e-5,9.689782499999999e-5,250208,5.884699445236682e-16,6.885819648643135e-15
20260316_123334,2026-03-16T12:33:34.504,gaussian,square,64,64,1.000000,20260310,4,bsqr_rinv,materialize_qrp,7.016700000000001e-5,8.02295e-5,7.0952175e-5,0.00010337702499999999,236944,5.533550057830302e-16,6.157824457400668e-15
20260316_123334,2026-03-16T12:33:34.504,gaussian,square,64,64,1.000000,20260310,4,dgeqp3_trsm,materialize_qrp,5.5458e-5,5.64375e-5,5.5579075e-5,7.804199999999996e-5,250208,5.884699445236682e-16,6.885819648643135e-15
20260316_123334,2026-03-16T12:33:34.504,gaussian,square,128,128,1.000000,20260310,4,bsqr_full,materialize_qrp,0.00042787500000000003,0.00045041650000000004,0.00043156090000000003,0.00046867675000000005,767168,7.328778215630288e-16,1.0543923996940254e-14
20260316_123334,2026-03-16T12:33:34.504,gaussian,square,128,128,1.000000,20260310,4,dgeqp3,materialize_qrp,0.000287584,0.00031075000000000005,0.0002889731,0.000374630025,823744,7.410311847957666e-16,1.1040087235281498e-14
20260316_123334,2026-03-16T12:33:34.504,gaussian,square,128,128,1.000000,20260310,4,bsqr_rinv,materialize_qrp,0.000424125,0.0004425415,0.00042560545,0.0005056402,767216,7.328778215630288e-16,1.0543923996940254e-14
20260316_123334,2026-03-16T12:33:34.504,gaussian,square,128,128,1.000000,20260310,4,dgeqp3_trsm,materialize_qrp,0.00029479100000000003,0.0003095835,0.00029735967500000004,0.00047328067499999933,823744,7.410311847957666e-16,1.1040087235281498e-14
20260316_123334,2026-03-16T12:33:34.504,gaussian,square,256,256,1.000000,20260310,4,bsqr_full,materialize_qrp,0.003338708,0.0035911040000000003,0.0033440251500000003,0.004190209374999999,2776928,8.78338064520323e-16,1.9757030234327516e-14
20260316_123334,2026-03-16T12:33:34.504,gaussian,square,256,256,1.000000,20260310,4,dgeqp3,materialize_qrp,0.001852375,0.002033646,0.0018725234750000003,0.0031853539249999995,2858336,9.351071928314476e-16,2.023588289338543e-14
20260316_123334,2026-03-16T12:33:34.504,gaussian,square,256,256,1.000000,20260310,4,bsqr_rinv,materialize_qrp,0.003176,0.00372025,0.003265416425,0.0057532572,2776976,8.78338064520323e-16,1.9757030234327516e-14
20260316_123334,2026-03-16T12:33:34.504,gaussian,square,256,256,1.000000,20260310,4,dgeqp3_trsm,materialize_qrp,0.001825875,0.0019878540000000003,0.001869526525,0.002513753924999999,2858336,9.351071928314476e-16,2.023588289338543e-14
20260316_123334,2026-03-16T12:33:34.504,gaussian,square,384,384,1.000000,20260310,4,bsqr_full,materialize_qrp,0.008799167,0.009363479000000001,0.0088770436,0.0119573447,6097760,1.03987954966885e-15,2.901038303303234e-14
20260316_123334,2026-03-16T12:33:34.504,gaussian,square,384,384,1.000000,20260310,4,dgeqp3,materialize_qrp,0.004169334,0.0045005415,0.004188637125,0.009454432199999996,6203744,1.0962439568698355e-15,3.014545937529705e-14
20260316_123334,2026-03-16T12:33:34.504,gaussian,square,384,384,1.000000,20260310,4,bsqr_rinv,materialize_qrp,0.008582416,0.009218,0.008726540925,0.01217664905,6097808,1.03987954966885e-15,2.901038303303234e-14
20260316_123334,2026-03-16T12:33:34.504,gaussian,square,384,384,1.000000,20260310,4,dgeqp3_trsm,materialize_qrp,0.004071792,0.0046274375000000005,0.004086322450000001,0.006151420924999999,6203744,1.0962439568698355e-15,3.014545937529705e-14
20260316_123334,2026-03-16T12:33:34.504,gaussian,square,512,512,1.000000,20260310,4,bsqr_full,materialize_qrp,0.019167083,0.020384041500000002,0.019240398625000002,0.022628568325,10729344,1.1940961519354435e-15,3.7986907908942624e-14
20260316_123334,2026-03-16T12:33:34.504,gaussian,square,512,512,1.000000,20260310,4,dgeqp3,materialize_qrp,0.009144041,0.0101189795,0.00921490975,0.014883993600000001,10859872,1.2378455379225145e-15,3.86816801933746e-14
20260316_123334,2026-03-16T12:33:34.504,gaussian,square,512,512,1.000000,20260310,4,bsqr_rinv,materialize_qrp,0.019255541,0.021410437,0.01936613395,0.031697366574999976,10729392,1.1940961519354435e-15,3.7986907908942624e-14
20260316_123334,2026-03-16T12:33:34.504,gaussian,square,512,512,1.000000,20260310,4,dgeqp3_trsm,materialize_qrp,0.008754333000000001,0.009657146,0.009059800150000002,0.01176213315,10859872,1.2378455379225145e-15,3.86816801933746e-14
20260316_123334,2026-03-16T12:33:34.504,gaussian,short_wide,32,64,2.000000,20260310,4,bsqr_full,materialize_qrp,2.8542000000000002e-5,3.15e-5,2.8632625000000003e-5,4.145247499999999e-5,138336,4.835098717590868e-16,2.9525604125416648e-15
20260316_123334,2026-03-16T12:33:34.504,gaussian,short_wide,32,64,2.000000,20260310,4,dgeqp3,materialize_qrp,1.9666e-5,2.0188e-5,1.9756625e-5,2.6295774999999988e-5,159840,5.306665983352502e-16,3.483742306929226e-15
20260316_123334,2026-03-16T12:33:34.504,gaussian,short_wide,32,64,2.000000,20260310,4,bsqr_rinv,materialize_qrp,2.8541000000000003e-5,2.9271e-5,2.87527e-5,3.606752499999998e-5,146608,4.835098717590868e-16,2.9525604125416648e-15
20260316_123334,2026-03-16T12:33:34.504,gaussian,short_wide,32,64,2.000000,20260310,4,dgeqp3_trsm,materialize_qrp,2.5959e-5,2.7271e-5,2.6200425000000002e-5,3.99814e-5,209312,5.306665983352502e-16,3.483742306929226e-15
20260316_123334,2026-03-16T12:33:34.504,gaussian,short_wide,32,128,4.000000,20260310,4,bsqr_full,materialize_qrp,4.6250000000000006e-5,4.7063e-5,4.6340625e-5,5.804549999999999e-5,192928,5.326756777656283e-16,3.3203272004137195e-15
20260316_123334,2026-03-16T12:33:34.504,gaussian,short_wide,32,128,4.000000,20260310,4,dgeqp3,materialize_qrp,3.2167e-5,3.56665e-5,3.228735e-5,5.030159999999999e-5,274080,6.072340746631066e-16,3.750578058892803e-15
20260316_123334,2026-03-16T12:33:34.504,gaussian,short_wide,32,128,4.000000,20260310,4,bsqr_rinv,materialize_qrp,4.7791000000000004e-5,4.8916500000000005e-5,4.788162500000001e-5,6.249279999999999e-5,217584,5.326756777656283e-16,3.3203272004137195e-15
20260316_123334,2026-03-16T12:33:34.504,gaussian,short_wide,32,128,4.000000,20260310,4,dgeqp3_trsm,materialize_qrp,4.5917e-5,4.75835e-5,4.609825e-5,6.201699999999999e-5,372704,6.072340746631066e-16,3.750578058892803e-15
20260316_123334,2026-03-16T12:33:34.504,gaussian,short_wide,32,256,8.000000,20260310,4,bsqr_full,materialize_qrp,8.720900000000001e-5,9.512500000000001e-5,8.968560000000001e-5,0.0001063258,301152,5.587361471231404e-16,3.0379943427859746e-15
20260316_123334,2026-03-16T12:33:34.504,gaussian,short_wide,32,256,8.000000,20260310,4,dgeqp3,materialize_qrp,5.6708000000000007e-5,6.68125e-5,6.136032500000001e-5,7.346112500000001e-5,439904,5.891996615831363e-16,3.38495843679928e-15
20260316_123334,2026-03-16T12:33:34.504,gaussian,short_wide,32,256,8.000000,20260310,4,bsqr_rinv,materialize_qrp,9.625000000000001e-5,0.000101521,9.6823475e-5,0.00011054534999999999,366768,5.587361471231404e-16,3.0379943427859746e-15
20260316_123334,2026-03-16T12:33:34.504,gaussian,short_wide,32,256,8.000000,20260310,4,dgeqp3_trsm,materialize_qrp,7.6875e-5,9.1458e-5,7.7358575e-5,9.61367e-5,645024,5.891996615831363e-16,3.38495843679928e-15
20260316_123334,2026-03-16T12:33:34.504,gaussian,short_wide,32,320,10.000000,20260310,4,bsqr_full,materialize_qrp,0.000123792,0.000131667,0.00012391307500000002,0.00017342732499999995,404576,5.659887693733468e-16,3.069499181568871e-15
20260316_123334,2026-03-16T12:33:34.504,gaussian,short_wide,32,320,10.000000,20260310,4,dgeqp3,materialize_qrp,6.612500000000001e-5,8.33955e-5,7.138125e-5,0.00010023220000000001,572000,5.810221680072307e-16,3.2883436227223147e-15
20260316_123334,2026-03-16T12:33:34.504,gaussian,short_wide,32,320,10.000000,20260310,4,bsqr_rinv,materialize_qrp,0.000133583,0.0001386665,0.0001341572,0.00015390095000000003,502960,5.659887693733468e-16,3.069499181568871e-15
20260316_123334,2026-03-16T12:33:34.504,gaussian,short_wide,32,320,10.000000,20260310,4,dgeqp3_trsm,materialize_qrp,0.000106959,0.00011558300000000001,0.0001087106,0.00013036467500000001,875424,5.810221680072307e-16,3.2883436227223147e-15
20260316_123334,2026-03-16T12:33:34.504,gaussian,short_wide,64,128,2.000000,20260310,4,bsqr_full,materialize_qrp,0.00013154100000000002,0.0001399165,0.000132810475,0.00015314317499999999,340640,6.617169753096065e-16,6.219948234932546e-15
20260316_123334,2026-03-16T12:33:34.504,gaussian,short_wide,64,128,2.000000,20260310,4,dgeqp3,materialize_qrp,9.3375e-5,0.00010356200000000001,9.343590000000001e-5,0.000112105025,429984,6.597830765051429e-16,6.112932773859395e-15
20260316_123334,2026-03-16T12:33:34.504,gaussian,short_wide,64,128,2.000000,20260310,4,bsqr_rinv,materialize_qrp,0.000134959,0.0001423125,0.00013523015000000002,0.00015171235,373488,6.617169753096065e-16,6.219948234932546e-15
20260316_123334,2026-03-16T12:33:34.504,gaussian,short_wide,64,128,2.000000,20260310,4,dgeqp3_trsm,materialize_qrp,0.00011254200000000001,0.0001266455,0.00011368967500000002,0.00014283315,626912,6.597830765051429e-16,6.112932773859395e-15
20260316_123334,2026-03-16T12:33:34.504,gaussian,short_wide,64,256,4.000000,20260310,4,bsqr_full,materialize_qrp,0.00031683300000000003,0.00033150000000000003,0.000317709525,0.00034459440000000007,547168,7.141034034723814e-16,6.077652932521102e-15
20260316_123334,2026-03-16T12:33:34.504,gaussian,short_wide,64,256,4.000000,20260310,4,dgeqp3,materialize_qrp,0.000171334,0.0001831255,0.000175351225,0.000195345275,726880,7.30698394984022e-16,6.199472761391778e-15
20260316_123334,2026-03-16T12:33:34.504,gaussian,short_wide,64,256,4.000000,20260310,4,bsqr_rinv,materialize_qrp,0.000327625,0.00034097900000000004,0.00032943750000000003,0.000366566575,645552,7.141034034723814e-16,6.077652932521102e-15
20260316_123334,2026-03-16T12:33:34.504,gaussian,short_wide,64,256,4.000000,20260310,4,dgeqp3_trsm,materialize_qrp,0.00020970800000000002,0.00023456300000000002,0.0002218822,0.00024738125,1120416,7.30698394984022e-16,6.199472761391778e-15
20260316_123334,2026-03-16T12:33:34.504,gaussian,short_wide,64,512,8.000000,20260310,4,bsqr_full,materialize_qrp,0.0008132500000000001,0.0008434585,0.0008152133000000001,0.0008794228250000001,960864,7.511155631944894e-16,6.162754322893893e-15
20260316_123334,2026-03-16T12:33:34.504,gaussian,short_wide,64,512,8.000000,20260310,4,dgeqp3,materialize_qrp,0.00045483300000000003,0.00048675000000000004,0.000471327475,0.00051286875,1320800,7.662225892798759e-16,6.2230568029369374e-15
20260316_123334,2026-03-16T12:33:34.504,gaussian,short_wide,64,512,8.000000,20260310,4,bsqr_rinv,materialize_qrp,0.0008402910000000001,0.0008692295000000001,0.0008496261000000001,0.0009085867,1190320,7.511155631944894e-16,6.162754322893893e-15
20260316_123334,2026-03-16T12:33:34.504,gaussian,short_wide,64,512,8.000000,20260310,4,dgeqp3_trsm,materialize_qrp,0.000498084,0.0005736255000000001,0.000512584,0.0011502595249999975,2107552,7.662225892798759e-16,6.2230568029369374e-15
20260316_123334,2026-03-16T12:33:34.504,gaussian,short_wide,64,640,10.000000,20260310,4,bsqr_full,materialize_qrp,0.001102041,0.001127479,0.0011069050250000002,0.001152305675,1167712,7.4546457677752e-16,6.007454239979572e-15
20260316_123334,2026-03-16T12:33:34.504,gaussian,short_wide,64,640,10.000000,20260310,4,dgeqp3,materialize_qrp,0.0006092500000000001,0.0006448125,0.0006174968750000001,0.0019084043499999937,1617760,7.810874331577469e-16,6.5522527975959505e-15
20260316_123334,2026-03-16T12:33:34.504,gaussian,short_wide,64,640,10.000000,20260310,4,bsqr_rinv,materialize_qrp,0.001123875,0.0011672915000000002,0.0011373179500000002,0.00119823235,1462704,7.4546457677752e-16,6.007454239979572e-15
20260316_123334,2026-03-16T12:33:34.504,gaussian,short_wide,64,640,10.000000,20260310,4,dgeqp3_trsm,materialize_qrp,0.0006900000000000001,0.000747604,0.0006924468750000001,0.0018429006499999945,2601120,7.810874331577469e-16,6.5522527975959505e-15
20260316_123334,2026-03-16T12:33:34.504,gaussian,short_wide,128,256,2.000000,20260310,4,bsqr_full,materialize_qrp,0.0011918340000000001,0.0012146875,0.0011934348,0.0015868877999999985,1170304,8.373320207872965e-16,1.038090415474662e-14
20260316_123334,2026-03-16T12:33:34.504,gaussian,short_wide,128,256,2.000000,20260310,4,dgeqp3,materialize_qrp,0.000740333,0.0007618540000000001,0.0007443205,0.0010759531249999988,1382784,8.951435444118604e-16,1.10749713439502e-14
20260316_123334,2026-03-16T12:33:34.504,gaussian,short_wide,128,256,2.000000,20260310,4,bsqr_rinv,materialize_qrp,0.0012050000000000001,0.001225167,0.001210075,0.00127177065,1301456,8.373320207872965e-16,1.038090415474662e-14
20260316_123334,2026-03-16T12:33:34.504,gaussian,short_wide,128,256,2.000000,20260310,4,dgeqp3_trsm,materialize_qrp,0.0008034170000000001,0.0008428755,0.0008104850250000001,0.0020774722999999944,2169536,8.951435444118604e-16,1.10749713439502e-14
20260316_123334,2026-03-16T12:33:34.504,gaussian,short_wide,128,512,4.000000,20260310,4,bsqr_full,materialize_qrp,0.002737209,0.0028771665,0.00274820435,0.0044519812499999945,1977216,9.11305729556066e-16,1.0585872850415557e-14
20260316_123334,2026-03-16T12:33:34.504,gaussian,short_wide,128,512,4.000000,20260310,4,dgeqp3,materialize_qrp,0.00165375,0.0017924170000000001,0.00166350705,0.003456974199999997,2500992,9.426998103366272e-16,1.1025557048594668e-14
20260316_123334,2026-03-16T12:33:34.504,gaussian,short_wide,128,512,4.000000,20260310,4,bsqr_rinv,materialize_qrp,0.002890667,0.0030722500000000003,0.0029056803000000004,0.005375684524999997,2370512,9.11305729556066e-16,1.0585872850415557e-14
20260316_123334,2026-03-16T12:33:34.504,gaussian,short_wide,128,512,4.000000,20260310,4,dgeqp3_trsm,materialize_qrp,0.001805083,0.001997104,0.0018681884500000002,0.004228529224999999,4074176,9.426998103366272e-16,1.1025557048594668e-14
20260316_123334,2026-03-16T12:33:34.504,gaussian,short_wide,128,1024,8.000000,20260310,4,bsqr_full,materialize_qrp,0.005117084,0.005592479500000001,0.0051220379250000005,0.009395517224999997,3591040,9.204584614748929e-16,1.1061946855717139e-14
20260316_123334,2026-03-16T12:33:34.504,gaussian,short_wide,128,1024,8.000000,20260310,4,dgeqp3,materialize_qrp,0.002690542,0.0029771045,0.00270174905,0.006834829499999999,4737408,9.586999385439055e-16,1.1640526242008219e-14
20260316_123334,2026-03-16T12:33:34.504,gaussian,short_wide,128,1024,8.000000,20260310,4,bsqr_rinv,materialize_qrp,0.00498725,0.005315666500000001,0.005080533575000001,0.008573443325,4508624,9.204584614748929e-16,1.1061946855717139e-14
20260316_123334,2026-03-16T12:33:34.504,gaussian,short_wide,128,1024,8.000000,20260310,4,dgeqp3_trsm,materialize_qrp,0.0030753340000000003,0.0034309165,0.0031413996250000006,0.007097153774999997,7883456,9.586999385439055e-16,1.1640526242008219e-14
20260316_123334,2026-03-16T12:33:34.504,gaussian,short_wide,128,1280,10.000000,20260310,4,bsqr_full,materialize_qrp,0.006020458,0.006525104,0.006078639250000001,0.012827871874999999,4397952,8.782555458091536e-16,1.0510407525464545e-14
20260316_123334,2026-03-16T12:33:34.504,gaussian,short_wide,128,1280,10.000000,20260310,4,dgeqp3,materialize_qrp,0.003155375,0.003441167,0.0032001133,0.005842939824999999,5855616,9.050736686012935e-16,1.072921556293721e-14
20260316_123334,2026-03-16T12:33:34.504,gaussian,short_wide,128,1280,10.000000,20260310,4,bsqr_rinv,materialize_qrp,0.00608925,0.006570271000000001,0.00622920545,0.011296717799999998,5577680,8.782555458091536e-16,1.0510407525464545e-14
20260316_123334,2026-03-16T12:33:34.504,gaussian,short_wide,128,1280,10.000000,20260310,4,dgeqp3_trsm,materialize_qrp,0.0037202090000000004,0.0040458130000000005,0.0037895668500000004,0.008708890774999999,9788096,9.050736686012935e-16,1.072921556293721e-14
20260316_123334,2026-03-16T12:33:34.504,gaussian,short_wide,256,512,2.000000,20260310,4,bsqr_full,materialize_qrp,0.007873083000000001,0.0082614585,0.0078890939,0.011965069174999999,4370272,1.0602547282698988e-15,2.0397104227669935e-14
20260316_123334,2026-03-16T12:33:34.504,gaussian,short_wide,256,512,2.000000,20260310,4,dgeqp3,materialize_qrp,0.0035634160000000002,0.0038849585,0.0035994253000000004,0.008349619974999998,5025120,1.1158782236690142e-15,2.0394316049097268e-14
20260316_123334,2026-03-16T12:33:34.504,gaussian,short_wide,256,512,2.000000,20260310,4,bsqr_rinv,materialize_qrp,0.007576792000000001,0.008077438000000001,0.007711278775,0.010644818325,4894640,1.0602547282698988e-15,2.0397104227669935e-14
20260316_123334,2026-03-16T12:33:34.504,gaussian,short_wide,256,512,2.000000,20260310,4,dgeqp3_trsm,materialize_qrp,0.00399325,0.0042503545,0.004051884375,0.007513152324999998,8171168,1.1158782236690142e-15,2.0394316049097268e-14
20260316_123334,2026-03-16T12:33:34.504,gaussian,short_wide,256,1024,4.000000,20260310,4,bsqr_full,materialize_qrp,0.013832041000000002,0.014858479,0.013861917525,0.019510200000000002,7556960,1.103516382992093e-15,1.9866880571637028e-14
20260316_123334,2026-03-16T12:33:34.504,gaussian,short_wide,256,1024,4.000000,20260310,4,dgeqp3,materialize_qrp,0.006618458000000001,0.007223542,0.006624047025,0.011358812199999997,9358688,1.1690823879598292e-15,2.0322563413181e-14
20260316_123334,2026-03-16T12:33:34.504,gaussian,short_wide,256,1024,4.000000,20260310,4,bsqr_rinv,materialize_qrp,0.013935292,0.0157445,0.013953024050000002,0.040394817799999934,9129904,1.103516382992093e-15,1.9866880571637028e-14
20260316_123334,2026-03-16T12:33:34.504,gaussian,short_wide,256,1024,4.000000,20260310,4,dgeqp3_trsm,materialize_qrp,0.0077435,0.0086103125,0.0077862750000000005,0.014502661699999999,15650464,1.1690823879598292e-15,2.0322563413181e-14
20260316_123334,2026-03-16T12:33:34.504,gaussian,short_wide,256,2048,8.000000,20260310,4,bsqr_full,materialize_qrp,0.024441583000000003,0.028608521,0.025035448625000005,0.033773685175,13930336,1.133759677140803e-15,1.957916491850602e-14
20260316_123334,2026-03-16T12:33:34.504,gaussian,short_wide,256,2048,8.000000,20260310,4,dgeqp3,materialize_qrp,0.01244775,0.013562583500000001,0.012458685175000001,0.017013655449999998,18058592,1.2078015360129928e-15,2.0394085567114e-14
20260316_123334,2026-03-16T12:33:34.504,gaussian,short_wide,256,2048,8.000000,20260310,4,bsqr_rinv,materialize_qrp,0.0261685,0.0331960205,0.026412915625000002,0.04989593407499994,17600432,1.133759677140803e-15,1.957916491850602e-14
20260316_123334,2026-03-16T12:33:34.504,gaussian,short_wide,256,2048,8.000000,20260310,4,dgeqp3_trsm,materialize_qrp,0.014613583000000001,0.0172750835,0.014715868900000002,0.03279183002499995,30641824,1.2078015360129928e-15,2.0394085567114e-14
20260316_123334,2026-03-16T12:33:34.504,gaussian,short_wide,256,2560,10.000000,20260310,4,bsqr_full,materialize_qrp,0.03051575,0.0332738335,0.030714641425,0.0371708739,17117024,1.1407262509198185e-15,1.9730067624044353e-14
20260316_123334,2026-03-16T12:33:34.504,gaussian,short_wide,256,2560,10.000000,20260310,4,dgeqp3,materialize_qrp,0.015171875000000001,0.017464646,0.015454534375000002,0.03152176794999994,22392160,1.2151751335088374e-15,2.0409244228624337e-14
20260316_123334,2026-03-16T12:33:34.504,gaussian,short_wide,256,2560,10.000000,20260310,4,bsqr_rinv,materialize_qrp,0.033126167000000005,0.03655425,0.033231291275000005,0.05421962149999994,21835696,1.1407262509198185e-15,1.9730067624044353e-14
20260316_123334,2026-03-16T12:33:34.504,gaussian,short_wide,256,2560,10.000000,20260310,4,dgeqp3_trsm,materialize_qrp,0.018454292,0.0215965205,0.01868040065,0.03787779062499996,38121120,1.2151751335088374e-15,2.0409244228624337e-14
20260316_123334,2026-03-16T12:33:34.504,gaussian,short_wide,512,1024,2.000000,20260310,4,bsqr_full,materialize_qrp,0.041311084000000005,0.044349563,0.041501395775000005,0.06503926889999993,17061760,1.4139485609722735e-15,3.8059663648159884e-14
20260316_123334,2026-03-16T12:33:34.504,gaussian,short_wide,512,1024,2.000000,20260310,4,dgeqp3,materialize_qrp,0.017357416,0.020213375000000002,0.017498217525,0.03561031577499996,19387744,1.4648735822845601e-15,3.87329713268932e-14
20260316_123334,2026-03-16T12:33:34.504,gaussian,short_wide,512,1024,2.000000,20260310,4,bsqr_rinv,materialize_qrp,0.042716458000000006,0.049409979500000006,0.042844390775000005,0.054188556400000004,19158992,1.4139485609722735e-15,3.8059663648159884e-14
20260316_123334,2026-03-16T12:33:34.504,gaussian,short_wide,512,1024,2.000000,20260310,4,dgeqp3_trsm,materialize_qrp,0.018858333,0.0203793955,0.01890011185,0.03207303997499995,31970976,1.4648735822845601e-15,3.87329713268932e-14
20260316_123334,2026-03-16T12:33:34.504,gaussian,short_wide,512,2048,4.000000,20260310,4,bsqr_full,materialize_qrp,0.07705675000000001,0.095211375,0.0790789258,0.146586958,29726592,1.5022231563003954e-15,3.809616368149937e-14
20260316_123334,2026-03-16T12:33:34.504,gaussian,short_wide,512,2048,4.000000,20260310,4,dgeqp3,materialize_qrp,0.03244225,0.035893229500000005,0.033003973475000004,0.05084696874999994,36476256,1.5596578191714302e-15,3.8350458775905766e-14
20260316_123334,2026-03-16T12:33:34.504,gaussian,short_wide,512,2048,4.000000,20260310,4,bsqr_rinv,materialize_qrp,0.078469708,0.09272506250000001,0.07975561657500001,0.13453312580000001,36018128,1.5022231563003954e-15,3.809616368149937e-14
20260316_123334,2026-03-16T12:33:34.504,gaussian,short_wide,512,2048,4.000000,20260310,4,dgeqp3_trsm,materialize_qrp,0.03550425,0.038353583000000004,0.0359120625,0.0737079053,61642400,1.5596578191714302e-15,3.8350458775905766e-14
20260316_123334,2026-03-16T12:33:34.504,gaussian,short_wide,512,4096,8.000000,20260310,4,bsqr_full,materialize_qrp,0.268893792,0.307493833,0.27281345840000004,0.35534165819999997,55056256,1.54559346125524e-15,3.792293656704104e-14
20260316_123334,2026-03-16T12:33:34.504,gaussian,short_wide,512,4096,8.000000,20260310,4,dgeqp3,materialize_qrp,0.084532125,0.093334729,0.08527041642500001,0.136895784375,70620512,1.6102969779176026e-15,3.859792656561285e-14
20260316_123334,2026-03-16T12:33:34.504,gaussian,short_wide,512,4096,8.000000,20260310,4,bsqr_rinv,materialize_qrp,0.27175295800000004,0.32001243700000004,0.27602975500000004,0.36948695325,73930704,1.54559346125524e-15,3.792293656704104e-14
20260316_123334,2026-03-16T12:33:34.504,gaussian,short_wide,512,4096,8.000000,20260310,4,dgeqp3_trsm,materialize_qrp,0.098620208,0.1053914375,0.10019922827500001,0.158661536125,129341088,1.6102969779176026e-15,3.859792656561285e-14
20260316_123334,2026-03-16T12:33:34.504,gaussian,short_wide,512,5120,10.000000,20260310,4,bsqr_full,materialize_qrp,0.458340083,0.533322417,0.46471185800000003,0.7277505422000001,67966848,1.5590312136534444e-15,3.8052755870392326e-14
20260316_123334,2026-03-16T12:33:34.504,gaussian,short_wide,512,5120,10.000000,20260310,4,dgeqp3,materialize_qrp,0.196192959,0.20236120800000001,0.1963084857,0.25037339825,87725408,1.6211262781385581e-15,3.8540326779773534e-14
20260316_123334,2026-03-16T12:33:34.504,gaussian,short_wide,512,5120,10.000000,20260310,4,bsqr_rinv,materialize_qrp,0.459784917,0.589261166,0.4691249836,0.6359338164,86841296,1.5590312136534444e-15,3.8052755870392326e-14
20260316_123334,2026-03-16T12:33:34.504,gaussian,short_wide,512,5120,10.000000,20260310,4,dgeqp3_trsm,materialize_qrp,0.21626187500000002,0.23282375000000002,0.21839983350000003,0.277285896,150640288,1.6211262781385581e-15,3.8540326779773534e-14
20260316_123334,2026-03-16T12:33:34.504,ill_conditioned,square,64,64,1.000000,20260310,4,bsqr_full,materialize_qrp,7.579200000000001e-5,8.0542e-5,7.579200000000001e-5,0.00013197129999999998,236896,6.084064098580611e-16,5.84648664233054e-15
20260316_123334,2026-03-16T12:33:34.504,ill_conditioned,square,64,64,1.000000,20260310,4,dgeqp3,materialize_qrp,6.466700000000001e-5,7.03535e-5,6.502950000000001e-5,9.3546075e-5,250208,6.047844850861847e-16,6.537375931509517e-15
20260316_123334,2026-03-16T12:33:34.504,ill_conditioned,square,64,64,1.000000,20260310,4,bsqr_rinv,materialize_qrp,7.3792e-5,8.1438e-5,7.3852175e-5,9.784062499999997e-5,236944,6.084064098580611e-16,5.84648664233054e-15
20260316_123334,2026-03-16T12:33:34.504,ill_conditioned,square,64,64,1.000000,20260310,4,dgeqp3_trsm,materialize_qrp,5.8416000000000004e-5,6.441650000000001e-5,5.9141725000000005e-5,7.798029999999999e-5,250208,6.047844850861847e-16,6.537375931509517e-15
20260316_123334,2026-03-16T12:33:34.504,ill_conditioned,square,128,128,1.000000,20260310,4,bsqr_full,materialize_qrp,0.000458709,0.00048066700000000005,0.000458738725,0.0005544263749999998,767168,5.953573958688276e-16,1.0393713302236559e-14
20260316_123334,2026-03-16T12:33:34.504,ill_conditioned,square,128,128,1.000000,20260310,4,dgeqp3,materialize_qrp,0.00028454200000000004,0.00032214550000000003,0.0002894053,0.00037455275,823744,7.167586266575395e-16,1.1287298133042172e-14
20260316_123334,2026-03-16T12:33:34.504,ill_conditioned,square,128,128,1.000000,20260310,4,bsqr_rinv,materialize_qrp,0.00041204200000000005,0.0004288955,0.00041346155000000003,0.000524035175,767216,5.953573958688276e-16,1.0393713302236559e-14
20260316_123334,2026-03-16T12:33:34.504,ill_conditioned,square,128,128,1.000000,20260310,4,dgeqp3_trsm,materialize_qrp,0.000286792,0.000303854,0.00028691307500000005,0.000351650575,823744,7.167586266575395e-16,1.1287298133042172e-14
20260316_123334,2026-03-16T12:33:34.504,ill_conditioned,square,256,256,1.000000,20260310,4,bsqr_full,materialize_qrp,0.0030921250000000003,0.0034438335,0.0030937562500000003,0.004192262499999999,2776928,6.17190551705094e-16,1.988836133642453e-14
20260316_123334,2026-03-16T12:33:34.504,ill_conditioned,square,256,256,1.000000,20260310,4,dgeqp3,materialize_qrp,0.0019472920000000002,0.0022486875000000003,0.001953726375,0.002525470124999999,2858336,8.092165188510098e-16,2.0502027308857648e-14
20260316_123334,2026-03-16T12:33:34.504,ill_conditioned,square,256,256,1.000000,20260310,4,bsqr_rinv,materialize_qrp,0.0031092090000000004,0.0033560210000000003,0.0031216239000000003,0.004431307049999998,2776976,6.17190551705094e-16,1.988836133642453e-14
20260316_123334,2026-03-16T12:33:34.504,ill_conditioned,square,256,256,1.000000,20260310,4,dgeqp3_trsm,materialize_qrp,0.0019481250000000002,0.0021298750000000003,0.001983771075,0.0025290779749999994,2858336,8.092165188510098e-16,2.0502027308857648e-14
20260316_123334,2026-03-16T12:33:34.504,ill_conditioned,square,384,384,1.000000,20260310,4,bsqr_full,materialize_qrp,0.008714583,0.009577979,0.0089368564,0.012643946074999999,6097760,7.866541197097873e-16,2.8999849877093304e-14
20260316_123334,2026-03-16T12:33:34.504,ill_conditioned,square,384,384,1.000000,20260310,4,dgeqp3,materialize_qrp,0.004468417000000001,0.0051084375,0.004578042800000001,0.008729385174999996,6203744,8.294129572758968e-16,2.9236693747537044e-14
20260316_123334,2026-03-16T12:33:34.504,ill_conditioned,square,384,384,1.000000,20260310,4,bsqr_rinv,materialize_qrp,0.008690041,0.0095924795,0.00879519645,0.0123723261,6097808,7.866541197097873e-16,2.8999849877093304e-14
20260316_123334,2026-03-16T12:33:34.504,ill_conditioned,square,384,384,1.000000,20260310,4,dgeqp3_trsm,materialize_qrp,0.004221333,0.004711771,0.004235047825,0.0059958959249999996,6203744,8.294129572758968e-16,2.9236693747537044e-14
20260316_123334,2026-03-16T12:33:34.504,ill_conditioned,square,512,512,1.000000,20260310,4,bsqr_full,materialize_qrp,0.018755334000000002,0.022278896000000003,0.019277061400000003,0.04799106627499994,10729344,8.386738228599949e-16,3.769681438281473e-14
20260316_123334,2026-03-16T12:33:34.504,ill_conditioned,square,512,512,1.000000,20260310,4,dgeqp3,materialize_qrp,0.010695916000000001,0.011628520500000001,0.010761438600000001,0.0184412045,10859872,9.01309529149875e-16,3.844225448921347e-14
20260316_123334,2026-03-16T12:33:34.504,ill_conditioned,square,512,512,1.000000,20260310,4,bsqr_rinv,materialize_qrp,0.020364875,0.0245205,0.020975446075,0.032295199999999996,10729392,8.386738228599949e-16,3.769681438281473e-14
20260316_123334,2026-03-16T12:33:34.504,ill_conditioned,square,512,512,1.000000,20260310,4,dgeqp3_trsm,materialize_qrp,0.010214833000000001,0.011976125,0.010507068900000001,0.018978768749999996,10859872,9.01309529149875e-16,3.844225448921347e-14
20260316_123334,2026-03-16T12:33:34.504,ill_conditioned,short_wide,32,64,2.000000,20260310,4,bsqr_full,materialize_qrp,3.0166000000000002e-5,3.7166500000000004e-5,3.0981625000000003e-5,9.943502499999986e-5,138336,3.3145355355388735e-16,3.420671241488939e-15
20260316_123334,2026-03-16T12:33:34.504,ill_conditioned,short_wide,32,64,2.000000,20260310,4,dgeqp3,materialize_qrp,2.1792e-5,2.2271e-5,2.1821725000000003e-5,3.977674999999997e-5,159840,5.231063826450243e-16,3.2098676852220476e-15
20260316_123334,2026-03-16T12:33:34.504,ill_conditioned,short_wide,32,64,2.000000,20260310,4,bsqr_rinv,materialize_qrp,3.075e-5,3.5896e-5,3.1384375e-5,8.57891e-5,146608,3.3145355355388735e-16,3.420671241488939e-15
20260316_123334,2026-03-16T12:33:34.504,ill_conditioned,short_wide,32,64,2.000000,20260310,4,dgeqp3_trsm,materialize_qrp,2.875e-5,3.7916e-5,2.9172675000000004e-5,8.099454999999996e-5,209312,5.231063826450243e-16,3.2098676852220476e-15
20260316_123334,2026-03-16T12:33:34.504,ill_conditioned,short_wide,32,128,4.000000,20260310,4,bsqr_full,materialize_qrp,4.9458e-5,6.8125e-5,5.03947e-5,9.185152499999999e-5,192928,4.048141825618265e-16,3.251638935743897e-15
20260316_123334,2026-03-16T12:33:34.504,ill_conditioned,short_wide,32,128,4.000000,20260310,4,dgeqp3,materialize_qrp,3.3125e-5,3.4104000000000004e-5,3.32758e-5,4.603887499999996e-5,274080,5.612399834352731e-16,3.402887607384437e-15
20260316_123334,2026-03-16T12:33:34.504,ill_conditioned,short_wide,32,128,4.000000,20260310,4,bsqr_rinv,materialize_qrp,6.1834e-5,7.095800000000001e-5,6.397782500000001e-5,9.327869999999998e-5,217584,4.048141825618265e-16,3.251638935743897e-15
20260316_123334,2026-03-16T12:33:34.504,ill_conditioned,short_wide,32,128,4.000000,20260310,4,dgeqp3_trsm,materialize_qrp,4.375e-5,4.64795e-5,4.4051600000000004e-5,8.956627499999999e-5,372704,5.612399834352731e-16,3.402887607384437e-15
20260316_123334,2026-03-16T12:33:34.504,ill_conditioned,short_wide,32,256,8.000000,20260310,4,bsqr_full,materialize_qrp,9.558300000000001e-5,9.7792e-5,9.561345000000001e-5,0.00011127012499999997,301152,3.7753127104356606e-16,2.804578555146081e-15
20260316_123334,2026-03-16T12:33:34.504,ill_conditioned,short_wide,32,256,8.000000,20260310,4,dgeqp3,materialize_qrp,6.583400000000001e-5,7.03335e-5,6.5863725e-5,8.6814025e-5,439904,3.8152024442661836e-16,3.051940516563145e-15
20260316_123334,2026-03-16T12:33:34.504,ill_conditioned,short_wide,32,256,8.000000,20260310,4,bsqr_rinv,materialize_qrp,9.4584e-5,0.000102354,9.66372e-5,0.00011394184999999999,366768,3.7753127104356606e-16,2.804578555146081e-15
20260316_123334,2026-03-16T12:33:34.504,ill_conditioned,short_wide,32,256,8.000000,20260310,4,dgeqp3_trsm,materialize_qrp,9.3292e-5,9.641700000000001e-5,9.34428e-5,0.00011436017499999999,645024,3.8152024442661836e-16,3.051940516563145e-15
20260316_123334,2026-03-16T12:33:34.504,ill_conditioned,short_wide,32,320,10.000000,20260310,4,bsqr_full,materialize_qrp,0.00012170800000000001,0.0001237705,0.00012201032500000001,0.00013495095,404576,5.62975352745399e-16,2.9537108258722998e-15
20260316_123334,2026-03-16T12:33:34.504,ill_conditioned,short_wide,32,320,10.000000,20260310,4,dgeqp3,materialize_qrp,8.495800000000001e-5,9.1271e-5,8.498845e-5,0.000112826225,572000,3.909886250691476e-16,3.383202277478144e-15
20260316_123334,2026-03-16T12:33:34.504,ill_conditioned,short_wide,32,320,10.000000,20260310,4,bsqr_rinv,materialize_qrp,0.00012991600000000002,0.00013875,0.000130128425,0.0002466838,502960,5.62975352745399e-16,2.9537108258722998e-15
20260316_123334,2026-03-16T12:33:34.504,ill_conditioned,short_wide,32,320,10.000000,20260310,4,dgeqp3_trsm,materialize_qrp,9.9041e-5,0.000111792,0.00010559645,0.0001414303,875424,3.909886250691476e-16,3.383202277478144e-15
20260316_123334,2026-03-16T12:33:34.504,ill_conditioned,short_wide,64,128,2.000000,20260310,4,bsqr_full,materialize_qrp,0.00013766600000000002,0.00014443800000000002,0.00013833082500000002,0.00018173299999999998,340640,4.3905432260402193e-16,6.05010129020505e-15
20260316_123334,2026-03-16T12:33:34.504,ill_conditioned,short_wide,64,128,2.000000,20260310,4,dgeqp3,materialize_qrp,0.000101167,0.00010316700000000001,0.0001014686,0.00012226874999999996,429984,5.102776702945381e-16,6.839713254589383e-15
20260316_123334,2026-03-16T12:33:34.504,ill_conditioned,short_wide,64,128,2.000000,20260310,4,bsqr_rinv,materialize_qrp,0.0001495,0.000155042,0.000150103925,0.0002635234749999999,373488,4.3905432260402193e-16,6.05010129020505e-15
20260316_123334,2026-03-16T12:33:34.504,ill_conditioned,short_wide,64,128,2.000000,20260310,4,dgeqp3_trsm,materialize_qrp,0.000110166,0.00012531250000000002,0.00011164645000000001,0.00014501127499999997,626912,5.102776702945381e-16,6.839713254589383e-15
20260316_123334,2026-03-16T12:33:34.504,ill_conditioned,short_wide,64,256,4.000000,20260310,4,bsqr_full,materialize_qrp,0.000323917,0.00033685450000000005,0.00032690762500000003,0.00036542347500000003,547168,4.815505047136756e-16,6.072247796434565e-15
20260316_123334,2026-03-16T12:33:34.504,ill_conditioned,short_wide,64,256,4.000000,20260310,4,dgeqp3,materialize_qrp,0.00017745800000000002,0.0001891875,0.00018050880000000002,0.00020286795000000002,726880,5.675907250853972e-16,6.291270355300022e-15
20260316_123334,2026-03-16T12:33:34.504,ill_conditioned,short_wide,64,256,4.000000,20260310,4,bsqr_rinv,materialize_qrp,0.000339375,0.000350979,0.0003427883,0.00036347442499999995,645552,4.815505047136756e-16,6.072247796434565e-15
20260316_123334,2026-03-16T12:33:34.504,ill_conditioned,short_wide,64,256,4.000000,20260310,4,dgeqp3_trsm,materialize_qrp,0.000223708,0.0002641875,0.00023745327500000003,0.00030473560000000003,1120416,5.675907250853972e-16,6.291270355300022e-15
20260316_123334,2026-03-16T12:33:34.504,ill_conditioned,short_wide,64,512,8.000000,20260310,4,bsqr_full,materialize_qrp,0.000849625,0.0008975835,0.0008501687499999999,0.0009590609750000001,960864,4.298407842348501e-16,6.078304864208021e-15
20260316_123334,2026-03-16T12:33:34.504,ill_conditioned,short_wide,64,512,8.000000,20260310,4,dgeqp3,materialize_qrp,0.000471958,0.0005152500000000001,0.000486880675,0.0006139782749999999,1320800,4.758503831989428e-16,6.6377245412495005e-15
20260316_123334,2026-03-16T12:33:34.504,ill_conditioned,short_wide,64,512,8.000000,20260310,4,bsqr_rinv,materialize_qrp,0.0008874590000000001,0.0009656455000000001,0.000901414525,0.001160895275,1190320,4.298407842348501e-16,6.078304864208021e-15
20260316_123334,2026-03-16T12:33:34.504,ill_conditioned,short_wide,64,512,8.000000,20260310,4,dgeqp3_trsm,materialize_qrp,0.000581916,0.0006255835,0.0005912206499999999,0.0020023673749999943,2107552,4.758503831989428e-16,6.6377245412495005e-15
20260316_123334,2026-03-16T12:33:34.504,ill_conditioned,short_wide,64,640,10.000000,20260310,4,bsqr_full,materialize_qrp,0.001192041,0.001216167,0.0011921019,0.001454502175,1167712,5.042678105541967e-16,6.369370155818731e-15
20260316_123334,2026-03-16T12:33:34.504,ill_conditioned,short_wide,64,640,10.000000,20260310,4,dgeqp3,materialize_qrp,0.000655958,0.0007220625,0.0006675580000000001,0.0022871361249999925,1617760,5.130868727960114e-16,6.5264656578262446e-15
20260316_123334,2026-03-16T12:33:34.504,ill_conditioned,short_wide,64,640,10.000000,20260310,4,bsqr_rinv,materialize_qrp,0.001163167,0.0012191875,0.00117074905,0.00129312065,1462704,5.042678105541967e-16,6.369370155818731e-15
20260316_123334,2026-03-16T12:33:34.504,ill_conditioned,short_wide,64,640,10.000000,20260310,4,dgeqp3_trsm,materialize_qrp,0.000737584,0.0007895835,0.000739819175,0.001805086699999996,2601120,5.130868727960114e-16,6.5264656578262446e-15
20260316_123334,2026-03-16T12:33:34.504,ill_conditioned,short_wide,128,256,2.000000,20260310,4,bsqr_full,materialize_qrp,0.001216667,0.0013310415,0.00121669745,0.0014776927999999995,1170304,5.623536981645376e-16,1.047469328347716e-14
20260316_123334,2026-03-16T12:33:34.504,ill_conditioned,short_wide,128,256,2.000000,20260310,4,dgeqp3,materialize_qrp,0.0007551670000000001,0.000821333,0.000759395925,0.0016338959250000002,1382784,7.728267049961769e-16,1.1207155889024912e-14
20260316_123334,2026-03-16T12:33:34.504,ill_conditioned,short_wide,128,256,2.000000,20260310,4,bsqr_rinv,materialize_qrp,0.0012694590000000001,0.0013435835000000001,0.00127096845,0.0013993904750000002,1301456,5.623536981645376e-16,1.047469328347716e-14
20260316_123334,2026-03-16T12:33:34.504,ill_conditioned,short_wide,128,256,2.000000,20260310,4,dgeqp3_trsm,materialize_qrp,0.000804875,0.0008768960000000001,0.0008155992,0.0016546257999999993,2169536,7.728267049961769e-16,1.1207155889024912e-14
20260316_123334,2026-03-16T12:33:34.504,ill_conditioned,short_wide,128,512,4.000000,20260310,4,bsqr_full,materialize_qrp,0.0027999590000000003,0.003043146,0.00280660435,0.003985030949999998,1977216,6.255221815426867e-16,1.0791822080605813e-14
20260316_123334,2026-03-16T12:33:34.504,ill_conditioned,short_wide,128,512,4.000000,20260310,4,dgeqp3,materialize_qrp,0.001677125,0.001830646,0.0016817773250000002,0.002680134374999997,2500992,6.57800004400735e-16,1.1175154302016705e-14
20260316_123334,2026-03-16T12:33:34.504,ill_conditioned,short_wide,128,512,4.000000,20260310,4,bsqr_rinv,materialize_qrp,0.002791375,0.0030105625000000002,0.0028092883,0.004419358424999997,2370512,6.255221815426867e-16,1.0791822080605813e-14
20260316_123334,2026-03-16T12:33:34.504,ill_conditioned,short_wide,128,512,4.000000,20260310,4,dgeqp3_trsm,materialize_qrp,0.0017360420000000001,0.001970771,0.0017394248500000001,0.004929773624999999,4074176,6.57800004400735e-16,1.1175154302016705e-14
20260316_123334,2026-03-16T12:33:34.504,ill_conditioned,short_wide,128,1024,8.000000,20260310,4,bsqr_full,materialize_qrp,0.00489575,0.005277208,0.005039421075,0.007754726525,3591040,6.000212222928188e-16,1.0576483792954099e-14
20260316_123334,2026-03-16T12:33:34.504,ill_conditioned,short_wide,128,1024,8.000000,20260310,4,dgeqp3,materialize_qrp,0.0027113330000000002,0.003149729,0.002769303275,0.00798226372499999,4737408,7.423490604886907e-16,1.114529406348633e-14
20260316_123334,2026-03-16T12:33:34.504,ill_conditioned,short_wide,128,1024,8.000000,20260310,4,bsqr_rinv,materialize_qrp,0.0052207500000000006,0.005629729,0.005224889025,0.008154936925000002,4508624,6.000212222928188e-16,1.0576483792954099e-14
20260316_123334,2026-03-16T12:33:34.504,ill_conditioned,short_wide,128,1024,8.000000,20260310,4,dgeqp3_trsm,materialize_qrp,0.003116583,0.0035211250000000004,0.0031950947,0.0068416468749999985,7883456,7.423490604886907e-16,1.114529406348633e-14
20260316_123334,2026-03-16T12:33:34.504,ill_conditioned,short_wide,128,1280,10.000000,20260310,4,bsqr_full,materialize_qrp,0.005956625,0.006597646,0.006062535900000001,0.009951500299999999,4397952,6.247041455766504e-16,1.0674957642893817e-14
20260316_123334,2026-03-16T12:33:34.504,ill_conditioned,short_wide,128,1280,10.000000,20260310,4,dgeqp3,materialize_qrp,0.003318375,0.0035357085000000004,0.0033255641,0.00505832405,5855616,6.244051706841253e-16,1.1065379616079933e-14
20260316_123334,2026-03-16T12:33:34.504,ill_conditioned,short_wide,128,1280,10.000000,20260310,4,bsqr_rinv,materialize_qrp,0.006033875,0.0066315415,0.006142050800000001,0.00954358045,5577680,6.247041455766504e-16,1.0674957642893817e-14
20260316_123334,2026-03-16T12:33:34.504,ill_conditioned,short_wide,128,1280,10.000000,20260310,4,dgeqp3_trsm,materialize_qrp,0.003879041,0.0042914585,0.003879736275,0.007830896075,9788096,6.244051706841253e-16,1.1065379616079933e-14
20260316_123334,2026-03-16T12:33:34.504,ill_conditioned,short_wide,256,512,2.000000,20260310,4,bsqr_full,materialize_qrp,0.007710875000000001,0.008232709000000001,0.0077927391,0.010510924349999999,4370272,7.355683396597412e-16,2.0095741051298755e-14
20260316_123334,2026-03-16T12:33:34.504,ill_conditioned,short_wide,256,512,2.000000,20260310,4,dgeqp3,materialize_qrp,0.003985083,0.004438167000000001,0.004121080675,0.006183743175000001,5025120,8.087085214230534e-16,2.0534159523912726e-14
20260316_123334,2026-03-16T12:33:34.504,ill_conditioned,short_wide,256,512,2.000000,20260310,4,bsqr_rinv,materialize_qrp,0.007592042,0.008220729000000001,0.007664451375000001,0.010297042224999997,4894640,7.355683396597412e-16,2.0095741051298755e-14
20260316_123334,2026-03-16T12:33:34.504,ill_conditioned,short_wide,256,512,2.000000,20260310,4,dgeqp3_trsm,materialize_qrp,0.004316042,0.004746521,0.0043279138750000005,0.006822958275000001,8171168,8.087085214230534e-16,2.0534159523912726e-14
20260316_123334,2026-03-16T12:33:34.504,ill_conditioned,short_wide,256,1024,4.000000,20260310,4,bsqr_full,materialize_qrp,0.013958333000000002,0.014632000000000001,0.014057447025,0.017962929500000002,7556960,7.966842175052663e-16,1.9942734768030378e-14
20260316_123334,2026-03-16T12:33:34.504,ill_conditioned,short_wide,256,1024,4.000000,20260310,4,dgeqp3,materialize_qrp,0.007945583,0.008641062500000001,0.0080728814,0.012986372675,9358688,8.794730492567993e-16,2.0706630208038838e-14
20260316_123334,2026-03-16T12:33:34.504,ill_conditioned,short_wide,256,1024,4.000000,20260310,4,bsqr_rinv,materialize_qrp,0.013929083,0.015087125000000002,0.0141056205,0.0188873742,9129904,7.966842175052663e-16,1.9942734768030378e-14
20260316_123334,2026-03-16T12:33:34.504,ill_conditioned,short_wide,256,1024,4.000000,20260310,4,dgeqp3_trsm,materialize_qrp,0.008645792000000001,0.0099158335,0.008747050575,0.012480296875000001,15650464,8.794730492567993e-16,2.0706630208038838e-14
20260316_123334,2026-03-16T12:33:34.504,ill_conditioned,short_wide,256,2048,8.000000,20260310,4,bsqr_full,materialize_qrp,0.024646041,0.028539875000000003,0.025135265924999997,0.033932698250000004,13930336,8.243924639225784e-16,1.987406901032292e-14
20260316_123334,2026-03-16T12:33:34.504,ill_conditioned,short_wide,256,2048,8.000000,20260310,4,dgeqp3,materialize_qrp,0.015784958,0.0172748125,0.015840601750000002,0.02159767035,18058592,9.224287173368434e-16,2.0314335885602174e-14
20260316_123334,2026-03-16T12:33:34.504,ill_conditioned,short_wide,256,2048,8.000000,20260310,4,bsqr_rinv,materialize_qrp,0.025703916,0.028623750000000003,0.0258649269,0.03088389985,17600432,8.243924639225784e-16,1.987406901032292e-14
20260316_123334,2026-03-16T12:33:34.504,ill_conditioned,short_wide,256,2048,8.000000,20260310,4,dgeqp3_trsm,materialize_qrp,0.018125167,0.0193116665,0.0181387912,0.03490134577499994,30641824,9.224287173368434e-16,2.0314335885602174e-14
20260316_123334,2026-03-16T12:33:34.504,ill_conditioned,short_wide,256,2560,10.000000,20260310,4,bsqr_full,materialize_qrp,0.030818958,0.034124396,0.030839318900000003,0.0363303072,17117024,8.298993542988425e-16,1.9810101227424967e-14
20260316_123334,2026-03-16T12:33:34.504,ill_conditioned,short_wide,256,2560,10.000000,20260310,4,dgeqp3,materialize_qrp,0.019778042000000003,0.0205658545,0.019816285025,0.039703428124999954,22392160,9.311649239473855e-16,2.0534156442672463e-14
20260316_123334,2026-03-16T12:33:34.504,ill_conditioned,short_wide,256,2560,10.000000,20260310,4,bsqr_rinv,materialize_qrp,0.032112417000000004,0.035761438,0.0328868069,0.053133673899999935,21835696,8.298993542988425e-16,1.9810101227424967e-14
20260316_123334,2026-03-16T12:33:34.504,ill_conditioned,short_wide,256,2560,10.000000,20260310,4,dgeqp3_trsm,materialize_qrp,0.022191791000000002,0.025060188,0.022690984675000005,0.0687182484,38121120,9.311649239473855e-16,2.0534156442672463e-14
20260316_123334,2026-03-16T12:33:34.504,ill_conditioned,short_wide,512,1024,2.000000,20260310,4,bsqr_full,materialize_qrp,0.039917458,0.0477341665,0.040627293175,0.06646671737499997,17061760,1.0355720661679563e-15,3.808803367303382e-14
20260316_123334,2026-03-16T12:33:34.504,ill_conditioned,short_wide,512,1024,2.000000,20260310,4,dgeqp3,materialize_qrp,0.02205725,0.023827979500000002,0.0223159242,0.030517924999999994,19387744,1.0692086357841354e-15,3.824848857089762e-14
20260316_123334,2026-03-16T12:33:34.504,ill_conditioned,short_wide,512,1024,2.000000,20260310,4,bsqr_rinv,materialize_qrp,0.042586167,0.050469792000000006,0.042596558425,0.09661862754999999,19158992,1.0355720661679563e-15,3.808803367303382e-14
20260316_123334,2026-03-16T12:33:34.504,ill_conditioned,short_wide,512,1024,2.000000,20260310,4,dgeqp3_trsm,materialize_qrp,0.022692709000000002,0.024671521000000002,0.022750738725000004,0.056810117375,31970976,1.0692086357841354e-15,3.824848857089762e-14
20260316_123334,2026-03-16T12:33:34.504,ill_conditioned,short_wide,512,2048,4.000000,20260310,4,bsqr_full,materialize_qrp,0.079698458,0.0949613965,0.07978657595000001,0.14591617172500002,29726592,1.1048108401956203e-15,3.7871593793721226e-14
20260316_123334,2026-03-16T12:33:34.504,ill_conditioned,short_wide,512,2048,4.000000,20260310,4,dgeqp3,materialize_qrp,0.041136208,0.0444415,0.04174110015,0.084756847525,36476256,1.131088822472298e-15,3.849374920167758e-14
20260316_123334,2026-03-16T12:33:34.504,ill_conditioned,short_wide,512,2048,4.000000,20260310,4,bsqr_rinv,materialize_qrp,0.077562292,0.095840542,0.07984311155000001,0.137070553775,36018128,1.1048108401956203e-15,3.7871593793721226e-14
20260316_123334,2026-03-16T12:33:34.504,ill_conditioned,short_wide,512,2048,4.000000,20260310,4,dgeqp3_trsm,materialize_qrp,0.045445625,0.0472241045,0.045571985975,0.07915741482500001,61642400,1.131088822472298e-15,3.849374920167758e-14
20260316_123334,2026-03-16T12:33:34.504,ill_conditioned,short_wide,512,4096,8.000000,20260310,4,bsqr_full,materialize_qrp,0.261545334,0.3215747915,0.271429599375,0.37799672425,55056256,1.1240304673239617e-15,3.790576369262771e-14
20260316_123334,2026-03-16T12:33:34.504,ill_conditioned,short_wide,512,4096,8.000000,20260310,4,dgeqp3,materialize_qrp,0.106204875,0.112571479,0.106341023475,0.15718279877500002,70620512,1.182467514165501e-15,3.825223810613039e-14
20260316_123334,2026-03-16T12:33:34.504,ill_conditioned,short_wide,512,4096,8.000000,20260310,4,bsqr_rinv,materialize_qrp,0.266515459,0.333901708,0.26858849395,0.42220318935000006,71833552,1.1240304673239617e-15,3.790576369262771e-14
20260316_123334,2026-03-16T12:33:34.504,ill_conditioned,short_wide,512,4096,8.000000,20260310,4,dgeqp3_trsm,materialize_qrp,0.120429667,0.129604021,0.1208427662,0.17182207755,127243936,1.182467514165501e-15,3.825223810613039e-14
20260316_123334,2026-03-16T12:33:34.504,ill_conditioned,short_wide,512,5120,10.000000,20260310,4,bsqr_full,materialize_qrp,0.453097625,0.545534625,0.461162553125,0.6071067892500001,67966848,1.1143517488280985e-15,3.817271527389363e-14
20260316_123334,2026-03-16T12:33:34.504,ill_conditioned,short_wide,512,5120,10.000000,20260310,4,dgeqp3,materialize_qrp,0.226506333,0.24610162500000002,0.227275854,0.284927271,87725408,1.1635901042356727e-15,3.852810502524772e-14
20260316_123334,2026-03-16T12:33:34.504,ill_conditioned,short_wide,512,5120,10.000000,20260310,4,bsqr_rinv,materialize_qrp,0.48661370800000003,0.5651690420000001,0.49681436640000004,0.6889551500000001,86841296,1.1143517488280985e-15,3.817271527389363e-14
20260316_123334,2026-03-16T12:33:34.504,ill_conditioned,short_wide,512,5120,10.000000,20260310,4,dgeqp3_trsm,materialize_qrp,0.256172958,0.26616191650000004,0.256651083,0.319570132625,150640288,1.1635901042356727e-15,3.852810502524772e-14
20260316_123334,2026-03-16T12:33:34.504,orthonormal_rows,square,64,64,1.000000,20260310,4,bsqr_full,materialize_qrp,8.0875e-5,0.000109875,8.214375e-5,0.00012508684999999997,236896,6.417070649550043e-16,5.93956046101127e-15
20260316_123334,2026-03-16T12:33:34.504,orthonormal_rows,square,64,64,1.000000,20260310,4,dgeqp3,materialize_qrp,6.4917e-5,7.131200000000001e-5,6.4917e-5,9.602797499999999e-5,250208,6.731638259107574e-16,6.370055107280079e-15
20260316_123334,2026-03-16T12:33:34.504,orthonormal_rows,square,64,64,1.000000,20260310,4,bsqr_rinv,materialize_qrp,7.1375e-5,8.0771e-5,7.243205e-5,9.784374999999999e-5,236944,6.417070649550043e-16,5.93956046101127e-15
20260316_123334,2026-03-16T12:33:34.504,orthonormal_rows,square,64,64,1.000000,20260310,4,dgeqp3_trsm,materialize_qrp,5.9541000000000005e-5,6.60835e-5,6.1897975e-5,0.00013181627499999997,250208,6.731638259107574e-16,6.370055107280079e-15
20260316_123334,2026-03-16T12:33:34.504,orthonormal_rows,square,128,128,1.000000,20260310,4,bsqr_full,materialize_qrp,0.000414208,0.000440771,0.000415628275,0.000708908,767168,8.32549716320858e-16,1.0384149346838285e-14
20260316_123334,2026-03-16T12:33:34.504,orthonormal_rows,square,128,128,1.000000,20260310,4,dgeqp3,materialize_qrp,0.00031358300000000004,0.000336271,0.00031358300000000004,0.000405414025,823744,8.400139388077895e-16,1.0736148595612819e-14
20260316_123334,2026-03-16T12:33:34.504,orthonormal_rows,square,128,128,1.000000,20260310,4,bsqr_rinv,materialize_qrp,0.000434667,0.00044995850000000004,0.0004349686,0.0005109439,767216,8.32549716320858e-16,1.0384149346838285e-14
20260316_123334,2026-03-16T12:33:34.504,orthonormal_rows,square,128,128,1.000000,20260310,4,dgeqp3_trsm,materialize_qrp,0.000290917,0.00032993700000000004,0.00030052325,0.00037593342500000004,823744,8.400139388077895e-16,1.0736148595612819e-14
20260316_123334,2026-03-16T12:33:34.504,orthonormal_rows,square,256,256,1.000000,20260310,4,bsqr_full,materialize_qrp,0.003316292,0.0035885415000000004,0.0033216084250000002,0.005082139824999998,2776928,1.0051366365050383e-15,1.960504534666056e-14
20260316_123334,2026-03-16T12:33:34.504,orthonormal_rows,square,256,256,1.000000,20260310,4,dgeqp3,materialize_qrp,0.001874166,0.0020126875,0.0018845277000000002,0.0034283795,2858336,1.0414191080853932e-15,2.0230496031497135e-14
20260316_123334,2026-03-16T12:33:34.504,orthonormal_rows,square,256,256,1.000000,20260310,4,bsqr_rinv,materialize_qrp,0.0032309590000000003,0.0035347290000000003,0.0032484489,0.004260852174999999,2776976,1.0051366365050383e-15,1.960504534666056e-14
20260316_123334,2026-03-16T12:33:34.504,orthonormal_rows,square,256,256,1.000000,20260310,4,dgeqp3_trsm,materialize_qrp,0.0018657500000000002,0.002000271,0.00187106715,0.002599443749999998,2858336,1.0414191080853932e-15,2.0230496031497135e-14
20260316_123334,2026-03-16T12:33:34.504,orthonormal_rows,square,384,384,1.000000,20260310,4,bsqr_full,materialize_qrp,0.008987041000000001,0.0099969375,0.0090284269,0.014249449999999997,6097760,1.1721691489188583e-15,2.9387362124120564e-14
20260316_123334,2026-03-16T12:33:34.504,orthonormal_rows,square,384,384,1.000000,20260310,4,dgeqp3,materialize_qrp,0.004132542,0.004653687500000001,0.004236639675000001,0.007908507050000001,6203744,1.196681628681297e-15,2.9860825527189964e-14
20260316_123334,2026-03-16T12:33:34.504,orthonormal_rows,square,384,384,1.000000,20260310,4,bsqr_rinv,materialize_qrp,0.008637083,0.0096694585,0.008783412649999999,0.01365462435,6097808,1.1721691489188583e-15,2.9387362124120564e-14
20260316_123334,2026-03-16T12:33:34.504,orthonormal_rows,square,384,384,1.000000,20260310,4,dgeqp3_trsm,materialize_qrp,0.004233084000000001,0.004645000000000001,0.004313075425,0.006013790624999999,6203744,1.196681628681297e-15,2.9860825527189964e-14
20260316_123334,2026-03-16T12:33:34.504,orthonormal_rows,square,512,512,1.000000,20260310,4,bsqr_full,materialize_qrp,0.019383083000000002,0.021788374500000002,0.019694711925,0.027400266575000002,10729344,1.3126693874777632e-15,3.797514754606759e-14
20260316_123334,2026-03-16T12:33:34.504,orthonormal_rows,square,512,512,1.000000,20260310,4,dgeqp3,materialize_qrp,0.010056833000000001,0.0106894585,0.0100606697,0.012532445125,10859872,1.3306297476321328e-15,3.804271009240442e-14
20260316_123334,2026-03-16T12:33:34.504,orthonormal_rows,square,512,512,1.000000,20260310,4,bsqr_rinv,materialize_qrp,0.021063959,0.023414791,0.021065137125,0.028282621875,10729392,1.3126693874777632e-15,3.797514754606759e-14
20260316_123334,2026-03-16T12:33:34.504,orthonormal_rows,square,512,512,1.000000,20260310,4,dgeqp3_trsm,materialize_qrp,0.009568125,0.0116583125,0.010215791425,0.020525902175,10859872,1.3306297476321328e-15,3.804271009240442e-14
20260316_123334,2026-03-16T12:33:34.504,orthonormal_rows,short_wide,32,64,2.000000,20260310,4,bsqr_full,materialize_qrp,3.6416000000000005e-5,7.00005e-5,3.644645e-5,0.0003548929499999999,138336,5.723541236200058e-16,3.569406647792487e-15
20260316_123334,2026-03-16T12:33:34.504,orthonormal_rows,short_wide,32,64,2.000000,20260310,4,dgeqp3,materialize_qrp,2.3625e-5,2.5104000000000002e-5,2.380625e-5,4.149629999999997e-5,159840,5.755785581479111e-16,3.533805047401359e-15
20260316_123334,2026-03-16T12:33:34.504,orthonormal_rows,short_wide,32,64,2.000000,20260310,4,bsqr_rinv,materialize_qrp,2.9916000000000003e-5,3.15e-5,3.000735e-5,5.229184999999995e-5,146608,5.723541236200058e-16,3.569406647792487e-15
20260316_123334,2026-03-16T12:33:34.504,orthonormal_rows,short_wide,32,64,2.000000,20260310,4,dgeqp3_trsm,materialize_qrp,3.0542e-5,3.6604500000000005e-5,3.0964675000000004e-5,5.948669999999998e-5,209312,5.755785581479111e-16,3.533805047401359e-15
20260316_123334,2026-03-16T12:33:34.504,orthonormal_rows,short_wide,32,128,4.000000,20260310,4,bsqr_full,materialize_qrp,4.6125e-5,4.6917000000000005e-5,4.615545e-5,6.396577499999998e-5,192928,5.571731766922084e-16,3.0760866298562317e-15
20260316_123334,2026-03-16T12:33:34.504,orthonormal_rows,short_wide,32,128,4.000000,20260310,4,dgeqp3,materialize_qrp,3.1375000000000004e-5,3.2625e-5,3.1405450000000006e-5,3.9528924999999995e-5,274080,6.468441556836548e-16,3.715574755863367e-15
20260316_123334,2026-03-16T12:33:34.504,orthonormal_rows,short_wide,32,128,4.000000,20260310,4,bsqr_rinv,materialize_qrp,4.7958000000000004e-5,4.88125e-5,4.804862500000001e-5,5.988059999999998e-5,217584,5.571731766922084e-16,3.0760866298562317e-15
20260316_123334,2026-03-16T12:33:34.504,orthonormal_rows,short_wide,32,128,4.000000,20260310,4,dgeqp3_trsm,materialize_qrp,4.0958e-5,4.3208000000000004e-5,4.1079075e-5,8.426874999999998e-5,372704,6.468441556836548e-16,3.715574755863367e-15
20260316_123334,2026-03-16T12:33:34.504,orthonormal_rows,short_wide,32,256,8.000000,20260310,4,bsqr_full,materialize_qrp,9.158400000000001e-5,9.82705e-5,9.203640000000001e-5,0.000114853275,301152,5.977071546322132e-16,3.1680517133105967e-15
20260316_123334,2026-03-16T12:33:34.504,orthonormal_rows,short_wide,32,256,8.000000,20260310,4,dgeqp3,materialize_qrp,5.575000000000001e-5,6.4521e-5,6.136875e-5,6.7178775e-5,439904,5.606373906538638e-16,3.1290074232331894e-15
20260316_123334,2026-03-16T12:33:34.504,orthonormal_rows,short_wide,32,256,8.000000,20260310,4,bsqr_rinv,materialize_qrp,9.1709e-5,0.00010439600000000001,9.442702499999999e-5,0.00011525000000000001,366768,5.977071546322132e-16,3.1680517133105967e-15
20260316_123334,2026-03-16T12:33:34.504,orthonormal_rows,short_wide,32,256,8.000000,20260310,4,dgeqp3_trsm,materialize_qrp,7.5584e-5,8.8979e-5,7.64598e-5,0.000100233575,645024,5.606373906538638e-16,3.1290074232331894e-15
20260316_123334,2026-03-16T12:33:34.504,orthonormal_rows,short_wide,32,320,10.000000,20260310,4,bsqr_full,materialize_qrp,0.00011283400000000001,0.00012391650000000002,0.00011464577500000002,0.0001329128,404576,5.440616906957495e-16,2.942048377600859e-15
20260316_123334,2026-03-16T12:33:34.504,orthonormal_rows,short_wide,32,320,10.000000,20260310,4,dgeqp3,materialize_qrp,7.5333e-5,7.6854e-5,7.5454075e-5,8.43803e-5,572000,5.646604909014385e-16,3.1088803670395084e-15
20260316_123334,2026-03-16T12:33:34.504,orthonormal_rows,short_wide,32,320,10.000000,20260310,4,bsqr_rinv,materialize_qrp,0.00012741600000000001,0.0001294995,0.00012759797500000003,0.000138853925,502960,5.440616906957495e-16,2.942048377600859e-15
20260316_123334,2026-03-16T12:33:34.504,orthonormal_rows,short_wide,32,320,10.000000,20260310,4,dgeqp3_trsm,materialize_qrp,0.000100834,0.00011460450000000001,0.000104337925,0.0001754375,875424,5.646604909014385e-16,3.1088803670395084e-15
20260316_123334,2026-03-16T12:33:34.504,orthonormal_rows,short_wide,64,128,2.000000,20260310,4,bsqr_full,materialize_qrp,0.000138083,0.000142125,0.00013811345,0.000165405025,340640,7.011966433030591e-16,5.816919387949305e-15
20260316_123334,2026-03-16T12:33:34.504,orthonormal_rows,short_wide,64,128,2.000000,20260310,4,dgeqp3,materialize_qrp,9.175000000000001e-5,9.987450000000001e-5,9.619062500000001e-5,0.00010326184999999999,429984,7.811092051502277e-16,6.917901098806196e-15
20260316_123334,2026-03-16T12:33:34.504,orthonormal_rows,short_wide,64,128,2.000000,20260310,4,bsqr_rinv,materialize_qrp,0.00013412500000000002,0.0001448955,0.00013741795,0.000161663075,373488,7.011966433030591e-16,5.816919387949305e-15
20260316_123334,2026-03-16T12:33:34.504,orthonormal_rows,short_wide,64,128,2.000000,20260310,4,dgeqp3_trsm,materialize_qrp,0.000116583,0.00011793750000000001,0.00011691577500000001,0.000123982625,626912,7.811092051502277e-16,6.917901098806196e-15
20260316_123334,2026-03-16T12:33:34.504,orthonormal_rows,short_wide,64,256,4.000000,20260310,4,bsqr_full,materialize_qrp,0.00031879200000000003,0.000333354,0.000319214675,0.000373366725,547168,7.662387021208411e-16,6.215422989224652e-15
20260316_123334,2026-03-16T12:33:34.504,orthonormal_rows,short_wide,64,256,4.000000,20260310,4,dgeqp3,materialize_qrp,0.00016766600000000002,0.00018083350000000002,0.00017539957500000003,0.00018693872500000002,726880,7.80295872755044e-16,6.3880610985129725e-15
20260316_123334,2026-03-16T12:33:34.504,orthonormal_rows,short_wide,64,256,4.000000,20260310,4,bsqr_rinv,materialize_qrp,0.000322291,0.000340729,0.00032615815,0.00035641074999999997,645552,7.662387021208411e-16,6.215422989224652e-15
20260316_123334,2026-03-16T12:33:34.504,orthonormal_rows,short_wide,64,256,4.000000,20260310,4,dgeqp3_trsm,materialize_qrp,0.000214834,0.00023237450000000002,0.00021842855,0.00025565175,1120416,7.80295872755044e-16,6.3880610985129725e-15
20260316_123334,2026-03-16T12:33:34.504,orthonormal_rows,short_wide,64,512,8.000000,20260310,4,bsqr_full,materialize_qrp,0.000826834,0.0008443545,0.0008310324749999999,0.000863143375,960864,7.641494535213801e-16,6.332828899637733e-15
20260316_123334,2026-03-16T12:33:34.504,orthonormal_rows,short_wide,64,512,8.000000,20260310,4,dgeqp3,materialize_qrp,0.00046962500000000004,0.0004780415,0.00047303830000000005,0.000490364675,1320800,8.155271876144694e-16,6.788269969205867e-15
20260316_123334,2026-03-16T12:33:34.504,orthonormal_rows,short_wide,64,512,8.000000,20260310,4,bsqr_rinv,materialize_qrp,0.0008582910000000001,0.000878917,0.0008583221750000001,0.0009020206499999999,1190320,7.641494535213801e-16,6.332828899637733e-15
20260316_123334,2026-03-16T12:33:34.504,orthonormal_rows,short_wide,64,512,8.000000,20260310,4,dgeqp3_trsm,materialize_qrp,0.0005365000000000001,0.0005645835000000001,0.00053755705,0.0008689741999999988,2107552,8.155271876144694e-16,6.788269969205867e-15
20260316_123334,2026-03-16T12:33:34.504,orthonormal_rows,short_wide,64,640,10.000000,20260310,4,bsqr_full,materialize_qrp,0.0011154580000000002,0.0011406245,0.00111911345,0.0012033886,1167712,7.636397888327121e-16,6.099902016498859e-15
20260316_123334,2026-03-16T12:33:34.504,orthonormal_rows,short_wide,64,640,10.000000,20260310,4,dgeqp3,materialize_qrp,0.000581666,0.0006484375,0.00059039645,0.0019421180999999936,1617760,7.925235915297731e-16,6.1985162469237914e-15
20260316_123334,2026-03-16T12:33:34.504,orthonormal_rows,short_wide,64,640,10.000000,20260310,4,bsqr_rinv,materialize_qrp,0.0011016250000000002,0.001163771,0.00111123125,0.001259310025,1462704,7.636397888327121e-16,6.099902016498859e-15
20260316_123334,2026-03-16T12:33:34.504,orthonormal_rows,short_wide,64,640,10.000000,20260310,4,dgeqp3_trsm,materialize_qrp,0.000659375,0.000748271,0.000688828125,0.001956538874999994,2601120,7.925235915297731e-16,6.1985162469237914e-15
20260316_123334,2026-03-16T12:33:34.504,orthonormal_rows,short_wide,128,256,2.000000,20260310,4,bsqr_full,materialize_qrp,0.001210708,0.001313125,0.001211886125,0.001600525649999999,1170304,9.111709708699152e-16,1.0627394849050319e-14
20260316_123334,2026-03-16T12:33:34.504,orthonormal_rows,short_wide,128,256,2.000000,20260310,4,dgeqp3,materialize_qrp,0.000743334,0.0007698755,0.0007441489000000001,0.000819910325,1382784,9.681429219979343e-16,1.130240611318869e-14
20260316_123334,2026-03-16T12:33:34.504,orthonormal_rows,short_wide,128,256,2.000000,20260310,4,bsqr_rinv,materialize_qrp,0.0012159590000000002,0.0012785415000000002,0.001223963725,0.00135353575,1301456,9.111709708699152e-16,1.0627394849050319e-14
20260316_123334,2026-03-16T12:33:34.504,orthonormal_rows,short_wide,128,256,2.000000,20260310,4,dgeqp3_trsm,materialize_qrp,0.000840042,0.000874042,0.00084523735,0.0014056929499999976,2169536,9.681429219979343e-16,1.130240611318869e-14
20260316_123334,2026-03-16T12:33:34.504,orthonormal_rows,short_wide,128,512,4.000000,20260310,4,bsqr_full,materialize_qrp,0.002718584,0.0029881875000000004,0.0027245043500000003,0.004838805449999995,1977216,9.596532897883902e-16,1.0905439580671879e-14
20260316_123334,2026-03-16T12:33:34.504,orthonormal_rows,short_wide,128,512,4.000000,20260310,4,dgeqp3,materialize_qrp,0.0016952920000000002,0.0018355835000000002,0.0016991584250000001,0.003132140324999994,2500992,9.607500800446622e-16,1.0737213437744801e-14
20260316_123334,2026-03-16T12:33:34.504,orthonormal_rows,short_wide,128,512,4.000000,20260310,4,bsqr_rinv,materialize_qrp,0.002847042,0.0030628540000000003,0.002875226375,0.004226655599999995,2370512,9.596532897883902e-16,1.0905439580671879e-14
20260316_123334,2026-03-16T12:33:34.504,orthonormal_rows,short_wide,128,512,4.000000,20260310,4,dgeqp3_trsm,materialize_qrp,0.001787083,0.002084625,0.0019203626500000001,0.0072272576250000005,4074176,9.607500800446622e-16,1.0737213437744801e-14
20260316_123334,2026-03-16T12:33:34.504,orthonormal_rows,short_wide,128,1024,8.000000,20260310,4,bsqr_full,materialize_qrp,0.005002458,0.005319917,0.005028890775,0.010668995124999999,3591040,9.118249186524455e-16,1.066899011429985e-14
20260316_123334,2026-03-16T12:33:34.504,orthonormal_rows,short_wide,128,1024,8.000000,20260310,4,dgeqp3,materialize_qrp,0.002749875,0.0029894590000000003,0.0027909578500000002,0.006587797024999998,4737408,9.29922059984131e-16,1.0604992526402167e-14
20260316_123334,2026-03-16T12:33:34.504,orthonormal_rows,short_wide,128,1024,8.000000,20260310,4,bsqr_rinv,materialize_qrp,0.005061833,0.0054066245,0.005092947825,0.008075869699999997,4508624,9.118249186524455e-16,1.066899011429985e-14
20260316_123334,2026-03-16T12:33:34.504,orthonormal_rows,short_wide,128,1024,8.000000,20260310,4,dgeqp3_trsm,materialize_qrp,0.003050333,0.0034444170000000004,0.003064229075,0.0079381061,7883456,9.29922059984131e-16,1.0604992526402167e-14
20260316_123334,2026-03-16T12:33:34.504,orthonormal_rows,short_wide,128,1280,10.000000,20260310,4,bsqr_full,materialize_qrp,0.005779625,0.006344833,0.005954621875,0.010950763299999998,4397952,9.177426369713249e-16,1.0949269583957678e-14
20260316_123334,2026-03-16T12:33:34.504,orthonormal_rows,short_wide,128,1280,10.000000,20260310,4,dgeqp3,materialize_qrp,0.003224625,0.0034054370000000003,0.0032441695500000003,0.007153578124999999,5855616,9.381731460693726e-16,1.1147752317405977e-14
20260316_123334,2026-03-16T12:33:34.504,orthonormal_rows,short_wide,128,1280,10.000000,20260310,4,bsqr_rinv,materialize_qrp,0.006155000000000001,0.006529646,0.0061722492,0.0103141141,5577680,9.177426369713249e-16,1.0949269583957678e-14
20260316_123334,2026-03-16T12:33:34.504,orthonormal_rows,short_wide,128,1280,10.000000,20260310,4,dgeqp3_trsm,materialize_qrp,0.0037313750000000003,0.004198,0.003747596875,0.008011734675,9788096,9.381731460693726e-16,1.1147752317405977e-14
20260316_123334,2026-03-16T12:33:34.504,orthonormal_rows,short_wide,256,512,2.000000,20260310,4,bsqr_full,materialize_qrp,0.007539334000000001,0.008151271,0.007570569175000001,0.010548259225,4370272,1.1389123833918431e-15,2.004240811967313e-14
20260316_123334,2026-03-16T12:33:34.504,orthonormal_rows,short_wide,256,512,2.000000,20260310,4,dgeqp3,materialize_qrp,0.003712583,0.0040346670000000005,0.0037130361250000002,0.0067884124999999995,5025120,1.1856115187132112e-15,2.0515495729205452e-14
20260316_123334,2026-03-16T12:33:34.504,orthonormal_rows,short_wide,256,512,2.000000,20260310,4,bsqr_rinv,materialize_qrp,0.007464500000000001,0.0082881875,0.007741571075,0.009832338299999998,4894640,1.1389123833918431e-15,2.004240811967313e-14
20260316_123334,2026-03-16T12:33:34.504,orthonormal_rows,short_wide,256,512,2.000000,20260310,4,dgeqp3_trsm,materialize_qrp,0.003755375,0.0043112085,0.0038536125,0.007855476899999998,8171168,1.1856115187132112e-15,2.0515495729205452e-14
20260316_123334,2026-03-16T12:33:34.504,orthonormal_rows,short_wide,256,1024,4.000000,20260310,4,bsqr_full,materialize_qrp,0.013808708000000001,0.014795021,0.013910903275,0.019936264250000002,7556960,1.150446580201618e-15,1.9886150767395372e-14
20260316_123334,2026-03-16T12:33:34.504,orthonormal_rows,short_wide,256,1024,4.000000,20260310,4,dgeqp3,materialize_qrp,0.006570959,0.0072646875,0.0066955683750000005,0.013117338075,9358688,1.2225217992941622e-15,2.075426169560514e-14
20260316_123334,2026-03-16T12:33:34.504,orthonormal_rows,short_wide,256,1024,4.000000,20260310,4,bsqr_rinv,materialize_qrp,0.014443250000000001,0.015305625000000002,0.014448475800000003,0.019481897025,9129904,1.150446580201618e-15,1.9886150767395372e-14
20260316_123334,2026-03-16T12:33:34.504,orthonormal_rows,short_wide,256,1024,4.000000,20260310,4,dgeqp3_trsm,materialize_qrp,0.007232791000000001,0.0081029375,0.007268648775000001,0.011927366425000002,15650464,1.2225217992941622e-15,2.075426169560514e-14
20260316_123334,2026-03-16T12:33:34.504,orthonormal_rows,short_wide,256,2048,8.000000,20260310,4,bsqr_full,materialize_qrp,0.024632708000000003,0.029047875,0.0248420822,0.03220264295,13930336,1.1449842056481448e-15,1.9524610453759973e-14
20260316_123334,2026-03-16T12:33:34.504,orthonormal_rows,short_wide,256,2048,8.000000,20260310,4,dgeqp3,materialize_qrp,0.01298225,0.013962125,0.01307000545,0.0164048561,18058592,1.2407335837578731e-15,2.0523011456636368e-14
20260316_123334,2026-03-16T12:33:34.504,orthonormal_rows,short_wide,256,2048,8.000000,20260310,4,bsqr_rinv,materialize_qrp,0.024925166000000002,0.0300176875,0.026069186275000003,0.033213077475000005,17600432,1.1449842056481448e-15,1.9524610453759973e-14
20260316_123334,2026-03-16T12:33:34.504,orthonormal_rows,short_wide,256,2048,8.000000,20260310,4,dgeqp3_trsm,materialize_qrp,0.014441708000000001,0.016609208,0.014676819700000001,0.03188064904999994,30641824,1.2407335837578731e-15,2.0523011456636368e-14
20260316_123334,2026-03-16T12:33:34.504,orthonormal_rows,short_wide,256,2560,10.000000,20260310,4,bsqr_full,materialize_qrp,0.029773958000000003,0.033414854,0.029927447025,0.03922674934999999,17117024,1.1552540839000554e-15,1.9976200972667538e-14
20260316_123334,2026-03-16T12:33:34.504,orthonormal_rows,short_wide,256,2560,10.000000,20260310,4,dgeqp3,materialize_qrp,0.015864625,0.01760275,0.01592244375,0.020002792,22392160,1.2333774156748603e-15,2.0722294034546068e-14
20260316_123334,2026-03-16T12:33:34.504,orthonormal_rows,short_wide,256,2560,10.000000,20260310,4,bsqr_rinv,materialize_qrp,0.031922375,0.038446979,0.033116510175,0.042670216725,21835696,1.1552540839000554e-15,1.9976200972667538e-14
20260316_123334,2026-03-16T12:33:34.504,orthonormal_rows,short_wide,256,2560,10.000000,20260310,4,dgeqp3_trsm,materialize_qrp,0.018062334000000003,0.02084325,0.01827016685,0.066504848475,38121120,1.2333774156748603e-15,2.0722294034546068e-14
20260316_123334,2026-03-16T12:33:34.504,orthonormal_rows,short_wide,512,1024,2.000000,20260310,4,bsqr_full,materialize_qrp,0.040366375,0.0454202495,0.040791134375,0.06442056074999995,17061760,1.4993662706644025e-15,3.8126040042145945e-14
20260316_123334,2026-03-16T12:33:34.504,orthonormal_rows,short_wide,512,1024,2.000000,20260310,4,dgeqp3,materialize_qrp,0.0178205,0.019895146500000002,0.0179044492,0.025020915775,19387744,1.5547769405692144e-15,3.8638687218042306e-14
20260316_123334,2026-03-16T12:33:34.504,orthonormal_rows,short_wide,512,1024,2.000000,20260310,4,bsqr_rinv,materialize_qrp,0.041991666000000004,0.046168708,0.0420326894,0.06647723082499993,19158992,1.4993662706644025e-15,3.8126040042145945e-14
20260316_123334,2026-03-16T12:33:34.504,orthonormal_rows,short_wide,512,1024,2.000000,20260310,4,dgeqp3_trsm,materialize_qrp,0.019131542,0.020527583000000002,0.019284517,0.054788818749999996,31970976,1.5547769405692144e-15,3.8638687218042306e-14
20260316_123334,2026-03-16T12:33:34.504,orthonormal_rows,short_wide,512,2048,4.000000,20260310,4,bsqr_full,materialize_qrp,0.07773716700000001,0.0950504585,0.07871754825000002,0.13926559905,29726592,1.532384521456272e-15,3.7761201001912035e-14
20260316_123334,2026-03-16T12:33:34.504,orthonormal_rows,short_wide,512,2048,4.000000,20260310,4,dgeqp3,materialize_qrp,0.031846584000000004,0.035081125000000005,0.032016898099999996,0.04922021532499994,36476256,1.5958458993632142e-15,3.797307428464864e-14
20260316_123334,2026-03-16T12:33:34.504,orthonormal_rows,short_wide,512,2048,4.000000,20260310,4,bsqr_rinv,materialize_qrp,0.080272917,0.093301875,0.081676788875,0.138984715475,36018128,1.532384521456272e-15,3.7761201001912035e-14
20260316_123334,2026-03-16T12:33:34.504,orthonormal_rows,short_wide,512,2048,4.000000,20260310,4,dgeqp3_trsm,materialize_qrp,0.03643425,0.039850146,0.036449504725,0.08192734607499999,61642400,1.5958458993632142e-15,3.797307428464864e-14
20260316_123334,2026-03-16T12:33:34.504,orthonormal_rows,short_wide,512,4096,8.000000,20260310,4,bsqr_full,materialize_qrp,0.257294,0.31475304200000004,0.26300359362500003,0.362907968875,55056256,1.5630478478388333e-15,3.770408701532817e-14
20260316_123334,2026-03-16T12:33:34.504,orthonormal_rows,short_wide,512,4096,8.000000,20260310,4,dgeqp3,materialize_qrp,0.083165792,0.089300771,0.08385082637499999,0.135512945125,70620512,1.6300347024145253e-15,3.878877142761363e-14
20260316_123334,2026-03-16T12:33:34.504,orthonormal_rows,short_wide,512,4096,8.000000,20260310,4,bsqr_rinv,materialize_qrp,0.28656304200000005,0.3307654165,0.28780682325000007,0.374848859375,71833552,1.5630478478388333e-15,3.770408701532817e-14
20260316_123334,2026-03-16T12:33:34.504,orthonormal_rows,short_wide,512,4096,8.000000,20260310,4,dgeqp3_trsm,materialize_qrp,0.090743375,0.106395187,0.0911155117,0.153416708425,127243936,1.6300347024145253e-15,3.878877142761363e-14
20260316_123334,2026-03-16T12:33:34.504,orthonormal_rows,short_wide,512,5120,10.000000,20260310,4,bsqr_full,materialize_qrp,0.487923333,0.5502238340000001,0.49257617480000004,0.6255447744000001,67966848,1.5723458849572821e-15,3.780686383535912e-14
20260316_123334,2026-03-16T12:33:34.504,orthonormal_rows,short_wide,512,5120,10.000000,20260310,4,dgeqp3,materialize_qrp,0.19967558400000002,0.21142950000000002,0.20111192775000003,0.6774514790499995,87725408,1.6408603405515636e-15,3.869831045441037e-14
20260316_123334,2026-03-16T12:33:34.504,orthonormal_rows,short_wide,512,5120,10.000000,20260310,4,bsqr_rinv,materialize_qrp,0.5298824160000001,0.548688375,0.5305361579000001,1.0406917028500002,86841296,1.5723458849572821e-15,3.780686383535912e-14
20260316_123334,2026-03-16T12:33:34.504,orthonormal_rows,short_wide,512,5120,10.000000,20260310,4,dgeqp3_trsm,materialize_qrp,0.222274417,0.230561166,0.2224817295,0.2756330835,150640288,1.6408603405515636e-15,3.869831045441037e-14
20260316_123334,2026-03-16T12:33:34.504,gaussian,square,64,64,1.000000,20260311,4,bsqr_full,materialize_qrp,7.975e-5,8.58125e-5,8.0203125e-5,0.000114742375,236896,5.556283668258509e-16,6.3325249036096355e-15
20260316_123334,2026-03-16T12:33:34.504,gaussian,square,64,64,1.000000,20260311,4,dgeqp3,materialize_qrp,6.65e-5,0.000106333,6.746715e-5,0.00015275502499999998,250208,5.885052819619953e-16,6.632531056365504e-15
20260316_123334,2026-03-16T12:33:34.504,gaussian,square,64,64,1.000000,20260311,4,bsqr_rinv,materialize_qrp,8.2209e-5,8.6375e-5,8.27223e-5,0.0001411419999999999,236944,5.556283668258509e-16,6.3325249036096355e-15
20260316_123334,2026-03-16T12:33:34.504,gaussian,square,64,64,1.000000,20260311,4,dgeqp3_trsm,materialize_qrp,5.9666e-5,6.6562e-5,6.0391725e-5,9.160014999999999e-5,250208,5.885052819619953e-16,6.632531056365504e-15
20260316_123334,2026-03-16T12:33:34.504,gaussian,square,128,128,1.000000,20260311,4,bsqr_full,materialize_qrp,0.000402709,0.00043722950000000003,0.000409082475,0.000468671575,767168,7.140931999036581e-16,1.0676698014676034e-14
20260316_123334,2026-03-16T12:33:34.504,gaussian,square,128,128,1.000000,20260311,4,dgeqp3,materialize_qrp,0.000295,0.00031800000000000003,0.000298503925,0.000362995125,823744,7.403183600797456e-16,1.0816608931277344e-14
20260316_123334,2026-03-16T12:33:34.504,gaussian,square,128,128,1.000000,20260311,4,bsqr_rinv,materialize_qrp,0.000403459,0.000451021,0.00041605514999999997,0.0005647078499999999,767216,7.140931999036581e-16,1.0676698014676034e-14
20260316_123334,2026-03-16T12:33:34.504,gaussian,square,128,128,1.000000,20260311,4,dgeqp3_trsm,materialize_qrp,0.00029437500000000004,0.0003207295,0.0002953117,0.000343313875,823744,7.403183600797456e-16,1.0816608931277344e-14
20260316_123334,2026-03-16T12:33:34.504,gaussian,square,256,256,1.000000,20260311,4,bsqr_full,materialize_qrp,0.003184375,0.0039601045000000005,0.003246634375,0.021901184949999934,2776928,8.84382709356842e-16,1.9916453494948778e-14
20260316_123334,2026-03-16T12:33:34.504,gaussian,square,256,256,1.000000,20260311,4,dgeqp3,materialize_qrp,0.0019307080000000002,0.0021214790000000003,0.00197801425,0.0026479329999999995,2858336,9.332232856703336e-16,2.0285216125112807e-14
20260316_123334,2026-03-16T12:33:34.504,gaussian,square,256,256,1.000000,20260311,4,bsqr_rinv,materialize_qrp,0.003208208,0.0036382085,0.0032479024750000003,0.005133837649999995,2776976,8.84382709356842e-16,1.9916453494948778e-14
20260316_123334,2026-03-16T12:33:34.504,gaussian,square,256,256,1.000000,20260311,4,dgeqp3_trsm,materialize_qrp,0.0018631670000000002,0.0020997915000000003,0.0018965771750000002,0.0028189520249999973,2858336,9.332232856703336e-16,2.0285216125112807e-14
20260316_123334,2026-03-16T12:33:34.504,gaussian,square,384,384,1.000000,20260311,4,bsqr_full,materialize_qrp,0.008764834,0.009312458000000001,0.008830234075000002,0.011486672524999998,6097760,1.0544412300735577e-15,2.9502288018207066e-14
20260316_123334,2026-03-16T12:33:34.504,gaussian,square,384,384,1.000000,20260311,4,dgeqp3,materialize_qrp,0.004196333,0.004535604,0.0042019822,0.007317085975,6203744,1.101243593241098e-15,3.004114827949069e-14
20260316_123334,2026-03-16T12:33:34.504,gaussian,square,384,384,1.000000,20260311,4,bsqr_rinv,materialize_qrp,0.008824750000000001,0.009232042000000001,0.008858673475,0.011581980449999998,6097808,1.0544412300735577e-15,2.9502288018207066e-14
20260316_123334,2026-03-16T12:33:34.504,gaussian,square,384,384,1.000000,20260311,4,dgeqp3_trsm,materialize_qrp,0.004064209,0.0043721035,0.004067319975,0.005485914674999999,6203744,1.101243593241098e-15,3.004114827949069e-14
20260316_123334,2026-03-16T12:33:34.504,gaussian,square,512,512,1.000000,20260311,4,bsqr_full,materialize_qrp,0.019314208000000003,0.021863813000000003,0.0194073705,0.026795091724999998,10729344,1.195050870558813e-15,3.790315964034835e-14
20260316_123334,2026-03-16T12:33:34.504,gaussian,square,512,512,1.000000,20260311,4,dgeqp3,materialize_qrp,0.009218500000000001,0.010367292,0.009311209375,0.012721317525,10859872,1.2360573297764559e-15,3.827292778088262e-14
20260316_123334,2026-03-16T12:33:34.504,gaussian,square,512,512,1.000000,20260311,4,bsqr_rinv,materialize_qrp,0.019489958,0.0211849375,0.01957124935,0.024910310900000003,10729392,1.195050870558813e-15,3.790315964034835e-14
20260316_123334,2026-03-16T12:33:34.504,gaussian,square,512,512,1.000000,20260311,4,dgeqp3_trsm,materialize_qrp,0.009217083000000001,0.010207312500000001,0.00926750095,0.01478170625,10859872,1.2360573297764559e-15,3.827292778088262e-14
20260316_123334,2026-03-16T12:33:34.504,gaussian,short_wide,32,64,2.000000,20260311,4,bsqr_full,materialize_qrp,2.9125000000000003e-5,3.1958e-5,2.9185175000000005e-5,5.9985899999999916e-5,138336,4.767954630879803e-16,3.0416748204948705e-15
20260316_123334,2026-03-16T12:33:34.504,gaussian,short_wide,32,64,2.000000,20260311,4,dgeqp3,materialize_qrp,1.9917000000000003e-5,2.09375e-5,1.9946725000000002e-5,3.085202499999997e-5,159840,5.338460553594697e-16,3.555320302841277e-15
20260316_123334,2026-03-16T12:33:34.504,gaussian,short_wide,32,64,2.000000,20260311,4,bsqr_rinv,materialize_qrp,2.8667000000000002e-5,3.0708000000000005e-5,2.869745e-5,4.275217499999998e-5,146608,4.767954630879803e-16,3.0416748204948705e-15
20260316_123334,2026-03-16T12:33:34.504,gaussian,short_wide,32,64,2.000000,20260311,4,dgeqp3_trsm,materialize_qrp,2.6042000000000002e-5,2.78335e-5,2.6162350000000002e-5,3.9750574999999976e-5,209312,5.338460553594697e-16,3.555320302841277e-15
20260316_123334,2026-03-16T12:33:34.504,gaussian,short_wide,32,128,4.000000,20260311,4,bsqr_full,materialize_qrp,4.8375000000000004e-5,4.9146e-5,4.8435175e-5,6.107594999999999e-5,192928,5.57339362061496e-16,3.4414299426745962e-15
20260316_123334,2026-03-16T12:33:34.504,gaussian,short_wide,32,128,4.000000,20260311,4,dgeqp3,materialize_qrp,3.1875e-5,3.45415e-5,3.205625e-5,6.4447025e-5,274080,5.347040818163381e-16,3.1230905904392464e-15
20260316_123334,2026-03-16T12:33:34.504,gaussian,short_wide,32,128,4.000000,20260311,4,bsqr_rinv,materialize_qrp,4.975e-5,5.5417e-5,4.9901525000000005e-5,8.24563999999999e-5,217584,5.57339362061496e-16,3.4414299426745962e-15
20260316_123334,2026-03-16T12:33:34.504,gaussian,short_wide,32,128,4.000000,20260311,4,dgeqp3_trsm,materialize_qrp,4.2625e-5,4.6604e-5,4.3682775e-5,6.6428425e-5,372704,5.347040818163381e-16,3.1230905904392464e-15
20260316_123334,2026-03-16T12:33:34.504,gaussian,short_wide,32,256,8.000000,20260311,4,bsqr_full,materialize_qrp,9.2334e-5,9.8125e-5,9.275595e-5,0.00011244607499999999,301152,5.070382138200773e-16,2.5912917428915223e-15
20260316_123334,2026-03-16T12:33:34.504,gaussian,short_wide,32,256,8.000000,20260311,4,dgeqp3,materialize_qrp,6.3083e-5,6.7854e-5,6.308372500000001e-5,7.7840625e-5,439904,5.750381203399579e-16,3.2947650497269526e-15
20260316_123334,2026-03-16T12:33:34.504,gaussian,short_wide,32,256,8.000000,20260311,4,bsqr_rinv,materialize_qrp,9.7e-5,0.0001025625,9.826875e-5,0.0001127186,366768,5.070382138200773e-16,2.5912917428915223e-15
20260316_123334,2026-03-16T12:33:34.504,gaussian,short_wide,32,256,8.000000,20260311,4,dgeqp3_trsm,materialize_qrp,9.041700000000001e-5,9.452100000000001e-5,9.077950000000001e-5,0.000110498625,645024,5.750381203399579e-16,3.2947650497269526e-15
20260316_123334,2026-03-16T12:33:34.504,gaussian,short_wide,32,320,10.000000,20260311,4,bsqr_full,materialize_qrp,0.000113542,0.0001235835,0.00011565610000000001,0.000142278925,404576,5.338482956797689e-16,3.0027087138481105e-15
20260316_123334,2026-03-16T12:33:34.504,gaussian,short_wide,32,320,10.000000,20260311,4,dgeqp3,materialize_qrp,6.625e-5,7.8646e-5,6.625e-5,9.187245000000001e-5,572000,6.02395212898631e-16,3.4120134306064398e-15
20260316_123334,2026-03-16T12:33:34.504,gaussian,short_wide,32,320,10.000000,20260311,4,bsqr_rinv,materialize_qrp,0.00012775000000000002,0.0001313335,0.00012793125000000002,0.00014695515,502960,5.338482956797689e-16,3.0027087138481105e-15
20260316_123334,2026-03-16T12:33:34.504,gaussian,short_wide,32,320,10.000000,20260311,4,dgeqp3_trsm,materialize_qrp,0.00010187500000000001,0.00010985400000000001,0.00010401955,0.00011907855000000001,875424,6.02395212898631e-16,3.4120134306064398e-15
20260316_123334,2026-03-16T12:33:34.504,gaussian,short_wide,64,128,2.000000,20260311,4,bsqr_full,materialize_qrp,0.000136083,0.000139375,0.000136778275,0.00015717267499999998,340640,6.655232916722036e-16,6.196581706062726e-15
20260316_123334,2026-03-16T12:33:34.504,gaussian,short_wide,64,128,2.000000,20260311,4,dgeqp3,materialize_qrp,9.2625e-5,0.00010399950000000001,9.428669999999999e-5,0.000117209375,429984,6.708568597511681e-16,6.234265738086532e-15
20260316_123334,2026-03-16T12:33:34.504,gaussian,short_wide,64,128,2.000000,20260311,4,bsqr_rinv,materialize_qrp,0.00013575000000000002,0.00014395800000000002,0.00013644455000000002,0.000158608575,373488,6.655232916722036e-16,6.196581706062726e-15
20260316_123334,2026-03-16T12:33:34.504,gaussian,short_wide,64,128,2.000000,20260311,4,dgeqp3_trsm,materialize_qrp,0.00011670800000000001,0.000117979,0.00011670872500000001,0.00013698654999999994,626912,6.708568597511681e-16,6.234265738086532e-15
20260316_123334,2026-03-16T12:33:34.504,gaussian,short_wide,64,256,4.000000,20260311,4,bsqr_full,materialize_qrp,0.00031683300000000003,0.00032700000000000003,0.000318978275,0.000352315625,547168,7.216716217524271e-16,6.0608621754577445e-15
20260316_123334,2026-03-16T12:33:34.504,gaussian,short_wide,64,256,4.000000,20260311,4,dgeqp3,materialize_qrp,0.000168375,0.0001839795,0.00017477965000000002,0.0001900117,726880,7.636253443350295e-16,6.419349457173959e-15
20260316_123334,2026-03-16T12:33:34.504,gaussian,short_wide,64,256,4.000000,20260311,4,bsqr_rinv,materialize_qrp,0.00033125,0.000340458,0.00033251875,0.000354770275,645552,7.216716217524271e-16,6.0608621754577445e-15
20260316_123334,2026-03-16T12:33:34.504,gaussian,short_wide,64,256,4.000000,20260311,4,dgeqp3_trsm,materialize_qrp,0.000205083,0.00022879200000000001,0.000214749425,0.000258449625,1120416,7.636253443350295e-16,6.419349457173959e-15
20260316_123334,2026-03-16T12:33:34.504,gaussian,short_wide,64,512,8.000000,20260311,4,bsqr_full,materialize_qrp,0.0008271250000000001,0.0008460625,0.0008271554500000001,0.000920721225,960864,7.482967707583215e-16,6.339209911170142e-15
20260316_123334,2026-03-16T12:33:34.504,gaussian,short_wide,64,512,8.000000,20260311,4,dgeqp3,materialize_qrp,0.000461667,0.00048383300000000003,0.000469763075,0.00051658845,1320800,7.740919658355252e-16,6.362785736260132e-15
20260316_123334,2026-03-16T12:33:34.504,gaussian,short_wide,64,512,8.000000,20260311,4,bsqr_rinv,materialize_qrp,0.0008548750000000001,0.0008818125,0.0008622156250000002,0.000930603125,1190320,7.482967707583215e-16,6.339209911170142e-15
20260316_123334,2026-03-16T12:33:34.504,gaussian,short_wide,64,512,8.000000,20260311,4,dgeqp3_trsm,materialize_qrp,0.000545667,0.0005762505,0.000547358425,0.001741728549999998,2107552,7.740919658355252e-16,6.362785736260132e-15
20260316_123334,2026-03-16T12:33:34.504,gaussian,short_wide,64,640,10.000000,20260311,4,bsqr_full,materialize_qrp,0.001062459,0.0011381875,0.00106351605,0.001206804075,1167712,7.553144711336925e-16,6.182655791877826e-15
20260316_123334,2026-03-16T12:33:34.504,gaussian,short_wide,64,640,10.000000,20260311,4,dgeqp3,materialize_qrp,0.000602833,0.000621958,0.0006068806750000001,0.0023902818999999914,1617760,7.701678375852386e-16,6.23167555565943e-15
20260316_123334,2026-03-16T12:33:34.504,gaussian,short_wide,64,640,10.000000,20260311,4,bsqr_rinv,materialize_qrp,0.0011698750000000001,0.0012435835,0.0011737109750000001,0.00136839535,1462704,7.553144711336925e-16,6.182655791877826e-15
20260316_123334,2026-03-16T12:33:34.504,gaussian,short_wide,64,640,10.000000,20260311,4,dgeqp3_trsm,materialize_qrp,0.000729458,0.0008133750000000001,0.0007436861250000001,0.002236234799999994,2601120,7.701678375852386e-16,6.23167555565943e-15
20260316_123334,2026-03-16T12:33:34.504,gaussian,short_wide,128,256,2.000000,20260311,4,bsqr_full,materialize_qrp,0.001255667,0.0013390205000000002,0.001261588075,0.002011348399999998,1170304,8.687136597717937e-16,1.0607081032965025e-14
20260316_123334,2026-03-16T12:33:34.504,gaussian,short_wide,128,256,2.000000,20260311,4,dgeqp3,materialize_qrp,0.0007473330000000001,0.0008169375000000001,0.000759990775,0.0009260544999999999,1382784,8.89937151882439e-16,1.1172928617052627e-14
20260316_123334,2026-03-16T12:33:34.504,gaussian,short_wide,128,256,2.000000,20260311,4,bsqr_rinv,materialize_qrp,0.0012477080000000002,0.0013390420000000001,0.0012528431750000002,0.0013998062499999998,1301456,8.687136597717937e-16,1.0607081032965025e-14
20260316_123334,2026-03-16T12:33:34.504,gaussian,short_wide,128,256,2.000000,20260311,4,dgeqp3_trsm,materialize_qrp,0.000786875,0.000904354,0.000817415625,0.0025507390999999924,2169536,8.89937151882439e-16,1.1172928617052627e-14
20260316_123334,2026-03-16T12:33:34.504,gaussian,short_wide,128,512,4.000000,20260311,4,bsqr_full,materialize_qrp,0.002833625,0.0030530835,0.0028600875000000005,0.005661051099999992,1977216,9.308394192810521e-16,1.0687476056656708e-14
20260316_123334,2026-03-16T12:33:34.504,gaussian,short_wide,128,512,4.000000,20260311,4,dgeqp3,materialize_qrp,0.0016970420000000002,0.0018282915,0.0017105146750000001,0.003719874849999991,2500992,9.24859990331129e-16,1.0643679655387061e-14
20260316_123334,2026-03-16T12:33:34.504,gaussian,short_wide,128,512,4.000000,20260311,4,bsqr_rinv,materialize_qrp,0.0028012500000000004,0.0030124170000000003,0.002850640625,0.00514003219999999,2370512,9.308394192810521e-16,1.0687476056656708e-14
20260316_123334,2026-03-16T12:33:34.504,gaussian,short_wide,128,512,4.000000,20260311,4,dgeqp3_trsm,materialize_qrp,0.001934083,0.0020487915,0.0019373455,0.007345563874999999,4074176,9.24859990331129e-16,1.0643679655387061e-14
20260316_123334,2026-03-16T12:33:34.504,gaussian,short_wide,128,1024,8.000000,20260311,4,bsqr_full,materialize_qrp,0.005143458,0.005599583500000001,0.0051532455000000005,0.01226621795,3591040,8.887063900535728e-16,1.0597857266411556e-14
20260316_123334,2026-03-16T12:33:34.504,gaussian,short_wide,128,1024,8.000000,20260311,4,dgeqp3,materialize_qrp,0.002798,0.0029996665000000004,0.0028288125,0.008340276899999999,4737408,8.995642645397801e-16,1.074754061118985e-14
20260316_123334,2026-03-16T12:33:34.504,gaussian,short_wide,128,1024,8.000000,20260311,4,bsqr_rinv,materialize_qrp,0.0051335,0.005819271,0.0052368734,0.01390818205,4508624,8.887063900535728e-16,1.0597857266411556e-14
20260316_123334,2026-03-16T12:33:34.504,gaussian,short_wide,128,1024,8.000000,20260311,4,dgeqp3_trsm,materialize_qrp,0.003144333,0.0035011660000000004,0.0031824564000000003,0.009776957849999997,7883456,8.995642645397801e-16,1.074754061118985e-14
20260316_123334,2026-03-16T12:33:34.504,gaussian,short_wide,128,1280,10.000000,20260311,4,bsqr_full,materialize_qrp,0.006034459000000001,0.006379458500000001,0.0060364223,0.010301685174999997,4397952,8.883198866546727e-16,1.0777762480668372e-14
20260316_123334,2026-03-16T12:33:34.504,gaussian,short_wide,128,1280,10.000000,20260311,4,dgeqp3,materialize_qrp,0.003365209,0.004016021,0.00339686685,0.02698269824999997,5855616,9.23952382726941e-16,1.109164750803374e-14
20260316_123334,2026-03-16T12:33:34.504,gaussian,short_wide,128,1280,10.000000,20260311,4,bsqr_rinv,materialize_qrp,0.007037166,0.0075578335000000005,0.007040822175000001,0.01097993315,5577680,8.883198866546727e-16,1.0777762480668372e-14
20260316_123334,2026-03-16T12:33:34.504,gaussian,short_wide,128,1280,10.000000,20260311,4,dgeqp3_trsm,materialize_qrp,0.0035868750000000002,0.004177500000000001,0.0037918984750000004,0.008603623399999996,9788096,9.23952382726941e-16,1.109164750803374e-14
20260316_123334,2026-03-16T12:33:34.504,gaussian,short_wide,256,512,2.000000,20260311,4,bsqr_full,materialize_qrp,0.0077236250000000005,0.0084174585,0.00782965625,0.012693530449999999,4370272,1.0521695072538872e-15,1.9650803706351486e-14
20260316_123334,2026-03-16T12:33:34.504,gaussian,short_wide,256,512,2.000000,20260311,4,dgeqp3,materialize_qrp,0.0036928330000000004,0.003992563,0.0037152181000000006,0.007329746450000001,5025120,1.0839991521313582e-15,1.97903793023808e-14
20260316_123334,2026-03-16T12:33:34.504,gaussian,short_wide,256,512,2.000000,20260311,4,bsqr_rinv,materialize_qrp,0.008003459000000001,0.0087522085,0.008030132475,0.012094171875,4894640,1.0521695072538872e-15,1.9650803706351486e-14
20260316_123334,2026-03-16T12:33:34.504,gaussian,short_wide,256,512,2.000000,20260311,4,dgeqp3_trsm,materialize_qrp,0.004251791,0.004586583500000001,0.00429444565,0.009837728774999999,8171168,1.0839991521313582e-15,1.97903793023808e-14
20260316_123334,2026-03-16T12:33:34.504,gaussian,short_wide,256,1024,4.000000,20260311,4,bsqr_full,materialize_qrp,0.013931292000000001,0.0150371665,0.014147220925000002,0.018517988149999998,7556960,1.105623808042119e-15,1.965171962871492e-14
20260316_123334,2026-03-16T12:33:34.504,gaussian,short_wide,256,1024,4.000000,20260311,4,dgeqp3,materialize_qrp,0.00654025,0.007175021,0.00666519215,0.012238173624999998,9358688,1.1689734483403977e-15,2.024079722842575e-14
20260316_123334,2026-03-16T12:33:34.504,gaussian,short_wide,256,1024,4.000000,20260311,4,bsqr_rinv,materialize_qrp,0.014631583,0.0159779795,0.014827091575000003,0.021728867800000003,9129904,1.105623808042119e-15,1.965171962871492e-14
20260316_123334,2026-03-16T12:33:34.504,gaussian,short_wide,256,1024,4.000000,20260311,4,dgeqp3_trsm,materialize_qrp,0.0077097500000000005,0.0086220415,0.007809135900000001,0.012465772175,15650464,1.1689734483403977e-15,2.024079722842575e-14
20260316_123334,2026-03-16T12:33:34.504,gaussian,short_wide,256,2048,8.000000,20260311,4,bsqr_full,materialize_qrp,0.025241125000000003,0.027705833500000002,0.025441950000000005,0.030869612500000004,13930336,1.138202433637626e-15,1.9670346338944817e-14
20260316_123334,2026-03-16T12:33:34.504,gaussian,short_wide,256,2048,8.000000,20260311,4,dgeqp3,materialize_qrp,0.012563209,0.013999312500000001,0.012622568375,0.017126241049999998,18058592,1.214223186816077e-15,2.0126004511151377e-14
20260316_123334,2026-03-16T12:33:34.504,gaussian,short_wide,256,2048,8.000000,20260311,4,bsqr_rinv,materialize_qrp,0.026775833000000002,0.035246604,0.026791058725,0.05313333939999995,17600432,1.138202433637626e-15,1.9670346338944817e-14
20260316_123334,2026-03-16T12:33:34.504,gaussian,short_wide,256,2048,8.000000,20260311,4,dgeqp3_trsm,materialize_qrp,0.014878666,0.0182844165,0.014982160474999999,0.03304339469999996,30641824,1.214223186816077e-15,2.0126004511151377e-14
20260316_123334,2026-03-16T12:33:34.504,gaussian,short_wide,256,2560,10.000000,20260311,4,bsqr_full,materialize_qrp,0.031354833,0.0363144995,0.032370497825,0.040044043749999994,17117024,1.1614929695611613e-15,2.023029783520569e-14
20260316_123334,2026-03-16T12:33:34.504,gaussian,short_wide,256,2560,10.000000,20260311,4,dgeqp3,materialize_qrp,0.015769917,0.0172299375,0.015992914675000004,0.032429581249999936,22392160,1.221401778677302e-15,2.054044866849129e-14
20260316_123334,2026-03-16T12:33:34.504,gaussian,short_wide,256,2560,10.000000,20260311,4,bsqr_rinv,materialize_qrp,0.032626083,0.038950187500000004,0.032688493175,0.056127393899999926,21835696,1.1614929695611613e-15,2.023029783520569e-14
20260316_123334,2026-03-16T12:33:34.504,gaussian,short_wide,256,2560,10.000000,20260311,4,dgeqp3_trsm,materialize_qrp,0.018180500000000002,0.020655396000000003,0.018374256250000002,0.039202989674999945,38121120,1.221401778677302e-15,2.054044866849129e-14
20260316_123334,2026-03-16T12:33:34.504,gaussian,short_wide,512,1024,2.000000,20260311,4,bsqr_full,materialize_qrp,0.041359417,0.045349854,0.0414883162,0.06713557362499996,17061760,1.4102399066065817e-15,3.825100020901917e-14
20260316_123334,2026-03-16T12:33:34.504,gaussian,short_wide,512,1024,2.000000,20260311,4,dgeqp3,materialize_qrp,0.017680375,0.0194220415,0.017828456250000003,0.03492225514999994,19387744,1.4462713117372116e-15,3.8011674554295584e-14
20260316_123334,2026-03-16T12:33:34.504,gaussian,short_wide,512,1024,2.000000,20260311,4,bsqr_rinv,materialize_qrp,0.042453542000000004,0.047531000000000004,0.043265420925000006,0.053745592225,19158992,1.4102399066065817e-15,3.825100020901917e-14
20260316_123334,2026-03-16T12:33:34.504,gaussian,short_wide,512,1024,2.000000,20260311,4,dgeqp3_trsm,materialize_qrp,0.018799333,0.020859104,0.018914849425,0.05799780435,31970976,1.4462713117372116e-15,3.8011674554295584e-14
20260316_123334,2026-03-16T12:33:34.504,gaussian,short_wide,512,2048,4.000000,20260311,4,bsqr_full,materialize_qrp,0.08165483400000001,0.096926146,0.08290421997500001,0.14719265350000002,29726592,1.4966670451644937e-15,3.785369446672342e-14
20260316_123334,2026-03-16T12:33:34.504,gaussian,short_wide,512,2048,4.000000,20260311,4,dgeqp3,materialize_qrp,0.032779834,0.0362779375,0.033063399625,0.08127266932499999,36476256,1.556721816975698e-15,3.810599109905824e-14
20260316_123334,2026-03-16T12:33:34.504,gaussian,short_wide,512,2048,4.000000,20260311,4,bsqr_rinv,materialize_qrp,0.085806667,0.107502521,0.086925915475,0.147441277175,36018128,1.4966670451644937e-15,3.785369446672342e-14
20260316_123334,2026-03-16T12:33:34.504,gaussian,short_wide,512,2048,4.000000,20260311,4,dgeqp3_trsm,materialize_qrp,0.036607584000000006,0.040692667,0.037375539525,0.0840666697,61642400,1.556721816975698e-15,3.810599109905824e-14
20260316_123334,2026-03-16T12:33:34.504,gaussian,short_wide,512,4096,8.000000,20260311,4,bsqr_full,materialize_qrp,0.280559583,0.34251729200000003,0.290113533,0.39207471250000003,55056256,1.5397773953169231e-15,3.775086468707171e-14
20260316_123334,2026-03-16T12:33:34.504,gaussian,short_wide,512,4096,8.000000,20260311,4,dgeqp3,materialize_qrp,0.090607458,0.106923792,0.091196702475,0.17405900472499997,70620512,1.6163459858579691e-15,3.897531908264375e-14
20260316_123334,2026-03-16T12:33:34.504,gaussian,short_wide,512,4096,8.000000,20260311,4,bsqr_rinv,materialize_qrp,0.287923166,0.33903591600000005,0.29225966635,0.38680487555,73930704,1.5397773953169231e-15,3.775086468707171e-14
20260316_123334,2026-03-16T12:33:34.504,gaussian,short_wide,512,4096,8.000000,20260311,4,dgeqp3_trsm,materialize_qrp,0.106070959,0.129298687,0.106455601225,0.18951389455,127243936,1.6163459858579691e-15,3.897531908264375e-14
20260316_123334,2026-03-16T12:33:34.504,gaussian,short_wide,512,5120,10.000000,20260311,4,bsqr_full,materialize_qrp,0.45707933300000003,0.577344959,0.46469360800000004,0.7204865578,67966848,1.5579743094926963e-15,3.7724648307030747e-14
20260316_123334,2026-03-16T12:33:34.504,gaussian,short_wide,512,5120,10.000000,20260311,4,dgeqp3,materialize_qrp,0.196752125,0.21281495900000003,0.20021059375,0.26183362065000004,87725408,1.6249553290565272e-15,3.8777671829848555e-14
20260316_123334,2026-03-16T12:33:34.504,gaussian,short_wide,512,5120,10.000000,20260311,4,bsqr_rinv,materialize_qrp,0.547665375,0.554078584,0.5478916084000001,0.6730463672000001,86841296,1.5579743094926963e-15,3.7724648307030747e-14
20260316_123334,2026-03-16T12:33:34.504,gaussian,short_wide,512,5120,10.000000,20260311,4,dgeqp3_trsm,materialize_qrp,0.216640417,0.23755375,0.22092758350000002,0.2778069165,150640288,1.6249553290565272e-15,3.8777671829848555e-14
20260316_123334,2026-03-16T12:33:34.504,ill_conditioned,square,64,64,1.000000,20260311,4,bsqr_full,materialize_qrp,7.3625e-5,0.0001066455,7.6735975e-5,0.00021735392499999976,236896,4.565629785427305e-16,5.97739674193309e-15
20260316_123334,2026-03-16T12:33:34.504,ill_conditioned,square,64,64,1.000000,20260311,4,dgeqp3,materialize_qrp,6.8417e-5,9.083350000000001e-5,7.056155e-5,0.00015973124999999998,250208,4.428888529104967e-16,6.563192800494753e-15
20260316_123334,2026-03-16T12:33:34.504,ill_conditioned,square,64,64,1.000000,20260311,4,bsqr_rinv,materialize_qrp,7.475e-5,8.51455e-5,7.80125e-5,0.000130833575,236944,4.565629785427305e-16,5.97739674193309e-15
20260316_123334,2026-03-16T12:33:34.504,ill_conditioned,square,64,64,1.000000,20260311,4,dgeqp3_trsm,materialize_qrp,5.6042e-5,6.475e-5,5.6464675e-5,8.639657500000001e-5,250208,4.428888529104967e-16,6.563192800494753e-15
20260316_123334,2026-03-16T12:33:34.504,ill_conditioned,square,128,128,1.000000,20260311,4,bsqr_full,materialize_qrp,0.000417042,0.00045733350000000004,0.00041991155,0.00051526155,767168,5.149802710181381e-16,1.0522416010557863e-14
20260316_123334,2026-03-16T12:33:34.504,ill_conditioned,square,128,128,1.000000,20260311,4,dgeqp3,materialize_qrp,0.000278917,0.0003226665,0.00028664985,0.00035398872499999994,823744,5.125113262150521e-16,1.0735373650745837e-14
20260316_123334,2026-03-16T12:33:34.504,ill_conditioned,square,128,128,1.000000,20260311,4,bsqr_rinv,materialize_qrp,0.00042762500000000005,0.000447375,0.00043230705000000006,0.000526225,767216,5.149802710181381e-16,1.0522416010557863e-14
20260316_123334,2026-03-16T12:33:34.504,ill_conditioned,square,128,128,1.000000,20260311,4,dgeqp3_trsm,materialize_qrp,0.00028579200000000004,0.00031770800000000004,0.00028902405000000005,0.00038299919999999993,823744,5.125113262150521e-16,1.0735373650745837e-14
20260316_123334,2026-03-16T12:33:34.504,ill_conditioned,square,256,256,1.000000,20260311,4,bsqr_full,materialize_qrp,0.003131459,0.0035231040000000004,0.0031825106,0.004516692799999999,2776928,6.516012095974658e-16,1.9515711286542785e-14
20260316_123334,2026-03-16T12:33:34.504,ill_conditioned,square,256,256,1.000000,20260311,4,dgeqp3,materialize_qrp,0.001986958,0.0021661045,0.002003210325,0.0030374704999999993,2858336,7.410880816862273e-16,2.028573525480711e-14
20260316_123334,2026-03-16T12:33:34.504,ill_conditioned,square,256,256,1.000000,20260311,4,bsqr_rinv,materialize_qrp,0.0032015000000000004,0.0035928335000000003,0.00325805,0.004677262924999999,2776976,6.516012095974658e-16,1.9515711286542785e-14
20260316_123334,2026-03-16T12:33:34.504,ill_conditioned,square,256,256,1.000000,20260311,4,dgeqp3_trsm,materialize_qrp,0.002053042,0.0022274165,0.002064883425,0.003342885599999996,2858336,7.410880816862273e-16,2.028573525480711e-14
20260316_123334,2026-03-16T12:33:34.504,ill_conditioned,square,384,384,1.000000,20260311,4,bsqr_full,materialize_qrp,0.009162084000000001,0.009880083500000001,0.009212198900000001,0.013550674999999998,6097760,7.474521474886309e-16,2.9197570979215086e-14
20260316_123334,2026-03-16T12:33:34.504,ill_conditioned,square,384,384,1.000000,20260311,4,dgeqp3,materialize_qrp,0.004588083000000001,0.004956479000000001,0.00459506185,0.007690590625,6203744,8.265249541915345e-16,2.997047590476461e-14
20260316_123334,2026-03-16T12:33:34.504,ill_conditioned,square,384,384,1.000000,20260311,4,bsqr_rinv,materialize_qrp,0.008757166,0.009377666500000001,0.008841205825,0.0113419144,6097808,7.474521474886309e-16,2.9197570979215086e-14
20260316_123334,2026-03-16T12:33:34.504,ill_conditioned,square,384,384,1.000000,20260311,4,dgeqp3_trsm,materialize_qrp,0.0044839580000000006,0.0050371875,0.0046392899750000004,0.007041773099999997,6203744,8.265249541915345e-16,2.997047590476461e-14
20260316_123334,2026-03-16T12:33:34.504,ill_conditioned,square,512,512,1.000000,20260311,4,bsqr_full,materialize_qrp,0.019501542,0.021383291500000002,0.01992506235,0.026719130674999998,10729344,8.531252997767705e-16,3.8266532361746926e-14
20260316_123334,2026-03-16T12:33:34.504,ill_conditioned,square,512,512,1.000000,20260311,4,dgeqp3,materialize_qrp,0.010358083,0.011036875000000002,0.01037811185,0.01280361235,10859872,8.959381854643325e-16,3.856937118466982e-14
20260316_123334,2026-03-16T12:33:34.504,ill_conditioned,square,512,512,1.000000,20260311,4,bsqr_rinv,materialize_qrp,0.01920525,0.020519646000000002,0.019239083575,0.024884178700000002,10729392,8.531252997767705e-16,3.8266532361746926e-14
20260316_123334,2026-03-16T12:33:34.504,ill_conditioned,square,512,512,1.000000,20260311,4,dgeqp3_trsm,materialize_qrp,0.009818042,0.0106070625,0.009957151375,0.012212545650000002,10859872,8.959381854643325e-16,3.856937118466982e-14
20260316_123334,2026-03-16T12:33:34.504,ill_conditioned,short_wide,32,64,2.000000,20260311,4,bsqr_full,materialize_qrp,2.8458e-5,3.0063000000000003e-5,2.8458725e-5,4.3159524999999994e-5,138336,5.030072516352158e-16,3.5812524869871555e-15
20260316_123334,2026-03-16T12:33:34.504,ill_conditioned,short_wide,32,64,2.000000,20260311,4,dgeqp3,materialize_qrp,1.9708000000000002e-5,2.0917e-5,1.9950150000000004e-5,3.3112075e-5,159840,4.943271610476642e-16,3.242597670338175e-15
20260316_123334,2026-03-16T12:33:34.504,ill_conditioned,short_wide,32,64,2.000000,20260311,4,bsqr_rinv,materialize_qrp,2.9041000000000002e-5,2.9729000000000003e-5,2.9072175e-5,3.628807499999998e-5,146608,5.030072516352158e-16,3.5812524869871555e-15
20260316_123334,2026-03-16T12:33:34.504,ill_conditioned,short_wide,32,64,2.000000,20260311,4,dgeqp3_trsm,materialize_qrp,2.7042000000000003e-5,3.23755e-5,2.8431825000000003e-5,4.136642499999999e-5,209312,4.943271610476642e-16,3.242597670338175e-15
20260316_123334,2026-03-16T12:33:34.504,ill_conditioned,short_wide,32,128,4.000000,20260311,4,bsqr_full,materialize_qrp,4.7000000000000004e-5,4.84795e-5,4.7121075000000004e-5,6.441619999999996e-5,192928,3.603448108597241e-16,3.2989614490171373e-15
20260316_123334,2026-03-16T12:33:34.504,ill_conditioned,short_wide,32,128,4.000000,20260311,4,dgeqp3,materialize_qrp,3.4542e-5,3.5938e-5,3.4783425e-5,4.820624999999997e-5,274080,4.3836687714504196e-16,3.971170841476136e-15
20260316_123334,2026-03-16T12:33:34.504,ill_conditioned,short_wide,32,128,4.000000,20260311,4,bsqr_rinv,materialize_qrp,5.0292000000000006e-5,5.1312000000000006e-5,5.0321725e-5,6.320137499999999e-5,217584,3.603448108597241e-16,3.2989614490171373e-15
20260316_123334,2026-03-16T12:33:34.504,ill_conditioned,short_wide,32,128,4.000000,20260311,4,dgeqp3_trsm,materialize_qrp,5.1791000000000006e-5,5.33125e-5,5.1881624999999996e-5,6.1372175e-5,372704,4.3836687714504196e-16,3.971170841476136e-15
20260316_123334,2026-03-16T12:33:34.504,ill_conditioned,short_wide,32,256,8.000000,20260311,4,bsqr_full,materialize_qrp,9.1459e-5,9.7792e-5,9.32106e-5,0.000106615625,301152,3.116298222884279e-16,2.617761392968046e-15
20260316_123334,2026-03-16T12:33:34.504,ill_conditioned,short_wide,32,256,8.000000,20260311,4,dgeqp3,materialize_qrp,6.4167e-5,6.71455e-5,6.4620125e-5,7.187049999999998e-5,439904,3.688294832559934e-16,3.2799453150389027e-15
20260316_123334,2026-03-16T12:33:34.504,ill_conditioned,short_wide,32,256,8.000000,20260311,4,bsqr_rinv,materialize_qrp,0.00010012500000000001,0.00010412500000000001,0.00010045705000000001,0.00011879184999999997,366768,3.116298222884279e-16,2.617761392968046e-15
20260316_123334,2026-03-16T12:33:34.504,ill_conditioned,short_wide,32,256,8.000000,20260311,4,dgeqp3_trsm,materialize_qrp,9.041700000000001e-5,9.206250000000001e-5,9.0839675e-5,0.00010441954999999999,645024,3.688294832559934e-16,3.2799453150389027e-15
20260316_123334,2026-03-16T12:33:34.504,ill_conditioned,short_wide,32,320,10.000000,20260311,4,bsqr_full,materialize_qrp,0.00012125,0.00012283350000000002,0.00012146170000000002,0.000133151375,404576,3.7870976178004135e-16,2.7400759741307093e-15
20260316_123334,2026-03-16T12:33:34.504,ill_conditioned,short_wide,32,320,10.000000,20260311,4,dgeqp3,materialize_qrp,8.25e-5,9.00205e-5,8.2953125e-5,0.000101371875,572000,4.161616829686562e-16,2.8736999953073265e-15
20260316_123334,2026-03-16T12:33:34.504,ill_conditioned,short_wide,32,320,10.000000,20260311,4,bsqr_rinv,materialize_qrp,0.000126,0.000132084,0.00012890000000000002,0.00014087675,502960,3.7870976178004135e-16,2.7400759741307093e-15
20260316_123334,2026-03-16T12:33:34.504,ill_conditioned,short_wide,32,320,10.000000,20260311,4,dgeqp3_trsm,materialize_qrp,0.000110291,0.00011547900000000001,0.000110472975,0.000124490625,875424,4.161616829686562e-16,2.8736999953073265e-15
20260316_123334,2026-03-16T12:33:34.504,ill_conditioned,short_wide,64,128,2.000000,20260311,4,bsqr_full,materialize_qrp,0.00013866600000000002,0.0001423545,0.00013918002500000001,0.00016139905000000002,340640,4.476670213360398e-16,6.176305288195453e-15
20260316_123334,2026-03-16T12:33:34.504,ill_conditioned,short_wide,64,128,2.000000,20260311,4,dgeqp3,materialize_qrp,9.7792e-5,0.0001004585,9.7821725e-5,0.00011698654999999999,429984,5.024565809916887e-16,6.5415561425169795e-15
20260316_123334,2026-03-16T12:33:34.504,ill_conditioned,short_wide,64,128,2.000000,20260311,4,bsqr_rinv,materialize_qrp,0.000139791,0.00014918750000000001,0.00014039565,0.00017034359999999995,373488,4.476670213360398e-16,6.176305288195453e-15
20260316_123334,2026-03-16T12:33:34.504,ill_conditioned,short_wide,64,128,2.000000,20260311,4,dgeqp3_trsm,materialize_qrp,0.000128917,0.000157021,0.0001396412,0.00023081519999999998,626912,5.024565809916887e-16,6.5415561425169795e-15
20260316_123334,2026-03-16T12:33:34.504,ill_conditioned,short_wide,64,256,4.000000,20260311,4,bsqr_full,materialize_qrp,0.000359042,0.000378729,0.00036061235,0.000499322825,547168,5.983894351517807e-16,6.31386841523673e-15
20260316_123334,2026-03-16T12:33:34.504,ill_conditioned,short_wide,64,256,4.000000,20260311,4,dgeqp3,materialize_qrp,0.00019112500000000002,0.00019920850000000002,0.000191789825,0.00022848357499999995,726880,5.7963641836048005e-16,6.3813975591795756e-15
20260316_123334,2026-03-16T12:33:34.504,ill_conditioned,short_wide,64,256,4.000000,20260311,4,bsqr_rinv,materialize_qrp,0.00034025,0.00036056250000000004,0.00034523437500000006,0.00039637594999999997,645552,5.983894351517807e-16,6.31386841523673e-15
20260316_123334,2026-03-16T12:33:34.504,ill_conditioned,short_wide,64,256,4.000000,20260311,4,dgeqp3_trsm,materialize_qrp,0.00023329200000000002,0.0002529795,0.000233382625,0.00034398575000000003,1120416,5.7963641836048005e-16,6.3813975591795756e-15
20260316_123334,2026-03-16T12:33:34.504,ill_conditioned,short_wide,64,512,8.000000,20260311,4,bsqr_full,materialize_qrp,0.000820292,0.0008811040000000001,0.000824671725,0.001031283,960864,4.488008829097414e-16,6.054147321634418e-15
20260316_123334,2026-03-16T12:33:34.504,ill_conditioned,short_wide,64,512,8.000000,20260311,4,dgeqp3,materialize_qrp,0.000488542,0.000516583,0.0004904444000000001,0.0007076230999999997,1320800,4.2450914807806877e-16,5.985287941864241e-15
20260316_123334,2026-03-16T12:33:34.504,ill_conditioned,short_wide,64,512,8.000000,20260311,4,bsqr_rinv,materialize_qrp,0.000905375,0.0009482920000000001,0.00091193045,0.0010344011,1190320,4.488008829097414e-16,6.054147321634418e-15
20260316_123334,2026-03-16T12:33:34.504,ill_conditioned,short_wide,64,512,8.000000,20260311,4,dgeqp3_trsm,materialize_qrp,0.000551334,0.0006153335000000001,0.0005568316749999999,0.001762131099999995,2107552,4.2450914807806877e-16,5.985287941864241e-15
20260316_123334,2026-03-16T12:33:34.504,ill_conditioned,short_wide,64,640,10.000000,20260311,4,bsqr_full,materialize_qrp,0.0010792080000000001,0.0011971455,0.0010944939,0.0012591617,1167712,5.595219423515922e-16,6.406657744168152e-15
20260316_123334,2026-03-16T12:33:34.504,ill_conditioned,short_wide,64,640,10.000000,20260311,4,dgeqp3,materialize_qrp,0.000629958,0.0006851875,0.000638628275,0.002341007474999992,1617760,5.284340041854158e-16,6.360378574335651e-15
20260316_123334,2026-03-16T12:33:34.504,ill_conditioned,short_wide,64,640,10.000000,20260311,4,bsqr_rinv,materialize_qrp,0.0010877500000000002,0.0011978960000000002,0.0011047273250000002,0.00132338495,1462704,5.595219423515922e-16,6.406657744168152e-15
20260316_123334,2026-03-16T12:33:34.504,ill_conditioned,short_wide,64,640,10.000000,20260311,4,dgeqp3_trsm,materialize_qrp,0.000748167,0.0008241665,0.0007490428,0.0022999781249999933,2601120,5.284340041854158e-16,6.360378574335651e-15
20260316_123334,2026-03-16T12:33:34.504,ill_conditioned,short_wide,128,256,2.000000,20260311,4,bsqr_full,materialize_qrp,0.0011935000000000001,0.0012589585,0.0011988164250000002,0.0016137290749999988,1170304,5.750634473732223e-16,1.0568567519797143e-14
20260316_123334,2026-03-16T12:33:34.504,ill_conditioned,short_wide,128,256,2.000000,20260311,4,dgeqp3,materialize_qrp,0.000754958,0.000790896,0.000765984525,0.00084238315,1382784,6.124921327206481e-16,1.1061959200416122e-14
20260316_123334,2026-03-16T12:33:34.504,ill_conditioned,short_wide,128,256,2.000000,20260311,4,bsqr_rinv,materialize_qrp,0.0012345840000000002,0.0012762085,0.0012411989,0.0013193306,1301456,5.750634473732223e-16,1.0568567519797143e-14
20260316_123334,2026-03-16T12:33:34.504,ill_conditioned,short_wide,128,256,2.000000,20260311,4,dgeqp3_trsm,materialize_qrp,0.000852083,0.000919229,0.0008533517500000001,0.001441524049999998,2169536,6.124921327206481e-16,1.1061959200416122e-14
20260316_123334,2026-03-16T12:33:34.504,ill_conditioned,short_wide,128,512,4.000000,20260311,4,bsqr_full,materialize_qrp,0.0028007920000000003,0.0030333540000000003,0.0028203967250000003,0.005589085324999996,1977216,7.183253850925552e-16,1.0406517975357605e-14
20260316_123334,2026-03-16T12:33:34.504,ill_conditioned,short_wide,128,512,4.000000,20260311,4,dgeqp3,materialize_qrp,0.0016046670000000002,0.001815917,0.0016354186000000002,0.003995946874999996,2500992,7.439458160817571e-16,1.1215249248152174e-14
20260316_123334,2026-03-16T12:33:34.504,ill_conditioned,short_wide,128,512,4.000000,20260311,4,bsqr_rinv,materialize_qrp,0.002856541,0.002992854,0.00286264405,0.0038918892499999963,2370512,7.183253850925552e-16,1.0406517975357605e-14
20260316_123334,2026-03-16T12:33:34.504,ill_conditioned,short_wide,128,512,4.000000,20260311,4,dgeqp3_trsm,materialize_qrp,0.0016443330000000002,0.0019115205,0.001675840775,0.004525240999999998,4074176,7.439458160817571e-16,1.1215249248152174e-14
20260316_123334,2026-03-16T12:33:34.504,ill_conditioned,short_wide,128,1024,8.000000,20260311,4,bsqr_full,materialize_qrp,0.004903333,0.005295625,0.00491807515,0.0090397394,3591040,6.129163687586062e-16,1.0755192682789473e-14
20260316_123334,2026-03-16T12:33:34.504,ill_conditioned,short_wide,128,1024,8.000000,20260311,4,dgeqp3,materialize_qrp,0.002673875,0.0029486255,0.0027199734,0.008152682849999997,4737408,5.936335764595401e-16,1.0914827874351718e-14
20260316_123334,2026-03-16T12:33:34.504,ill_conditioned,short_wide,128,1024,8.000000,20260311,4,bsqr_rinv,materialize_qrp,0.005087958,0.005481604500000001,0.00510197515,0.009778397824999998,4508624,6.129163687586062e-16,1.0755192682789473e-14
20260316_123334,2026-03-16T12:33:34.504,ill_conditioned,short_wide,128,1024,8.000000,20260311,4,dgeqp3_trsm,materialize_qrp,0.003214708,0.0035785835000000004,0.00322126345,0.007631031399999993,7883456,5.936335764595401e-16,1.0914827874351718e-14
20260316_123334,2026-03-16T12:33:34.504,ill_conditioned,short_wide,128,1280,10.000000,20260311,4,bsqr_full,materialize_qrp,0.006102333000000001,0.00642,0.006142540775,0.011629842949999998,4397952,6.440358274332938e-16,1.0828477681222945e-14
20260316_123334,2026-03-16T12:33:34.504,ill_conditioned,short_wide,128,1280,10.000000,20260311,4,dgeqp3,materialize_qrp,0.003233375,0.003609208,0.0032572093750000003,0.006916112349999997,5855616,5.918939903345719e-16,1.0514395569521567e-14
20260316_123334,2026-03-16T12:33:34.504,ill_conditioned,short_wide,128,1280,10.000000,20260311,4,bsqr_rinv,materialize_qrp,0.006201333000000001,0.006609458,0.006273319700000001,0.009537682849999998,5577680,6.440358274332938e-16,1.0828477681222945e-14
20260316_123334,2026-03-16T12:33:34.504,ill_conditioned,short_wide,128,1280,10.000000,20260311,4,dgeqp3_trsm,materialize_qrp,0.003842292,0.004208521000000001,0.0038900810999999997,0.008655318374999998,9788096,5.918939903345719e-16,1.0514395569521567e-14
20260316_123334,2026-03-16T12:33:34.504,ill_conditioned,short_wide,256,512,2.000000,20260311,4,bsqr_full,materialize_qrp,0.007531291000000001,0.008224979,0.007623336275000001,0.009806841425,4370272,7.473937425147452e-16,2.0042093156689473e-14
20260316_123334,2026-03-16T12:33:34.504,ill_conditioned,short_wide,256,512,2.000000,20260311,4,dgeqp3,materialize_qrp,0.004071875,0.0045037085,0.00417769455,0.006827906249999999,5025120,8.375334724949686e-16,2.048991951898119e-14
20260316_123334,2026-03-16T12:33:34.504,ill_conditioned,short_wide,256,512,2.000000,20260311,4,bsqr_rinv,materialize_qrp,0.0076391670000000005,0.008194729500000001,0.007678890475000001,0.0102379197,4894640,7.473937425147452e-16,2.0042093156689473e-14
20260316_123334,2026-03-16T12:33:34.504,ill_conditioned,short_wide,256,512,2.000000,20260311,4,dgeqp3_trsm,materialize_qrp,0.004500958,0.004795812,0.00455768925,0.006919979724999998,8171168,8.375334724949686e-16,2.048991951898119e-14
20260316_123334,2026-03-16T12:33:34.504,ill_conditioned,short_wide,256,1024,4.000000,20260311,4,bsqr_full,materialize_qrp,0.013889791,0.0154865,0.013899548775,0.02133453475,7556960,7.951518852310285e-16,1.9842727219114398e-14
20260316_123334,2026-03-16T12:33:34.504,ill_conditioned,short_wide,256,1024,4.000000,20260311,4,dgeqp3,materialize_qrp,0.007891333,0.008888624500000001,0.008049443900000001,0.014407457625,9358688,9.117226706295229e-16,2.0779890736081367e-14
20260316_123334,2026-03-16T12:33:34.504,ill_conditioned,short_wide,256,1024,4.000000,20260311,4,bsqr_rinv,materialize_qrp,0.014410541,0.016696125500000002,0.0150454902,0.020611998475,9129904,7.951518852310285e-16,1.9842727219114398e-14
20260316_123334,2026-03-16T12:33:34.504,ill_conditioned,short_wide,256,1024,4.000000,20260311,4,dgeqp3_trsm,materialize_qrp,0.00871875,0.009896146,0.00885021715,0.016161276225,15650464,9.117226706295229e-16,2.0779890736081367e-14
20260316_123334,2026-03-16T12:33:34.504,ill_conditioned,short_wide,256,2048,8.000000,20260311,4,bsqr_full,materialize_qrp,0.025840375000000002,0.030172333500000002,0.026681375,0.034885012075,13930336,8.114567715996084e-16,2.013249178321472e-14
20260316_123334,2026-03-16T12:33:34.504,ill_conditioned,short_wide,256,2048,8.000000,20260311,4,dgeqp3,materialize_qrp,0.015484083000000001,0.01676925,0.015908933,0.0195963069,18058592,9.488925452541894e-16,2.0719502643700417e-14
20260316_123334,2026-03-16T12:33:34.504,ill_conditioned,short_wide,256,2048,8.000000,20260311,4,bsqr_rinv,materialize_qrp,0.026572583,0.029574333,0.02672036265,0.032085649575,17600432,8.114567715996084e-16,2.013249178321472e-14
20260316_123334,2026-03-16T12:33:34.504,ill_conditioned,short_wide,256,2048,8.000000,20260311,4,dgeqp3_trsm,materialize_qrp,0.017244458,0.019220312,0.017259169700000004,0.03570300312499994,30641824,9.488925452541894e-16,2.0719502643700417e-14
20260316_123334,2026-03-16T12:33:34.504,ill_conditioned,short_wide,256,2560,10.000000,20260311,4,bsqr_full,materialize_qrp,0.030230291000000003,0.0354055625,0.0305992261,0.040178901525000005,17117024,8.47930761998094e-16,2.0007063555515745e-14
20260316_123334,2026-03-16T12:33:34.504,ill_conditioned,short_wide,256,2560,10.000000,20260311,4,dgeqp3,materialize_qrp,0.019560834000000003,0.0214878335,0.019754801225,0.03719869877499994,22392160,8.93519688010301e-16,2.0358498835576664e-14
20260316_123334,2026-03-16T12:33:34.504,ill_conditioned,short_wide,256,2560,10.000000,20260311,4,bsqr_rinv,materialize_qrp,0.033499583,0.037539562500000005,0.03368137675,0.09718258844999994,21835696,8.47930761998094e-16,2.0007063555515745e-14
20260316_123334,2026-03-16T12:33:34.504,ill_conditioned,short_wide,256,2560,10.000000,20260311,4,dgeqp3_trsm,materialize_qrp,0.022125542,0.025002166500000002,0.022142095925,0.06445654375000001,38121120,8.93519688010301e-16,2.0358498835576664e-14
20260316_123334,2026-03-16T12:33:34.504,ill_conditioned,short_wide,512,1024,2.000000,20260311,4,bsqr_full,materialize_qrp,0.039911667000000005,0.045367541500000004,0.04012327565,0.049140208000000005,17061760,1.0476467148088418e-15,3.8110470490019397e-14
20260316_123334,2026-03-16T12:33:34.504,ill_conditioned,short_wide,512,1024,2.000000,20260311,4,dgeqp3,materialize_qrp,0.021173167,0.0238061245,0.0212904053,0.026303097674999998,19387744,1.0514116480075422e-15,3.8554558510551614e-14
20260316_123334,2026-03-16T12:33:34.504,ill_conditioned,short_wide,512,1024,2.000000,20260311,4,bsqr_rinv,materialize_qrp,0.043518792,0.047025646000000004,0.04378329592500001,0.06698278314999995,19158992,1.0476467148088418e-15,3.8110470490019397e-14
20260316_123334,2026-03-16T12:33:34.504,ill_conditioned,short_wide,512,1024,2.000000,20260311,4,dgeqp3_trsm,materialize_qrp,0.022639625,0.024049167,0.022689921875,0.053233866425,31970976,1.0514116480075422e-15,3.8554558510551614e-14
20260316_123334,2026-03-16T12:33:34.504,ill_conditioned,short_wide,512,2048,4.000000,20260311,4,bsqr_full,materialize_qrp,0.075294708,0.09172325,0.07656478765000001,0.138702328125,29726592,1.076374121529341e-15,3.8129834176531226e-14
20260316_123334,2026-03-16T12:33:34.504,ill_conditioned,short_wide,512,2048,4.000000,20260311,4,dgeqp3,materialize_qrp,0.041294167,0.044584583000000004,0.041572506825,0.08256990799999998,36476256,1.1212462343439885e-15,3.85068933022288e-14
20260316_123334,2026-03-16T12:33:34.504,ill_conditioned,short_wide,512,2048,4.000000,20260311,4,bsqr_rinv,materialize_qrp,0.077712,0.098405,0.07890664847500001,0.141797644125,36018128,1.076374121529341e-15,3.8129834176531226e-14
20260316_123334,2026-03-16T12:33:34.504,ill_conditioned,short_wide,512,2048,4.000000,20260311,4,dgeqp3_trsm,materialize_qrp,0.045829916000000005,0.0480564375,0.04610366440000001,0.0797491439,61642400,1.1212462343439885e-15,3.85068933022288e-14
20260316_123334,2026-03-16T12:33:34.504,ill_conditioned,short_wide,512,4096,8.000000,20260311,4,bsqr_full,materialize_qrp,0.26431075000000004,0.339989083,0.26653815000000003,0.45182096250000003,55056256,1.1290595583961962e-15,3.8094863018157325e-14
20260316_123334,2026-03-16T12:33:34.504,ill_conditioned,short_wide,512,4096,8.000000,20260311,4,dgeqp3,materialize_qrp,0.11608866600000001,0.127576979,0.11696295655,0.17048296737500002,70620512,1.1772011310357963e-15,3.833494285734908e-14
20260316_123334,2026-03-16T12:33:34.504,ill_conditioned,short_wide,512,4096,8.000000,20260311,4,bsqr_rinv,materialize_qrp,0.315600208,0.38896450000000005,0.3181889279,0.46452505867500005,71833552,1.1290595583961962e-15,3.8094863018157325e-14
20260316_123334,2026-03-16T12:33:34.504,ill_conditioned,short_wide,512,4096,8.000000,20260311,4,dgeqp3_trsm,materialize_qrp,0.137625208,0.15091435450000001,0.13878810800000002,0.22553803939999995,127243936,1.1772011310357963e-15,3.833494285734908e-14
20260316_123334,2026-03-16T12:33:34.504,ill_conditioned,short_wide,512,5120,10.000000,20260311,4,bsqr_full,materialize_qrp,0.472153959,0.5887862500000001,0.47728631720000003,0.6956065500000002,67966848,1.1165908654749579e-15,3.8031767925334215e-14
20260316_123334,2026-03-16T12:33:34.504,ill_conditioned,short_wide,512,5120,10.000000,20260311,4,dgeqp3,materialize_qrp,0.24202175,0.25289747900000004,0.24226888870000002,0.307697979675,87725408,1.1771129262017436e-15,3.836705133566732e-14
20260316_123334,2026-03-16T12:33:34.504,ill_conditioned,short_wide,512,5120,10.000000,20260311,4,bsqr_rinv,materialize_qrp,0.508426833,0.57514875,0.5191051164,0.6905034916,86841296,1.1165908654749579e-15,3.8031767925334215e-14
20260316_123334,2026-03-16T12:33:34.504,ill_conditioned,short_wide,512,5120,10.000000,20260311,4,dgeqp3_trsm,materialize_qrp,0.26256412500000004,0.274346396,0.26299686340000006,0.334380535225,150640288,1.1771129262017436e-15,3.836705133566732e-14
20260316_123334,2026-03-16T12:33:34.504,orthonormal_rows,square,64,64,1.000000,20260311,4,bsqr_full,materialize_qrp,7.6e-5,8.3146e-5,7.636249999999999e-5,0.00011397077499999995,236896,6.269559095007357e-16,6.0119492575473695e-15
20260316_123334,2026-03-16T12:33:34.504,orthonormal_rows,square,64,64,1.000000,20260311,4,dgeqp3,materialize_qrp,5.937500000000001e-5,6.614650000000001e-5,5.9496075e-5,0.00011183627499999991,250208,6.827615026093719e-16,6.357178775128149e-15
20260316_123334,2026-03-16T12:33:34.504,orthonormal_rows,square,64,64,1.000000,20260311,4,bsqr_rinv,materialize_qrp,7.575e-5,7.7812e-5,7.58109e-5,0.00012889687499999998,236944,6.269559095007357e-16,6.0119492575473695e-15
20260316_123334,2026-03-16T12:33:34.504,orthonormal_rows,square,64,64,1.000000,20260311,4,dgeqp3_trsm,materialize_qrp,5.9917e-5,6.922900000000001e-5,6.0098250000000004e-5,0.000111152025,250208,6.827615026093719e-16,6.357178775128149e-15
20260316_123334,2026-03-16T12:33:34.504,orthonormal_rows,square,128,128,1.000000,20260311,4,bsqr_full,materialize_qrp,0.00041441700000000004,0.0004542295,0.00041758815000000004,0.00051224455,767168,8.370727128074633e-16,1.0834818553018371e-14
20260316_123334,2026-03-16T12:33:34.504,orthonormal_rows,square,128,128,1.000000,20260311,4,dgeqp3,materialize_qrp,0.00028737500000000003,0.0003250835,0.00029531955,0.000371260025,823744,8.576539599550105e-16,1.1009621390099485e-14
20260316_123334,2026-03-16T12:33:34.504,orthonormal_rows,square,128,128,1.000000,20260311,4,bsqr_rinv,materialize_qrp,0.00044666700000000004,0.000463292,0.0004495061,0.0005213875000000001,767216,8.370727128074633e-16,1.0834818553018371e-14
20260316_123334,2026-03-16T12:33:34.504,orthonormal_rows,square,128,128,1.000000,20260311,4,dgeqp3_trsm,materialize_qrp,0.000296666,0.00031935400000000005,0.000297149575,0.000367444325,823744,8.576539599550105e-16,1.1009621390099485e-14
20260316_123334,2026-03-16T12:33:34.504,orthonormal_rows,square,256,256,1.000000,20260311,4,bsqr_full,materialize_qrp,0.003202,0.003701937,0.0033102367,0.004747313299999999,2776928,9.98788116144698e-16,1.971508847492146e-14
20260316_123334,2026-03-16T12:33:34.504,orthonormal_rows,square,256,256,1.000000,20260311,4,dgeqp3,materialize_qrp,0.0019689160000000002,0.002107,0.001975230025,0.0027737999999999986,2858336,1.0432080293944526e-15,2.0570821147944165e-14
20260316_123334,2026-03-16T12:33:34.504,orthonormal_rows,square,256,256,1.000000,20260311,4,bsqr_rinv,materialize_qrp,0.003279375,0.003558625,0.0033603633,0.004460442949999999,2776976,9.98788116144698e-16,1.971508847492146e-14
20260316_123334,2026-03-16T12:33:34.504,orthonormal_rows,square,256,256,1.000000,20260311,4,dgeqp3_trsm,materialize_qrp,0.0019257920000000002,0.002083479,0.001961588875,0.0031333241999999964,2858336,1.0432080293944526e-15,2.0570821147944165e-14
20260316_123334,2026-03-16T12:33:34.504,orthonormal_rows,square,384,384,1.000000,20260311,4,bsqr_full,materialize_qrp,0.008778667,0.009964479,0.00880038655,0.013591252750000001,6097760,1.166025903266226e-15,2.8993423667171797e-14
20260316_123334,2026-03-16T12:33:34.504,orthonormal_rows,square,384,384,1.000000,20260311,4,dgeqp3,materialize_qrp,0.004377417000000001,0.0047677495000000005,0.0044225779750000005,0.006173048399999999,6203744,1.1979445679741727e-15,2.964461810303838e-14
20260316_123334,2026-03-16T12:33:34.504,orthonormal_rows,square,384,384,1.000000,20260311,4,bsqr_rinv,materialize_qrp,0.009091916,0.009890396000000001,0.00922229565,0.014004200424999995,6097808,1.166025903266226e-15,2.8993423667171797e-14
20260316_123334,2026-03-16T12:33:34.504,orthonormal_rows,square,384,384,1.000000,20260311,4,dgeqp3_trsm,materialize_qrp,0.004275333,0.0045683335000000005,0.004294636125000001,0.006348857625,6203744,1.1979445679741727e-15,2.964461810303838e-14
20260316_123334,2026-03-16T12:33:34.504,orthonormal_rows,square,512,512,1.000000,20260311,4,bsqr_full,materialize_qrp,0.019680375,0.021761000500000002,0.0198509008,0.026852246875000003,10729344,1.3090932903667209e-15,3.7698567965883765e-14
20260316_123334,2026-03-16T12:33:34.504,orthonormal_rows,square,512,512,1.000000,20260311,4,dgeqp3,materialize_qrp,0.009463958,0.0102585,0.009559054075,0.012214945125000001,10859872,1.3433990879958013e-15,3.846504948833939e-14
20260316_123334,2026-03-16T12:33:34.504,orthonormal_rows,square,512,512,1.000000,20260311,4,bsqr_rinv,materialize_qrp,0.018969875,0.021800708000000002,0.019484292950000003,0.026997159674999997,10729392,1.3090932903667209e-15,3.7698567965883765e-14
20260316_123334,2026-03-16T12:33:34.504,orthonormal_rows,square,512,512,1.000000,20260311,4,dgeqp3_trsm,materialize_qrp,0.00919325,0.010021562500000001,0.009302362500000001,0.013098645775,10859872,1.3433990879958013e-15,3.846504948833939e-14
20260316_123334,2026-03-16T12:33:34.504,orthonormal_rows,short_wide,32,64,2.000000,20260311,4,bsqr_full,materialize_qrp,3.2334e-5,3.3854000000000005e-5,3.2394175e-5,4.958277499999997e-5,138336,5.420792876210207e-16,3.062058114139742e-15
20260316_123334,2026-03-16T12:33:34.504,orthonormal_rows,short_wide,32,64,2.000000,20260311,4,dgeqp3,materialize_qrp,2.025e-5,2.1833000000000003e-5,2.0492150000000003e-5,4.4982849999999996e-5,159840,5.635001504903682e-16,3.3073679938691926e-15
20260316_123334,2026-03-16T12:33:34.504,orthonormal_rows,short_wide,32,64,2.000000,20260311,4,bsqr_rinv,materialize_qrp,2.9e-5,3.0708000000000005e-5,2.9241425000000003e-5,4.442827499999995e-5,146608,5.420792876210207e-16,3.062058114139742e-15
20260316_123334,2026-03-16T12:33:34.504,orthonormal_rows,short_wide,32,64,2.000000,20260311,4,dgeqp3_trsm,materialize_qrp,2.5791e-5,2.7437000000000002e-5,2.5912075e-5,5.7142799999999944e-5,209312,5.635001504903682e-16,3.3073679938691926e-15
20260316_123334,2026-03-16T12:33:34.504,orthonormal_rows,short_wide,32,128,4.000000,20260311,4,bsqr_full,materialize_qrp,4.5542000000000005e-5,5.0270500000000006e-5,4.5995125e-5,7.214767499999999e-5,192928,5.273533615808201e-16,3.1463667105243177e-15
20260316_123334,2026-03-16T12:33:34.504,orthonormal_rows,short_wide,32,128,4.000000,20260311,4,dgeqp3,materialize_qrp,3.0916e-5,3.2667000000000004e-5,3.0916725000000003e-5,5.3682200000000006e-5,274080,6.540903768178375e-16,3.8260518191178164e-15
20260316_123334,2026-03-16T12:33:34.504,orthonormal_rows,short_wide,32,128,4.000000,20260311,4,bsqr_rinv,materialize_qrp,5.0084000000000004e-5,5.1187500000000004e-5,5.020435000000001e-5,6.466402499999998e-5,217584,5.273533615808201e-16,3.1463667105243177e-15
20260316_123334,2026-03-16T12:33:34.504,orthonormal_rows,short_wide,32,128,4.000000,20260311,4,dgeqp3_trsm,materialize_qrp,5.0625000000000004e-5,5.225e-5,5.08367e-5,5.9720649999999995e-5,372704,6.540903768178375e-16,3.8260518191178164e-15
20260316_123334,2026-03-16T12:33:34.504,orthonormal_rows,short_wide,32,256,8.000000,20260311,4,bsqr_full,materialize_qrp,9.766700000000001e-5,0.00010204200000000001,9.781780000000002e-5,0.00013893612499999997,301152,5.269642881783617e-16,2.7950799225358585e-15
20260316_123334,2026-03-16T12:33:34.504,orthonormal_rows,short_wide,32,256,8.000000,20260311,4,dgeqp3,materialize_qrp,6.320800000000001e-5,6.697900000000001e-5,6.332907500000002e-5,7.185057499999999e-5,439904,6.088436480117347e-16,3.463557080422177e-15
20260316_123334,2026-03-16T12:33:34.504,orthonormal_rows,short_wide,32,256,8.000000,20260311,4,bsqr_rinv,materialize_qrp,9.9083e-5,0.00010339600000000001,9.9143175e-5,0.000113535475,366768,5.269642881783617e-16,2.7950799225358585e-15
20260316_123334,2026-03-16T12:33:34.504,orthonormal_rows,short_wide,32,256,8.000000,20260311,4,dgeqp3_trsm,materialize_qrp,7.3125e-5,9.1396e-5,7.469607500000002e-5,9.683612500000001e-5,645024,6.088436480117347e-16,3.463557080422177e-15
20260316_123334,2026-03-16T12:33:34.504,orthonormal_rows,short_wide,32,320,10.000000,20260311,4,bsqr_full,materialize_qrp,0.000116459,0.0001209375,0.00011824105000000001,0.0001335428,404576,5.449148372009156e-16,2.9132209663088834e-15
20260316_123334,2026-03-16T12:33:34.504,orthonormal_rows,short_wide,32,320,10.000000,20260311,4,dgeqp3,materialize_qrp,6.5584e-5,7.802050000000001e-5,6.7456675e-5,8.339782500000001e-5,572000,6.284839934613921e-16,3.616765127998936e-15
20260316_123334,2026-03-16T12:33:34.504,orthonormal_rows,short_wide,32,320,10.000000,20260311,4,bsqr_rinv,materialize_qrp,0.000118542,0.00013341700000000001,0.00011902485000000001,0.00014729375,502960,5.449148372009156e-16,2.9132209663088834e-15
20260316_123334,2026-03-16T12:33:34.504,orthonormal_rows,short_wide,32,320,10.000000,20260311,4,dgeqp3_trsm,materialize_qrp,9.4417e-5,0.00010731250000000001,9.447717500000002e-5,0.00011473342500000001,875424,6.284839934613921e-16,3.616765127998936e-15
20260316_123334,2026-03-16T12:33:34.504,orthonormal_rows,short_wide,64,128,2.000000,20260311,4,bsqr_full,materialize_qrp,0.00013025,0.000139875,0.000132485175,0.000154290625,340640,7.123364605034118e-16,6.03177498466195e-15
20260316_123334,2026-03-16T12:33:34.504,orthonormal_rows,short_wide,64,128,2.000000,20260311,4,dgeqp3,materialize_qrp,8.8792e-5,0.00010083350000000001,8.915450000000002e-5,0.00011405392500000002,429984,7.395056277123489e-16,6.257293394323148e-15
20260316_123334,2026-03-16T12:33:34.504,orthonormal_rows,short_wide,64,128,2.000000,20260311,4,bsqr_rinv,materialize_qrp,0.00013450000000000002,0.000143146,0.00013489295,0.00016286075,373488,7.123364605034118e-16,6.03177498466195e-15
20260316_123334,2026-03-16T12:33:34.504,orthonormal_rows,short_wide,64,128,2.000000,20260311,4,dgeqp3_trsm,materialize_qrp,0.000126,0.0001375,0.00012627187499999998,0.000187612075,626912,7.395056277123489e-16,6.257293394323148e-15
20260316_123334,2026-03-16T12:33:34.504,orthonormal_rows,short_wide,64,256,4.000000,20260311,4,bsqr_full,materialize_qrp,0.0003345,0.000358688,0.00033999767500000004,0.00040416155,547168,7.540837900812984e-16,6.066604480677455e-15
20260316_123334,2026-03-16T12:33:34.504,orthonormal_rows,short_wide,64,256,4.000000,20260311,4,dgeqp3,materialize_qrp,0.000190625,0.000199292,0.0001909875,0.000232365625,726880,7.505683707396436e-16,6.238258755568025e-15
20260316_123334,2026-03-16T12:33:34.504,orthonormal_rows,short_wide,64,256,4.000000,20260311,4,bsqr_rinv,materialize_qrp,0.00034704200000000004,0.000365688,0.000347615475,0.00038309455,645552,7.540837900812984e-16,6.066604480677455e-15
20260316_123334,2026-03-16T12:33:34.504,orthonormal_rows,short_wide,64,256,4.000000,20260311,4,dgeqp3_trsm,materialize_qrp,0.00022879200000000001,0.000262687,0.00023302092500000003,0.0002851197,1120416,7.505683707396436e-16,6.238258755568025e-15
20260316_123334,2026-03-16T12:33:34.504,orthonormal_rows,short_wide,64,512,8.000000,20260311,4,bsqr_full,materialize_qrp,0.000832041,0.0009087915000000001,0.000851918325,0.00098543735,960864,7.891137543035364e-16,6.3571863057206475e-15
20260316_123334,2026-03-16T12:33:34.504,orthonormal_rows,short_wide,64,512,8.000000,20260311,4,dgeqp3,materialize_qrp,0.00043937500000000004,0.0004952085000000001,0.000465384375,0.000549842525,1320800,7.74290819504142e-16,6.1206161459900555e-15
20260316_123334,2026-03-16T12:33:34.504,orthonormal_rows,short_wide,64,512,8.000000,20260311,4,bsqr_rinv,materialize_qrp,0.000884167,0.0009523540000000001,0.0008848013750000001,0.001010353125,1190320,7.891137543035364e-16,6.3571863057206475e-15
20260316_123334,2026-03-16T12:33:34.504,orthonormal_rows,short_wide,64,512,8.000000,20260311,4,dgeqp3_trsm,materialize_qrp,0.0005412500000000001,0.000591479,0.0005466875000000001,0.0019349835749999937,2107552,7.74290819504142e-16,6.1206161459900555e-15
20260316_123334,2026-03-16T12:33:34.504,orthonormal_rows,short_wide,64,640,10.000000,20260311,4,bsqr_full,materialize_qrp,0.001113416,0.0011707290000000001,0.0011172229750000002,0.0013104593750000002,1167712,7.240834751108849e-16,5.6658525928105906e-15
20260316_123334,2026-03-16T12:33:34.504,orthonormal_rows,short_wide,64,640,10.000000,20260311,4,dgeqp3,materialize_qrp,0.0006095,0.000670563,0.0006300109750000001,0.0029898959249999887,1617760,8.129638950252823e-16,6.8462308351347255e-15
20260316_123334,2026-03-16T12:33:34.504,orthonormal_rows,short_wide,64,640,10.000000,20260311,4,bsqr_rinv,materialize_qrp,0.001177875,0.0012651455,0.001197540625,0.001336785325,1462704,7.240834751108849e-16,5.6658525928105906e-15
20260316_123334,2026-03-16T12:33:34.504,orthonormal_rows,short_wide,64,640,10.000000,20260311,4,dgeqp3_trsm,materialize_qrp,0.0006990830000000001,0.000770396,0.0007058494250000001,0.0028133058249999897,2601120,8.129638950252823e-16,6.8462308351347255e-15
20260316_123334,2026-03-16T12:33:34.504,orthonormal_rows,short_wide,128,256,2.000000,20260311,4,bsqr_full,materialize_qrp,0.0012380000000000002,0.00131575,0.001243860175,0.0018807554499999978,1170304,9.22636577676721e-16,1.0488850194407091e-14
20260316_123334,2026-03-16T12:33:34.504,orthonormal_rows,short_wide,128,256,2.000000,20260311,4,dgeqp3,materialize_qrp,0.000773542,0.0008080625000000001,0.00078453735,0.0008794027500000001,1382784,9.40548148785616e-16,1.124771932705122e-14
20260316_123334,2026-03-16T12:33:34.504,orthonormal_rows,short_wide,128,256,2.000000,20260311,4,bsqr_rinv,materialize_qrp,0.001225333,0.0013274375,0.0012288681000000002,0.001402320775,1301456,9.22636577676721e-16,1.0488850194407091e-14
20260316_123334,2026-03-16T12:33:34.504,orthonormal_rows,short_wide,128,256,2.000000,20260311,4,dgeqp3_trsm,materialize_qrp,0.000858042,0.0009316460000000001,0.000866620925,0.003502414824999988,2169536,9.40548148785616e-16,1.124771932705122e-14
20260316_123334,2026-03-16T12:33:34.504,orthonormal_rows,short_wide,128,512,4.000000,20260311,4,bsqr_full,materialize_qrp,0.0028480830000000004,0.0030474585,0.0028595923750000004,0.005721113874999993,1977216,9.49650926803766e-16,1.0753261927931248e-14
20260316_123334,2026-03-16T12:33:34.504,orthonormal_rows,short_wide,128,512,4.000000,20260311,4,dgeqp3,materialize_qrp,0.001626541,0.0018283545,0.0016666277000000002,0.0030009709249999954,2500992,9.904782218111183e-16,1.1198305508062186e-14
20260316_123334,2026-03-16T12:33:34.504,orthonormal_rows,short_wide,128,512,4.000000,20260311,4,bsqr_rinv,materialize_qrp,0.002811959,0.00313225,0.0029154824750000003,0.005635708574999996,2370512,9.49650926803766e-16,1.0753261927931248e-14
20260316_123334,2026-03-16T12:33:34.504,orthonormal_rows,short_wide,128,512,4.000000,20260311,4,dgeqp3_trsm,materialize_qrp,0.0017972090000000001,0.002092688,0.001859044975,0.008479734375,4074176,9.904782218111183e-16,1.1198305508062186e-14
20260316_123334,2026-03-16T12:33:34.504,orthonormal_rows,short_wide,128,1024,8.000000,20260311,4,bsqr_full,materialize_qrp,0.005200167,0.006174542000000001,0.005432528775000001,0.014596667224999998,3591040,9.002448262548082e-16,1.0440218717869942e-14
20260316_123334,2026-03-16T12:33:34.504,orthonormal_rows,short_wide,128,1024,8.000000,20260311,4,dgeqp3,materialize_qrp,0.0027105830000000003,0.0030366670000000003,0.002781029075,0.006720397299999998,4737408,9.580885158889836e-16,1.1284367786514897e-14
20260316_123334,2026-03-16T12:33:34.504,orthonormal_rows,short_wide,128,1024,8.000000,20260311,4,bsqr_rinv,materialize_qrp,0.005496750000000001,0.005996312500000001,0.005552242225,0.009308689825,4508624,9.002448262548082e-16,1.0440218717869942e-14
20260316_123334,2026-03-16T12:33:34.504,orthonormal_rows,short_wide,128,1024,8.000000,20260311,4,dgeqp3_trsm,materialize_qrp,0.003139583,0.00359975,0.00318534935,0.008514025149999997,7883456,9.580885158889836e-16,1.1284367786514897e-14
20260316_123334,2026-03-16T12:33:34.504,orthonormal_rows,short_wide,128,1280,10.000000,20260311,4,bsqr_full,materialize_qrp,0.006161541,0.0066868335,0.006280109675000001,0.009944277974999997,4397952,9.280100935897126e-16,1.0821953969564217e-14
20260316_123334,2026-03-16T12:33:34.504,orthonormal_rows,short_wide,128,1280,10.000000,20260311,4,dgeqp3,materialize_qrp,0.0032620830000000003,0.0036044790000000003,0.00327552595,0.005993851899999994,5855616,9.496281694273122e-16,1.1339281150025586e-14
20260316_123334,2026-03-16T12:33:34.504,orthonormal_rows,short_wide,128,1280,10.000000,20260311,4,bsqr_rinv,materialize_qrp,0.006572791000000001,0.0069274375000000004,0.00657354645,0.010301252475,5577680,9.280100935897126e-16,1.0821953969564217e-14
20260316_123334,2026-03-16T12:33:34.504,orthonormal_rows,short_wide,128,1280,10.000000,20260311,4,dgeqp3_trsm,materialize_qrp,0.0036677500000000004,0.0042560625,0.0038547093750000002,0.009703293174999999,9788096,9.496281694273122e-16,1.1339281150025586e-14
20260316_123334,2026-03-16T12:33:34.504,orthonormal_rows,short_wide,256,512,2.000000,20260311,4,bsqr_full,materialize_qrp,0.007794125000000001,0.008452438000000001,0.007847563300000002,0.013346804649999999,4370272,1.1247221240627105e-15,2.0003779192570235e-14
20260316_123334,2026-03-16T12:33:34.504,orthonormal_rows,short_wide,256,512,2.000000,20260311,4,dgeqp3,materialize_qrp,0.003614584,0.004196895500000001,0.0037052684500000006,0.008665636399999996,5025120,1.1789036030609456e-15,2.051022881013409e-14
20260316_123334,2026-03-16T12:33:34.504,orthonormal_rows,short_wide,256,512,2.000000,20260311,4,bsqr_rinv,materialize_qrp,0.008244209,0.009208042000000001,0.008247350425000001,0.013178627174999999,4894640,1.1247221240627105e-15,2.0003779192570235e-14
20260316_123334,2026-03-16T12:33:34.504,orthonormal_rows,short_wide,256,512,2.000000,20260311,4,dgeqp3_trsm,materialize_qrp,0.004056083,0.0049443130000000005,0.004106742375,0.009570588449999997,8171168,1.1789036030609456e-15,2.051022881013409e-14
20260316_123334,2026-03-16T12:33:34.504,orthonormal_rows,short_wide,256,1024,4.000000,20260311,4,bsqr_full,materialize_qrp,0.015328041,0.016821937500000002,0.01534692145,0.021494327325,7556960,1.1546422029174667e-15,2.0140416645569172e-14
20260316_123334,2026-03-16T12:33:34.504,orthonormal_rows,short_wide,256,1024,4.000000,20260311,4,dgeqp3,materialize_qrp,0.006573333000000001,0.007545167,0.006660635325,0.01353667145,9358688,1.211958117887987e-15,2.0439585012845147e-14
20260316_123334,2026-03-16T12:33:34.504,orthonormal_rows,short_wide,256,1024,4.000000,20260311,4,bsqr_rinv,materialize_qrp,0.014975417000000001,0.0165925,0.01511567405,0.021708546075,9129904,1.1546422029174667e-15,2.0140416645569172e-14
20260316_123334,2026-03-16T12:33:34.504,orthonormal_rows,short_wide,256,1024,4.000000,20260311,4,dgeqp3_trsm,materialize_qrp,0.007367708000000001,0.009149854,0.007635051750000001,0.014566312199999995,15650464,1.211958117887987e-15,2.0439585012845147e-14
20260316_123334,2026-03-16T12:33:34.504,orthonormal_rows,short_wide,256,2048,8.000000,20260311,4,bsqr_full,materialize_qrp,0.026142333,0.0330957085,0.02689911265,0.03802434119999999,13930336,1.1482492885023833e-15,1.9768642320721936e-14
20260316_123334,2026-03-16T12:33:34.504,orthonormal_rows,short_wide,256,2048,8.000000,20260311,4,dgeqp3,materialize_qrp,0.012913500000000001,0.0149384375,0.012990712500000001,0.020530085024999988,18058592,1.2269016640462727e-15,2.0295283694506457e-14
20260316_123334,2026-03-16T12:33:34.504,orthonormal_rows,short_wide,256,2048,8.000000,20260311,4,bsqr_rinv,materialize_qrp,0.027151542,0.032665437500000005,0.027535670925,0.037330048625,17600432,1.1482492885023833e-15,1.9768642320721936e-14
20260316_123334,2026-03-16T12:33:34.504,orthonormal_rows,short_wide,256,2048,8.000000,20260311,4,dgeqp3_trsm,materialize_qrp,0.015514834000000002,0.0220997295,0.01614896685,0.05174160799999995,30641824,1.2269016640462727e-15,2.0295283694506457e-14
20260316_123334,2026-03-16T12:33:34.504,orthonormal_rows,short_wide,256,2560,10.000000,20260311,4,bsqr_full,materialize_qrp,0.033833584,0.0416291665,0.035572194175,0.07970606409999996,17117024,1.1510909689619592e-15,1.9752213432503048e-14
20260316_123334,2026-03-16T12:33:34.504,orthonormal_rows,short_wide,256,2560,10.000000,20260311,4,dgeqp3,materialize_qrp,0.016189500000000002,0.018447666,0.0163213891,0.022537937075,22392160,1.2201134255060414e-15,2.0221695396395895e-14
20260316_123334,2026-03-16T12:33:34.504,orthonormal_rows,short_wide,256,2560,10.000000,20260311,4,bsqr_rinv,materialize_qrp,0.033783875000000005,0.041294937500000004,0.0342679633,0.043913804875,21835696,1.1510909689619592e-15,1.9752213432503048e-14
20260316_123334,2026-03-16T12:33:34.504,orthonormal_rows,short_wide,256,2560,10.000000,20260311,4,dgeqp3_trsm,materialize_qrp,0.018648584000000003,0.0215372705,0.019002927025,0.0693900356,38121120,1.2201134255060414e-15,2.0221695396395895e-14
20260316_123334,2026-03-16T12:33:34.504,orthonormal_rows,short_wide,512,1024,2.000000,20260311,4,bsqr_full,materialize_qrp,0.041806125,0.0493379585,0.042087727325000004,0.07034637542499997,17061760,1.4897571750559473e-15,3.7764659514665687e-14
20260316_123334,2026-03-16T12:33:34.504,orthonormal_rows,short_wide,512,1024,2.000000,20260311,4,dgeqp3,materialize_qrp,0.018222167,0.020704437500000002,0.018458305300000002,0.023731797025,19387744,1.540152016952854e-15,3.818395125177994e-14
20260316_123334,2026-03-16T12:33:34.504,orthonormal_rows,short_wide,512,1024,2.000000,20260311,4,bsqr_rinv,materialize_qrp,0.042567041,0.051421271000000005,0.0428623886,0.10636301265,19158992,1.4897571750559473e-15,3.7764659514665687e-14
20260316_123334,2026-03-16T12:33:34.504,orthonormal_rows,short_wide,512,1024,2.000000,20260311,4,dgeqp3_trsm,materialize_qrp,0.0195175,0.022499417,0.0196322008,0.037446336924999934,31970976,1.540152016952854e-15,3.818395125177994e-14
20260316_123334,2026-03-16T12:33:34.504,orthonormal_rows,short_wide,512,2048,4.000000,20260311,4,bsqr_full,materialize_qrp,0.08141783300000001,0.10080552100000001,0.083558909525,0.1507017114,29726592,1.5399396041463713e-15,3.781977816392975e-14
20260316_123334,2026-03-16T12:33:34.504,orthonormal_rows,short_wide,512,2048,4.000000,20260311,4,dgeqp3,materialize_qrp,0.03296025,0.0366295835,0.0332053609,0.05227728887499995,36476256,1.6071497700738994e-15,3.8700041305413685e-14
20260316_123334,2026-03-16T12:33:34.504,orthonormal_rows,short_wide,512,2048,4.000000,20260311,4,bsqr_rinv,materialize_qrp,0.08182529200000001,0.09954381250000001,0.08401509360000001,0.15393066169999997,36018128,1.5399396041463713e-15,3.781977816392975e-14
20260316_123334,2026-03-16T12:33:34.504,orthonormal_rows,short_wide,512,2048,4.000000,20260311,4,dgeqp3_trsm,materialize_qrp,0.036331125,0.040820770500000006,0.03667066715,0.08259451155,61642400,1.6071497700738994e-15,3.8700041305413685e-14
20260316_123334,2026-03-16T12:33:34.504,orthonormal_rows,short_wide,512,4096,8.000000,20260311,4,bsqr_full,materialize_qrp,0.273423917,0.3433628335,0.27804511897500006,0.5474656773000002,55056256,1.5711646219648074e-15,3.789347578481332e-14
20260316_123334,2026-03-16T12:33:34.504,orthonormal_rows,short_wide,512,4096,8.000000,20260311,4,dgeqp3,materialize_qrp,0.09679283300000001,0.11797014600000001,0.09754390327500001,0.19179443235000002,70620512,1.6361130878243134e-15,3.8742903350013603e-14
20260316_123334,2026-03-16T12:33:34.504,orthonormal_rows,short_wide,512,4096,8.000000,20260311,4,bsqr_rinv,materialize_qrp,0.39940854200000003,0.477643709,0.40260135425000004,0.6122573332500001,71833552,1.5711646219648074e-15,3.789347578481332e-14
20260316_123334,2026-03-16T12:33:34.504,orthonormal_rows,short_wide,512,4096,8.000000,20260311,4,dgeqp3_trsm,materialize_qrp,0.10651745800000001,0.137104542,0.110061228275,0.21768117892499994,127243936,1.6361130878243134e-15,3.8742903350013603e-14
20260316_123334,2026-03-16T12:33:34.504,orthonormal_rows,short_wide,512,5120,10.000000,20260311,4,bsqr_full,materialize_qrp,0.5241062910000001,0.570129792,0.5263444078,0.777110075,67966848,1.5739952373701468e-15,3.8439920961357106e-14
20260316_123334,2026-03-16T12:33:34.504,orthonormal_rows,short_wide,512,5120,10.000000,20260311,4,dgeqp3,materialize_qrp,0.20427425000000002,0.22589095850000002,0.205468472225,0.282843351925,87725408,1.6284985366411922e-15,3.812301586658752e-14
20260316_123334,2026-03-16T12:33:34.504,orthonormal_rows,short_wide,512,5120,10.000000,20260311,4,bsqr_rinv,materialize_qrp,0.5047187080000001,0.556991541,0.5110873832000001,0.6145897002,86841296,1.5739952373701468e-15,3.8439920961357106e-14
20260316_123334,2026-03-16T12:33:34.504,orthonormal_rows,short_wide,512,5120,10.000000,20260311,4,dgeqp3_trsm,materialize_qrp,0.22638116700000002,0.237614646,0.22827863382500002,0.31759486617499993,150640288,1.6284985366411922e-15,3.812301586658752e-14
