run_id,timestamp,family,regime,m,n,aspect,seed,method,bench_surface,tmin_s,tmed_s,residual,orthogonality
20260316_144144,16-Mar-2026 14:41:44,gaussian,square,64,64,1,20260310,bsqr_full,factor_only,7.6875e-05,7.84583333333333e-05,5.79354202731191e-16,6.55487588383399e-15
20260316_144144,16-Mar-2026 14:41:44,gaussian,square,64,64,1,20260310,qr_pivoted,factor_only,8.3875e-05,8.56041666666667e-05,5.78712337035822e-16,5.74533872674844e-15
20260316_144144,16-Mar-2026 14:41:44,gaussian,square,64,64,1,20260310,bsqr_rinv,factor_only,7.3e-05,7.46458333333333e-05,5.79354202731191e-16,6.55487588383399e-15
20260316_144144,16-Mar-2026 14:41:44,gaussian,square,64,64,1,20260310,qr_pivoted,factor_only,8.2625e-05,8.36041666666667e-05,5.78712337035822e-16,5.74533872674844e-15
20260316_144144,16-Mar-2026 14:41:44,gaussian,square,64,64,1,20260310,qr_pivoted_trsm,factor_only,9.275e-05,9.38125e-05,5.78712337035822e-16,5.74533872674844e-15
20260316_144144,16-Mar-2026 14:41:44,gaussian,square,128,128,1,20260310,bsqr_full,factor_only,0.000310041666666667,0.0003205,7.22577769352159e-16,1.10316741106512e-14
20260316_144144,16-Mar-2026 14:41:44,gaussian,square,128,128,1,20260310,qr_pivoted,factor_only,0.000335041666666667,0.0003643125,7.26983865046616e-16,1.07706060512945e-14
20260316_144144,16-Mar-2026 14:41:44,gaussian,square,128,128,1,20260310,bsqr_rinv,factor_only,0.000296458333333333,0.000301,7.22577769352159e-16,1.10316741106512e-14
20260316_144144,16-Mar-2026 14:41:44,gaussian,square,128,128,1,20260310,qr_pivoted,factor_only,0.000313458333333333,0.000328625,7.26983865046616e-16,1.07706060512945e-14
20260316_144144,16-Mar-2026 14:41:44,gaussian,square,128,128,1,20260310,qr_pivoted_trsm,factor_only,0.000328,0.000333,7.26983865046616e-16,1.07706060512945e-14
20260316_144144,16-Mar-2026 14:41:44,gaussian,square,256,256,1,20260310,bsqr_full,factor_only,0.002526375,0.00287179166666667,9.19001960420932e-16,2.09250808789257e-14
20260316_144144,16-Mar-2026 14:41:44,gaussian,square,256,256,1,20260310,qr_pivoted,factor_only,0.00178391666666667,0.00188835416666667,9.39842951502218e-16,2.03598268851399e-14
20260316_144144,16-Mar-2026 14:41:44,gaussian,square,256,256,1,20260310,bsqr_rinv,factor_only,0.00263770833333333,0.0029109375,9.19001960420932e-16,2.09250808789257e-14
20260316_144144,16-Mar-2026 14:41:44,gaussian,square,256,256,1,20260310,qr_pivoted,factor_only,0.00171491666666667,0.00194977083333333,9.39842951502218e-16,2.03598268851399e-14
20260316_144144,16-Mar-2026 14:41:44,gaussian,square,256,256,1,20260310,qr_pivoted_trsm,factor_only,0.00171975,0.00197529166666667,9.39842951502218e-16,2.03598268851399e-14
20260316_144144,16-Mar-2026 14:41:44,gaussian,square,384,384,1,20260310,bsqr_full,factor_only,0.00712441666666667,0.00720770833333333,1.06262539082122e-15,2.96954618231928e-14
20260316_144144,16-Mar-2026 14:41:44,gaussian,square,384,384,1,20260310,qr_pivoted,factor_only,0.003656625,0.00389858333333333,1.10848783901716e-15,2.95900892784761e-14
20260316_144144,16-Mar-2026 14:41:44,gaussian,square,384,384,1,20260310,bsqr_rinv,factor_only,0.006765,0.00724683333333333,1.06262539082122e-15,2.96954618231928e-14
20260316_144144,16-Mar-2026 14:41:44,gaussian,square,384,384,1,20260310,qr_pivoted,factor_only,0.003577375,0.004052125,1.10848783901716e-15,2.95900892784761e-14
20260316_144144,16-Mar-2026 14:41:44,gaussian,square,384,384,1,20260310,qr_pivoted_trsm,factor_only,0.00365254166666667,0.0040560625,1.10848783901716e-15,2.95900892784761e-14
20260316_144144,16-Mar-2026 14:41:44,gaussian,square,512,512,1,20260310,bsqr_full,factor_only,0.0154657916666667,0.0157953333333333,1.21421315796172e-15,3.85073642850007e-14
20260316_144144,16-Mar-2026 14:41:44,gaussian,square,512,512,1,20260310,qr_pivoted,factor_only,0.008537375,0.009055875,1.24376394515966e-15,3.85037961198162e-14
20260316_144144,16-Mar-2026 14:41:44,gaussian,square,512,512,1,20260310,bsqr_rinv,factor_only,0.0148878333333333,0.0161449583333333,1.21421315796172e-15,3.85073642850007e-14
20260316_144144,16-Mar-2026 14:41:44,gaussian,square,512,512,1,20260310,qr_pivoted,factor_only,0.00804845833333333,0.00869366666666667,1.24376394515966e-15,3.85037961198162e-14
20260316_144144,16-Mar-2026 14:41:44,gaussian,square,512,512,1,20260310,qr_pivoted_trsm,factor_only,0.008020375,0.0084524375,1.24376394515966e-15,3.85037961198162e-14
20260316_144144,16-Mar-2026 14:41:44,gaussian,short_wide,32,64,2,20260310,bsqr_full,factor_only,2.07916666666667e-05,2.12916666666667e-05,5.12848266907202e-16,3.17584945665263e-15
20260316_144144,16-Mar-2026 14:41:44,gaussian,short_wide,32,64,2,20260310,qr_pivoted,factor_only,1.6375e-05,1.65e-05,5.15600487387384e-16,3.22107387259434e-15
20260316_144144,16-Mar-2026 14:41:44,gaussian,short_wide,32,64,2,20260310,bsqr_rinv,factor_only,2.05416666666667e-05,2.12083333333333e-05,5.12848266907202e-16,3.17584945665263e-15
20260316_144144,16-Mar-2026 14:41:44,gaussian,short_wide,32,64,2,20260310,qr_pivoted,factor_only,1.62916666666667e-05,1.64375e-05,5.15600487387384e-16,3.22107387259434e-15
20260316_144144,16-Mar-2026 14:41:44,gaussian,short_wide,32,64,2,20260310,qr_pivoted_trsm,factor_only,3.225e-05,4.575e-05,5.15600487387384e-16,3.22107387259434e-15
20260316_144144,16-Mar-2026 14:41:44,gaussian,short_wide,32,128,4,20260310,bsqr_full,factor_only,5.7375e-05,8.28125e-05,5.4522979247429e-16,3.38792218353935e-15
20260316_144144,16-Mar-2026 14:41:44,gaussian,short_wide,32,128,4,20260310,qr_pivoted,factor_only,3.425e-05,3.86041666666667e-05,5.79970641127458e-16,3.43703719966622e-15
20260316_144144,16-Mar-2026 14:41:44,gaussian,short_wide,32,128,4,20260310,bsqr_rinv,factor_only,5.375e-05,6.05208333333333e-05,5.4522979247429e-16,3.38792218353935e-15
20260316_144144,16-Mar-2026 14:41:44,gaussian,short_wide,32,128,4,20260310,qr_pivoted,factor_only,2.71666666666667e-05,2.72916666666667e-05,5.79970641127458e-16,3.43703719966622e-15
20260316_144144,16-Mar-2026 14:41:44,gaussian,short_wide,32,128,4,20260310,qr_pivoted_trsm,factor_only,4.99583333333333e-05,5.0625e-05,5.79970641127458e-16,3.43703719966622e-15
20260316_144144,16-Mar-2026 14:41:44,gaussian,short_wide,32,256,8,20260310,bsqr_full,factor_only,8.3875e-05,8.42291666666667e-05,6.59494334799184e-16,3.69559207492648e-15
20260316_144144,16-Mar-2026 14:41:44,gaussian,short_wide,32,256,8,20260310,qr_pivoted,factor_only,4.9125e-05,4.93541666666667e-05,5.73142195025708e-16,3.402883539687e-15
20260316_144144,16-Mar-2026 14:41:44,gaussian,short_wide,32,256,8,20260310,bsqr_rinv,factor_only,8.37083333333333e-05,8.41875e-05,6.59494334799184e-16,3.69559207492648e-15
20260316_144144,16-Mar-2026 14:41:44,gaussian,short_wide,32,256,8,20260310,qr_pivoted,factor_only,4.875e-05,4.925e-05,5.73142195025708e-16,3.402883539687e-15
20260316_144144,16-Mar-2026 14:41:44,gaussian,short_wide,32,256,8,20260310,qr_pivoted_trsm,factor_only,7.68333333333333e-05,7.75625e-05,5.73142195025708e-16,3.402883539687e-15
20260316_144144,16-Mar-2026 14:41:44,gaussian,short_wide,32,320,10,20260310,bsqr_full,factor_only,0.000111958333333333,0.000161208333333333,6.79999524898656e-16,3.89319320900278e-15
20260316_144144,16-Mar-2026 14:41:44,gaussian,short_wide,32,320,10,20260310,qr_pivoted,factor_only,5.95e-05,5.99583333333333e-05,5.49139473204645e-16,3.0774841155175e-15
20260316_144144,16-Mar-2026 14:41:44,gaussian,short_wide,32,320,10,20260310,bsqr_rinv,factor_only,0.000110958333333333,0.000112041666666667,6.79999524898656e-16,3.89319320900278e-15
20260316_144144,16-Mar-2026 14:41:44,gaussian,short_wide,32,320,10,20260310,qr_pivoted,factor_only,5.9625e-05,5.975e-05,5.49139473204645e-16,3.0774841155175e-15
20260316_144144,16-Mar-2026 14:41:44,gaussian,short_wide,32,320,10,20260310,qr_pivoted_trsm,factor_only,9.06666666666667e-05,0.0001004375,5.49139473204645e-16,3.0774841155175e-15
20260316_144144,16-Mar-2026 14:41:44,gaussian,short_wide,64,128,2,20260310,bsqr_full,factor_only,0.000107708333333333,0.000108145833333333,7.08693513619645e-16,6.5886337759889e-15
20260316_144144,16-Mar-2026 14:41:44,gaussian,short_wide,64,128,2,20260310,qr_pivoted,factor_only,8.5125e-05,0.000129770833333333,6.76273263045459e-16,5.56232255099035e-15
20260316_144144,16-Mar-2026 14:41:44,gaussian,short_wide,64,128,2,20260310,bsqr_rinv,factor_only,0.000110333333333333,0.000176645833333333,7.08693513619645e-16,6.5886337759889e-15
20260316_144144,16-Mar-2026 14:41:44,gaussian,short_wide,64,128,2,20260310,qr_pivoted,factor_only,7.80833333333333e-05,7.81666666666667e-05,6.76273263045459e-16,5.56232255099035e-15
20260316_144144,16-Mar-2026 14:41:44,gaussian,short_wide,64,128,2,20260310,qr_pivoted_trsm,factor_only,0.000104458333333333,0.000105125,6.76273263045459e-16,5.56232255099035e-15
20260316_144144,16-Mar-2026 14:41:44,gaussian,short_wide,64,256,4,20260310,bsqr_full,factor_only,0.000281333333333333,0.0002888125,7.75688327211976e-16,6.89971223384866e-15
20260316_144144,16-Mar-2026 14:41:44,gaussian,short_wide,64,256,4,20260310,qr_pivoted,factor_only,0.000148833333333333,0.000156625,6.66629528881048e-16,5.46225390569545e-15
20260316_144144,16-Mar-2026 14:41:44,gaussian,short_wide,64,256,4,20260310,bsqr_rinv,factor_only,0.000280666666666667,0.000286645833333333,7.75688327211976e-16,6.89971223384866e-15
20260316_144144,16-Mar-2026 14:41:44,gaussian,short_wide,64,256,4,20260310,qr_pivoted,factor_only,0.000151041666666667,0.000165020833333333,6.66629528881048e-16,5.46225390569545e-15
20260316_144144,16-Mar-2026 14:41:44,gaussian,short_wide,64,256,4,20260310,qr_pivoted_trsm,factor_only,0.000206666666666667,0.0002083125,6.66629528881048e-16,5.46225390569545e-15
20260316_144144,16-Mar-2026 14:41:44,gaussian,short_wide,64,512,8,20260310,bsqr_full,factor_only,0.000806833333333333,0.00115747916666667,7.82165453125637e-16,6.38029412582776e-15
20260316_144144,16-Mar-2026 14:41:44,gaussian,short_wide,64,512,8,20260310,qr_pivoted,factor_only,0.000444375,0.000682895833333333,7.10520170398229e-16,5.41510968267551e-15
20260316_144144,16-Mar-2026 14:41:44,gaussian,short_wide,64,512,8,20260310,bsqr_rinv,factor_only,0.000779125,0.000935291666666667,7.82165453125637e-16,6.38029412582776e-15
20260316_144144,16-Mar-2026 14:41:44,gaussian,short_wide,64,512,8,20260310,qr_pivoted,factor_only,0.000408666666666667,0.000472729166666667,7.10520170398229e-16,5.41510968267551e-15
20260316_144144,16-Mar-2026 14:41:44,gaussian,short_wide,64,512,8,20260310,qr_pivoted_trsm,factor_only,0.00047375,0.000478604166666667,7.10520170398229e-16,5.41510968267551e-15
20260316_144144,16-Mar-2026 14:41:44,gaussian,short_wide,64,640,10,20260310,bsqr_full,factor_only,0.00106325,0.00115147916666667,7.45509122336408e-16,5.93404531531141e-15
20260316_144144,16-Mar-2026 14:41:44,gaussian,short_wide,64,640,10,20260310,qr_pivoted,factor_only,0.0005505,0.0005805625,7.34547433607291e-16,5.60866302574007e-15
20260316_144144,16-Mar-2026 14:41:44,gaussian,short_wide,64,640,10,20260310,bsqr_rinv,factor_only,0.00105620833333333,0.001087625,7.45509122336408e-16,5.93404531531141e-15
20260316_144144,16-Mar-2026 14:41:44,gaussian,short_wide,64,640,10,20260310,qr_pivoted,factor_only,0.000557291666666667,0.000572479166666667,7.34547433607291e-16,5.60866302574007e-15
20260316_144144,16-Mar-2026 14:41:44,gaussian,short_wide,64,640,10,20260310,qr_pivoted_trsm,factor_only,0.000627791666666667,0.000668729166666667,7.34547433607291e-16,5.60866302574007e-15
20260316_144144,16-Mar-2026 14:41:44,gaussian,short_wide,128,256,2,20260310,bsqr_full,factor_only,0.00106775,0.00110629166666667,8.90019871574911e-16,1.11410348635307e-14
20260316_144144,16-Mar-2026 14:41:44,gaussian,short_wide,128,256,2,20260310,qr_pivoted,factor_only,0.000722791666666667,0.000759916666666667,8.52361882140262e-16,9.86829084082991e-15
20260316_144144,16-Mar-2026 14:41:44,gaussian,short_wide,128,256,2,20260310,bsqr_rinv,factor_only,0.00105870833333333,0.00107072916666667,8.90019871574911e-16,1.11410348635307e-14
20260316_144144,16-Mar-2026 14:41:44,gaussian,short_wide,128,256,2,20260310,qr_pivoted,factor_only,0.000719041666666667,0.000746166666666667,8.52361882140262e-16,9.86829084082991e-15
20260316_144144,16-Mar-2026 14:41:44,gaussian,short_wide,128,256,2,20260310,qr_pivoted_trsm,factor_only,0.00077275,0.000786166666666667,8.52361882140262e-16,9.86829084082991e-15
20260316_144144,16-Mar-2026 14:41:44,gaussian,short_wide,128,512,4,20260310,bsqr_full,factor_only,0.00258033333333333,0.00277166666666667,9.27332475469117e-16,1.07868576439737e-14
20260316_144144,16-Mar-2026 14:41:44,gaussian,short_wide,128,512,4,20260310,qr_pivoted,factor_only,0.0016485,0.00166939583333333,8.97526563125503e-16,9.97217828087934e-15
20260316_144144,16-Mar-2026 14:41:44,gaussian,short_wide,128,512,4,20260310,bsqr_rinv,factor_only,0.00253958333333333,0.0027680625,9.27332475469117e-16,1.07868576439737e-14
20260316_144144,16-Mar-2026 14:41:44,gaussian,short_wide,128,512,4,20260310,qr_pivoted,factor_only,0.00150291666666667,0.0016785,8.97526563125503e-16,9.97217828087934e-15
20260316_144144,16-Mar-2026 14:41:44,gaussian,short_wide,128,512,4,20260310,qr_pivoted_trsm,factor_only,0.00162104166666667,0.00179225,8.97526563125503e-16,9.97217828087934e-15
20260316_144144,16-Mar-2026 14:41:44,gaussian,short_wide,128,1024,8,20260310,bsqr_full,factor_only,0.004874,0.004987625,9.18010266397179e-16,1.09579814185026e-14
20260316_144144,16-Mar-2026 14:41:44,gaussian,short_wide,128,1024,8,20260310,qr_pivoted,factor_only,0.00240033333333333,0.00257370833333333,8.86561290251173e-16,1.00499394150611e-14
20260316_144144,16-Mar-2026 14:41:44,gaussian,short_wide,128,1024,8,20260310,bsqr_rinv,factor_only,0.00486333333333333,0.00501539583333333,9.18010266397179e-16,1.09579814185026e-14
20260316_144144,16-Mar-2026 14:41:44,gaussian,short_wide,128,1024,8,20260310,qr_pivoted,factor_only,0.002502375,0.00263791666666667,8.86561290251173e-16,1.00499394150611e-14
20260316_144144,16-Mar-2026 14:41:44,gaussian,short_wide,128,1024,8,20260310,qr_pivoted_trsm,factor_only,0.00275775,0.00282552083333333,8.86561290251173e-16,1.00499394150611e-14
20260316_144144,16-Mar-2026 14:41:44,gaussian,short_wide,128,1280,10,20260310,bsqr_full,factor_only,0.00570779166666667,0.00610358333333333,9.20156374491413e-16,1.08359474112549e-14
20260316_144144,16-Mar-2026 14:41:44,gaussian,short_wide,128,1280,10,20260310,qr_pivoted,factor_only,0.00291129166666667,0.00305758333333333,8.67579099186661e-16,1.0064712743723e-14
20260316_144144,16-Mar-2026 14:41:44,gaussian,short_wide,128,1280,10,20260310,bsqr_rinv,factor_only,0.00590170833333333,0.006022625,9.20156374491413e-16,1.08359474112549e-14
20260316_144144,16-Mar-2026 14:41:44,gaussian,short_wide,128,1280,10,20260310,qr_pivoted,factor_only,0.002928,0.00304883333333333,8.67579099186661e-16,1.0064712743723e-14
20260316_144144,16-Mar-2026 14:41:44,gaussian,short_wide,128,1280,10,20260310,qr_pivoted_trsm,factor_only,0.003312625,0.00342672916666667,8.67579099186661e-16,1.0064712743723e-14
20260316_144144,16-Mar-2026 14:41:44,gaussian,short_wide,256,512,2,20260310,bsqr_full,factor_only,0.00691683333333333,0.00731889583333333,1.06289572620616e-15,2.00585897029704e-14
20260316_144144,16-Mar-2026 14:41:44,gaussian,short_wide,256,512,2,20260310,qr_pivoted,factor_only,0.003392875,0.003609375,1.11042451690808e-15,2.01682534460185e-14
20260316_144144,16-Mar-2026 14:41:44,gaussian,short_wide,256,512,2,20260310,bsqr_rinv,factor_only,0.00681304166666667,0.00719447916666667,1.06289572620616e-15,2.00585897029704e-14
20260316_144144,16-Mar-2026 14:41:44,gaussian,short_wide,256,512,2,20260310,qr_pivoted,factor_only,0.00346354166666667,0.00367641666666667,1.11042451690808e-15,2.01682534460185e-14
20260316_144144,16-Mar-2026 14:41:44,gaussian,short_wide,256,512,2,20260310,qr_pivoted_trsm,factor_only,0.003578125,0.00370270833333333,1.11042451690808e-15,2.01682534460185e-14
20260316_144144,16-Mar-2026 14:41:44,gaussian,short_wide,256,1024,4,20260310,bsqr_full,factor_only,0.0132806666666667,0.0137239166666667,1.13457434196791e-15,2.0200057815318e-14
20260316_144144,16-Mar-2026 14:41:44,gaussian,short_wide,256,1024,4,20260310,qr_pivoted,factor_only,0.00629241666666667,0.0064290625,1.16466413326153e-15,2.01423762394479e-14
20260316_144144,16-Mar-2026 14:41:44,gaussian,short_wide,256,1024,4,20260310,bsqr_rinv,factor_only,0.0131850833333333,0.0139582291666667,1.13457434196791e-15,2.0200057815318e-14
20260316_144144,16-Mar-2026 14:41:44,gaussian,short_wide,256,1024,4,20260310,qr_pivoted,factor_only,0.00614929166666667,0.006565875,1.16466413326153e-15,2.01423762394479e-14
20260316_144144,16-Mar-2026 14:41:44,gaussian,short_wide,256,1024,4,20260310,qr_pivoted_trsm,factor_only,0.00700079166666667,0.0072018125,1.16466413326153e-15,2.01423762394479e-14
20260316_144144,16-Mar-2026 14:41:44,gaussian,short_wide,256,2048,8,20260310,bsqr_full,factor_only,0.0237580833333333,0.0244846666666667,1.1644857136557e-15,2.0264742320173e-14
20260316_144144,16-Mar-2026 14:41:44,gaussian,short_wide,256,2048,8,20260310,qr_pivoted,factor_only,0.011085,0.0116639166666667,1.19221078546481e-15,1.99968089446611e-14
20260316_144144,16-Mar-2026 14:41:44,gaussian,short_wide,256,2048,8,20260310,bsqr_rinv,factor_only,0.0232532916666667,0.0250193333333333,1.1644857136557e-15,2.0264742320173e-14
20260316_144144,16-Mar-2026 14:41:44,gaussian,short_wide,256,2048,8,20260310,qr_pivoted,factor_only,0.0109447916666667,0.011660875,1.19221078546481e-15,1.99968089446611e-14
20260316_144144,16-Mar-2026 14:41:44,gaussian,short_wide,256,2048,8,20260310,qr_pivoted_trsm,factor_only,0.0123970416666667,0.013350625,1.19221078546481e-15,1.99968089446611e-14
20260316_144144,16-Mar-2026 14:41:44,gaussian,short_wide,256,2560,10,20260310,bsqr_full,factor_only,0.02998925,0.0306888541666667,1.18588869027974e-15,2.05756890890202e-14
20260316_144144,16-Mar-2026 14:41:44,gaussian,short_wide,256,2560,10,20260310,qr_pivoted,factor_only,0.013619625,0.0145432083333333,1.22013071186865e-15,2.01565185124666e-14
20260316_144144,16-Mar-2026 14:41:44,gaussian,short_wide,256,2560,10,20260310,bsqr_rinv,factor_only,0.0300474583333333,0.0305768541666667,1.18588869027974e-15,2.05756890890202e-14
20260316_144144,16-Mar-2026 14:41:44,gaussian,short_wide,256,2560,10,20260310,qr_pivoted,factor_only,0.0132755833333333,0.0142198541666667,1.22013071186865e-15,2.01565185124666e-14
20260316_144144,16-Mar-2026 14:41:44,gaussian,short_wide,256,2560,10,20260310,qr_pivoted_trsm,factor_only,0.0164815,0.0169456666666667,1.22013071186865e-15,2.01565185124666e-14
20260316_144144,16-Mar-2026 14:41:44,gaussian,short_wide,512,1024,2,20260310,bsqr_full,factor_only,0.0356122916666667,0.0376856875,1.43978925734957e-15,3.89342999459584e-14
20260316_144144,16-Mar-2026 14:41:44,gaussian,short_wide,512,1024,2,20260310,qr_pivoted,factor_only,0.0161082083333333,0.0166433958333333,1.46363185076668e-15,3.86032645635483e-14
20260316_144144,16-Mar-2026 14:41:44,gaussian,short_wide,512,1024,2,20260310,bsqr_rinv,factor_only,0.0353295,0.0379902708333333,1.43978925734957e-15,3.89342999459584e-14
20260316_144144,16-Mar-2026 14:41:44,gaussian,short_wide,512,1024,2,20260310,qr_pivoted,factor_only,0.0159192916666667,0.0169840625,1.46363185076668e-15,3.86032645635483e-14
20260316_144144,16-Mar-2026 14:41:44,gaussian,short_wide,512,1024,2,20260310,qr_pivoted_trsm,factor_only,0.016566125,0.0173852708333333,1.46363185076668e-15,3.86032645635483e-14
20260316_144144,16-Mar-2026 14:41:44,gaussian,short_wide,512,2048,4,20260310,bsqr_full,factor_only,0.0712440833333333,0.0739380416666667,1.51363396536624e-15,3.84749692544431e-14
20260316_144144,16-Mar-2026 14:41:44,gaussian,short_wide,512,2048,4,20260310,qr_pivoted,factor_only,0.0307685833333333,0.0317736666666667,1.56483245777212e-15,3.86465949677106e-14
20260316_144144,16-Mar-2026 14:41:44,gaussian,short_wide,512,2048,4,20260310,bsqr_rinv,factor_only,0.072732375,0.07458475,1.51363396536624e-15,3.84749692544431e-14
20260316_144144,16-Mar-2026 14:41:44,gaussian,short_wide,512,2048,4,20260310,qr_pivoted,factor_only,0.02966225,0.0312182291666667,1.56483245777212e-15,3.86465949677106e-14
20260316_144144,16-Mar-2026 14:41:44,gaussian,short_wide,512,2048,4,20260310,qr_pivoted_trsm,factor_only,0.03302175,0.0344889166666667,1.56483245777212e-15,3.86465949677106e-14
20260316_144144,16-Mar-2026 14:41:44,gaussian,short_wide,512,4096,8,20260310,bsqr_full,factor_only,0.259015208333333,0.262575791666667,1.56992685786184e-15,3.82769380489853e-14
20260316_144144,16-Mar-2026 14:41:44,gaussian,short_wide,512,4096,8,20260310,qr_pivoted,factor_only,0.0755164166666667,0.078428875,1.61140551871764e-15,3.84952476115922e-14
20260316_144144,16-Mar-2026 14:41:44,gaussian,short_wide,512,4096,8,20260310,bsqr_rinv,factor_only,0.252493916666667,0.257928645833333,1.56992685786184e-15,3.82769380489853e-14
20260316_144144,16-Mar-2026 14:41:44,gaussian,short_wide,512,4096,8,20260310,qr_pivoted,factor_only,0.0738752916666667,0.0825371458333333,1.61140551871764e-15,3.84952476115922e-14
20260316_144144,16-Mar-2026 14:41:44,gaussian,short_wide,512,4096,8,20260310,qr_pivoted_trsm,factor_only,0.0832867916666667,0.0894854791666667,1.61140551871764e-15,3.84952476115922e-14
20260316_144144,16-Mar-2026 14:41:44,gaussian,short_wide,512,5120,10,20260310,bsqr_full,factor_only,0.381599083333333,0.390996333333333,1.59562196828308e-15,3.88380790168078e-14
20260316_144144,16-Mar-2026 14:41:44,gaussian,short_wide,512,5120,10,20260310,qr_pivoted,factor_only,0.154794166666667,0.1570433125,1.61404875244874e-15,3.82882006263254e-14
20260316_144144,16-Mar-2026 14:41:44,gaussian,short_wide,512,5120,10,20260310,bsqr_rinv,factor_only,0.385073875,0.391226395833333,1.59562196828308e-15,3.88380790168078e-14
20260316_144144,16-Mar-2026 14:41:44,gaussian,short_wide,512,5120,10,20260310,qr_pivoted,factor_only,0.15393425,0.15734975,1.61404875244874e-15,3.82882006263254e-14
20260316_144144,16-Mar-2026 14:41:44,gaussian,short_wide,512,5120,10,20260310,qr_pivoted_trsm,factor_only,0.1672555,0.170100145833333,1.61404875244874e-15,3.82882006263254e-14
20260316_144144,16-Mar-2026 14:41:44,ill_conditioned,square,64,64,1,20260310,bsqr_full,factor_only,4.43333333333333e-05,4.46666666666667e-05,4.56409842624311e-16,6.38551830448147e-15
20260316_144144,16-Mar-2026 14:41:44,ill_conditioned,square,64,64,1,20260310,qr_pivoted,factor_only,4.98333333333333e-05,5.00208333333333e-05,4.64213852732763e-16,5.26450366310038e-15
20260316_144144,16-Mar-2026 14:41:44,ill_conditioned,square,64,64,1,20260310,bsqr_rinv,factor_only,4.5375e-05,4.5625e-05,4.56409842624311e-16,6.38551830448147e-15
20260316_144144,16-Mar-2026 14:41:44,ill_conditioned,square,64,64,1,20260310,qr_pivoted,factor_only,4.975e-05,4.99791666666667e-05,4.64213852732763e-16,5.26450366310038e-15
20260316_144144,16-Mar-2026 14:41:44,ill_conditioned,square,64,64,1,20260310,qr_pivoted_trsm,factor_only,5.02083333333333e-05,5.05e-05,4.64213852732763e-16,5.26450366310038e-15
20260316_144144,16-Mar-2026 14:41:44,ill_conditioned,square,128,128,1,20260310,bsqr_full,factor_only,0.000280375,0.00028725,5.69061810377146e-16,1.08201649354613e-14
20260316_144144,16-Mar-2026 14:41:44,ill_conditioned,square,128,128,1,20260310,qr_pivoted,factor_only,0.000297375,0.000307270833333333,5.44590096148649e-16,9.88588760363973e-15
20260316_144144,16-Mar-2026 14:41:44,ill_conditioned,square,128,128,1,20260310,bsqr_rinv,factor_only,0.000277416666666667,0.000279333333333333,5.69061810377146e-16,1.08201649354613e-14
20260316_144144,16-Mar-2026 14:41:44,ill_conditioned,square,128,128,1,20260310,qr_pivoted,factor_only,0.0003015,0.0003135625,5.44590096148649e-16,9.88588760363973e-15
20260316_144144,16-Mar-2026 14:41:44,ill_conditioned,square,128,128,1,20260310,qr_pivoted_trsm,factor_only,0.00032275,0.000357583333333333,5.44590096148649e-16,9.88588760363973e-15
20260316_144144,16-Mar-2026 14:41:44,ill_conditioned,square,256,256,1,20260310,bsqr_full,factor_only,0.00253333333333333,0.0028551875,6.41128763874466e-16,2.06027417342347e-14
20260316_144144,16-Mar-2026 14:41:44,ill_conditioned,square,256,256,1,20260310,qr_pivoted,factor_only,0.0018775,0.00212860416666667,7.40374609836191e-16,2.00330694520648e-14
20260316_144144,16-Mar-2026 14:41:44,ill_conditioned,square,256,256,1,20260310,bsqr_rinv,factor_only,0.00255025,0.002816625,6.41128763874466e-16,2.06027417342347e-14
20260316_144144,16-Mar-2026 14:41:44,ill_conditioned,square,256,256,1,20260310,qr_pivoted,factor_only,0.001921125,0.00214035416666667,7.40374609836191e-16,2.00330694520648e-14
20260316_144144,16-Mar-2026 14:41:44,ill_conditioned,square,256,256,1,20260310,qr_pivoted_trsm,factor_only,0.00188366666666667,0.00216279166666667,7.40374609836191e-16,2.00330694520648e-14
20260316_144144,16-Mar-2026 14:41:44,ill_conditioned,square,384,384,1,20260310,bsqr_full,factor_only,0.006871,0.00728475,8.16075026088091e-16,2.92891619638538e-14
20260316_144144,16-Mar-2026 14:41:44,ill_conditioned,square,384,384,1,20260310,qr_pivoted,factor_only,0.00384533333333333,0.00431033333333333,8.33334969097803e-16,2.95569672325845e-14
20260316_144144,16-Mar-2026 14:41:44,ill_conditioned,square,384,384,1,20260310,bsqr_rinv,factor_only,0.00704233333333333,0.00738675,8.16075026088091e-16,2.92891619638538e-14
20260316_144144,16-Mar-2026 14:41:44,ill_conditioned,square,384,384,1,20260310,qr_pivoted,factor_only,0.00394491666666667,0.00450722916666667,8.33334969097803e-16,2.95569672325845e-14
20260316_144144,16-Mar-2026 14:41:44,ill_conditioned,square,384,384,1,20260310,qr_pivoted_trsm,factor_only,0.00394,0.00429339583333333,8.33334969097803e-16,2.95569672325845e-14
20260316_144144,16-Mar-2026 14:41:44,ill_conditioned,square,512,512,1,20260310,bsqr_full,factor_only,0.0150388333333333,0.0157176875,8.73042027761609e-16,3.86056102920968e-14
20260316_144144,16-Mar-2026 14:41:44,ill_conditioned,square,512,512,1,20260310,qr_pivoted,factor_only,0.00996433333333333,0.0103828125,9.37954073399903e-16,3.84584672711724e-14
20260316_144144,16-Mar-2026 14:41:44,ill_conditioned,square,512,512,1,20260310,bsqr_rinv,factor_only,0.0152367916666667,0.0156318541666667,8.73042027761609e-16,3.86056102920968e-14
20260316_144144,16-Mar-2026 14:41:44,ill_conditioned,square,512,512,1,20260310,qr_pivoted,factor_only,0.00981116666666667,0.0104890208333333,9.37954073399903e-16,3.84584672711724e-14
20260316_144144,16-Mar-2026 14:41:44,ill_conditioned,square,512,512,1,20260310,qr_pivoted_trsm,factor_only,0.00956991666666667,0.00995941666666667,9.37954073399903e-16,3.84584672711724e-14
20260316_144144,16-Mar-2026 14:41:44,ill_conditioned,short_wide,32,64,2,20260310,bsqr_full,factor_only,2.02916666666667e-05,2.06666666666667e-05,3.64202301630982e-16,2.69020783790688e-15
20260316_144144,16-Mar-2026 14:41:44,ill_conditioned,short_wide,32,64,2,20260310,qr_pivoted,factor_only,1.65e-05,1.6625e-05,3.55358197983488e-16,3.66500464299143e-15
20260316_144144,16-Mar-2026 14:41:44,ill_conditioned,short_wide,32,64,2,20260310,bsqr_rinv,factor_only,2.10833333333333e-05,2.13125e-05,3.64202301630982e-16,2.69020783790688e-15
20260316_144144,16-Mar-2026 14:41:44,ill_conditioned,short_wide,32,64,2,20260310,qr_pivoted,factor_only,1.65833333333333e-05,1.66666666666667e-05,3.55358197983488e-16,3.66500464299143e-15
20260316_144144,16-Mar-2026 14:41:44,ill_conditioned,short_wide,32,64,2,20260310,qr_pivoted_trsm,factor_only,2.225e-05,2.44583333333333e-05,3.55358197983488e-16,3.66500464299143e-15
20260316_144144,16-Mar-2026 14:41:44,ill_conditioned,short_wide,32,128,4,20260310,bsqr_full,factor_only,4.225e-05,4.25833333333333e-05,3.46795474637608e-16,3.24088329872009e-15
20260316_144144,16-Mar-2026 14:41:44,ill_conditioned,short_wide,32,128,4,20260310,qr_pivoted,factor_only,2.77083333333333e-05,2.78958333333333e-05,3.30472878031001e-16,3.44866731314851e-15
20260316_144144,16-Mar-2026 14:41:44,ill_conditioned,short_wide,32,128,4,20260310,bsqr_rinv,factor_only,4.20416666666667e-05,4.23958333333333e-05,3.46795474637608e-16,3.24088329872009e-15
20260316_144144,16-Mar-2026 14:41:44,ill_conditioned,short_wide,32,128,4,20260310,qr_pivoted,factor_only,2.76666666666667e-05,2.78333333333333e-05,3.30472878031001e-16,3.44866731314851e-15
20260316_144144,16-Mar-2026 14:41:44,ill_conditioned,short_wide,32,128,4,20260310,qr_pivoted_trsm,factor_only,3.475e-05,3.54791666666667e-05,3.30472878031001e-16,3.44866731314851e-15
20260316_144144,16-Mar-2026 14:41:44,ill_conditioned,short_wide,32,256,8,20260310,bsqr_full,factor_only,8.5e-05,8.58958333333333e-05,3.75858754285502e-16,2.94541134480983e-15
20260316_144144,16-Mar-2026 14:41:44,ill_conditioned,short_wide,32,256,8,20260310,qr_pivoted,factor_only,4.825e-05,4.84166666666667e-05,3.32851924863008e-16,3.29713620931851e-15
20260316_144144,16-Mar-2026 14:41:44,ill_conditioned,short_wide,32,256,8,20260310,bsqr_rinv,factor_only,8.45416666666667e-05,8.6625e-05,3.75858754285502e-16,2.94541134480983e-15
20260316_144144,16-Mar-2026 14:41:44,ill_conditioned,short_wide,32,256,8,20260310,qr_pivoted,factor_only,4.825e-05,4.83541666666667e-05,3.32851924863008e-16,3.29713620931851e-15
20260316_144144,16-Mar-2026 14:41:44,ill_conditioned,short_wide,32,256,8,20260310,qr_pivoted_trsm,factor_only,6.53333333333333e-05,6.56458333333333e-05,3.32851924863008e-16,3.29713620931851e-15
20260316_144144,16-Mar-2026 14:41:44,ill_conditioned,short_wide,32,320,10,20260310,bsqr_full,factor_only,0.000112958333333333,0.000119083333333333,5.06215165859896e-16,3.70753137305155e-15
20260316_144144,16-Mar-2026 14:41:44,ill_conditioned,short_wide,32,320,10,20260310,qr_pivoted,factor_only,6.04166666666667e-05,6.31666666666667e-05,5.06614663549704e-16,3.53403194620992e-15
20260316_144144,16-Mar-2026 14:41:44,ill_conditioned,short_wide,32,320,10,20260310,bsqr_rinv,factor_only,0.000121541666666667,0.000122208333333333,5.06215165859896e-16,3.70753137305155e-15
20260316_144144,16-Mar-2026 14:41:44,ill_conditioned,short_wide,32,320,10,20260310,qr_pivoted,factor_only,6.45e-05,9.975e-05,5.06614663549704e-16,3.53403194620992e-15
20260316_144144,16-Mar-2026 14:41:44,ill_conditioned,short_wide,32,320,10,20260310,qr_pivoted_trsm,factor_only,0.00015425,0.000158166666666667,5.06614663549704e-16,3.53403194620992e-15
20260316_144144,16-Mar-2026 14:41:44,ill_conditioned,short_wide,64,128,2,20260310,bsqr_full,factor_only,0.000114583333333333,0.000116020833333333,4.17452659748881e-16,6.57261254944235e-15
20260316_144144,16-Mar-2026 14:41:44,ill_conditioned,short_wide,64,128,2,20260310,qr_pivoted,factor_only,8.39583333333333e-05,8.42083333333333e-05,4.17851696831255e-16,5.38290799169485e-15
20260316_144144,16-Mar-2026 14:41:44,ill_conditioned,short_wide,64,128,2,20260310,bsqr_rinv,factor_only,0.000114083333333333,0.000114958333333333,4.17452659748881e-16,6.57261254944235e-15
20260316_144144,16-Mar-2026 14:41:44,ill_conditioned,short_wide,64,128,2,20260310,qr_pivoted,factor_only,8.37083333333333e-05,8.40208333333333e-05,4.17851696831255e-16,5.38290799169485e-15
20260316_144144,16-Mar-2026 14:41:44,ill_conditioned,short_wide,64,128,2,20260310,qr_pivoted_trsm,factor_only,0.000105333333333333,0.0001056875,4.17851696831255e-16,5.38290799169485e-15
20260316_144144,16-Mar-2026 14:41:44,ill_conditioned,short_wide,64,256,4,20260310,bsqr_full,factor_only,0.000280833333333333,0.0002901875,4.90986831260519e-16,6.56409284836661e-15
20260316_144144,16-Mar-2026 14:41:44,ill_conditioned,short_wide,64,256,4,20260310,qr_pivoted,factor_only,0.000166333333333333,0.000166729166666667,5.04014086587939e-16,5.29996960725233e-15
20260316_144144,16-Mar-2026 14:41:44,ill_conditioned,short_wide,64,256,4,20260310,bsqr_rinv,factor_only,0.000317833333333333,0.0003205625,4.90986831260519e-16,6.56409284836661e-15
20260316_144144,16-Mar-2026 14:41:44,ill_conditioned,short_wide,64,256,4,20260310,qr_pivoted,factor_only,0.000162,0.0002094375,5.04014086587939e-16,5.29996960725233e-15
20260316_144144,16-Mar-2026 14:41:44,ill_conditioned,short_wide,64,256,4,20260310,qr_pivoted_trsm,factor_only,0.000261416666666667,0.0002638125,5.04014086587939e-16,5.29996960725233e-15
20260316_144144,16-Mar-2026 14:41:44,ill_conditioned,short_wide,64,512,8,20260310,bsqr_full,factor_only,0.000791333333333333,0.000825583333333333,6.46532087591768e-16,6.31885894930601e-15
20260316_144144,16-Mar-2026 14:41:44,ill_conditioned,short_wide,64,512,8,20260310,qr_pivoted,factor_only,0.000409958333333333,0.000425916666666667,6.31077580306157e-16,5.84917178526315e-15
20260316_144144,16-Mar-2026 14:41:44,ill_conditioned,short_wide,64,512,8,20260310,bsqr_rinv,factor_only,0.000772041666666667,0.000813958333333333,6.46532087591768e-16,6.31885894930601e-15
20260316_144144,16-Mar-2026 14:41:44,ill_conditioned,short_wide,64,512,8,20260310,qr_pivoted,factor_only,0.000416833333333333,0.000437604166666667,6.31077580306157e-16,5.84917178526315e-15
20260316_144144,16-Mar-2026 14:41:44,ill_conditioned,short_wide,64,512,8,20260310,qr_pivoted_trsm,factor_only,0.000493416666666667,0.000532875,6.31077580306157e-16,5.84917178526315e-15
20260316_144144,16-Mar-2026 14:41:44,ill_conditioned,short_wide,64,640,10,20260310,bsqr_full,factor_only,0.00109241666666667,0.0011435,4.87044692826948e-16,6.37369576532023e-15
20260316_144144,16-Mar-2026 14:41:44,ill_conditioned,short_wide,64,640,10,20260310,qr_pivoted,factor_only,0.000572291666666667,0.000581416666666667,5.04754030596872e-16,5.75329136892682e-15
20260316_144144,16-Mar-2026 14:41:44,ill_conditioned,short_wide,64,640,10,20260310,bsqr_rinv,factor_only,0.00107766666666667,0.00108989583333333,4.87044692826948e-16,6.37369576532023e-15
20260316_144144,16-Mar-2026 14:41:44,ill_conditioned,short_wide,64,640,10,20260310,qr_pivoted,factor_only,0.000557041666666667,0.000580645833333333,5.04754030596872e-16,5.75329136892682e-15
20260316_144144,16-Mar-2026 14:41:44,ill_conditioned,short_wide,64,640,10,20260310,qr_pivoted_trsm,factor_only,0.000629208333333333,0.000675229166666667,5.04754030596872e-16,5.75329136892682e-15
20260316_144144,16-Mar-2026 14:41:44,ill_conditioned,short_wide,128,256,2,20260310,bsqr_full,factor_only,0.00111104166666667,0.0011703125,6.16124432145838e-16,1.14855418348949e-14
20260316_144144,16-Mar-2026 14:41:44,ill_conditioned,short_wide,128,256,2,20260310,qr_pivoted,factor_only,0.000731708333333333,0.000741333333333333,6.02820015199576e-16,1.02155460619787e-14
20260316_144144,16-Mar-2026 14:41:44,ill_conditioned,short_wide,128,256,2,20260310,bsqr_rinv,factor_only,0.00106904166666667,0.0011151875,6.16124432145838e-16,1.14855418348949e-14
20260316_144144,16-Mar-2026 14:41:44,ill_conditioned,short_wide,128,256,2,20260310,qr_pivoted,factor_only,0.000737458333333333,0.000752229166666667,6.02820015199576e-16,1.02155460619787e-14
20260316_144144,16-Mar-2026 14:41:44,ill_conditioned,short_wide,128,256,2,20260310,qr_pivoted_trsm,factor_only,0.000793583333333333,0.0008543125,6.02820015199576e-16,1.02155460619787e-14
20260316_144144,16-Mar-2026 14:41:44,ill_conditioned,short_wide,128,512,4,20260310,bsqr_full,factor_only,0.00264866666666667,0.0027875,6.27022206995731e-16,1.09921024397837e-14
20260316_144144,16-Mar-2026 14:41:44,ill_conditioned,short_wide,128,512,4,20260310,qr_pivoted,factor_only,0.00153270833333333,0.001726375,6.8103744438443e-16,1.06476848514217e-14
20260316_144144,16-Mar-2026 14:41:44,ill_conditioned,short_wide,128,512,4,20260310,bsqr_rinv,factor_only,0.002627375,0.0028016875,6.27022206995731e-16,1.09921024397837e-14
20260316_144144,16-Mar-2026 14:41:44,ill_conditioned,short_wide,128,512,4,20260310,qr_pivoted,factor_only,0.00150666666666667,0.00168597916666667,6.8103744438443e-16,1.06476848514217e-14
20260316_144144,16-Mar-2026 14:41:44,ill_conditioned,short_wide,128,512,4,20260310,qr_pivoted_trsm,factor_only,0.00180616666666667,0.00186897916666667,6.8103744438443e-16,1.06476848514217e-14
20260316_144144,16-Mar-2026 14:41:44,ill_conditioned,short_wide,128,1024,8,20260310,bsqr_full,factor_only,0.00491845833333333,0.00508566666666667,6.15991452175637e-16,1.04903343384788e-14
20260316_144144,16-Mar-2026 14:41:44,ill_conditioned,short_wide,128,1024,8,20260310,qr_pivoted,factor_only,0.00250995833333333,0.00290283333333333,6.07473431419421e-16,9.88168351569876e-15
20260316_144144,16-Mar-2026 14:41:44,ill_conditioned,short_wide,128,1024,8,20260310,bsqr_rinv,factor_only,0.00496508333333333,0.00512308333333333,6.15991452175637e-16,1.04903343384788e-14
20260316_144144,16-Mar-2026 14:41:44,ill_conditioned,short_wide,128,1024,8,20260310,qr_pivoted,factor_only,0.0026445,0.0027816875,6.07473431419421e-16,9.88168351569876e-15
20260316_144144,16-Mar-2026 14:41:44,ill_conditioned,short_wide,128,1024,8,20260310,qr_pivoted_trsm,factor_only,0.00288679166666667,0.003050875,6.07473431419421e-16,9.88168351569876e-15
20260316_144144,16-Mar-2026 14:41:44,ill_conditioned,short_wide,128,1280,10,20260310,bsqr_full,factor_only,0.00597304166666667,0.00609741666666667,6.70254431777066e-16,1.13109924958631e-14
20260316_144144,16-Mar-2026 14:41:44,ill_conditioned,short_wide,128,1280,10,20260310,qr_pivoted,factor_only,0.00301491666666667,0.0032345,6.14210686028831e-16,1.03190920971107e-14
20260316_144144,16-Mar-2026 14:41:44,ill_conditioned,short_wide,128,1280,10,20260310,bsqr_rinv,factor_only,0.00585983333333333,0.00623397916666667,6.70254431777066e-16,1.13109924958631e-14
20260316_144144,16-Mar-2026 14:41:44,ill_conditioned,short_wide,128,1280,10,20260310,qr_pivoted,factor_only,0.00293441666666667,0.00324227083333333,6.14210686028831e-16,1.03190920971107e-14
20260316_144144,16-Mar-2026 14:41:44,ill_conditioned,short_wide,128,1280,10,20260310,qr_pivoted_trsm,factor_only,0.003591625,0.00376502083333333,6.14210686028831e-16,1.03190920971107e-14
20260316_144144,16-Mar-2026 14:41:44,ill_conditioned,short_wide,256,512,2,20260310,bsqr_full,factor_only,0.00707345833333333,0.0073866875,8.03246336127302e-16,2.00751864602227e-14
20260316_144144,16-Mar-2026 14:41:44,ill_conditioned,short_wide,256,512,2,20260310,qr_pivoted,factor_only,0.00390566666666667,0.00414652083333333,8.50044789881791e-16,2.03072183925402e-14
20260316_144144,16-Mar-2026 14:41:44,ill_conditioned,short_wide,256,512,2,20260310,bsqr_rinv,factor_only,0.006797125,0.0073158125,8.03246336127302e-16,2.00751864602227e-14
20260316_144144,16-Mar-2026 14:41:44,ill_conditioned,short_wide,256,512,2,20260310,qr_pivoted,factor_only,0.00389945833333333,0.00415622916666667,8.50044789881791e-16,2.03072183925402e-14
20260316_144144,16-Mar-2026 14:41:44,ill_conditioned,short_wide,256,512,2,20260310,qr_pivoted_trsm,factor_only,0.00408491666666667,0.004352125,8.50044789881791e-16,2.03072183925402e-14
20260316_144144,16-Mar-2026 14:41:44,ill_conditioned,short_wide,256,1024,4,20260310,bsqr_full,factor_only,0.0134325,0.0138193958333333,8.92653468915102e-16,2.08847724234117e-14
20260316_144144,16-Mar-2026 14:41:44,ill_conditioned,short_wide,256,1024,4,20260310,qr_pivoted,factor_only,0.00761975,0.0080373125,8.98532159891884e-16,2.00157481594066e-14
20260316_144144,16-Mar-2026 14:41:44,ill_conditioned,short_wide,256,1024,4,20260310,bsqr_rinv,factor_only,0.0130212916666667,0.0139595,8.92653468915102e-16,2.08847724234117e-14
20260316_144144,16-Mar-2026 14:41:44,ill_conditioned,short_wide,256,1024,4,20260310,qr_pivoted,factor_only,0.00754833333333333,0.00824289583333333,8.98532159891884e-16,2.00157481594066e-14
20260316_144144,16-Mar-2026 14:41:44,ill_conditioned,short_wide,256,1024,4,20260310,qr_pivoted_trsm,factor_only,0.00825229166666667,0.008865,8.98532159891884e-16,2.00157481594066e-14
20260316_144144,16-Mar-2026 14:41:44,ill_conditioned,short_wide,256,2048,8,20260310,bsqr_full,factor_only,0.0234239583333333,0.0243602916666667,8.87587192020146e-16,2.03483884007764e-14
20260316_144144,16-Mar-2026 14:41:44,ill_conditioned,short_wide,256,2048,8,20260310,qr_pivoted,factor_only,0.0142425833333333,0.0151856041666667,9.23164134206404e-16,2.00990795377559e-14
20260316_144144,16-Mar-2026 14:41:44,ill_conditioned,short_wide,256,2048,8,20260310,bsqr_rinv,factor_only,0.0240656666666667,0.0249382291666667,8.87587192020146e-16,2.03483884007764e-14
20260316_144144,16-Mar-2026 14:41:44,ill_conditioned,short_wide,256,2048,8,20260310,qr_pivoted,factor_only,0.0144,0.0153964583333333,9.23164134206404e-16,2.00990795377559e-14
20260316_144144,16-Mar-2026 14:41:44,ill_conditioned,short_wide,256,2048,8,20260310,qr_pivoted_trsm,factor_only,0.016273625,0.0173749166666667,9.23164134206404e-16,2.00990795377559e-14
20260316_144144,16-Mar-2026 14:41:44,ill_conditioned,short_wide,256,2560,10,20260310,bsqr_full,factor_only,0.0296695416666667,0.0307890625,8.14258360770239e-16,2.01715131493176e-14
20260316_144144,16-Mar-2026 14:41:44,ill_conditioned,short_wide,256,2560,10,20260310,qr_pivoted,factor_only,0.0182542916666667,0.0189963125,9.43264858075975e-16,1.97366002695071e-14
20260316_144144,16-Mar-2026 14:41:44,ill_conditioned,short_wide,256,2560,10,20260310,bsqr_rinv,factor_only,0.029773875,0.0311229375,8.14258360770239e-16,2.01715131493176e-14
20260316_144144,16-Mar-2026 14:41:44,ill_conditioned,short_wide,256,2560,10,20260310,qr_pivoted,factor_only,0.018623875,0.0191305833333333,9.43264858075975e-16,1.97366002695071e-14
20260316_144144,16-Mar-2026 14:41:44,ill_conditioned,short_wide,256,2560,10,20260310,qr_pivoted_trsm,factor_only,0.0204410833333333,0.021197125,9.43264858075975e-16,1.97366002695071e-14
20260316_144144,16-Mar-2026 14:41:44,ill_conditioned,short_wide,512,1024,2,20260310,bsqr_full,factor_only,0.0363477916666667,0.0371373333333333,1.03975919745067e-15,3.84212077231475e-14
20260316_144144,16-Mar-2026 14:41:44,ill_conditioned,short_wide,512,1024,2,20260310,qr_pivoted,factor_only,0.0199283333333333,0.0207435208333333,1.08911269334832e-15,3.85640991560757e-14
20260316_144144,16-Mar-2026 14:41:44,ill_conditioned,short_wide,512,1024,2,20260310,bsqr_rinv,factor_only,0.035773375,0.0369676875,1.03975919745067e-15,3.84212077231475e-14
20260316_144144,16-Mar-2026 14:41:44,ill_conditioned,short_wide,512,1024,2,20260310,qr_pivoted,factor_only,0.020172,0.0210125625,1.08911269334832e-15,3.85640991560757e-14
20260316_144144,16-Mar-2026 14:41:44,ill_conditioned,short_wide,512,1024,2,20260310,qr_pivoted_trsm,factor_only,0.020269125,0.0213484791666667,1.08911269334832e-15,3.85640991560757e-14
20260316_144144,16-Mar-2026 14:41:44,ill_conditioned,short_wide,512,2048,4,20260310,bsqr_full,factor_only,0.0712692083333333,0.0732990625,1.11945132390924e-15,3.85621920482983e-14
20260316_144144,16-Mar-2026 14:41:44,ill_conditioned,short_wide,512,2048,4,20260310,qr_pivoted,factor_only,0.0397266666666667,0.04079575,1.13993350731895e-15,3.8383174580973e-14
20260316_144144,16-Mar-2026 14:41:44,ill_conditioned,short_wide,512,2048,4,20260310,bsqr_rinv,factor_only,0.0717547083333333,0.0735879166666667,1.11945132390924e-15,3.85621920482983e-14
20260316_144144,16-Mar-2026 14:41:44,ill_conditioned,short_wide,512,2048,4,20260310,qr_pivoted,factor_only,0.03904625,0.0408693125,1.13993350731895e-15,3.8383174580973e-14
20260316_144144,16-Mar-2026 14:41:44,ill_conditioned,short_wide,512,2048,4,20260310,qr_pivoted_trsm,factor_only,0.0432775416666667,0.0437664166666667,1.13993350731895e-15,3.8383174580973e-14
20260316_144144,16-Mar-2026 14:41:44,ill_conditioned,short_wide,512,4096,8,20260310,bsqr_full,factor_only,0.247276958333333,0.265428229166667,1.11437621973e-15,3.79564512072004e-14
20260316_144144,16-Mar-2026 14:41:44,ill_conditioned,short_wide,512,4096,8,20260310,qr_pivoted,factor_only,0.0952360416666667,0.103155979166667,1.17279393237205e-15,3.83554008164097e-14
20260316_144144,16-Mar-2026 14:41:44,ill_conditioned,short_wide,512,4096,8,20260310,bsqr_rinv,factor_only,0.251945041666667,0.260098541666667,1.11437621973e-15,3.79564512072004e-14
20260316_144144,16-Mar-2026 14:41:44,ill_conditioned,short_wide,512,4096,8,20260310,qr_pivoted,factor_only,0.0957990833333333,0.103307729166667,1.17279393237205e-15,3.83554008164097e-14
20260316_144144,16-Mar-2026 14:41:44,ill_conditioned,short_wide,512,4096,8,20260310,qr_pivoted_trsm,factor_only,0.0996525416666667,0.1073185,1.17279393237205e-15,3.83554008164097e-14
20260316_144144,16-Mar-2026 14:41:44,ill_conditioned,short_wide,512,5120,10,20260310,bsqr_full,factor_only,0.384979625,0.4058976875,1.11505805314873e-15,3.8414323860022e-14
20260316_144144,16-Mar-2026 14:41:44,ill_conditioned,short_wide,512,5120,10,20260310,qr_pivoted,factor_only,0.181726541666667,0.184147145833333,1.18155433006031e-15,3.83148900557871e-14
20260316_144144,16-Mar-2026 14:41:44,ill_conditioned,short_wide,512,5120,10,20260310,bsqr_rinv,factor_only,0.382415666666667,0.462161625,1.11505805314873e-15,3.8414323860022e-14
20260316_144144,16-Mar-2026 14:41:44,ill_conditioned,short_wide,512,5120,10,20260310,qr_pivoted,factor_only,0.196091791666667,0.203608729166667,1.18155433006031e-15,3.83148900557871e-14
20260316_144144,16-Mar-2026 14:41:44,ill_conditioned,short_wide,512,5120,10,20260310,qr_pivoted_trsm,factor_only,0.204541833333333,0.210347479166667,1.18155433006031e-15,3.83148900557871e-14
20260316_144144,16-Mar-2026 14:41:44,orthonormal_rows,square,64,64,1,20260310,bsqr_full,factor_only,4.475e-05,4.51041666666667e-05,6.58349760724176e-16,6.1569351221725e-15
20260316_144144,16-Mar-2026 14:41:44,orthonormal_rows,square,64,64,1,20260310,qr_pivoted,factor_only,4.95416666666667e-05,4.96875e-05,5.96664177537599e-16,5.49004093226311e-15
20260316_144144,16-Mar-2026 14:41:44,orthonormal_rows,square,64,64,1,20260310,bsqr_rinv,factor_only,4.48333333333333e-05,4.51875e-05,6.58349760724176e-16,6.1569351221725e-15
20260316_144144,16-Mar-2026 14:41:44,orthonormal_rows,square,64,64,1,20260310,qr_pivoted,factor_only,4.94166666666667e-05,4.94791666666667e-05,5.96664177537599e-16,5.49004093226311e-15
20260316_144144,16-Mar-2026 14:41:44,orthonormal_rows,square,64,64,1,20260310,qr_pivoted_trsm,factor_only,4.96666666666667e-05,4.98333333333333e-05,5.96664177537599e-16,5.49004093226311e-15
20260316_144144,16-Mar-2026 14:41:44,orthonormal_rows,square,128,128,1,20260310,bsqr_full,factor_only,0.000285875,0.000465104166666667,8.41030241075078e-16,1.09106647222282e-14
20260316_144144,16-Mar-2026 14:41:44,orthonormal_rows,square,128,128,1,20260310,qr_pivoted,factor_only,0.000301,0.000305166666666667,7.82658429854799e-16,1.01774843885858e-14
20260316_144144,16-Mar-2026 14:41:44,orthonormal_rows,square,128,128,1,20260310,bsqr_rinv,factor_only,0.000290708333333333,0.000308416666666667,8.41030241075078e-16,1.09106647222282e-14
20260316_144144,16-Mar-2026 14:41:44,orthonormal_rows,square,128,128,1,20260310,qr_pivoted,factor_only,0.000371,0.000371666666666667,7.82658429854799e-16,1.01774843885858e-14
20260316_144144,16-Mar-2026 14:41:44,orthonormal_rows,square,128,128,1,20260310,qr_pivoted_trsm,factor_only,0.000337,0.000352916666666667,7.82658429854799e-16,1.01774843885858e-14
20260316_144144,16-Mar-2026 14:41:44,orthonormal_rows,square,256,256,1,20260310,bsqr_full,factor_only,0.00254183333333333,0.00282310416666667,1.03112708515187e-15,2.02005223898368e-14
20260316_144144,16-Mar-2026 14:41:44,orthonormal_rows,square,256,256,1,20260310,qr_pivoted,factor_only,0.00169,0.00184370833333333,1.03222476469962e-15,2.00428599532699e-14
20260316_144144,16-Mar-2026 14:41:44,orthonormal_rows,square,256,256,1,20260310,bsqr_rinv,factor_only,0.00251241666666667,0.00277897916666667,1.03112708515187e-15,2.02005223898368e-14
20260316_144144,16-Mar-2026 14:41:44,orthonormal_rows,square,256,256,1,20260310,qr_pivoted,factor_only,0.00169933333333333,0.00194375,1.03222476469962e-15,2.00428599532699e-14
20260316_144144,16-Mar-2026 14:41:44,orthonormal_rows,square,256,256,1,20260310,qr_pivoted_trsm,factor_only,0.00169391666666667,0.0018766875,1.03222476469962e-15,2.00428599532699e-14
20260316_144144,16-Mar-2026 14:41:44,orthonormal_rows,square,384,384,1,20260310,bsqr_full,factor_only,0.00701179166666667,0.00729808333333333,1.19338064334545e-15,2.95410460868531e-14
20260316_144144,16-Mar-2026 14:41:44,orthonormal_rows,square,384,384,1,20260310,qr_pivoted,factor_only,0.00357633333333333,0.00400664583333333,1.21239271072559e-15,2.94352950841901e-14
20260316_144144,16-Mar-2026 14:41:44,orthonormal_rows,square,384,384,1,20260310,bsqr_rinv,factor_only,0.00692175,0.00732210416666667,1.19338064334545e-15,2.95410460868531e-14
20260316_144144,16-Mar-2026 14:41:44,orthonormal_rows,square,384,384,1,20260310,qr_pivoted,factor_only,0.00358479166666667,0.00397445833333333,1.21239271072559e-15,2.94352950841901e-14
20260316_144144,16-Mar-2026 14:41:44,orthonormal_rows,square,384,384,1,20260310,qr_pivoted_trsm,factor_only,0.00349945833333333,0.0040581875,1.21239271072559e-15,2.94352950841901e-14
20260316_144144,16-Mar-2026 14:41:44,orthonormal_rows,square,512,512,1,20260310,bsqr_full,factor_only,0.0152760416666667,0.0159111458333333,1.34910224229193e-15,3.81421081386591e-14
20260316_144144,16-Mar-2026 14:41:44,orthonormal_rows,square,512,512,1,20260310,qr_pivoted,factor_only,0.00875004166666667,0.0091614375,1.35570210607071e-15,3.80896666315003e-14
20260316_144144,16-Mar-2026 14:41:44,orthonormal_rows,square,512,512,1,20260310,bsqr_rinv,factor_only,0.014691625,0.0153951666666667,1.34910224229193e-15,3.81421081386591e-14
20260316_144144,16-Mar-2026 14:41:44,orthonormal_rows,square,512,512,1,20260310,qr_pivoted,factor_only,0.00878975,0.0090630625,1.35570210607071e-15,3.80896666315003e-14
20260316_144144,16-Mar-2026 14:41:44,orthonormal_rows,square,512,512,1,20260310,qr_pivoted_trsm,factor_only,0.00867316666666667,0.00915725,1.35570210607071e-15,3.80896666315003e-14
20260316_144144,16-Mar-2026 14:41:44,orthonormal_rows,short_wide,32,64,2,20260310,bsqr_full,factor_only,2.4125e-05,2.88333333333333e-05,4.92330829572403e-16,2.96923803221272e-15
20260316_144144,16-Mar-2026 14:41:44,orthonormal_rows,short_wide,32,64,2,20260310,qr_pivoted,factor_only,1.625e-05,1.6875e-05,5.84931682992407e-16,3.58725528687209e-15
20260316_144144,16-Mar-2026 14:41:44,orthonormal_rows,short_wide,32,64,2,20260310,bsqr_rinv,factor_only,2.06666666666667e-05,2.08125e-05,4.92330829572403e-16,2.96923803221272e-15
20260316_144144,16-Mar-2026 14:41:44,orthonormal_rows,short_wide,32,64,2,20260310,qr_pivoted,factor_only,1.60833333333333e-05,1.625e-05,5.84931682992407e-16,3.58725528687209e-15
20260316_144144,16-Mar-2026 14:41:44,orthonormal_rows,short_wide,32,64,2,20260310,qr_pivoted_trsm,factor_only,2.20416666666667e-05,2.3375e-05,5.84931682992407e-16,3.58725528687209e-15
20260316_144144,16-Mar-2026 14:41:44,orthonormal_rows,short_wide,32,128,4,20260310,bsqr_full,factor_only,4.02916666666667e-05,4.12708333333333e-05,5.88894478547306e-16,3.37400154590088e-15
20260316_144144,16-Mar-2026 14:41:44,orthonormal_rows,short_wide,32,128,4,20260310,qr_pivoted,factor_only,2.60416666666667e-05,2.62916666666667e-05,5.15336164607458e-16,2.75129323536457e-15
20260316_144144,16-Mar-2026 14:41:44,orthonormal_rows,short_wide,32,128,4,20260310,bsqr_rinv,factor_only,4.03333333333333e-05,4.14166666666667e-05,5.88894478547306e-16,3.37400154590088e-15
20260316_144144,16-Mar-2026 14:41:44,orthonormal_rows,short_wide,32,128,4,20260310,qr_pivoted,factor_only,2.65833333333333e-05,2.67708333333333e-05,5.15336164607458e-16,2.75129323536457e-15
20260316_144144,16-Mar-2026 14:41:44,orthonormal_rows,short_wide,32,128,4,20260310,qr_pivoted_trsm,factor_only,3.84166666666667e-05,3.86666666666667e-05,5.15336164607458e-16,2.75129323536457e-15
20260316_144144,16-Mar-2026 14:41:44,orthonormal_rows,short_wide,32,256,8,20260310,bsqr_full,factor_only,8.5125e-05,8.59791666666667e-05,6.37845971892738e-16,3.45219618729812e-15
20260316_144144,16-Mar-2026 14:41:44,orthonormal_rows,short_wide,32,256,8,20260310,qr_pivoted,factor_only,4.69166666666667e-05,4.71458333333333e-05,5.78591571090168e-16,3.1049363718355e-15
20260316_144144,16-Mar-2026 14:41:44,orthonormal_rows,short_wide,32,256,8,20260310,bsqr_rinv,factor_only,8.34583333333333e-05,8.3875e-05,6.37845971892738e-16,3.45219618729812e-15
20260316_144144,16-Mar-2026 14:41:44,orthonormal_rows,short_wide,32,256,8,20260310,qr_pivoted,factor_only,4.59166666666667e-05,4.625e-05,5.78591571090168e-16,3.1049363718355e-15
20260316_144144,16-Mar-2026 14:41:44,orthonormal_rows,short_wide,32,256,8,20260310,qr_pivoted_trsm,factor_only,6.30416666666667e-05,6.4125e-05,5.78591571090168e-16,3.1049363718355e-15
20260316_144144,16-Mar-2026 14:41:44,orthonormal_rows,short_wide,32,320,10,20260310,bsqr_full,factor_only,0.000110333333333333,0.000115125,5.9868108592779e-16,3.37056296135774e-15
20260316_144144,16-Mar-2026 14:41:44,orthonormal_rows,short_wide,32,320,10,20260310,qr_pivoted,factor_only,5.625e-05,5.71666666666667e-05,6.23805915937833e-16,3.61513921570077e-15
20260316_144144,16-Mar-2026 14:41:44,orthonormal_rows,short_wide,32,320,10,20260310,bsqr_rinv,factor_only,0.000109458333333333,0.000111958333333333,5.9868108592779e-16,3.37056296135774e-15
20260316_144144,16-Mar-2026 14:41:44,orthonormal_rows,short_wide,32,320,10,20260310,qr_pivoted,factor_only,5.82083333333333e-05,6.08541666666667e-05,6.23805915937833e-16,3.61513921570077e-15
20260316_144144,16-Mar-2026 14:41:44,orthonormal_rows,short_wide,32,320,10,20260310,qr_pivoted_trsm,factor_only,7.625e-05,7.72083333333333e-05,6.23805915937833e-16,3.61513921570077e-15
20260316_144144,16-Mar-2026 14:41:44,orthonormal_rows,short_wide,64,128,2,20260310,bsqr_full,factor_only,0.000116791666666667,0.000118020833333333,7.44208845880935e-16,6.40271101803817e-15
20260316_144144,16-Mar-2026 14:41:44,orthonormal_rows,short_wide,64,128,2,20260310,qr_pivoted,factor_only,9.07916666666667e-05,9.1125e-05,6.831514934223e-16,5.48550715076344e-15
20260316_144144,16-Mar-2026 14:41:44,orthonormal_rows,short_wide,64,128,2,20260310,bsqr_rinv,factor_only,0.000124791666666667,0.000141395833333333,7.44208845880935e-16,6.40271101803817e-15
20260316_144144,16-Mar-2026 14:41:44,orthonormal_rows,short_wide,64,128,2,20260310,qr_pivoted,factor_only,0.000104208333333333,0.0001044375,6.831514934223e-16,5.48550715076344e-15
20260316_144144,16-Mar-2026 14:41:44,orthonormal_rows,short_wide,64,128,2,20260310,qr_pivoted_trsm,factor_only,0.000113666666666667,0.000117166666666667,6.831514934223e-16,5.48550715076344e-15
20260316_144144,16-Mar-2026 14:41:44,orthonormal_rows,short_wide,64,256,4,20260310,bsqr_full,factor_only,0.000277083333333333,0.0003180625,7.38556055438493e-16,5.84490803028825e-15
20260316_144144,16-Mar-2026 14:41:44,orthonormal_rows,short_wide,64,256,4,20260310,qr_pivoted,factor_only,0.000147375,0.000148833333333333,7.89942808019987e-16,6.28916455411305e-15
20260316_144144,16-Mar-2026 14:41:44,orthonormal_rows,short_wide,64,256,4,20260310,bsqr_rinv,factor_only,0.000289833333333333,0.000292791666666667,7.38556055438493e-16,5.84490803028825e-15
20260316_144144,16-Mar-2026 14:41:44,orthonormal_rows,short_wide,64,256,4,20260310,qr_pivoted,factor_only,0.000152875,0.000210958333333333,7.89942808019987e-16,6.28916455411305e-15
20260316_144144,16-Mar-2026 14:41:44,orthonormal_rows,short_wide,64,256,4,20260310,qr_pivoted_trsm,factor_only,0.000297416666666667,0.000299145833333333,7.89942808019987e-16,6.28916455411305e-15
20260316_144144,16-Mar-2026 14:41:44,orthonormal_rows,short_wide,64,512,8,20260310,bsqr_full,factor_only,0.000774416666666667,0.000821645833333333,8.33218264947372e-16,6.78307543591166e-15
20260316_144144,16-Mar-2026 14:41:44,orthonormal_rows,short_wide,64,512,8,20260310,qr_pivoted,factor_only,0.000400291666666667,0.000424166666666667,7.33982162043837e-16,6.0007723953053e-15
20260316_144144,16-Mar-2026 14:41:44,orthonormal_rows,short_wide,64,512,8,20260310,bsqr_rinv,factor_only,0.000756708333333333,0.000799604166666667,8.33218264947372e-16,6.78307543591166e-15
20260316_144144,16-Mar-2026 14:41:44,orthonormal_rows,short_wide,64,512,8,20260310,qr_pivoted,factor_only,0.000410208333333333,0.000422958333333333,7.33982162043837e-16,6.0007723953053e-15
20260316_144144,16-Mar-2026 14:41:44,orthonormal_rows,short_wide,64,512,8,20260310,qr_pivoted_trsm,factor_only,0.00055075,0.000561125,7.33982162043837e-16,6.0007723953053e-15
20260316_144144,16-Mar-2026 14:41:44,orthonormal_rows,short_wide,64,640,10,20260310,bsqr_full,factor_only,0.00106008333333333,0.0010858125,8.43019883647021e-16,6.846421130385e-15
20260316_144144,16-Mar-2026 14:41:44,orthonormal_rows,short_wide,64,640,10,20260310,qr_pivoted,factor_only,0.000548791666666667,0.000566479166666667,7.36695930215507e-16,5.60352763383783e-15
20260316_144144,16-Mar-2026 14:41:44,orthonormal_rows,short_wide,64,640,10,20260310,bsqr_rinv,factor_only,0.001062375,0.00109139583333333,8.43019883647021e-16,6.846421130385e-15
20260316_144144,16-Mar-2026 14:41:44,orthonormal_rows,short_wide,64,640,10,20260310,qr_pivoted,factor_only,0.000543,0.000552666666666667,7.36695930215507e-16,5.60352763383783e-15
20260316_144144,16-Mar-2026 14:41:44,orthonormal_rows,short_wide,64,640,10,20260310,qr_pivoted_trsm,factor_only,0.0006225,0.000673875,7.36695930215507e-16,5.60352763383783e-15
20260316_144144,16-Mar-2026 14:41:44,orthonormal_rows,short_wide,128,256,2,20260310,bsqr_full,factor_only,0.00105708333333333,0.00109170833333333,9.7621828943417e-16,1.12835529148565e-14
20260316_144144,16-Mar-2026 14:41:44,orthonormal_rows,short_wide,128,256,2,20260310,qr_pivoted,factor_only,0.000719291666666667,0.000741520833333333,9.03983577987654e-16,1.02027429043724e-14
20260316_144144,16-Mar-2026 14:41:44,orthonormal_rows,short_wide,128,256,2,20260310,bsqr_rinv,factor_only,0.00105841666666667,0.001112375,9.7621828943417e-16,1.12835529148565e-14
20260316_144144,16-Mar-2026 14:41:44,orthonormal_rows,short_wide,128,256,2,20260310,qr_pivoted,factor_only,0.000715583333333333,0.0007281875,9.03983577987654e-16,1.02027429043724e-14
20260316_144144,16-Mar-2026 14:41:44,orthonormal_rows,short_wide,128,256,2,20260310,qr_pivoted_trsm,factor_only,0.000767666666666667,0.000830666666666667,9.03983577987654e-16,1.02027429043724e-14
20260316_144144,16-Mar-2026 14:41:44,orthonormal_rows,short_wide,128,512,4,20260310,bsqr_full,factor_only,0.002633875,0.00276335416666667,9.72202404559229e-16,1.09907403732647e-14
20260316_144144,16-Mar-2026 14:41:44,orthonormal_rows,short_wide,128,512,4,20260310,qr_pivoted,factor_only,0.00162383333333333,0.001724125,9.69033909278221e-16,1.04259862231065e-14
20260316_144144,16-Mar-2026 14:41:44,orthonormal_rows,short_wide,128,512,4,20260310,bsqr_rinv,factor_only,0.002479125,0.00275895833333333,9.72202404559229e-16,1.09907403732647e-14
20260316_144144,16-Mar-2026 14:41:44,orthonormal_rows,short_wide,128,512,4,20260310,qr_pivoted,factor_only,0.00152466666666667,0.001698375,9.69033909278221e-16,1.04259862231065e-14
20260316_144144,16-Mar-2026 14:41:44,orthonormal_rows,short_wide,128,512,4,20260310,qr_pivoted_trsm,factor_only,0.0016125,0.0018293125,9.69033909278221e-16,1.04259862231065e-14
20260316_144144,16-Mar-2026 14:41:44,orthonormal_rows,short_wide,128,1024,8,20260310,bsqr_full,factor_only,0.00459858333333333,0.00494525,9.72052418420658e-16,1.13472418837231e-14
20260316_144144,16-Mar-2026 14:41:44,orthonormal_rows,short_wide,128,1024,8,20260310,qr_pivoted,factor_only,0.002510625,0.00260820833333333,9.21070663772343e-16,1.04346249800712e-14
20260316_144144,16-Mar-2026 14:41:44,orthonormal_rows,short_wide,128,1024,8,20260310,bsqr_rinv,factor_only,0.0047095,0.00489854166666667,9.72052418420658e-16,1.13472418837231e-14
20260316_144144,16-Mar-2026 14:41:44,orthonormal_rows,short_wide,128,1024,8,20260310,qr_pivoted,factor_only,0.002514,0.00260839583333333,9.21070663772343e-16,1.04346249800712e-14
20260316_144144,16-Mar-2026 14:41:44,orthonormal_rows,short_wide,128,1024,8,20260310,qr_pivoted_trsm,factor_only,0.002748,0.00296829166666667,9.21070663772343e-16,1.04346249800712e-14
20260316_144144,16-Mar-2026 14:41:44,orthonormal_rows,short_wide,128,1280,10,20260310,bsqr_full,factor_only,0.00579633333333333,0.00599835416666667,9.35574447157717e-16,1.10786174455625e-14
20260316_144144,16-Mar-2026 14:41:44,orthonormal_rows,short_wide,128,1280,10,20260310,qr_pivoted,factor_only,0.00292779166666667,0.0030811875,8.87825573257958e-16,1.00574647646567e-14
20260316_144144,16-Mar-2026 14:41:44,orthonormal_rows,short_wide,128,1280,10,20260310,bsqr_rinv,factor_only,0.00576841666666667,0.0060479375,9.35574447157717e-16,1.10786174455625e-14
20260316_144144,16-Mar-2026 14:41:44,orthonormal_rows,short_wide,128,1280,10,20260310,qr_pivoted,factor_only,0.00296083333333333,0.00329966666666667,8.87825573257958e-16,1.00574647646567e-14
20260316_144144,16-Mar-2026 14:41:44,orthonormal_rows,short_wide,128,1280,10,20260310,qr_pivoted_trsm,factor_only,0.00339433333333333,0.0037553125,8.87825573257958e-16,1.00574647646567e-14
20260316_144144,16-Mar-2026 14:41:44,orthonormal_rows,short_wide,256,512,2,20260310,bsqr_full,factor_only,0.006961375,0.00718185416666667,1.13779574198893e-15,2.01518264556386e-14
20260316_144144,16-Mar-2026 14:41:44,orthonormal_rows,short_wide,256,512,2,20260310,qr_pivoted,factor_only,0.00334645833333333,0.003605375,1.15480041863397e-15,1.98701225834857e-14
20260316_144144,16-Mar-2026 14:41:44,orthonormal_rows,short_wide,256,512,2,20260310,bsqr_rinv,factor_only,0.00687116666666667,0.00717502083333333,1.13779574198893e-15,2.01518264556386e-14
20260316_144144,16-Mar-2026 14:41:44,orthonormal_rows,short_wide,256,512,2,20260310,qr_pivoted,factor_only,0.00344116666666667,0.00376091666666667,1.15480041863397e-15,1.98701225834857e-14
20260316_144144,16-Mar-2026 14:41:44,orthonormal_rows,short_wide,256,512,2,20260310,qr_pivoted_trsm,factor_only,0.00350683333333333,0.00376754166666667,1.15480041863397e-15,1.98701225834857e-14
20260316_144144,16-Mar-2026 14:41:44,orthonormal_rows,short_wide,256,1024,4,20260310,bsqr_full,factor_only,0.0132589583333333,0.0138603333333333,1.17747792732818e-15,2.03554147073318e-14
20260316_144144,16-Mar-2026 14:41:44,orthonormal_rows,short_wide,256,1024,4,20260310,qr_pivoted,factor_only,0.00616895833333333,0.00651633333333333,1.20285676580833e-15,2.03002636382437e-14
20260316_144144,16-Mar-2026 14:41:44,orthonormal_rows,short_wide,256,1024,4,20260310,bsqr_rinv,factor_only,0.0134013333333333,0.0141822083333333,1.17747792732818e-15,2.03554147073318e-14
20260316_144144,16-Mar-2026 14:41:44,orthonormal_rows,short_wide,256,1024,4,20260310,qr_pivoted,factor_only,0.00602845833333333,0.00644539583333333,1.20285676580833e-15,2.03002636382437e-14
20260316_144144,16-Mar-2026 14:41:44,orthonormal_rows,short_wide,256,1024,4,20260310,qr_pivoted_trsm,factor_only,0.00699525,0.00748716666666667,1.20285676580833e-15,2.03002636382437e-14
20260316_144144,16-Mar-2026 14:41:44,orthonormal_rows,short_wide,256,2048,8,20260310,bsqr_full,factor_only,0.0236995,0.0251404791666667,1.17667677478989e-15,2.01930876095785e-14
20260316_144144,16-Mar-2026 14:41:44,orthonormal_rows,short_wide,256,2048,8,20260310,qr_pivoted,factor_only,0.0107262916666667,0.0118954791666667,1.20319934397482e-15,1.98560431416774e-14
20260316_144144,16-Mar-2026 14:41:44,orthonormal_rows,short_wide,256,2048,8,20260310,bsqr_rinv,factor_only,0.0233538333333333,0.0245062083333333,1.17667677478989e-15,2.01930876095785e-14
20260316_144144,16-Mar-2026 14:41:44,orthonormal_rows,short_wide,256,2048,8,20260310,qr_pivoted,factor_only,0.0107520833333333,0.0117446666666667,1.20319934397482e-15,1.98560431416774e-14
20260316_144144,16-Mar-2026 14:41:44,orthonormal_rows,short_wide,256,2048,8,20260310,qr_pivoted_trsm,factor_only,0.0127236666666667,0.0140928125,1.20319934397482e-15,1.98560431416774e-14
20260316_144144,16-Mar-2026 14:41:44,orthonormal_rows,short_wide,256,2560,10,20260310,bsqr_full,factor_only,0.0291219583333333,0.030585,1.2028656461616e-15,2.06045315833609e-14
20260316_144144,16-Mar-2026 14:41:44,orthonormal_rows,short_wide,256,2560,10,20260310,qr_pivoted,factor_only,0.01354225,0.0142528958333333,1.22232059321639e-15,1.99047111737374e-14
20260316_144144,16-Mar-2026 14:41:44,orthonormal_rows,short_wide,256,2560,10,20260310,bsqr_rinv,factor_only,0.0290243333333333,0.0301968541666667,1.2028656461616e-15,2.06045315833609e-14
20260316_144144,16-Mar-2026 14:41:44,orthonormal_rows,short_wide,256,2560,10,20260310,qr_pivoted,factor_only,0.013658125,0.0141917291666667,1.22232059321639e-15,1.99047111737374e-14
20260316_144144,16-Mar-2026 14:41:44,orthonormal_rows,short_wide,256,2560,10,20260310,qr_pivoted_trsm,factor_only,0.0165432083333333,0.0175013958333333,1.22232059321639e-15,1.99047111737374e-14
20260316_144144,16-Mar-2026 14:41:44,orthonormal_rows,short_wide,512,1024,2,20260310,bsqr_full,factor_only,0.0359705,0.0372038125,1.51615339803273e-15,3.86920663665575e-14
20260316_144144,16-Mar-2026 14:41:44,orthonormal_rows,short_wide,512,1024,2,20260310,qr_pivoted,factor_only,0.0150115833333333,0.0168475416666667,1.54558745802408e-15,3.82450851225573e-14
20260316_144144,16-Mar-2026 14:41:44,orthonormal_rows,short_wide,512,1024,2,20260310,bsqr_rinv,factor_only,0.0360815,0.0377872083333333,1.51615339803273e-15,3.86920663665575e-14
20260316_144144,16-Mar-2026 14:41:44,orthonormal_rows,short_wide,512,1024,2,20260310,qr_pivoted,factor_only,0.0157600416666667,0.0183291041666667,1.54558745802408e-15,3.82450851225573e-14
20260316_144144,16-Mar-2026 14:41:44,orthonormal_rows,short_wide,512,1024,2,20260310,qr_pivoted_trsm,factor_only,0.01761825,0.018567875,1.54558745802408e-15,3.82450851225573e-14
20260316_144144,16-Mar-2026 14:41:44,orthonormal_rows,short_wide,512,2048,4,20260310,bsqr_full,factor_only,0.0723241666666667,0.0751600625,1.5674390643769e-15,3.84930057808778e-14
20260316_144144,16-Mar-2026 14:41:44,orthonormal_rows,short_wide,512,2048,4,20260310,qr_pivoted,factor_only,0.02971525,0.0313022083333333,1.59568095372589e-15,3.812855428686e-14
20260316_144144,16-Mar-2026 14:41:44,orthonormal_rows,short_wide,512,2048,4,20260310,bsqr_rinv,factor_only,0.0715506666666667,0.0728745208333333,1.5674390643769e-15,3.84930057808778e-14
20260316_144144,16-Mar-2026 14:41:44,orthonormal_rows,short_wide,512,2048,4,20260310,qr_pivoted,factor_only,0.0291151666666667,0.0303826875,1.59568095372589e-15,3.812855428686e-14
20260316_144144,16-Mar-2026 14:41:44,orthonormal_rows,short_wide,512,2048,4,20260310,qr_pivoted_trsm,factor_only,0.0333292916666667,0.0344590833333333,1.59568095372589e-15,3.812855428686e-14
20260316_144144,16-Mar-2026 14:41:44,orthonormal_rows,short_wide,512,4096,8,20260310,bsqr_full,factor_only,0.284042916666667,0.297198625,1.59138400744959e-15,3.86958241980438e-14
20260316_144144,16-Mar-2026 14:41:44,orthonormal_rows,short_wide,512,4096,8,20260310,qr_pivoted,factor_only,0.0901395,0.106066770833333,1.63157117181753e-15,3.85700052809569e-14
20260316_144144,16-Mar-2026 14:41:44,orthonormal_rows,short_wide,512,4096,8,20260310,bsqr_rinv,factor_only,0.32098575,0.4288483125,1.59138400744959e-15,3.86958241980438e-14
20260316_144144,16-Mar-2026 14:41:44,orthonormal_rows,short_wide,512,4096,8,20260310,qr_pivoted,factor_only,0.100781875,0.117097416666667,1.63157117181753e-15,3.85700052809569e-14
20260316_144144,16-Mar-2026 14:41:44,orthonormal_rows,short_wide,512,4096,8,20260310,qr_pivoted_trsm,factor_only,0.114975791666667,0.121671729166667,1.63157117181753e-15,3.85700052809569e-14
20260316_144144,16-Mar-2026 14:41:44,orthonormal_rows,short_wide,512,5120,10,20260310,bsqr_full,factor_only,0.4407965,0.520570520833333,1.60175647200029e-15,3.87485013647498e-14
20260316_144144,16-Mar-2026 14:41:44,orthonormal_rows,short_wide,512,5120,10,20260310,qr_pivoted,factor_only,0.198477791666667,0.214988395833333,1.62922698205424e-15,3.82321921814386e-14
20260316_144144,16-Mar-2026 14:41:44,orthonormal_rows,short_wide,512,5120,10,20260310,bsqr_rinv,factor_only,0.479580625,0.5422764375,1.60175647200029e-15,3.87485013647498e-14
20260316_144144,16-Mar-2026 14:41:44,orthonormal_rows,short_wide,512,5120,10,20260310,qr_pivoted,factor_only,0.204513166666667,0.216692125,1.62922698205424e-15,3.82321921814386e-14
20260316_144144,16-Mar-2026 14:41:44,orthonormal_rows,short_wide,512,5120,10,20260310,qr_pivoted_trsm,factor_only,0.221860916666667,0.235652375,1.62922698205424e-15,3.82321921814386e-14
20260316_144144,16-Mar-2026 14:41:44,gaussian,square,64,64,1,20260311,bsqr_full,factor_only,5.80833333333333e-05,5.86666666666667e-05,5.83823826293545e-16,6.18839565584046e-15
20260316_144144,16-Mar-2026 14:41:44,gaussian,square,64,64,1,20260311,qr_pivoted,factor_only,6.4125e-05,6.45208333333333e-05,5.865627100028e-16,6.08178397042081e-15
20260316_144144,16-Mar-2026 14:41:44,gaussian,square,64,64,1,20260311,bsqr_rinv,factor_only,5.81666666666667e-05,5.84583333333333e-05,5.83823826293545e-16,6.18839565584046e-15
20260316_144144,16-Mar-2026 14:41:44,gaussian,square,64,64,1,20260311,qr_pivoted,factor_only,6.4375e-05,6.45416666666667e-05,5.865627100028e-16,6.08178397042081e-15
20260316_144144,16-Mar-2026 14:41:44,gaussian,square,64,64,1,20260311,qr_pivoted_trsm,factor_only,6.45e-05,6.49791666666667e-05,5.865627100028e-16,6.08178397042081e-15
20260316_144144,16-Mar-2026 14:41:44,gaussian,square,128,128,1,20260311,bsqr_full,factor_only,0.000387333333333333,0.000394104166666667,7.59507282869478e-16,1.09364848213374e-14
20260316_144144,16-Mar-2026 14:41:44,gaussian,square,128,128,1,20260311,qr_pivoted,factor_only,0.000424375,0.000426229166666667,7.14793688866313e-16,9.75513311554116e-15
20260316_144144,16-Mar-2026 14:41:44,gaussian,square,128,128,1,20260311,bsqr_rinv,factor_only,0.000422625,0.000424395833333333,7.59507282869478e-16,1.09364848213374e-14
20260316_144144,16-Mar-2026 14:41:44,gaussian,square,128,128,1,20260311,qr_pivoted,factor_only,0.000458833333333333,0.000460354166666667,7.14793688866313e-16,9.75513311554116e-15
20260316_144144,16-Mar-2026 14:41:44,gaussian,square,128,128,1,20260311,qr_pivoted_trsm,factor_only,0.000453208333333333,0.000454666666666667,7.14793688866313e-16,9.75513311554116e-15
20260316_144144,16-Mar-2026 14:41:44,gaussian,square,256,256,1,20260311,bsqr_full,factor_only,0.003447875,0.00376316666666667,8.93850559179198e-16,2.00501084368991e-14
20260316_144144,16-Mar-2026 14:41:44,gaussian,square,256,256,1,20260311,qr_pivoted,factor_only,0.002302875,0.00239464583333333,9.36799117274322e-16,2.02171112696499e-14
20260316_144144,16-Mar-2026 14:41:44,gaussian,square,256,256,1,20260311,bsqr_rinv,factor_only,0.00315216666666667,0.00344575,8.93850559179198e-16,2.00501084368991e-14
20260316_144144,16-Mar-2026 14:41:44,gaussian,square,256,256,1,20260311,qr_pivoted,factor_only,0.00222375,0.0024270625,9.36799117274322e-16,2.02171112696499e-14
20260316_144144,16-Mar-2026 14:41:44,gaussian,square,256,256,1,20260311,qr_pivoted_trsm,factor_only,0.00214858333333333,0.00248572916666667,9.36799117274322e-16,2.02171112696499e-14
20260316_144144,16-Mar-2026 14:41:44,gaussian,square,384,384,1,20260311,bsqr_full,factor_only,0.00877804166666667,0.00958089583333333,1.06017512997756e-15,2.97002811651696e-14
20260316_144144,16-Mar-2026 14:41:44,gaussian,square,384,384,1,20260311,qr_pivoted,factor_only,0.00467329166666667,0.00490125,1.09652730790636e-15,2.98809996462596e-14
20260316_144144,16-Mar-2026 14:41:44,gaussian,square,384,384,1,20260311,bsqr_rinv,factor_only,0.00897204166666667,0.009475,1.06017512997756e-15,2.97002811651696e-14
20260316_144144,16-Mar-2026 14:41:44,gaussian,square,384,384,1,20260311,qr_pivoted,factor_only,0.00456233333333333,0.0047934375,1.09652730790636e-15,2.98809996462596e-14
20260316_144144,16-Mar-2026 14:41:44,gaussian,square,384,384,1,20260311,qr_pivoted_trsm,factor_only,0.00449241666666667,0.00490916666666667,1.09652730790636e-15,2.98809996462596e-14
20260316_144144,16-Mar-2026 14:41:44,gaussian,square,512,512,1,20260311,bsqr_full,factor_only,0.0192849583333333,0.0203248125,1.20491370287683e-15,3.86638692635506e-14
20260316_144144,16-Mar-2026 14:41:44,gaussian,square,512,512,1,20260311,qr_pivoted,factor_only,0.009839875,0.0107772291666667,1.23503429237034e-15,3.8519506697154e-14
20260316_144144,16-Mar-2026 14:41:44,gaussian,square,512,512,1,20260311,bsqr_rinv,factor_only,0.0183852083333333,0.0196413125,1.20491370287683e-15,3.86638692635506e-14
20260316_144144,16-Mar-2026 14:41:44,gaussian,square,512,512,1,20260311,qr_pivoted,factor_only,0.00997329166666667,0.0106144791666667,1.23503429237034e-15,3.8519506697154e-14
20260316_144144,16-Mar-2026 14:41:44,gaussian,square,512,512,1,20260311,qr_pivoted_trsm,factor_only,0.009401,0.00998308333333333,1.23503429237034e-15,3.8519506697154e-14
20260316_144144,16-Mar-2026 14:41:44,gaussian,short_wide,32,64,2,20260311,bsqr_full,factor_only,2.37083333333333e-05,2.41875e-05,5.23763716460288e-16,3.4342283403794e-15
20260316_144144,16-Mar-2026 14:41:44,gaussian,short_wide,32,64,2,20260311,qr_pivoted,factor_only,1.87916666666667e-05,1.89166666666667e-05,5.02537652209018e-16,2.8124901703792e-15
20260316_144144,16-Mar-2026 14:41:44,gaussian,short_wide,32,64,2,20260311,bsqr_rinv,factor_only,2.41666666666667e-05,2.4875e-05,5.23763716460288e-16,3.4342283403794e-15
20260316_144144,16-Mar-2026 14:41:44,gaussian,short_wide,32,64,2,20260311,qr_pivoted,factor_only,1.89166666666667e-05,1.90416666666667e-05,5.02537652209018e-16,2.8124901703792e-15
20260316_144144,16-Mar-2026 14:41:44,gaussian,short_wide,32,64,2,20260311,qr_pivoted_trsm,factor_only,2.69583333333333e-05,2.77083333333333e-05,5.02537652209018e-16,2.8124901703792e-15
20260316_144144,16-Mar-2026 14:41:44,gaussian,short_wide,32,128,4,20260311,bsqr_full,factor_only,4.7875e-05,4.825e-05,5.50953307058496e-16,3.19520750462275e-15
20260316_144144,16-Mar-2026 14:41:44,gaussian,short_wide,32,128,4,20260311,qr_pivoted,factor_only,3.12916666666667e-05,3.14583333333333e-05,5.73137395796663e-16,3.12556598198176e-15
20260316_144144,16-Mar-2026 14:41:44,gaussian,short_wide,32,128,4,20260311,bsqr_rinv,factor_only,4.78333333333333e-05,4.82291666666667e-05,5.50953307058496e-16,3.19520750462275e-15
20260316_144144,16-Mar-2026 14:41:44,gaussian,short_wide,32,128,4,20260311,qr_pivoted,factor_only,3.125e-05,3.13958333333333e-05,5.73137395796663e-16,3.12556598198176e-15
20260316_144144,16-Mar-2026 14:41:44,gaussian,short_wide,32,128,4,20260311,qr_pivoted_trsm,factor_only,4.22083333333333e-05,4.30833333333333e-05,5.73137395796663e-16,3.12556598198176e-15
20260316_144144,16-Mar-2026 14:41:44,gaussian,short_wide,32,256,8,20260311,bsqr_full,factor_only,0.000105875,0.0001081875,5.73048751285389e-16,3.33070332231235e-15
20260316_144144,16-Mar-2026 14:41:44,gaussian,short_wide,32,256,8,20260311,qr_pivoted,factor_only,5.95833333333333e-05,5.98333333333333e-05,5.07710808428351e-16,2.8865193270986e-15
20260316_144144,16-Mar-2026 14:41:44,gaussian,short_wide,32,256,8,20260311,bsqr_rinv,factor_only,0.000108083333333333,0.000109791666666667,5.73048751285389e-16,3.33070332231235e-15
20260316_144144,16-Mar-2026 14:41:44,gaussian,short_wide,32,256,8,20260311,qr_pivoted,factor_only,5.9375e-05,5.9625e-05,5.07710808428351e-16,2.8865193270986e-15
20260316_144144,16-Mar-2026 14:41:44,gaussian,short_wide,32,256,8,20260311,qr_pivoted_trsm,factor_only,7.75e-05,7.775e-05,5.07710808428351e-16,2.8865193270986e-15
20260316_144144,16-Mar-2026 14:41:44,gaussian,short_wide,32,320,10,20260311,bsqr_full,factor_only,0.000143333333333333,0.000144125,5.87147669265652e-16,3.51853075189379e-15
20260316_144144,16-Mar-2026 14:41:44,gaussian,short_wide,32,320,10,20260311,qr_pivoted,factor_only,7.26666666666667e-05,7.69166666666667e-05,5.61796763976698e-16,3.1693239085731e-15
20260316_144144,16-Mar-2026 14:41:44,gaussian,short_wide,32,320,10,20260311,bsqr_rinv,factor_only,0.000151333333333333,0.000152666666666667,5.87147669265652e-16,3.51853075189379e-15
20260316_144144,16-Mar-2026 14:41:44,gaussian,short_wide,32,320,10,20260311,qr_pivoted,factor_only,7.70416666666667e-05,7.775e-05,5.61796763976698e-16,3.1693239085731e-15
20260316_144144,16-Mar-2026 14:41:44,gaussian,short_wide,32,320,10,20260311,qr_pivoted_trsm,factor_only,9.69166666666667e-05,9.75e-05,5.61796763976698e-16,3.1693239085731e-15
20260316_144144,16-Mar-2026 14:41:44,gaussian,short_wide,64,128,2,20260311,bsqr_full,factor_only,0.000143041666666667,0.000143583333333333,6.69766290741711e-16,6.05401371485343e-15
20260316_144144,16-Mar-2026 14:41:44,gaussian,short_wide,64,128,2,20260311,qr_pivoted,factor_only,0.000105125,0.000105458333333333,6.65231895812376e-16,5.96546407328577e-15
20260316_144144,16-Mar-2026 14:41:44,gaussian,short_wide,64,128,2,20260311,bsqr_rinv,factor_only,0.000142083333333333,0.000144229166666667,6.69766290741711e-16,6.05401371485343e-15
20260316_144144,16-Mar-2026 14:41:44,gaussian,short_wide,64,128,2,20260311,qr_pivoted,factor_only,0.000104708333333333,0.000105291666666667,6.65231895812376e-16,5.96546407328577e-15
20260316_144144,16-Mar-2026 14:41:44,gaussian,short_wide,64,128,2,20260311,qr_pivoted_trsm,factor_only,0.0001205,0.0001255625,6.65231895812376e-16,5.96546407328577e-15
20260316_144144,16-Mar-2026 14:41:44,gaussian,short_wide,64,256,4,20260311,bsqr_full,factor_only,0.0003455,0.0003685625,7.51248963425002e-16,6.59265552681973e-15
20260316_144144,16-Mar-2026 14:41:44,gaussian,short_wide,64,256,4,20260311,qr_pivoted,factor_only,0.0001805,0.000183916666666667,7.09699890005729e-16,5.82766599030318e-15
20260316_144144,16-Mar-2026 14:41:44,gaussian,short_wide,64,256,4,20260311,bsqr_rinv,factor_only,0.000347083333333333,0.000350770833333333,7.51248963425002e-16,6.59265552681973e-15
20260316_144144,16-Mar-2026 14:41:44,gaussian,short_wide,64,256,4,20260311,qr_pivoted,factor_only,0.000180708333333333,0.000181583333333333,7.09699890005729e-16,5.82766599030318e-15
20260316_144144,16-Mar-2026 14:41:44,gaussian,short_wide,64,256,4,20260311,qr_pivoted_trsm,factor_only,0.000206625,0.000209270833333333,7.09699890005729e-16,5.82766599030318e-15
20260316_144144,16-Mar-2026 14:41:44,gaussian,short_wide,64,512,8,20260311,bsqr_full,factor_only,0.000932416666666667,0.000943229166666667,7.9447818267922e-16,6.70411705960206e-15
20260316_144144,16-Mar-2026 14:41:44,gaussian,short_wide,64,512,8,20260311,qr_pivoted,factor_only,0.0004815,0.000489020833333333,7.28936859862114e-16,5.70789213199402e-15
20260316_144144,16-Mar-2026 14:41:44,gaussian,short_wide,64,512,8,20260311,bsqr_rinv,factor_only,0.000915958333333333,0.000929291666666667,7.9447818267922e-16,6.70411705960206e-15
20260316_144144,16-Mar-2026 14:41:44,gaussian,short_wide,64,512,8,20260311,qr_pivoted,factor_only,0.000481166666666667,0.00048625,7.28936859862114e-16,5.70789213199402e-15
20260316_144144,16-Mar-2026 14:41:44,gaussian,short_wide,64,512,8,20260311,qr_pivoted_trsm,factor_only,0.000613083333333333,0.000622291666666667,7.28936859862114e-16,5.70789213199402e-15
20260316_144144,16-Mar-2026 14:41:44,gaussian,short_wide,64,640,10,20260311,bsqr_full,factor_only,0.00117816666666667,0.00121947916666667,7.79010151475442e-16,6.46506787257735e-15
20260316_144144,16-Mar-2026 14:41:44,gaussian,short_wide,64,640,10,20260311,qr_pivoted,factor_only,0.000642666666666667,0.0006715625,7.6464253530813e-16,5.72773859347563e-15
20260316_144144,16-Mar-2026 14:41:44,gaussian,short_wide,64,640,10,20260311,bsqr_rinv,factor_only,0.001349875,0.0016846875,7.79010151475442e-16,6.46506787257735e-15
20260316_144144,16-Mar-2026 14:41:44,gaussian,short_wide,64,640,10,20260311,qr_pivoted,factor_only,0.000742791666666667,0.000824083333333333,7.6464253530813e-16,5.72773859347563e-15
20260316_144144,16-Mar-2026 14:41:44,gaussian,short_wide,64,640,10,20260311,qr_pivoted_trsm,factor_only,0.000847875,0.0010063125,7.6464253530813e-16,5.72773859347563e-15
20260316_144144,16-Mar-2026 14:41:44,gaussian,short_wide,128,256,2,20260311,bsqr_full,factor_only,0.0014325,0.00162916666666667,8.8620396244467e-16,1.11841646196891e-14
20260316_144144,16-Mar-2026 14:41:44,gaussian,short_wide,128,256,2,20260311,qr_pivoted,factor_only,0.000999541666666667,0.00109845833333333,8.36091253053455e-16,9.80653047198255e-15
20260316_144144,16-Mar-2026 14:41:44,gaussian,short_wide,128,256,2,20260311,bsqr_rinv,factor_only,0.00148154166666667,0.00155714583333333,8.8620396244467e-16,1.11841646196891e-14
20260316_144144,16-Mar-2026 14:41:44,gaussian,short_wide,128,256,2,20260311,qr_pivoted,factor_only,0.000988875,0.0010160625,8.36091253053455e-16,9.80653047198255e-15
20260316_144144,16-Mar-2026 14:41:44,gaussian,short_wide,128,256,2,20260311,qr_pivoted_trsm,factor_only,0.000987125,0.00107247916666667,8.36091253053455e-16,9.80653047198255e-15
20260316_144144,16-Mar-2026 14:41:44,gaussian,short_wide,128,512,4,20260311,bsqr_full,factor_only,0.00328379166666667,0.00339791666666667,9.34886638000891e-16,1.06875309331008e-14
20260316_144144,16-Mar-2026 14:41:44,gaussian,short_wide,128,512,4,20260311,qr_pivoted,factor_only,0.00187054166666667,0.0020365625,8.92759297595607e-16,9.90977762672978e-15
20260316_144144,16-Mar-2026 14:41:44,gaussian,short_wide,128,512,4,20260311,bsqr_rinv,factor_only,0.00302420833333333,0.00340552083333333,9.34886638000891e-16,1.06875309331008e-14
20260316_144144,16-Mar-2026 14:41:44,gaussian,short_wide,128,512,4,20260311,qr_pivoted,factor_only,0.00186033333333333,0.00192316666666667,8.92759297595607e-16,9.90977762672978e-15
20260316_144144,16-Mar-2026 14:41:44,gaussian,short_wide,128,512,4,20260311,qr_pivoted_trsm,factor_only,0.00217241666666667,0.002334125,8.92759297595607e-16,9.90977762672978e-15
20260316_144144,16-Mar-2026 14:41:44,gaussian,short_wide,128,1024,8,20260311,bsqr_full,factor_only,0.00540458333333333,0.005981875,9.39339106277353e-16,1.1153626217477e-14
20260316_144144,16-Mar-2026 14:41:44,gaussian,short_wide,128,1024,8,20260311,qr_pivoted,factor_only,0.00312375,0.00339460416666667,8.9509046992308e-16,1.02938727069648e-14
20260316_144144,16-Mar-2026 14:41:44,gaussian,short_wide,128,1024,8,20260311,bsqr_rinv,factor_only,0.00577416666666667,0.00643279166666667,9.39339106277353e-16,1.1153626217477e-14
20260316_144144,16-Mar-2026 14:41:44,gaussian,short_wide,128,1024,8,20260311,qr_pivoted,factor_only,0.003107875,0.00345075,8.9509046992308e-16,1.02938727069648e-14
20260316_144144,16-Mar-2026 14:41:44,gaussian,short_wide,128,1024,8,20260311,qr_pivoted_trsm,factor_only,0.0031635,0.00374104166666667,8.9509046992308e-16,1.02938727069648e-14
20260316_144144,16-Mar-2026 14:41:44,gaussian,short_wide,128,1280,10,20260311,bsqr_full,factor_only,0.006558875,0.00720439583333333,9.00464210635727e-16,1.0879049033262e-14
20260316_144144,16-Mar-2026 14:41:44,gaussian,short_wide,128,1280,10,20260311,qr_pivoted,factor_only,0.00354358333333333,0.00390497916666667,8.86737284016407e-16,1.02143087451045e-14
20260316_144144,16-Mar-2026 14:41:44,gaussian,short_wide,128,1280,10,20260311,bsqr_rinv,factor_only,0.00687870833333333,0.00707658333333333,9.00464210635727e-16,1.0879049033262e-14
20260316_144144,16-Mar-2026 14:41:44,gaussian,short_wide,128,1280,10,20260311,qr_pivoted,factor_only,0.003548625,0.00376439583333333,8.86737284016407e-16,1.02143087451045e-14
20260316_144144,16-Mar-2026 14:41:44,gaussian,short_wide,128,1280,10,20260311,qr_pivoted_trsm,factor_only,0.00417483333333333,0.00443258333333333,8.86737284016407e-16,1.02143087451045e-14
20260316_144144,16-Mar-2026 14:41:44,gaussian,short_wide,256,512,2,20260311,bsqr_full,factor_only,0.007833375,0.00837639583333333,1.05895817787554e-15,2.01127860422797e-14
20260316_144144,16-Mar-2026 14:41:44,gaussian,short_wide,256,512,2,20260311,qr_pivoted,factor_only,0.00372616666666667,0.00414408333333333,1.10353603398516e-15,1.98529404960889e-14
20260316_144144,16-Mar-2026 14:41:44,gaussian,short_wide,256,512,2,20260311,bsqr_rinv,factor_only,0.00740216666666667,0.00813108333333333,1.05895817787554e-15,2.01127860422797e-14
20260316_144144,16-Mar-2026 14:41:44,gaussian,short_wide,256,512,2,20260311,qr_pivoted,factor_only,0.00361854166666667,0.0040078125,1.10353603398516e-15,1.98529404960889e-14
20260316_144144,16-Mar-2026 14:41:44,gaussian,short_wide,256,512,2,20260311,qr_pivoted_trsm,factor_only,0.00374333333333333,0.00416722916666667,1.10353603398516e-15,1.98529404960889e-14
20260316_144144,16-Mar-2026 14:41:44,gaussian,short_wide,256,1024,4,20260311,bsqr_full,factor_only,0.0145402083333333,0.0157140833333333,1.14526584525704e-15,2.05306748539844e-14
20260316_144144,16-Mar-2026 14:41:44,gaussian,short_wide,256,1024,4,20260311,qr_pivoted,factor_only,0.00668191666666667,0.00718772916666667,1.16356687146509e-15,1.9712758264555e-14
20260316_144144,16-Mar-2026 14:41:44,gaussian,short_wide,256,1024,4,20260311,bsqr_rinv,factor_only,0.0137945,0.01582325,1.14526584525704e-15,2.05306748539844e-14
20260316_144144,16-Mar-2026 14:41:44,gaussian,short_wide,256,1024,4,20260311,qr_pivoted,factor_only,0.00663958333333333,0.00706629166666667,1.16356687146509e-15,1.9712758264555e-14
20260316_144144,16-Mar-2026 14:41:44,gaussian,short_wide,256,1024,4,20260311,qr_pivoted_trsm,factor_only,0.006978875,0.0076898125,1.16356687146509e-15,1.9712758264555e-14
20260316_144144,16-Mar-2026 14:41:44,gaussian,short_wide,256,2048,8,20260311,bsqr_full,factor_only,0.0260904166666667,0.029525125,1.18042391056158e-15,2.03982767544012e-14
20260316_144144,16-Mar-2026 14:41:44,gaussian,short_wide,256,2048,8,20260311,qr_pivoted,factor_only,0.0122011666666667,0.0128658333333333,1.19860989783704e-15,2.01065490621215e-14
20260316_144144,16-Mar-2026 14:41:44,gaussian,short_wide,256,2048,8,20260311,bsqr_rinv,factor_only,0.0266228333333333,0.0311552916666667,1.18042391056158e-15,2.03982767544012e-14
20260316_144144,16-Mar-2026 14:41:44,gaussian,short_wide,256,2048,8,20260311,qr_pivoted,factor_only,0.011926875,0.0130621041666667,1.19860989783704e-15,2.01065490621215e-14
20260316_144144,16-Mar-2026 14:41:44,gaussian,short_wide,256,2048,8,20260311,qr_pivoted_trsm,factor_only,0.0154886666666667,0.017813125,1.19860989783704e-15,2.01065490621215e-14
20260316_144144,16-Mar-2026 14:41:44,gaussian,short_wide,256,2560,10,20260311,bsqr_full,factor_only,0.0384503333333333,0.0399557708333333,1.17762362544126e-15,2.04334502659937e-14
20260316_144144,16-Mar-2026 14:41:44,gaussian,short_wide,256,2560,10,20260311,qr_pivoted,factor_only,0.0159579583333333,0.017152,1.20569563659214e-15,1.99511292504601e-14
20260316_144144,16-Mar-2026 14:41:44,gaussian,short_wide,256,2560,10,20260311,bsqr_rinv,factor_only,0.0374047083333333,0.0389784583333333,1.17762362544126e-15,2.04334502659937e-14
20260316_144144,16-Mar-2026 14:41:44,gaussian,short_wide,256,2560,10,20260311,qr_pivoted,factor_only,0.016218,0.0180453125,1.20569563659214e-15,1.99511292504601e-14
20260316_144144,16-Mar-2026 14:41:44,gaussian,short_wide,256,2560,10,20260311,qr_pivoted_trsm,factor_only,0.01791075,0.0193138125,1.20569563659214e-15,1.99511292504601e-14
20260316_144144,16-Mar-2026 14:41:44,gaussian,short_wide,512,1024,2,20260311,bsqr_full,factor_only,0.0432542083333333,0.0454064791666667,1.42033000141379e-15,3.84603494810865e-14
20260316_144144,16-Mar-2026 14:41:44,gaussian,short_wide,512,1024,2,20260311,qr_pivoted,factor_only,0.0185065416666667,0.020236,1.45676360477652e-15,3.81418582839077e-14
20260316_144144,16-Mar-2026 14:41:44,gaussian,short_wide,512,1024,2,20260311,bsqr_rinv,factor_only,0.0431658333333333,0.0476838125,1.42033000141379e-15,3.84603494810865e-14
20260316_144144,16-Mar-2026 14:41:44,gaussian,short_wide,512,1024,2,20260311,qr_pivoted,factor_only,0.01877625,0.0199521875,1.45676360477652e-15,3.81418582839077e-14
20260316_144144,16-Mar-2026 14:41:44,gaussian,short_wide,512,1024,2,20260311,qr_pivoted_trsm,factor_only,0.0199597916666667,0.0208388125,1.45676360477652e-15,3.81418582839077e-14
20260316_144144,16-Mar-2026 14:41:44,gaussian,short_wide,512,2048,4,20260311,bsqr_full,factor_only,0.0960695833333333,0.118141979166667,1.52878844646083e-15,3.88371680391912e-14
20260316_144144,16-Mar-2026 14:41:44,gaussian,short_wide,512,2048,4,20260311,qr_pivoted,factor_only,0.05065425,0.0580746875,1.55493258811828e-15,3.82441554691513e-14
20260316_144144,16-Mar-2026 14:41:44,gaussian,short_wide,512,2048,4,20260311,bsqr_rinv,factor_only,0.106239791666667,0.110135333333333,1.52878844646083e-15,3.88371680391912e-14
20260316_144144,16-Mar-2026 14:41:44,gaussian,short_wide,512,2048,4,20260311,qr_pivoted,factor_only,0.0329794583333333,0.0355082708333333,1.55493258811828e-15,3.82441554691513e-14
20260316_144144,16-Mar-2026 14:41:44,gaussian,short_wide,512,2048,4,20260311,qr_pivoted_trsm,factor_only,0.0359425,0.0374787083333333,1.55493258811828e-15,3.82441554691513e-14
20260316_144144,16-Mar-2026 14:41:44,gaussian,short_wide,512,4096,8,20260311,bsqr_full,factor_only,0.28700225,0.365506479166667,1.56670271741965e-15,3.8266271963076e-14
20260316_144144,16-Mar-2026 14:41:44,gaussian,short_wide,512,4096,8,20260311,qr_pivoted,factor_only,0.09900225,0.117812833333333,1.61766150075406e-15,3.85703219068771e-14
20260316_144144,16-Mar-2026 14:41:44,gaussian,short_wide,512,4096,8,20260311,bsqr_rinv,factor_only,0.316528708333333,0.3564483125,1.56670271741965e-15,3.8266271963076e-14
20260316_144144,16-Mar-2026 14:41:44,gaussian,short_wide,512,4096,8,20260311,qr_pivoted,factor_only,0.092137,0.101038625,1.61766150075406e-15,3.85703219068771e-14
20260316_144144,16-Mar-2026 14:41:44,gaussian,short_wide,512,4096,8,20260311,qr_pivoted_trsm,factor_only,0.0940937083333333,0.108662541666667,1.61766150075406e-15,3.85703219068771e-14
20260316_144144,16-Mar-2026 14:41:44,gaussian,short_wide,512,5120,10,20260311,bsqr_full,factor_only,0.447435458333333,0.519377854166667,1.58233559885748e-15,3.83376910723988e-14
20260316_144144,16-Mar-2026 14:41:44,gaussian,short_wide,512,5120,10,20260311,qr_pivoted,factor_only,0.199825208333333,0.208110666666667,1.62110004608035e-15,3.8389053846798e-14
20260316_144144,16-Mar-2026 14:41:44,gaussian,short_wide,512,5120,10,20260311,bsqr_rinv,factor_only,0.45459725,0.580069625,1.58233559885748e-15,3.83376910723988e-14
20260316_144144,16-Mar-2026 14:41:44,gaussian,short_wide,512,5120,10,20260311,qr_pivoted,factor_only,0.19779925,0.204177791666667,1.62110004608035e-15,3.8389053846798e-14
20260316_144144,16-Mar-2026 14:41:44,gaussian,short_wide,512,5120,10,20260311,qr_pivoted_trsm,factor_only,0.207959208333333,0.212565979166667,1.62110004608035e-15,3.8389053846798e-14
20260316_144144,16-Mar-2026 14:41:44,ill_conditioned,square,64,64,1,20260311,bsqr_full,factor_only,5.00833333333333e-05,5.07916666666667e-05,4.72187416720895e-16,6.57959148153564e-15
20260316_144144,16-Mar-2026 14:41:44,ill_conditioned,square,64,64,1,20260311,qr_pivoted,factor_only,5.49583333333333e-05,5.525e-05,4.29833647929e-16,5.63426183306696e-15
20260316_144144,16-Mar-2026 14:41:44,ill_conditioned,square,64,64,1,20260311,bsqr_rinv,factor_only,4.97083333333333e-05,5.05416666666667e-05,4.72187416720895e-16,6.57959148153564e-15
20260316_144144,16-Mar-2026 14:41:44,ill_conditioned,square,64,64,1,20260311,qr_pivoted,factor_only,5.49583333333333e-05,5.53541666666667e-05,4.29833647929e-16,5.63426183306696e-15
20260316_144144,16-Mar-2026 14:41:44,ill_conditioned,square,64,64,1,20260311,qr_pivoted_trsm,factor_only,5.51666666666667e-05,5.54791666666667e-05,4.29833647929e-16,5.63426183306696e-15
20260316_144144,16-Mar-2026 14:41:44,ill_conditioned,square,128,128,1,20260311,bsqr_full,factor_only,0.000313375,0.000315520833333333,5.44651859334715e-16,1.10063665225718e-14
20260316_144144,16-Mar-2026 14:41:44,ill_conditioned,square,128,128,1,20260311,qr_pivoted,factor_only,0.000333875,0.000340729166666667,5.76066312918399e-16,9.98211462896386e-15
20260316_144144,16-Mar-2026 14:41:44,ill_conditioned,square,128,128,1,20260311,bsqr_rinv,factor_only,0.000312333333333333,0.000314541666666667,5.44651859334715e-16,1.10063665225718e-14
20260316_144144,16-Mar-2026 14:41:44,ill_conditioned,square,128,128,1,20260311,qr_pivoted,factor_only,0.000336166666666667,0.000337666666666667,5.76066312918399e-16,9.98211462896386e-15
20260316_144144,16-Mar-2026 14:41:44,ill_conditioned,square,128,128,1,20260311,qr_pivoted_trsm,factor_only,0.000336416666666667,0.000337666666666667,5.76066312918399e-16,9.98211462896386e-15
20260316_144144,16-Mar-2026 14:41:44,ill_conditioned,square,256,256,1,20260311,bsqr_full,factor_only,0.00286895833333333,0.003283125,7.11570412012026e-16,2.03365935431411e-14
20260316_144144,16-Mar-2026 14:41:44,ill_conditioned,square,256,256,1,20260311,qr_pivoted,factor_only,0.002096625,0.0022276875,7.61584708550467e-16,1.97683987790974e-14
20260316_144144,16-Mar-2026 14:41:44,ill_conditioned,square,256,256,1,20260311,bsqr_rinv,factor_only,0.00286429166666667,0.0031243125,7.11570412012026e-16,2.03365935431411e-14
20260316_144144,16-Mar-2026 14:41:44,ill_conditioned,square,256,256,1,20260311,qr_pivoted,factor_only,0.00201308333333333,0.0021595,7.61584708550467e-16,1.97683987790974e-14
20260316_144144,16-Mar-2026 14:41:44,ill_conditioned,square,256,256,1,20260311,qr_pivoted_trsm,factor_only,0.00202845833333333,0.00213391666666667,7.61584708550467e-16,1.97683987790974e-14
20260316_144144,16-Mar-2026 14:41:44,ill_conditioned,square,384,384,1,20260311,bsqr_full,factor_only,0.00873316666666667,0.009652875,7.86682373378012e-16,2.95732083246469e-14
20260316_144144,16-Mar-2026 14:41:44,ill_conditioned,square,384,384,1,20260311,qr_pivoted,factor_only,0.00468933333333333,0.00516414583333333,8.29358292255136e-16,2.96545866692165e-14
20260316_144144,16-Mar-2026 14:41:44,ill_conditioned,square,384,384,1,20260311,bsqr_rinv,factor_only,0.009093625,0.0108482916666667,7.86682373378012e-16,2.95732083246469e-14
20260316_144144,16-Mar-2026 14:41:44,ill_conditioned,square,384,384,1,20260311,qr_pivoted,factor_only,0.00517620833333333,0.00604733333333333,8.29358292255136e-16,2.96545866692165e-14
20260316_144144,16-Mar-2026 14:41:44,ill_conditioned,square,384,384,1,20260311,qr_pivoted_trsm,factor_only,0.00510083333333333,0.005441625,8.29358292255136e-16,2.96545866692165e-14
20260316_144144,16-Mar-2026 14:41:44,ill_conditioned,square,512,512,1,20260311,bsqr_full,factor_only,0.019416,0.020743,9.07227589170124e-16,3.85205908215264e-14
20260316_144144,16-Mar-2026 14:41:44,ill_conditioned,square,512,512,1,20260311,qr_pivoted,factor_only,0.011984875,0.013781,9.15390496471056e-16,3.84847628904205e-14
20260316_144144,16-Mar-2026 14:41:44,ill_conditioned,square,512,512,1,20260311,bsqr_rinv,factor_only,0.0183577916666667,0.0190876041666667,9.07227589170124e-16,3.85205908215264e-14
20260316_144144,16-Mar-2026 14:41:44,ill_conditioned,square,512,512,1,20260311,qr_pivoted,factor_only,0.0114353333333333,0.0122688958333333,9.15390496471056e-16,3.84847628904205e-14
20260316_144144,16-Mar-2026 14:41:44,ill_conditioned,square,512,512,1,20260311,qr_pivoted_trsm,factor_only,0.01152775,0.012376875,9.15390496471056e-16,3.84847628904205e-14
20260316_144144,16-Mar-2026 14:41:44,ill_conditioned,short_wide,32,64,2,20260311,bsqr_full,factor_only,2.35416666666667e-05,2.68541666666667e-05,6.2032665880127e-16,3.86521956065173e-15
20260316_144144,16-Mar-2026 14:41:44,ill_conditioned,short_wide,32,64,2,20260311,qr_pivoted,factor_only,1.875e-05,2.11041666666667e-05,6.37583200762173e-16,3.94846033016511e-15
20260316_144144,16-Mar-2026 14:41:44,ill_conditioned,short_wide,32,64,2,20260311,bsqr_rinv,factor_only,2.35833333333333e-05,2.38958333333333e-05,6.2032665880127e-16,3.86521956065173e-15
20260316_144144,16-Mar-2026 14:41:44,ill_conditioned,short_wide,32,64,2,20260311,qr_pivoted,factor_only,1.83333333333333e-05,1.84166666666667e-05,6.37583200762173e-16,3.94846033016511e-15
20260316_144144,16-Mar-2026 14:41:44,ill_conditioned,short_wide,32,64,2,20260311,qr_pivoted_trsm,factor_only,2.58333333333333e-05,2.67291666666667e-05,6.37583200762173e-16,3.94846033016511e-15
20260316_144144,16-Mar-2026 14:41:44,ill_conditioned,short_wide,32,128,4,20260311,bsqr_full,factor_only,4.625e-05,4.66041666666667e-05,3.13702904986454e-16,3.1883585935574e-15
20260316_144144,16-Mar-2026 14:41:44,ill_conditioned,short_wide,32,128,4,20260311,qr_pivoted,factor_only,3.06666666666667e-05,3.08125e-05,3.11102635115845e-16,3.38093798229132e-15
20260316_144144,16-Mar-2026 14:41:44,ill_conditioned,short_wide,32,128,4,20260311,bsqr_rinv,factor_only,4.62083333333333e-05,4.64791666666667e-05,3.13702904986454e-16,3.1883585935574e-15
20260316_144144,16-Mar-2026 14:41:44,ill_conditioned,short_wide,32,128,4,20260311,qr_pivoted,factor_only,3.06666666666667e-05,3.075e-05,3.11102635115845e-16,3.38093798229132e-15
20260316_144144,16-Mar-2026 14:41:44,ill_conditioned,short_wide,32,128,4,20260311,qr_pivoted_trsm,factor_only,4.11666666666667e-05,4.16666666666667e-05,3.11102635115845e-16,3.38093798229132e-15
20260316_144144,16-Mar-2026 14:41:44,ill_conditioned,short_wide,32,256,8,20260311,bsqr_full,factor_only,9.57916666666667e-05,9.68958333333333e-05,3.17602007956374e-16,3.24164140280282e-15
20260316_144144,16-Mar-2026 14:41:44,ill_conditioned,short_wide,32,256,8,20260311,qr_pivoted,factor_only,5.78333333333333e-05,5.80416666666667e-05,3.17109607908724e-16,3.21197426549665e-15
20260316_144144,16-Mar-2026 14:41:44,ill_conditioned,short_wide,32,256,8,20260311,bsqr_rinv,factor_only,0.000100041666666667,0.000100833333333333,3.17602007956374e-16,3.24164140280282e-15
20260316_144144,16-Mar-2026 14:41:44,ill_conditioned,short_wide,32,256,8,20260311,qr_pivoted,factor_only,5.76666666666667e-05,5.79166666666667e-05,3.17109607908724e-16,3.21197426549665e-15
20260316_144144,16-Mar-2026 14:41:44,ill_conditioned,short_wide,32,256,8,20260311,qr_pivoted_trsm,factor_only,7.42916666666667e-05,7.50833333333333e-05,3.17109607908724e-16,3.21197426549665e-15
20260316_144144,16-Mar-2026 14:41:44,ill_conditioned,short_wide,32,320,10,20260311,bsqr_full,factor_only,0.000135458333333333,0.000136479166666667,5.77933525921946e-16,3.3196451728919e-15
20260316_144144,16-Mar-2026 14:41:44,ill_conditioned,short_wide,32,320,10,20260311,qr_pivoted,factor_only,7.07083333333333e-05,7.12708333333333e-05,5.71639552560384e-16,3.38731154669597e-15
20260316_144144,16-Mar-2026 14:41:44,ill_conditioned,short_wide,32,320,10,20260311,bsqr_rinv,factor_only,0.000135833333333333,0.0001364375,5.77933525921946e-16,3.3196451728919e-15
20260316_144144,16-Mar-2026 14:41:44,ill_conditioned,short_wide,32,320,10,20260311,qr_pivoted,factor_only,7.05416666666667e-05,7.08541666666667e-05,5.71639552560384e-16,3.38731154669597e-15
20260316_144144,16-Mar-2026 14:41:44,ill_conditioned,short_wide,32,320,10,20260311,qr_pivoted_trsm,factor_only,8.89166666666667e-05,0.000121479166666667,5.71639552560384e-16,3.38731154669597e-15
20260316_144144,16-Mar-2026 14:41:44,ill_conditioned,short_wide,64,128,2,20260311,bsqr_full,factor_only,0.00012825,0.000129729166666667,4.0143542967211e-16,6.25732582957838e-15
20260316_144144,16-Mar-2026 14:41:44,ill_conditioned,short_wide,64,128,2,20260311,qr_pivoted,factor_only,9.44583333333333e-05,9.48958333333333e-05,4.15239074167146e-16,5.47232605239539e-15
20260316_144144,16-Mar-2026 14:41:44,ill_conditioned,short_wide,64,128,2,20260311,bsqr_rinv,factor_only,0.000127958333333333,0.000129104166666667,4.0143542967211e-16,6.25732582957838e-15
20260316_144144,16-Mar-2026 14:41:44,ill_conditioned,short_wide,64,128,2,20260311,qr_pivoted,factor_only,9.45416666666667e-05,9.54166666666667e-05,4.15239074167146e-16,5.47232605239539e-15
20260316_144144,16-Mar-2026 14:41:44,ill_conditioned,short_wide,64,128,2,20260311,qr_pivoted_trsm,factor_only,0.000104625,0.0001389375,4.15239074167146e-16,5.47232605239539e-15
20260316_144144,16-Mar-2026 14:41:44,ill_conditioned,short_wide,64,256,4,20260311,bsqr_full,factor_only,0.000315125,0.000318958333333333,7.69181985265114e-16,6.35109764144121e-15
20260316_144144,16-Mar-2026 14:41:44,ill_conditioned,short_wide,64,256,4,20260311,qr_pivoted,factor_only,0.000164833333333333,0.000165541666666667,7.81669659011438e-16,5.40018499498522e-15
20260316_144144,16-Mar-2026 14:41:44,ill_conditioned,short_wide,64,256,4,20260311,bsqr_rinv,factor_only,0.000314583333333333,0.000317833333333333,7.69181985265114e-16,6.35109764144121e-15
20260316_144144,16-Mar-2026 14:41:44,ill_conditioned,short_wide,64,256,4,20260311,qr_pivoted,factor_only,0.000165458333333333,0.000166854166666667,7.81669659011438e-16,5.40018499498522e-15
20260316_144144,16-Mar-2026 14:41:44,ill_conditioned,short_wide,64,256,4,20260311,qr_pivoted_trsm,factor_only,0.000190625,0.0001930625,7.81669659011438e-16,5.40018499498522e-15
20260316_144144,16-Mar-2026 14:41:44,ill_conditioned,short_wide,64,512,8,20260311,bsqr_full,factor_only,0.000884291666666667,0.0008944375,4.61926984318734e-16,6.31942543449668e-15
20260316_144144,16-Mar-2026 14:41:44,ill_conditioned,short_wide,64,512,8,20260311,qr_pivoted,factor_only,0.000468583333333333,0.0004771875,4.37695120249124e-16,5.45452092791793e-15
20260316_144144,16-Mar-2026 14:41:44,ill_conditioned,short_wide,64,512,8,20260311,bsqr_rinv,factor_only,0.000837041666666667,0.000842666666666667,4.61926984318734e-16,6.31942543449668e-15
20260316_144144,16-Mar-2026 14:41:44,ill_conditioned,short_wide,64,512,8,20260311,qr_pivoted,factor_only,0.000441875,0.0004573125,4.37695120249124e-16,5.45452092791793e-15
20260316_144144,16-Mar-2026 14:41:44,ill_conditioned,short_wide,64,512,8,20260311,qr_pivoted_trsm,factor_only,0.00052275,0.000538375,4.37695120249124e-16,5.45452092791793e-15
20260316_144144,16-Mar-2026 14:41:44,ill_conditioned,short_wide,64,640,10,20260311,bsqr_full,factor_only,0.00118841666666667,0.00123085416666667,5.89332226186133e-16,6.25413402792924e-15
20260316_144144,16-Mar-2026 14:41:44,ill_conditioned,short_wide,64,640,10,20260311,qr_pivoted,factor_only,0.000643083333333333,0.000673770833333333,4.49753177330199e-16,5.26558241186186e-15
20260316_144144,16-Mar-2026 14:41:44,ill_conditioned,short_wide,64,640,10,20260311,bsqr_rinv,factor_only,0.001126375,0.00115120833333333,5.89332226186133e-16,6.25413402792924e-15
20260316_144144,16-Mar-2026 14:41:44,ill_conditioned,short_wide,64,640,10,20260311,qr_pivoted,factor_only,0.000631208333333333,0.000650270833333333,4.49753177330199e-16,5.26558241186186e-15
20260316_144144,16-Mar-2026 14:41:44,ill_conditioned,short_wide,64,640,10,20260311,qr_pivoted_trsm,factor_only,0.000709333333333333,0.0007878125,4.49753177330199e-16,5.26558241186186e-15
20260316_144144,16-Mar-2026 14:41:44,ill_conditioned,short_wide,128,256,2,20260311,bsqr_full,factor_only,0.001169375,0.00118845833333333,6.21264027815078e-16,1.09096650168134e-14
20260316_144144,16-Mar-2026 14:41:44,ill_conditioned,short_wide,128,256,2,20260311,qr_pivoted,factor_only,0.00082125,0.000848166666666667,6.51815969758833e-16,1.03214360050946e-14
20260316_144144,16-Mar-2026 14:41:44,ill_conditioned,short_wide,128,256,2,20260311,bsqr_rinv,factor_only,0.001168125,0.00117402083333333,6.21264027815078e-16,1.09096650168134e-14
20260316_144144,16-Mar-2026 14:41:44,ill_conditioned,short_wide,128,256,2,20260311,qr_pivoted,factor_only,0.000790541666666667,0.000801604166666667,6.51815969758833e-16,1.03214360050946e-14
20260316_144144,16-Mar-2026 14:41:44,ill_conditioned,short_wide,128,256,2,20260311,qr_pivoted_trsm,factor_only,0.000835541666666667,0.000896375,6.51815969758833e-16,1.03214360050946e-14
20260316_144144,16-Mar-2026 14:41:44,ill_conditioned,short_wide,128,512,4,20260311,bsqr_full,factor_only,0.00282541666666667,0.00301875,7.4696452115789e-16,1.12283637423873e-14
20260316_144144,16-Mar-2026 14:41:44,ill_conditioned,short_wide,128,512,4,20260311,qr_pivoted,factor_only,0.001815625,0.00197597916666667,7.31076318000803e-16,1.02663298913826e-14
20260316_144144,16-Mar-2026 14:41:44,ill_conditioned,short_wide,128,512,4,20260311,bsqr_rinv,factor_only,0.002869625,0.003098125,7.4696452115789e-16,1.12283637423873e-14
20260316_144144,16-Mar-2026 14:41:44,ill_conditioned,short_wide,128,512,4,20260311,qr_pivoted,factor_only,0.00174491666666667,0.0018991875,7.31076318000803e-16,1.02663298913826e-14
20260316_144144,16-Mar-2026 14:41:44,ill_conditioned,short_wide,128,512,4,20260311,qr_pivoted_trsm,factor_only,0.00188220833333333,0.00202539583333333,7.31076318000803e-16,1.02663298913826e-14
20260316_144144,16-Mar-2026 14:41:44,ill_conditioned,short_wide,128,1024,8,20260311,bsqr_full,factor_only,0.00525966666666667,0.005726375,6.08023799697417e-16,1.09573284318642e-14
20260316_144144,16-Mar-2026 14:41:44,ill_conditioned,short_wide,128,1024,8,20260311,qr_pivoted,factor_only,0.00301129166666667,0.00326214583333333,6.41829038528317e-16,9.90511008954957e-15
20260316_144144,16-Mar-2026 14:41:44,ill_conditioned,short_wide,128,1024,8,20260311,bsqr_rinv,factor_only,0.00563658333333333,0.0058125,6.08023799697417e-16,1.09573284318642e-14
20260316_144144,16-Mar-2026 14:41:44,ill_conditioned,short_wide,128,1024,8,20260311,qr_pivoted,factor_only,0.00298129166666667,0.003496625,6.41829038528317e-16,9.90511008954957e-15
20260316_144144,16-Mar-2026 14:41:44,ill_conditioned,short_wide,128,1024,8,20260311,qr_pivoted_trsm,factor_only,0.00339558333333333,0.0036845625,6.41829038528317e-16,9.90511008954957e-15
20260316_144144,16-Mar-2026 14:41:44,ill_conditioned,short_wide,128,1280,10,20260311,bsqr_full,factor_only,0.00674975,0.00736008333333333,6.30739579232055e-16,1.06439470619261e-14
20260316_144144,16-Mar-2026 14:41:44,ill_conditioned,short_wide,128,1280,10,20260311,qr_pivoted,factor_only,0.003485625,0.00407020833333333,6.75774972551113e-16,1.03552350947055e-14
20260316_144144,16-Mar-2026 14:41:44,ill_conditioned,short_wide,128,1280,10,20260311,bsqr_rinv,factor_only,0.0067615,0.00767085416666667,6.30739579232055e-16,1.06439470619261e-14
20260316_144144,16-Mar-2026 14:41:44,ill_conditioned,short_wide,128,1280,10,20260311,qr_pivoted,factor_only,0.00350125,0.00391375,6.75774972551113e-16,1.03552350947055e-14
20260316_144144,16-Mar-2026 14:41:44,ill_conditioned,short_wide,128,1280,10,20260311,qr_pivoted_trsm,factor_only,0.00404970833333333,0.00422385416666667,6.75774972551113e-16,1.03552350947055e-14
20260316_144144,16-Mar-2026 14:41:44,ill_conditioned,short_wide,256,512,2,20260311,bsqr_full,factor_only,0.00820866666666667,0.00900535416666667,7.8209552976639e-16,2.03471706320044e-14
20260316_144144,16-Mar-2026 14:41:44,ill_conditioned,short_wide,256,512,2,20260311,qr_pivoted,factor_only,0.00440191666666667,0.00482527083333333,8.6169421193601e-16,1.99859097794667e-14
20260316_144144,16-Mar-2026 14:41:44,ill_conditioned,short_wide,256,512,2,20260311,bsqr_rinv,factor_only,0.0076755,0.00817947916666667,7.8209552976639e-16,2.03471706320044e-14
20260316_144144,16-Mar-2026 14:41:44,ill_conditioned,short_wide,256,512,2,20260311,qr_pivoted,factor_only,0.00418529166666667,0.00461204166666667,8.6169421193601e-16,1.99859097794667e-14
20260316_144144,16-Mar-2026 14:41:44,ill_conditioned,short_wide,256,512,2,20260311,qr_pivoted_trsm,factor_only,0.004321,0.00466452083333333,8.6169421193601e-16,1.99859097794667e-14
20260316_144144,16-Mar-2026 14:41:44,ill_conditioned,short_wide,256,1024,4,20260311,bsqr_full,factor_only,0.01695125,0.0184634375,8.10387603719578e-16,2.01389944183261e-14
20260316_144144,16-Mar-2026 14:41:44,ill_conditioned,short_wide,256,1024,4,20260311,qr_pivoted,factor_only,0.00827225,0.00945127083333333,8.75891698972037e-16,2.00130877368772e-14
20260316_144144,16-Mar-2026 14:41:44,ill_conditioned,short_wide,256,1024,4,20260311,bsqr_rinv,factor_only,0.0154435,0.0172025,8.10387603719578e-16,2.01389944183261e-14
20260316_144144,16-Mar-2026 14:41:44,ill_conditioned,short_wide,256,1024,4,20260311,qr_pivoted,factor_only,0.00835345833333333,0.00884808333333333,8.75891698972037e-16,2.00130877368772e-14
20260316_144144,16-Mar-2026 14:41:44,ill_conditioned,short_wide,256,1024,4,20260311,qr_pivoted_trsm,factor_only,0.00909704166666667,0.00992489583333333,8.75891698972037e-16,2.00130877368772e-14
20260316_144144,16-Mar-2026 14:41:44,ill_conditioned,short_wide,256,2048,8,20260311,bsqr_full,factor_only,0.0302205833333333,0.0320872291666667,8.87680332884138e-16,2.11358127964559e-14
20260316_144144,16-Mar-2026 14:41:44,ill_conditioned,short_wide,256,2048,8,20260311,qr_pivoted,factor_only,0.0158522916666667,0.01699875,8.95457369183378e-16,2.0272491556989e-14
20260316_144144,16-Mar-2026 14:41:44,ill_conditioned,short_wide,256,2048,8,20260311,bsqr_rinv,factor_only,0.0280988333333333,0.0323820833333333,8.87680332884138e-16,2.11358127964559e-14
20260316_144144,16-Mar-2026 14:41:44,ill_conditioned,short_wide,256,2048,8,20260311,qr_pivoted,factor_only,0.0167957083333333,0.0216383541666667,8.95457369183378e-16,2.0272491556989e-14
20260316_144144,16-Mar-2026 14:41:44,ill_conditioned,short_wide,256,2048,8,20260311,qr_pivoted_trsm,factor_only,0.0205679583333333,0.0236652708333333,8.95457369183378e-16,2.0272491556989e-14
20260316_144144,16-Mar-2026 14:41:44,ill_conditioned,short_wide,256,2560,10,20260311,bsqr_full,factor_only,0.0492119166666667,0.0557135833333333,8.14387323224381e-16,2.04585916244003e-14
20260316_144144,16-Mar-2026 14:41:44,ill_conditioned,short_wide,256,2560,10,20260311,qr_pivoted,factor_only,0.0199699583333333,0.0226224791666667,8.72361434525534e-16,1.96562813395875e-14
20260316_144144,16-Mar-2026 14:41:44,ill_conditioned,short_wide,256,2560,10,20260311,bsqr_rinv,factor_only,0.041904375,0.043738125,8.14387323224381e-16,2.04585916244003e-14
20260316_144144,16-Mar-2026 14:41:44,ill_conditioned,short_wide,256,2560,10,20260311,qr_pivoted,factor_only,0.0216209166666667,0.0230059166666667,8.72361434525534e-16,1.96562813395875e-14
20260316_144144,16-Mar-2026 14:41:44,ill_conditioned,short_wide,256,2560,10,20260311,qr_pivoted_trsm,factor_only,0.0219040833333333,0.0245845833333333,8.72361434525534e-16,1.96562813395875e-14
20260316_144144,16-Mar-2026 14:41:44,ill_conditioned,short_wide,512,1024,2,20260311,bsqr_full,factor_only,0.0490159166666667,0.0511034791666667,1.02356713515277e-15,3.82424267626055e-14
20260316_144144,16-Mar-2026 14:41:44,ill_conditioned,short_wide,512,1024,2,20260311,qr_pivoted,factor_only,0.0225772083333333,0.0249793125,1.08197293839126e-15,3.83162003299483e-14
20260316_144144,16-Mar-2026 14:41:44,ill_conditioned,short_wide,512,1024,2,20260311,bsqr_rinv,factor_only,0.0440862083333333,0.050354,1.02356713515277e-15,3.82424267626055e-14
20260316_144144,16-Mar-2026 14:41:44,ill_conditioned,short_wide,512,1024,2,20260311,qr_pivoted,factor_only,0.0229935833333333,0.024288125,1.08197293839126e-15,3.83162003299483e-14
20260316_144144,16-Mar-2026 14:41:44,ill_conditioned,short_wide,512,1024,2,20260311,qr_pivoted_trsm,factor_only,0.022648125,0.0240748958333333,1.08197293839126e-15,3.83162003299483e-14
20260316_144144,16-Mar-2026 14:41:44,ill_conditioned,short_wide,512,2048,4,20260311,bsqr_full,factor_only,0.0902111666666667,0.092075625,1.09347460177605e-15,3.86664380691433e-14
20260316_144144,16-Mar-2026 14:41:44,ill_conditioned,short_wide,512,2048,4,20260311,qr_pivoted,factor_only,0.0445495833333333,0.0486791666666667,1.1671265899376e-15,3.81299756883532e-14
20260316_144144,16-Mar-2026 14:41:44,ill_conditioned,short_wide,512,2048,4,20260311,bsqr_rinv,factor_only,0.0901104166666667,0.0923331666666667,1.09347460177605e-15,3.86664380691433e-14
20260316_144144,16-Mar-2026 14:41:44,ill_conditioned,short_wide,512,2048,4,20260311,qr_pivoted,factor_only,0.0506526666666667,0.0629260208333333,1.1671265899376e-15,3.81299756883532e-14
20260316_144144,16-Mar-2026 14:41:44,ill_conditioned,short_wide,512,2048,4,20260311,qr_pivoted_trsm,factor_only,0.0525244166666667,0.0558209375,1.1671265899376e-15,3.81299756883532e-14
20260316_144144,16-Mar-2026 14:41:44,ill_conditioned,short_wide,512,4096,8,20260311,bsqr_full,factor_only,0.285723041666667,0.302156958333333,1.1166299852154e-15,3.83376822785338e-14
20260316_144144,16-Mar-2026 14:41:44,ill_conditioned,short_wide,512,4096,8,20260311,qr_pivoted,factor_only,0.112318125,0.117362020833333,1.20449926484164e-15,3.83350392085634e-14
20260316_144144,16-Mar-2026 14:41:44,ill_conditioned,short_wide,512,4096,8,20260311,bsqr_rinv,factor_only,0.266353791666667,0.304443,1.1166299852154e-15,3.83376822785338e-14
20260316_144144,16-Mar-2026 14:41:44,ill_conditioned,short_wide,512,4096,8,20260311,qr_pivoted,factor_only,0.125725291666667,0.138728520833333,1.20449926484164e-15,3.83350392085634e-14
20260316_144144,16-Mar-2026 14:41:44,ill_conditioned,short_wide,512,4096,8,20260311,qr_pivoted_trsm,factor_only,0.1172015,0.126306145833333,1.20449926484164e-15,3.83350392085634e-14
20260316_144144,16-Mar-2026 14:41:44,ill_conditioned,short_wide,512,5120,10,20260311,bsqr_full,factor_only,0.441727791666667,0.503295895833333,1.15703295657129e-15,3.83685474312011e-14
20260316_144144,16-Mar-2026 14:41:44,ill_conditioned,short_wide,512,5120,10,20260311,qr_pivoted,factor_only,0.237865625,0.248898875,1.16342205205519e-15,3.82715776362068e-14
20260316_144144,16-Mar-2026 14:41:44,ill_conditioned,short_wide,512,5120,10,20260311,bsqr_rinv,factor_only,0.445279,0.5395268125,1.15703295657129e-15,3.83685474312011e-14
20260316_144144,16-Mar-2026 14:41:44,ill_conditioned,short_wide,512,5120,10,20260311,qr_pivoted,factor_only,0.230786,0.272503604166667,1.16342205205519e-15,3.82715776362068e-14
20260316_144144,16-Mar-2026 14:41:44,ill_conditioned,short_wide,512,5120,10,20260311,qr_pivoted_trsm,factor_only,0.24034625,0.252551479166667,1.16342205205519e-15,3.82715776362068e-14
20260316_144144,16-Mar-2026 14:41:44,orthonormal_rows,square,64,64,1,20260311,bsqr_full,factor_only,4.9375e-05,4.97708333333333e-05,6.89457473685809e-16,6.62806781959983e-15
20260316_144144,16-Mar-2026 14:41:44,orthonormal_rows,square,64,64,1,20260311,qr_pivoted,factor_only,5.45416666666667e-05,5.48125e-05,6.1239601354332e-16,5.81614036865857e-15
20260316_144144,16-Mar-2026 14:41:44,orthonormal_rows,square,64,64,1,20260311,bsqr_rinv,factor_only,4.9375e-05,4.975e-05,6.89457473685809e-16,6.62806781959983e-15
20260316_144144,16-Mar-2026 14:41:44,orthonormal_rows,square,64,64,1,20260311,qr_pivoted,factor_only,5.45833333333333e-05,5.47083333333333e-05,6.1239601354332e-16,5.81614036865857e-15
20260316_144144,16-Mar-2026 14:41:44,orthonormal_rows,square,64,64,1,20260311,qr_pivoted_trsm,factor_only,5.46666666666667e-05,5.48541666666667e-05,6.1239601354332e-16,5.81614036865857e-15
20260316_144144,16-Mar-2026 14:41:44,orthonormal_rows,square,128,128,1,20260311,bsqr_full,factor_only,0.000311708333333333,0.000316333333333333,8.73386496525112e-16,1.10421339436213e-14
20260316_144144,16-Mar-2026 14:41:44,orthonormal_rows,square,128,128,1,20260311,qr_pivoted,factor_only,0.000337166666666667,0.000339416666666667,8.13249554801321e-16,1.01735049299638e-14
20260316_144144,16-Mar-2026 14:41:44,orthonormal_rows,square,128,128,1,20260311,bsqr_rinv,factor_only,0.000312208333333333,0.0003156875,8.73386496525112e-16,1.10421339436213e-14
20260316_144144,16-Mar-2026 14:41:44,orthonormal_rows,square,128,128,1,20260311,qr_pivoted,factor_only,0.000352541666666667,0.000354791666666667,8.13249554801321e-16,1.01735049299638e-14
20260316_144144,16-Mar-2026 14:41:44,orthonormal_rows,square,128,128,1,20260311,qr_pivoted_trsm,factor_only,0.000350666666666667,0.000353604166666667,8.13249554801321e-16,1.01735049299638e-14
20260316_144144,16-Mar-2026 14:41:44,orthonormal_rows,square,256,256,1,20260311,bsqr_full,factor_only,0.00298270833333333,0.00338089583333333,1.02057406949717e-15,1.98157426397955e-14
20260316_144144,16-Mar-2026 14:41:44,orthonormal_rows,square,256,256,1,20260311,qr_pivoted,factor_only,0.00194366666666667,0.002091625,1.0118324341122e-15,1.98408685895318e-14
20260316_144144,16-Mar-2026 14:41:44,orthonormal_rows,square,256,256,1,20260311,bsqr_rinv,factor_only,0.00284425,0.00308752083333333,1.02057406949717e-15,1.98157426397955e-14
20260316_144144,16-Mar-2026 14:41:44,orthonormal_rows,square,256,256,1,20260311,qr_pivoted,factor_only,0.00198291666666667,0.00208039583333333,1.0118324341122e-15,1.98408685895318e-14
20260316_144144,16-Mar-2026 14:41:44,orthonormal_rows,square,256,256,1,20260311,qr_pivoted_trsm,factor_only,0.00198858333333333,0.0020851875,1.0118324341122e-15,1.98408685895318e-14
20260316_144144,16-Mar-2026 14:41:44,orthonormal_rows,square,384,384,1,20260311,bsqr_full,factor_only,0.00807604166666667,0.00904189583333333,1.19770179422061e-15,2.95679094075773e-14
20260316_144144,16-Mar-2026 14:41:44,orthonormal_rows,square,384,384,1,20260311,qr_pivoted,factor_only,0.00434058333333333,0.00461189583333333,1.20843651689136e-15,2.93901674676528e-14
20260316_144144,16-Mar-2026 14:41:44,orthonormal_rows,square,384,384,1,20260311,bsqr_rinv,factor_only,0.00799229166666667,0.00852822916666667,1.19770179422061e-15,2.95679094075773e-14
20260316_144144,16-Mar-2026 14:41:44,orthonormal_rows,square,384,384,1,20260311,qr_pivoted,factor_only,0.004098625,0.00446485416666667,1.20843651689136e-15,2.93901674676528e-14
20260316_144144,16-Mar-2026 14:41:44,orthonormal_rows,square,384,384,1,20260311,qr_pivoted_trsm,factor_only,0.00403375,0.00418510416666667,1.20843651689136e-15,2.93901674676528e-14
20260316_144144,16-Mar-2026 14:41:44,orthonormal_rows,square,512,512,1,20260311,bsqr_full,factor_only,0.017774,0.0192384375,1.34826967422043e-15,3.80502385049115e-14
20260316_144144,16-Mar-2026 14:41:44,orthonormal_rows,square,512,512,1,20260311,qr_pivoted,factor_only,0.00939391666666667,0.009737875,1.36659021662262e-15,3.80759943345697e-14
20260316_144144,16-Mar-2026 14:41:44,orthonormal_rows,square,512,512,1,20260311,bsqr_rinv,factor_only,0.0169383333333333,0.0183226875,1.34826967422043e-15,3.80502385049115e-14
20260316_144144,16-Mar-2026 14:41:44,orthonormal_rows,square,512,512,1,20260311,qr_pivoted,factor_only,0.0106857916666667,0.0112079791666667,1.36659021662262e-15,3.80759943345697e-14
20260316_144144,16-Mar-2026 14:41:44,orthonormal_rows,square,512,512,1,20260311,qr_pivoted_trsm,factor_only,0.010603,0.0108605625,1.36659021662262e-15,3.80759943345697e-14
20260316_144144,16-Mar-2026 14:41:44,orthonormal_rows,short_wide,32,64,2,20260311,bsqr_full,factor_only,2.65833333333333e-05,2.69375e-05,5.35536827898827e-16,3.23976250477905e-15
20260316_144144,16-Mar-2026 14:41:44,orthonormal_rows,short_wide,32,64,2,20260311,qr_pivoted,factor_only,2.08333333333333e-05,2.1e-05,5.37535541196521e-16,3.16361773690395e-15
20260316_144144,16-Mar-2026 14:41:44,orthonormal_rows,short_wide,32,64,2,20260311,bsqr_rinv,factor_only,2.6875e-05,2.70208333333333e-05,5.35536827898827e-16,3.23976250477905e-15
20260316_144144,16-Mar-2026 14:41:44,orthonormal_rows,short_wide,32,64,2,20260311,qr_pivoted,factor_only,2.07916666666667e-05,2.09583333333333e-05,5.37535541196521e-16,3.16361773690395e-15
20260316_144144,16-Mar-2026 14:41:44,orthonormal_rows,short_wide,32,64,2,20260311,qr_pivoted_trsm,factor_only,2.65833333333333e-05,2.6875e-05,5.37535541196521e-16,3.16361773690395e-15
20260316_144144,16-Mar-2026 14:41:44,orthonormal_rows,short_wide,32,128,4,20260311,bsqr_full,factor_only,5.30833333333333e-05,5.35416666666667e-05,6.40688654185965e-16,3.71401368676997e-15
20260316_144144,16-Mar-2026 14:41:44,orthonormal_rows,short_wide,32,128,4,20260311,qr_pivoted,factor_only,3.45833333333333e-05,3.48541666666667e-05,5.83601074125021e-16,3.24830840693331e-15
20260316_144144,16-Mar-2026 14:41:44,orthonormal_rows,short_wide,32,128,4,20260311,bsqr_rinv,factor_only,5.325e-05,5.35625e-05,6.40688654185965e-16,3.71401368676997e-15
20260316_144144,16-Mar-2026 14:41:44,orthonormal_rows,short_wide,32,128,4,20260311,qr_pivoted,factor_only,3.44583333333333e-05,3.4625e-05,5.83601074125021e-16,3.24830840693331e-15
20260316_144144,16-Mar-2026 14:41:44,orthonormal_rows,short_wide,32,128,4,20260311,qr_pivoted_trsm,factor_only,4.70833333333333e-05,4.75416666666667e-05,5.83601074125021e-16,3.24830840693331e-15
20260316_144144,16-Mar-2026 14:41:44,orthonormal_rows,short_wide,32,256,8,20260311,bsqr_full,factor_only,0.0001115,0.000112458333333333,5.87766301548505e-16,3.22296054132772e-15
20260316_144144,16-Mar-2026 14:41:44,orthonormal_rows,short_wide,32,256,8,20260311,qr_pivoted,factor_only,5.84166666666667e-05,6.24166666666667e-05,5.8288293838577e-16,3.047415970365e-15
20260316_144144,16-Mar-2026 14:41:44,orthonormal_rows,short_wide,32,256,8,20260311,bsqr_rinv,factor_only,0.000104208333333333,0.000105083333333333,5.87766301548505e-16,3.22296054132772e-15
20260316_144144,16-Mar-2026 14:41:44,orthonormal_rows,short_wide,32,256,8,20260311,qr_pivoted,factor_only,5.79583333333333e-05,5.86041666666667e-05,5.8288293838577e-16,3.047415970365e-15
20260316_144144,16-Mar-2026 14:41:44,orthonormal_rows,short_wide,32,256,8,20260311,qr_pivoted_trsm,factor_only,7.57916666666667e-05,7.61041666666667e-05,5.8288293838577e-16,3.047415970365e-15
20260316_144144,16-Mar-2026 14:41:44,orthonormal_rows,short_wide,32,320,10,20260311,bsqr_full,factor_only,0.000140375,0.000141375,5.97982510038204e-16,3.25911126125868e-15
20260316_144144,16-Mar-2026 14:41:44,orthonormal_rows,short_wide,32,320,10,20260311,qr_pivoted,factor_only,7.06666666666667e-05,7.15833333333333e-05,5.66184854573583e-16,3.06607953461634e-15
20260316_144144,16-Mar-2026 14:41:44,orthonormal_rows,short_wide,32,320,10,20260311,bsqr_rinv,factor_only,0.000140416666666667,0.000141729166666667,5.97982510038204e-16,3.25911126125868e-15
20260316_144144,16-Mar-2026 14:41:44,orthonormal_rows,short_wide,32,320,10,20260311,qr_pivoted,factor_only,7.05833333333333e-05,7.1125e-05,5.66184854573583e-16,3.06607953461634e-15
20260316_144144,16-Mar-2026 14:41:44,orthonormal_rows,short_wide,32,320,10,20260311,qr_pivoted_trsm,factor_only,9.00833333333333e-05,0.000116729166666667,5.66184854573583e-16,3.06607953461634e-15
20260316_144144,16-Mar-2026 14:41:44,orthonormal_rows,short_wide,64,128,2,20260311,bsqr_full,factor_only,0.000133291666666667,0.000134916666666667,7.52825061648266e-16,6.70752308422175e-15
20260316_144144,16-Mar-2026 14:41:44,orthonormal_rows,short_wide,64,128,2,20260311,qr_pivoted,factor_only,9.82083333333333e-05,0.000106708333333333,6.85906780424052e-16,5.6727620870821e-15
20260316_144144,16-Mar-2026 14:41:44,orthonormal_rows,short_wide,64,128,2,20260311,bsqr_rinv,factor_only,0.000152833333333333,0.0001536875,7.52825061648266e-16,6.70752308422175e-15
20260316_144144,16-Mar-2026 14:41:44,orthonormal_rows,short_wide,64,128,2,20260311,qr_pivoted,factor_only,9.82916666666667e-05,9.86041666666667e-05,6.85906780424052e-16,5.6727620870821e-15
20260316_144144,16-Mar-2026 14:41:44,orthonormal_rows,short_wide,64,128,2,20260311,qr_pivoted_trsm,factor_only,0.000111625,0.0001164375,6.85906780424052e-16,5.6727620870821e-15
20260316_144144,16-Mar-2026 14:41:44,orthonormal_rows,short_wide,64,256,4,20260311,bsqr_full,factor_only,0.000369125,0.000374041666666667,7.83301188167462e-16,6.43815303795717e-15
20260316_144144,16-Mar-2026 14:41:44,orthonormal_rows,short_wide,64,256,4,20260311,qr_pivoted,factor_only,0.000191416666666667,0.000193354166666667,7.07097676553156e-16,5.47451155943184e-15
20260316_144144,16-Mar-2026 14:41:44,orthonormal_rows,short_wide,64,256,4,20260311,bsqr_rinv,factor_only,0.000402208333333333,0.000455520833333333,7.83301188167462e-16,6.43815303795717e-15
20260316_144144,16-Mar-2026 14:41:44,orthonormal_rows,short_wide,64,256,4,20260311,qr_pivoted,factor_only,0.000208416666666667,0.000237666666666667,7.07097676553156e-16,5.47451155943184e-15
20260316_144144,16-Mar-2026 14:41:44,orthonormal_rows,short_wide,64,256,4,20260311,qr_pivoted_trsm,factor_only,0.00029225,0.000299666666666667,7.07097676553156e-16,5.47451155943184e-15
20260316_144144,16-Mar-2026 14:41:44,orthonormal_rows,short_wide,64,512,8,20260311,bsqr_full,factor_only,0.00105920833333333,0.00112766666666667,7.48191588085237e-16,6.01474637725547e-15
20260316_144144,16-Mar-2026 14:41:44,orthonormal_rows,short_wide,64,512,8,20260311,qr_pivoted,factor_only,0.000545333333333333,0.000551875,7.42649774256986e-16,5.50665375625697e-15
20260316_144144,16-Mar-2026 14:41:44,orthonormal_rows,short_wide,64,512,8,20260311,bsqr_rinv,factor_only,0.00104,0.0010485625,7.48191588085237e-16,6.01474637725547e-15
20260316_144144,16-Mar-2026 14:41:44,orthonormal_rows,short_wide,64,512,8,20260311,qr_pivoted,factor_only,0.000548375,0.000568791666666667,7.42649774256986e-16,5.50665375625697e-15
20260316_144144,16-Mar-2026 14:41:44,orthonormal_rows,short_wide,64,512,8,20260311,qr_pivoted_trsm,factor_only,0.000623833333333333,0.000665229166666667,7.42649774256986e-16,5.50665375625697e-15
20260316_144144,16-Mar-2026 14:41:44,orthonormal_rows,short_wide,64,640,10,20260311,bsqr_full,factor_only,0.00136291666666667,0.00143135416666667,8.14799958386722e-16,6.75730989791424e-15
20260316_144144,16-Mar-2026 14:41:44,orthonormal_rows,short_wide,64,640,10,20260311,qr_pivoted,factor_only,0.000651083333333333,0.00066625,7.02521383113427e-16,5.41671651133222e-15
20260316_144144,16-Mar-2026 14:41:44,orthonormal_rows,short_wide,64,640,10,20260311,bsqr_rinv,factor_only,0.00125041666666667,0.001430625,8.14799958386722e-16,6.75730989791424e-15
20260316_144144,16-Mar-2026 14:41:44,orthonormal_rows,short_wide,64,640,10,20260311,qr_pivoted,factor_only,0.000642083333333333,0.000716666666666667,7.02521383113427e-16,5.41671651133222e-15
20260316_144144,16-Mar-2026 14:41:44,orthonormal_rows,short_wide,64,640,10,20260311,qr_pivoted_trsm,factor_only,0.000774708333333333,0.000824020833333333,7.02521383113427e-16,5.41671651133222e-15
20260316_144144,16-Mar-2026 14:41:44,orthonormal_rows,short_wide,128,256,2,20260311,bsqr_full,factor_only,0.00137320833333333,0.00139470833333333,9.48949845755717e-16,1.10795797980274e-14
20260316_144144,16-Mar-2026 14:41:44,orthonormal_rows,short_wide,128,256,2,20260311,qr_pivoted,factor_only,0.000914916666666667,0.000967916666666667,9.02040621592427e-16,1.03893458358821e-14
20260316_144144,16-Mar-2026 14:41:44,orthonormal_rows,short_wide,128,256,2,20260311,bsqr_rinv,factor_only,0.001286375,0.001365875,9.48949845755717e-16,1.10795797980274e-14
20260316_144144,16-Mar-2026 14:41:44,orthonormal_rows,short_wide,128,256,2,20260311,qr_pivoted,factor_only,0.000872833333333333,0.000947458333333333,9.02040621592427e-16,1.03893458358821e-14
20260316_144144,16-Mar-2026 14:41:44,orthonormal_rows,short_wide,128,256,2,20260311,qr_pivoted_trsm,factor_only,0.000970083333333333,0.00103172916666667,9.02040621592427e-16,1.03893458358821e-14
20260316_144144,16-Mar-2026 14:41:44,orthonormal_rows,short_wide,128,512,4,20260311,bsqr_full,factor_only,0.00314591666666667,0.00359695833333333,1.00011246435803e-15,1.15261973114553e-14
20260316_144144,16-Mar-2026 14:41:44,orthonormal_rows,short_wide,128,512,4,20260311,qr_pivoted,factor_only,0.00199891666666667,0.00221889583333333,9.34621943800877e-16,9.98147815601372e-15
20260316_144144,16-Mar-2026 14:41:44,orthonormal_rows,short_wide,128,512,4,20260311,bsqr_rinv,factor_only,0.0031625,0.00338864583333333,1.00011246435803e-15,1.15261973114553e-14
20260316_144144,16-Mar-2026 14:41:44,orthonormal_rows,short_wide,128,512,4,20260311,qr_pivoted,factor_only,0.00191558333333333,0.00220872916666667,9.34621943800877e-16,9.98147815601372e-15
20260316_144144,16-Mar-2026 14:41:44,orthonormal_rows,short_wide,128,512,4,20260311,qr_pivoted_trsm,factor_only,0.00216504166666667,0.00237758333333333,9.34621943800877e-16,9.98147815601372e-15
20260316_144144,16-Mar-2026 14:41:44,orthonormal_rows,short_wide,128,1024,8,20260311,bsqr_full,factor_only,0.00582079166666667,0.00629641666666667,9.6753658850393e-16,1.12604688553825e-14
20260316_144144,16-Mar-2026 14:41:44,orthonormal_rows,short_wide,128,1024,8,20260311,qr_pivoted,factor_only,0.00293758333333333,0.00328395833333333,8.84790123833525e-16,9.98724057954508e-15
20260316_144144,16-Mar-2026 14:41:44,orthonormal_rows,short_wide,128,1024,8,20260311,bsqr_rinv,factor_only,0.005468375,0.005933625,9.6753658850393e-16,1.12604688553825e-14
20260316_144144,16-Mar-2026 14:41:44,orthonormal_rows,short_wide,128,1024,8,20260311,qr_pivoted,factor_only,0.00291816666666667,0.00309658333333333,8.84790123833525e-16,9.98724057954508e-15
20260316_144144,16-Mar-2026 14:41:44,orthonormal_rows,short_wide,128,1024,8,20260311,qr_pivoted_trsm,factor_only,0.00324225,0.00350183333333333,8.84790123833525e-16,9.98724057954508e-15
20260316_144144,16-Mar-2026 14:41:44,orthonormal_rows,short_wide,128,1280,10,20260311,bsqr_full,factor_only,0.00631445833333333,0.00681060416666667,9.58714676888177e-16,1.13321036050909e-14
20260316_144144,16-Mar-2026 14:41:44,orthonormal_rows,short_wide,128,1280,10,20260311,qr_pivoted,factor_only,0.00327320833333333,0.00365664583333333,8.74905198448588e-16,9.67541883664914e-15
20260316_144144,16-Mar-2026 14:41:44,orthonormal_rows,short_wide,128,1280,10,20260311,bsqr_rinv,factor_only,0.006287875,0.0068536875,9.58714676888177e-16,1.13321036050909e-14
20260316_144144,16-Mar-2026 14:41:44,orthonormal_rows,short_wide,128,1280,10,20260311,qr_pivoted,factor_only,0.00327970833333333,0.00340810416666667,8.74905198448588e-16,9.67541883664914e-15
20260316_144144,16-Mar-2026 14:41:44,orthonormal_rows,short_wide,128,1280,10,20260311,qr_pivoted_trsm,factor_only,0.003838875,0.0040475,8.74905198448588e-16,9.67541883664914e-15
20260316_144144,16-Mar-2026 14:41:44,orthonormal_rows,short_wide,256,512,2,20260311,bsqr_full,factor_only,0.00743883333333333,0.00795877083333333,1.15962270924627e-15,2.04421281338034e-14
20260316_144144,16-Mar-2026 14:41:44,orthonormal_rows,short_wide,256,512,2,20260311,qr_pivoted,factor_only,0.00368083333333333,0.00396966666666667,1.17840587749096e-15,2.01976441190826e-14
20260316_144144,16-Mar-2026 14:41:44,orthonormal_rows,short_wide,256,512,2,20260311,bsqr_rinv,factor_only,0.00713,0.00764547916666667,1.15962270924627e-15,2.04421281338034e-14
20260316_144144,16-Mar-2026 14:41:44,orthonormal_rows,short_wide,256,512,2,20260311,qr_pivoted,factor_only,0.00353658333333333,0.00378604166666667,1.17840587749096e-15,2.01976441190826e-14
20260316_144144,16-Mar-2026 14:41:44,orthonormal_rows,short_wide,256,512,2,20260311,qr_pivoted_trsm,factor_only,0.003856625,0.00406875,1.17840587749096e-15,2.01976441190826e-14
20260316_144144,16-Mar-2026 14:41:44,orthonormal_rows,short_wide,256,1024,4,20260311,bsqr_full,factor_only,0.0138642083333333,0.0144300416666667,1.17619999542405e-15,2.02604564955709e-14
20260316_144144,16-Mar-2026 14:41:44,orthonormal_rows,short_wide,256,1024,4,20260311,qr_pivoted,factor_only,0.00631433333333333,0.00695429166666667,1.18899794555903e-15,1.99296822844693e-14
20260316_144144,16-Mar-2026 14:41:44,orthonormal_rows,short_wide,256,1024,4,20260311,bsqr_rinv,factor_only,0.0136341666666667,0.0145459375,1.17619999542405e-15,2.02604564955709e-14
20260316_144144,16-Mar-2026 14:41:44,orthonormal_rows,short_wide,256,1024,4,20260311,qr_pivoted,factor_only,0.00602558333333333,0.00673825,1.18899794555903e-15,1.99296822844693e-14
20260316_144144,16-Mar-2026 14:41:44,orthonormal_rows,short_wide,256,1024,4,20260311,qr_pivoted_trsm,factor_only,0.006877,0.00748070833333333,1.18899794555903e-15,1.99296822844693e-14
20260316_144144,16-Mar-2026 14:41:44,orthonormal_rows,short_wide,256,2048,8,20260311,bsqr_full,factor_only,0.0243682083333333,0.0254357291666667,1.17134785910233e-15,1.99093738986262e-14
20260316_144144,16-Mar-2026 14:41:44,orthonormal_rows,short_wide,256,2048,8,20260311,qr_pivoted,factor_only,0.011566,0.0120454375,1.21209101388628e-15,2.00734100501877e-14
20260316_144144,16-Mar-2026 14:41:44,orthonormal_rows,short_wide,256,2048,8,20260311,bsqr_rinv,factor_only,0.0234330416666667,0.0251506041666667,1.17134785910233e-15,1.99093738986262e-14
20260316_144144,16-Mar-2026 14:41:44,orthonormal_rows,short_wide,256,2048,8,20260311,qr_pivoted,factor_only,0.0121009166666667,0.0137434791666667,1.21209101388628e-15,2.00734100501877e-14
20260316_144144,16-Mar-2026 14:41:44,orthonormal_rows,short_wide,256,2048,8,20260311,qr_pivoted_trsm,factor_only,0.0133272083333333,0.0147049375,1.21209101388628e-15,2.00734100501877e-14
20260316_144144,16-Mar-2026 14:41:44,orthonormal_rows,short_wide,256,2560,10,20260311,bsqr_full,factor_only,0.0310824166666667,0.0338148958333333,1.21081239111024e-15,2.04452460932177e-14
20260316_144144,16-Mar-2026 14:41:44,orthonormal_rows,short_wide,256,2560,10,20260311,qr_pivoted,factor_only,0.0147248333333333,0.0157730208333333,1.22358358169537e-15,2.01054040678893e-14
20260316_144144,16-Mar-2026 14:41:44,orthonormal_rows,short_wide,256,2560,10,20260311,bsqr_rinv,factor_only,0.0361204583333333,0.0436075833333333,1.21081239111024e-15,2.04452460932177e-14
20260316_144144,16-Mar-2026 14:41:44,orthonormal_rows,short_wide,256,2560,10,20260311,qr_pivoted,factor_only,0.0173423333333333,0.0186289791666667,1.22358358169537e-15,2.01054040678893e-14
20260316_144144,16-Mar-2026 14:41:44,orthonormal_rows,short_wide,256,2560,10,20260311,qr_pivoted_trsm,factor_only,0.01799925,0.0199547916666667,1.22358358169537e-15,2.01054040678893e-14
20260316_144144,16-Mar-2026 14:41:44,orthonormal_rows,short_wide,512,1024,2,20260311,bsqr_full,factor_only,0.0414369583333333,0.0432123958333333,1.52120683539353e-15,3.8667936523981e-14
20260316_144144,16-Mar-2026 14:41:44,orthonormal_rows,short_wide,512,1024,2,20260311,qr_pivoted,factor_only,0.0169340416666667,0.0177877708333333,1.55043302587844e-15,3.87656964199413e-14
20260316_144144,16-Mar-2026 14:41:44,orthonormal_rows,short_wide,512,1024,2,20260311,bsqr_rinv,factor_only,0.03822475,0.0414710625,1.52120683539353e-15,3.8667936523981e-14
20260316_144144,16-Mar-2026 14:41:44,orthonormal_rows,short_wide,512,1024,2,20260311,qr_pivoted,factor_only,0.0166710416666667,0.017790375,1.55043302587844e-15,3.87656964199413e-14
20260316_144144,16-Mar-2026 14:41:44,orthonormal_rows,short_wide,512,1024,2,20260311,qr_pivoted_trsm,factor_only,0.0179622916666667,0.0185242083333333,1.55043302587844e-15,3.87656964199413e-14
20260316_144144,16-Mar-2026 14:41:44,orthonormal_rows,short_wide,512,2048,4,20260311,bsqr_full,factor_only,0.0858576666666667,0.0888127708333333,1.55965462026628e-15,3.81938937275413e-14
20260316_144144,16-Mar-2026 14:41:44,orthonormal_rows,short_wide,512,2048,4,20260311,qr_pivoted,factor_only,0.0310697083333333,0.0330674583333333,1.58571856548402e-15,3.80152179012612e-14
20260316_144144,16-Mar-2026 14:41:44,orthonormal_rows,short_wide,512,2048,4,20260311,bsqr_rinv,factor_only,0.0815755833333333,0.105697145833333,1.55965462026628e-15,3.81938937275413e-14
20260316_144144,16-Mar-2026 14:41:44,orthonormal_rows,short_wide,512,2048,4,20260311,qr_pivoted,factor_only,0.0311362083333333,0.0327674375,1.58571856548402e-15,3.80152179012612e-14
20260316_144144,16-Mar-2026 14:41:44,orthonormal_rows,short_wide,512,2048,4,20260311,qr_pivoted_trsm,factor_only,0.035240375,0.0358532083333333,1.58571856548402e-15,3.80152179012612e-14
20260316_144144,16-Mar-2026 14:41:44,orthonormal_rows,short_wide,512,4096,8,20260311,bsqr_full,factor_only,0.271102916666667,0.296009604166667,1.59120863488342e-15,3.84726721175079e-14
20260316_144144,16-Mar-2026 14:41:44,orthonormal_rows,short_wide,512,4096,8,20260311,qr_pivoted,factor_only,0.105116416666667,0.123148958333333,1.62743770076656e-15,3.83037884539713e-14
20260316_144144,16-Mar-2026 14:41:44,orthonormal_rows,short_wide,512,4096,8,20260311,bsqr_rinv,factor_only,0.290842541666667,0.301895395833333,1.59120863488342e-15,3.84726721175079e-14
20260316_144144,16-Mar-2026 14:41:44,orthonormal_rows,short_wide,512,4096,8,20260311,qr_pivoted,factor_only,0.101260041666667,0.1077770625,1.62743770076656e-15,3.83037884539713e-14
20260316_144144,16-Mar-2026 14:41:44,orthonormal_rows,short_wide,512,4096,8,20260311,qr_pivoted_trsm,factor_only,0.107497833333333,0.113269416666667,1.62743770076656e-15,3.83037884539713e-14
20260316_144144,16-Mar-2026 14:41:44,orthonormal_rows,short_wide,512,5120,10,20260311,bsqr_full,factor_only,0.443736791666667,0.51250825,1.5988206671503e-15,3.86601880737838e-14
20260316_144144,16-Mar-2026 14:41:44,orthonormal_rows,short_wide,512,5120,10,20260311,qr_pivoted,factor_only,0.198560666666667,0.205452395833333,1.62546448718754e-15,3.82176382097238e-14
20260316_144144,16-Mar-2026 14:41:44,orthonormal_rows,short_wide,512,5120,10,20260311,bsqr_rinv,factor_only,0.485560375,0.511520916666667,1.5988206671503e-15,3.86601880737838e-14
20260316_144144,16-Mar-2026 14:41:44,orthonormal_rows,short_wide,512,5120,10,20260311,qr_pivoted,factor_only,0.192193166666667,0.203362625,1.62546448718754e-15,3.82176382097238e-14
20260316_144144,16-Mar-2026 14:41:44,orthonormal_rows,short_wide,512,5120,10,20260311,qr_pivoted_trsm,factor_only,0.206530666666667,0.217797958333333,1.62546448718754e-15,3.82176382097238e-14
