run_id,timestamp,family,regime,m,n,aspect,seed,blas_threads,method,bench_surface,tmin_s,tmed_s,tci_low_s,tci_high_s,alloc_bytes,residual,orthogonality
20260316_121419,2026-03-16T12:14:19.103,gaussian,square,64,64,1.000000,20260310,1,bsqr_full,factor_only,4.4584000000000005e-5,4.5124500000000005e-5,4.4644175e-5,7.204767499999998e-5,71616,5.533550057830302e-16,6.157824457400668e-15
20260316_121419,2026-03-16T12:14:19.103,gaussian,square,64,64,1.000000,20260310,1,dgeqp3,factor_only,2.8625e-5,2.9375000000000003e-5,2.8746075000000004e-5,3.933612499999998e-5,85408,5.884699445236682e-16,6.885819648643135e-15
20260316_121419,2026-03-16T12:14:19.103,gaussian,square,64,64,1.000000,20260310,1,bsqr_rinv,factor_only,4.4209e-5,4.55625e-5,4.423872500000001e-5,6.161954999999998e-5,71664,5.533550057830302e-16,6.157824457400668e-15
20260316_121419,2026-03-16T12:14:19.103,gaussian,square,64,64,1.000000,20260310,1,dgeqp3_trsm,factor_only,2.9292000000000003e-5,3.08755e-5,2.941235e-5,3.823589999999998e-5,85408,5.884699445236682e-16,6.885819648643135e-15
20260316_121419,2026-03-16T12:14:19.103,gaussian,square,128,128,1.000000,20260310,1,bsqr_full,factor_only,0.00027391700000000004,0.0002896255,0.00027560842500000003,0.000340258425,273120,7.328778215630288e-16,1.0543923996940254e-14
20260316_121419,2026-03-16T12:14:19.103,gaussian,square,128,128,1.000000,20260310,1,dgeqp3,factor_only,0.000170334,0.0001848955,0.000170334,0.00020899752499999995,330720,7.410311847957666e-16,1.1040087235281498e-14
20260316_121419,2026-03-16T12:14:19.103,gaussian,square,128,128,1.000000,20260310,1,bsqr_rinv,factor_only,0.000281875,0.0002894795,0.000282146875,0.00032061722499999995,273168,7.328778215630288e-16,1.0543923996940254e-14
20260316_121419,2026-03-16T12:14:19.103,gaussian,square,128,128,1.000000,20260310,1,dgeqp3_trsm,factor_only,0.000179459,0.00018439550000000002,0.00018042542500000002,0.00021481425,330720,7.410311847957666e-16,1.1040087235281498e-14
20260316_121419,2026-03-16T12:14:19.103,gaussian,square,256,256,1.000000,20260310,1,bsqr_full,factor_only,0.002716542,0.0027531255,0.0027176295000000002,0.0028097069000000002,1068480,8.78338064520323e-16,1.9757030234327516e-14
20260316_121419,2026-03-16T12:14:19.103,gaussian,square,256,256,1.000000,20260310,1,dgeqp3,factor_only,0.001280125,0.0014574165000000002,0.0012893687500000002,0.0015176473,1151904,9.351071928314476e-16,2.023588289338543e-14
20260316_121419,2026-03-16T12:14:19.103,gaussian,square,256,256,1.000000,20260310,1,bsqr_rinv,factor_only,0.0026928330000000004,0.0027408955000000003,0.0026979689,0.0028001431750000003,1068528,8.78338064520323e-16,1.9757030234327516e-14
20260316_121419,2026-03-16T12:14:19.103,gaussian,square,256,256,1.000000,20260310,1,dgeqp3_trsm,factor_only,0.001320542,0.0014582495000000002,0.001322414675,0.001489391275,1151904,9.351071928314476e-16,2.023588289338543e-14
20260316_121419,2026-03-16T12:14:19.103,gaussian,square,384,384,1.000000,20260310,1,bsqr_full,factor_only,0.0068654580000000005,0.0071229585,0.0069624572,0.007771227174999999,2388416,1.03987954966885e-15,2.901038303303234e-14
20260316_121419,2026-03-16T12:14:19.103,gaussian,square,384,384,1.000000,20260310,1,dgeqp3,factor_only,0.002908625,0.0031738125,0.00296158045,0.003624464674999999,2497440,1.0962439568698355e-15,3.014545937529705e-14
20260316_121419,2026-03-16T12:14:19.103,gaussian,square,384,384,1.000000,20260310,1,bsqr_rinv,factor_only,0.00694175,0.007225854,0.006963771875,0.03552128109999991,2388464,1.03987954966885e-15,2.901038303303234e-14
20260316_121419,2026-03-16T12:14:19.103,gaussian,square,384,384,1.000000,20260310,1,dgeqp3_trsm,factor_only,0.0028272920000000003,0.0031053125,0.00284734985,0.02144378982499994,2497440,1.0962439568698355e-15,3.014545937529705e-14
20260316_121419,2026-03-16T12:14:19.103,gaussian,square,512,512,1.000000,20260310,1,bsqr_full,factor_only,0.014550958000000001,0.015218854,0.014740575950000001,0.019958205299999986,4232672,1.1940961519354435e-15,3.7986907908942624e-14
20260316_121419,2026-03-16T12:14:19.103,gaussian,square,512,512,1.000000,20260310,1,dgeqp3,factor_only,0.005681500000000001,0.005937979,0.005785809375000001,0.0076619240499999994,4367264,1.2378455379225145e-15,3.86816801933746e-14
20260316_121419,2026-03-16T12:14:19.103,gaussian,square,512,512,1.000000,20260310,1,bsqr_rinv,factor_only,0.014728000000000002,0.015059125000000001,0.014750384375000002,0.019785314674999985,4232720,1.1940961519354435e-15,3.7986907908942624e-14
20260316_121419,2026-03-16T12:14:19.103,gaussian,square,512,512,1.000000,20260310,1,dgeqp3_trsm,factor_only,0.0057124160000000005,0.005987750500000001,0.005805035475,0.007447377324999998,4367264,1.2378455379225145e-15,3.86816801933746e-14
20260316_121419,2026-03-16T12:14:19.103,gaussian,short_wide,32,64,2.000000,20260310,1,bsqr_full,factor_only,2.0791e-5,2.13125e-5,2.0851900000000003e-5,3.0782199999999964e-5,38592,4.835098717590868e-16,2.9525604125416648e-15
20260316_121419,2026-03-16T12:14:19.103,gaussian,short_wide,32,64,2.000000,20260310,1,dgeqp3,factor_only,1.3333000000000001e-5,1.48755e-5,1.3424350000000001e-5,2.2331099999999973e-5,52384,5.306665983352502e-16,3.483742306929226e-15
20260316_121419,2026-03-16T12:14:19.103,gaussian,short_wide,32,64,2.000000,20260310,1,bsqr_rinv,factor_only,2.175e-5,2.22915e-5,2.1840624999999997e-5,3.577557499999997e-5,46864,4.835098717590868e-16,2.9525604125416648e-15
20260316_121419,2026-03-16T12:14:19.103,gaussian,short_wide,32,64,2.000000,20260310,1,dgeqp3_trsm,factor_only,1.7958e-5,1.9604e-5,1.7988450000000002e-5,2.8278499999999977e-5,101856,5.306665983352502e-16,3.483742306929226e-15
20260316_121419,2026-03-16T12:14:19.103,gaussian,short_wide,32,128,4.000000,20260310,1,bsqr_full,factor_only,3.8708e-5,4.0124500000000005e-5,3.8859525000000005e-5,5.248204999999997e-5,75712,5.326756777656283e-16,3.3203272004137195e-15
20260316_121419,2026-03-16T12:14:19.103,gaussian,short_wide,32,128,4.000000,20260310,1,dgeqp3,factor_only,2.3583e-5,2.4896e-5,2.3673625e-5,3.422107499999998e-5,133312,6.072340746631066e-16,3.750578058892803e-15
20260316_121419,2026-03-16T12:14:19.103,gaussian,short_wide,32,128,4.000000,20260310,1,bsqr_rinv,factor_only,4.0833e-5,4.1667e-5,4.116505e-5,5.109847499999998e-5,100368,5.326756777656283e-16,3.3203272004137195e-15
20260316_121419,2026-03-16T12:14:19.103,gaussian,short_wide,32,128,4.000000,20260310,1,dgeqp3_trsm,factor_only,3.5583e-5,3.6125000000000004e-5,3.5583725000000005e-5,4.1855449999999975e-5,231936,6.072340746631066e-16,3.750578058892803e-15
20260316_121419,2026-03-16T12:14:19.103,gaussian,short_wide,32,256,8.000000,20260310,1,bsqr_full,factor_only,8.2083e-5,8.7292e-5,8.208372500000001e-5,0.00010126627499999997,149184,5.587361471231404e-16,3.0379943427859746e-15
20260316_121419,2026-03-16T12:14:19.103,gaussian,short_wide,32,256,8.000000,20260310,1,dgeqp3,factor_only,4.8666000000000005e-5,4.99165e-5,4.87269e-5,7.050624999999997e-5,232608,5.891996615831363e-16,3.38495843679928e-15
20260316_121419,2026-03-16T12:14:19.103,gaussian,short_wide,32,256,8.000000,20260310,1,bsqr_rinv,factor_only,8.820900000000001e-5,9.5667e-5,8.8269175e-5,0.000116161925,214800,5.587361471231404e-16,3.0379943427859746e-15
20260316_121419,2026-03-16T12:14:19.103,gaussian,short_wide,32,256,8.000000,20260310,1,dgeqp3_trsm,factor_only,7.1208e-5,8.3229e-5,7.3322825e-5,9.573002500000002e-5,437728,5.891996615831363e-16,3.38495843679928e-15
20260316_121419,2026-03-16T12:14:19.103,gaussian,short_wide,32,320,10.000000,20260310,1,bsqr_full,factor_only,0.000110791,0.000116917,0.00011088235000000001,0.00013225879999999998,218816,5.659887693733468e-16,3.069499181568871e-15
20260316_121419,2026-03-16T12:14:19.103,gaussian,short_wide,32,320,10.000000,20260310,1,dgeqp3,factor_only,5.6541000000000006e-5,6.2271e-5,5.7417525e-5,7.047405e-5,298656,5.810221680072307e-16,3.2883436227223147e-15
20260316_121419,2026-03-16T12:14:19.103,gaussian,short_wide,32,320,10.000000,20260310,1,bsqr_rinv,factor_only,0.00011154200000000001,0.0001206455,0.0001119944,0.00013246505,317200,5.659887693733468e-16,3.069499181568871e-15
20260316_121419,2026-03-16T12:14:19.103,gaussian,short_wide,32,320,10.000000,20260310,1,dgeqp3_trsm,factor_only,8.5333e-5,9.8979e-5,9.0679875e-5,0.00011536047499999998,602080,5.810221680072307e-16,3.2883436227223147e-15
20260316_121419,2026-03-16T12:14:19.103,gaussian,short_wide,64,128,2.000000,20260310,1,bsqr_full,factor_only,0.000103083,0.00010791650000000001,0.000103415775,0.00013545975,141504,6.617169753096065e-16,6.219948234932546e-15
20260316_121419,2026-03-16T12:14:19.103,gaussian,short_wide,64,128,2.000000,20260310,1,dgeqp3,factor_only,6.0084e-5,6.2896e-5,6.026452500000001e-5,6.855967499999999e-5,199104,6.597830765051429e-16,6.112932773859395e-15
20260316_121419,2026-03-16T12:14:19.103,gaussian,short_wide,64,128,2.000000,20260310,1,bsqr_rinv,factor_only,0.000106333,0.000110854,0.000106393175,0.00012419809999999999,174352,6.617169753096065e-16,6.219948234932546e-15
20260316_121419,2026-03-16T12:14:19.103,gaussian,short_wide,64,128,2.000000,20260310,1,dgeqp3_trsm,factor_only,7.9041e-5,9.1e-5,7.946440000000001e-5,9.8289675e-5,396032,6.597830765051429e-16,6.112932773859395e-15
20260316_121419,2026-03-16T12:14:19.103,gaussian,short_wide,64,256,4.000000,20260310,1,bsqr_full,factor_only,0.00027641600000000003,0.0002888335,0.0002764769,0.000297776525,280512,7.141034034723814e-16,6.077652932521102e-15
20260316_121419,2026-03-16T12:14:19.103,gaussian,short_wide,64,256,4.000000,20260310,1,dgeqp3,factor_only,0.000128583,0.00013975,0.00012882515,0.00015542922499999997,363936,7.30698394984022e-16,6.199472761391778e-15
20260316_121419,2026-03-16T12:14:19.103,gaussian,short_wide,64,256,4.000000,20260310,1,bsqr_rinv,factor_only,0.000293584,0.0003030415,0.0002939465,0.000339686925,378896,7.141034034723814e-16,6.077652932521102e-15
20260316_121419,2026-03-16T12:14:19.103,gaussian,short_wide,64,256,4.000000,20260310,1,dgeqp3_trsm,factor_only,0.000181375,0.000190583,0.00018297580000000002,0.00019911330000000002,757472,7.30698394984022e-16,6.199472761391778e-15
20260316_121419,2026-03-16T12:14:19.103,gaussian,short_wide,64,512,8.000000,20260310,1,bsqr_full,factor_only,0.0007831670000000001,0.000798229,0.0007833482500000001,0.000870185325,559040,7.511155631944894e-16,6.162754322893893e-15
20260316_121419,2026-03-16T12:14:19.103,gaussian,short_wide,64,512,8.000000,20260310,1,dgeqp3,factor_only,0.00040625000000000004,0.00042393750000000005,0.00041217107500000005,0.00047246795,693664,7.662225892798759e-16,6.2230568029369374e-15
20260316_121419,2026-03-16T12:14:19.103,gaussian,short_wide,64,512,8.000000,20260310,1,bsqr_rinv,factor_only,0.0008197920000000001,0.000833229,0.000823265475,0.0008689356,788496,7.511155631944894e-16,6.162754322893893e-15
20260316_121419,2026-03-16T12:14:19.103,gaussian,short_wide,64,512,8.000000,20260310,1,dgeqp3_trsm,factor_only,0.000491209,0.00051375,0.0004980660499999999,0.000547495925,1480416,7.662225892798759e-16,6.2230568029369374e-15
20260316_121419,2026-03-16T12:14:19.103,gaussian,short_wide,64,640,10.000000,20260310,1,bsqr_full,factor_only,0.001064084,0.0010975000000000002,0.0010692793500000001,0.0011723189,698304,7.4546457677752e-16,6.007454239979572e-15
20260316_121419,2026-03-16T12:14:19.103,gaussian,short_wide,64,640,10.000000,20260310,1,dgeqp3,factor_only,0.000544709,0.0005772085,0.000549662925,0.000624714975,858528,7.810874331577469e-16,6.5522527975959505e-15
20260316_121419,2026-03-16T12:14:19.103,gaussian,short_wide,64,640,10.000000,20260310,1,bsqr_rinv,factor_only,0.001101958,0.0011294585,0.0011046767500000002,0.001259383725,993296,7.4546457677752e-16,6.007454239979572e-15
20260316_121419,2026-03-16T12:14:19.103,gaussian,short_wide,64,640,10.000000,20260310,1,dgeqp3_trsm,factor_only,0.0006410000000000001,0.000684104,0.0006509383000000001,0.001506057199999997,1841888,7.810874331577469e-16,6.5522527975959505e-15
20260316_121419,2026-03-16T12:14:19.103,gaussian,short_wide,128,256,2.000000,20260310,1,bsqr_full,factor_only,0.001052292,0.0010793125,0.0010587865500000001,0.0011400217249999999,543200,8.373320207872965e-16,1.038090415474662e-14
20260316_121419,2026-03-16T12:14:19.103,gaussian,short_wide,128,256,2.000000,20260310,1,dgeqp3,factor_only,0.000593292,0.0006126045,0.0005956178,0.000657664675,626624,8.951435444118604e-16,1.10749713439502e-14
20260316_121419,2026-03-16T12:14:19.103,gaussian,short_wide,128,256,2.000000,20260310,1,bsqr_rinv,factor_only,0.001063542,0.001093625,0.001064689675,0.001181952175,674352,8.373320207872965e-16,1.038090415474662e-14
20260316_121419,2026-03-16T12:14:19.103,gaussian,short_wide,128,256,2.000000,20260310,1,dgeqp3_trsm,factor_only,0.0006767090000000001,0.0007130205,0.000690845775,0.0008105206499999999,1413376,8.951435444118604e-16,1.10749713439502e-14
20260316_121419,2026-03-16T12:14:19.103,gaussian,short_wide,128,512,4.000000,20260310,1,bsqr_full,factor_only,0.0025825830000000003,0.0027805625,0.00263973765,0.0028480437500000002,1083872,9.11305729556066e-16,1.0585872850415557e-14
20260316_121419,2026-03-16T12:14:19.103,gaussian,short_wide,128,512,4.000000,20260310,1,dgeqp3,factor_only,0.001373625,0.0015617500000000002,0.0013831710750000002,0.001702632625,1218496,9.426998103366272e-16,1.1025557048594668e-14
20260316_121419,2026-03-16T12:14:19.103,gaussian,short_wide,128,512,4.000000,20260310,1,bsqr_rinv,factor_only,0.0026558330000000002,0.0028211245,0.002669064975,0.0029095484000000002,1477168,9.11305729556066e-16,1.0585872850415557e-14
20260316_121419,2026-03-16T12:14:19.103,gaussian,short_wide,128,512,4.000000,20260310,1,dgeqp3_trsm,factor_only,0.0016066670000000002,0.001740208,0.00161207405,0.0025486331499999966,2791680,9.426998103366272e-16,1.1025557048594668e-14
20260316_121419,2026-03-16T12:14:19.103,gaussian,short_wide,128,1024,8.000000,20260310,1,bsqr_full,factor_only,0.004806416,0.00493925,0.004812367525,0.0057197709249999975,2165216,9.204584614748929e-16,1.1061946855717139e-14
20260316_121419,2026-03-16T12:14:19.103,gaussian,short_wide,128,1024,8.000000,20260310,1,dgeqp3,factor_only,0.002301041,0.0025023335,0.002334693325,0.0034710509499999986,2402240,9.586999385439055e-16,1.1640526242008219e-14
20260316_121419,2026-03-16T12:14:19.103,gaussian,short_wide,128,1024,8.000000,20260310,1,bsqr_rinv,factor_only,0.004806625,0.005041646,0.00485408205,0.006169579874999997,3082800,9.204584614748929e-16,1.1061946855717139e-14
20260316_121419,2026-03-16T12:14:19.103,gaussian,short_wide,128,1024,8.000000,20260310,1,dgeqp3_trsm,factor_only,0.0027287920000000003,0.002921854,0.002767458425,0.0050533282749999995,5548288,9.586999385439055e-16,1.1640526242008219e-14
20260316_121419,2026-03-16T12:14:19.103,gaussian,short_wide,128,1280,10.000000,20260310,1,bsqr_full,factor_only,0.005687459000000001,0.005950729,0.005708393375000001,0.0069842277,2705888,8.782555458091536e-16,1.0510407525464545e-14
20260316_121419,2026-03-16T12:14:19.103,gaussian,short_wide,128,1280,10.000000,20260310,1,dgeqp3,factor_only,0.002883084,0.003023146,0.0028870106,0.0036747009499999987,2994112,9.050736686012935e-16,1.072921556293721e-14
20260316_121419,2026-03-16T12:14:19.103,gaussian,short_wide,128,1280,10.000000,20260310,1,bsqr_rinv,factor_only,0.005849708,0.006087666,0.0058690713000000005,0.007377924574999998,3885616,8.782555458091536e-16,1.0510407525464545e-14
20260316_121419,2026-03-16T12:14:19.103,gaussian,short_wide,128,1280,10.000000,20260310,1,dgeqp3_trsm,factor_only,0.003290542,0.003533417,0.003292777175,0.005761314025,6926592,9.050736686012935e-16,1.072921556293721e-14
20260316_121419,2026-03-16T12:14:19.103,gaussian,short_wide,256,512,2.000000,20260310,1,bsqr_full,factor_only,0.007031000000000001,0.0071535,0.007038552325,0.008056531099999998,2133440,1.0602547282698988e-15,2.0397104227669935e-14
20260316_121419,2026-03-16T12:14:19.103,gaussian,short_wide,256,512,2.000000,20260310,1,dgeqp3,factor_only,0.0030007500000000004,0.0031309790000000003,0.0030315320500000006,0.0036380835749999984,2268064,1.1158782236690142e-15,2.0394316049097268e-14
20260316_121419,2026-03-16T12:14:19.103,gaussian,short_wide,256,512,2.000000,20260310,1,bsqr_rinv,factor_only,0.007068209000000001,0.0072036045,0.00708645435,0.007800480674999999,2657808,1.0602547282698988e-15,2.0397104227669935e-14
20260316_121419,2026-03-16T12:14:19.103,gaussian,short_wide,256,512,2.000000,20260310,1,dgeqp3_trsm,factor_only,0.0034300000000000003,0.0035316875,0.003435104725,0.005325245274999999,5414112,1.1158782236690142e-15,2.0394316049097268e-14
20260316_121419,2026-03-16T12:14:19.103,gaussian,short_wide,256,1024,4.000000,20260310,1,bsqr_full,factor_only,0.012789833,0.013332937500000001,0.012823727475000001,0.014628678275000001,4263360,1.103516382992093e-15,1.9866880571637028e-14
20260316_121419,2026-03-16T12:14:19.103,gaussian,short_wide,256,1024,4.000000,20260310,1,dgeqp3,factor_only,0.005697583,0.005841708,0.005698791575000001,0.0074813133,4500384,1.1690823879598292e-15,2.0322563413181e-14
20260316_121419,2026-03-16T12:14:19.103,gaussian,short_wide,256,1024,4.000000,20260310,1,bsqr_rinv,factor_only,0.012802375000000001,0.0133985,0.01285569295,0.015995406900000002,5836304,1.103516382992093e-15,1.9866880571637028e-14
20260316_121419,2026-03-16T12:14:19.103,gaussian,short_wide,256,1024,4.000000,20260310,1,dgeqp3_trsm,factor_only,0.006471583,0.006871666500000001,0.00654846345,0.008991053925,10792160,1.1690823879598292e-15,2.0322563413181e-14
20260316_121419,2026-03-16T12:14:19.103,gaussian,short_wide,256,2048,8.000000,20260310,1,bsqr_full,factor_only,0.02262625,0.0231950205,0.022681259375,0.026379275299999998,8523200,1.133759677140803e-15,1.957916491850602e-14
20260316_121419,2026-03-16T12:14:19.103,gaussian,short_wide,256,2048,8.000000,20260310,1,dgeqp3,factor_only,0.010659,0.0114219995,0.010688725,0.013213567800000001,8997792,1.2078015360129928e-15,2.0394085567114e-14
20260316_121419,2026-03-16T12:14:19.103,gaussian,short_wide,256,2048,8.000000,20260310,1,bsqr_rinv,factor_only,0.022995833,0.02394775,0.023188592375000004,0.026803059075,12193296,1.133759677140803e-15,1.957916491850602e-14
20260316_121419,2026-03-16T12:14:19.103,gaussian,short_wide,256,2048,8.000000,20260310,1,dgeqp3_trsm,factor_only,0.013392833000000002,0.014129625000000002,0.013403979875000003,0.01553915625,21581024,1.2078015360129928e-15,2.0394085567114e-14
20260316_121419,2026-03-16T12:14:19.103,gaussian,short_wide,256,2560,10.000000,20260310,1,bsqr_full,factor_only,0.027637000000000002,0.028945479500000003,0.027960682775000002,0.03163003575000001,10653120,1.1407262509198185e-15,1.9730067624044353e-14
20260316_121419,2026-03-16T12:14:19.103,gaussian,short_wide,256,2560,10.000000,20260310,1,dgeqp3,factor_only,0.013009667,0.0140722915,0.01305639905,0.015917092,11230112,1.2151751335088374e-15,2.0409244228624337e-14
20260316_121419,2026-03-16T12:14:19.103,gaussian,short_wide,256,2560,10.000000,20260310,1,bsqr_rinv,factor_only,0.028660667,0.031209291500000003,0.028786816275,0.035138405149999996,15371792,1.1407262509198185e-15,1.9730067624044353e-14
20260316_121419,2026-03-16T12:14:19.103,gaussian,short_wide,256,2560,10.000000,20260310,1,dgeqp3_trsm,factor_only,0.016161542,0.0171573125,0.016302161550000003,0.029492068899999953,26959072,1.2151751335088374e-15,2.0409244228624337e-14
20260316_121419,2026-03-16T12:14:19.103,gaussian,short_wide,512,1024,2.000000,20260310,1,bsqr_full,factor_only,0.034150042000000005,0.035600875000000004,0.034276070925,0.03809793845,8459744,1.4139485609722735e-15,3.8059663648159884e-14
20260316_121419,2026-03-16T12:14:19.103,gaussian,short_wide,512,1024,2.000000,20260310,1,dgeqp3,factor_only,0.013203292,0.013649687,0.013224437350000002,0.015629801375000002,8696736,1.4648735822845601e-15,3.87329713268932e-14
20260316_121419,2026-03-16T12:14:19.103,gaussian,short_wide,512,1024,2.000000,20260310,1,bsqr_rinv,factor_only,0.034546083000000005,0.036020500000000004,0.034580581400000004,0.04429156344999998,10556976,1.4139485609722735e-15,3.8059663648159884e-14
20260316_121419,2026-03-16T12:14:19.103,gaussian,short_wide,512,1024,2.000000,20260310,1,dgeqp3_trsm,factor_only,0.015460625,0.016666125,0.015496179725000003,0.018488779724999998,21279968,1.4648735822845601e-15,3.87329713268932e-14
20260316_121419,2026-03-16T12:14:19.103,gaussian,short_wide,512,2048,4.000000,20260310,1,bsqr_full,factor_only,0.06909812500000001,0.0737253955,0.06930701562500001,0.13760486562499996,16913888,1.5022231563003954e-15,3.809616368149937e-14
20260316_121419,2026-03-16T12:14:19.103,gaussian,short_wide,512,2048,4.000000,20260310,1,dgeqp3,factor_only,0.027059833000000002,0.027868583000000002,0.027131638450000002,0.03041204005,17388448,1.5596578191714302e-15,3.8350458775905766e-14
20260316_121419,2026-03-16T12:14:19.103,gaussian,short_wide,512,2048,4.000000,20260310,1,bsqr_rinv,factor_only,0.067481208,0.068883917,0.067502323625,0.09487167122499993,23205424,1.5022231563003954e-15,3.809616368149937e-14
20260316_121419,2026-03-16T12:14:19.103,gaussian,short_wide,512,2048,4.000000,20260310,1,dgeqp3_trsm,factor_only,0.031553583,0.033089396,0.031692057999999995,0.0659557128,42554592,1.5596578191714302e-15,3.8350458775905766e-14
20260316_121419,2026-03-16T12:14:19.103,gaussian,short_wide,512,4096,8.000000,20260310,1,bsqr_full,factor_only,0.20652225000000002,0.23574775,0.207269675175,0.263333156425,33822176,1.54559346125524e-15,3.792293656704104e-14
20260316_121419,2026-03-16T12:14:19.103,gaussian,short_wide,512,4096,8.000000,20260310,1,dgeqp3,factor_only,0.07005870800000001,0.08400739600000001,0.07044347202500001,0.09320110175,34739104,1.6102969779176026e-15,3.859792656561285e-14
20260316_121419,2026-03-16T12:14:19.103,gaussian,short_wide,512,4096,8.000000,20260310,1,bsqr_rinv,factor_only,0.209465125,0.21617370800000002,0.21046170190000002,0.25509026265,50599472,1.54559346125524e-15,3.792293656704104e-14
20260316_121419,2026-03-16T12:14:19.103,gaussian,short_wide,512,4096,8.000000,20260310,1,dgeqp3_trsm,factor_only,0.080720916,0.0910128335,0.0820003902,0.14357493124999993,87168224,1.6102969779176026e-15,3.859792656561285e-14
20260316_121419,2026-03-16T12:14:19.103,gaussian,short_wide,512,5120,10.000000,20260310,1,bsqr_full,factor_only,0.364984291,0.38097827050000005,0.36547501402500004,0.41203825602500005,42472928,1.5590312136534444e-15,3.8052755870392326e-14
20260316_121419,2026-03-16T12:14:19.103,gaussian,short_wide,512,5120,10.000000,20260310,1,dgeqp3,factor_only,0.143160125,0.14870379150000002,0.144048914825,0.24762598437499983,43422624,1.6211262781385581e-15,3.8540326779773534e-14
20260316_121419,2026-03-16T12:14:19.103,gaussian,short_wide,512,5120,10.000000,20260310,1,bsqr_rinv,factor_only,0.36367987500000004,0.3695804795,0.36394718750000005,0.40304648772499996,63444528,1.5590312136534444e-15,3.8052755870392326e-14
20260316_121419,2026-03-16T12:14:19.103,gaussian,short_wide,512,5120,10.000000,20260310,1,dgeqp3_trsm,factor_only,0.163701583,0.182315042,0.16409320800000002,0.2324376560499999,108434656,1.6211262781385581e-15,3.8540326779773534e-14
20260316_121419,2026-03-16T12:14:19.103,ill_conditioned,square,64,64,1.000000,20260310,1,bsqr_full,factor_only,4.5083e-5,5.7834e-5,4.5173625000000006e-5,6.606075000000001e-5,71616,6.084064098580611e-16,5.84648664233054e-15
20260316_121419,2026-03-16T12:14:19.103,ill_conditioned,square,64,64,1.000000,20260310,1,dgeqp3,factor_only,3.7917e-5,4.2166500000000004e-5,3.824905e-5,8.683299999999992e-5,85408,6.047844850861847e-16,6.537375931509517e-15
20260316_121419,2026-03-16T12:14:19.103,ill_conditioned,square,64,64,1.000000,20260310,1,bsqr_rinv,factor_only,4.75e-5,5.65415e-5,4.7741425000000005e-5,7.394919999999998e-5,71664,6.084064098580611e-16,5.84648664233054e-15
20260316_121419,2026-03-16T12:14:19.103,ill_conditioned,square,64,64,1.000000,20260310,1,dgeqp3_trsm,factor_only,2.8958000000000003e-5,2.9521e-5,2.9048625e-5,3.516562499999999e-5,85408,6.047844850861847e-16,6.537375931509517e-15
20260316_121419,2026-03-16T12:14:19.103,ill_conditioned,square,128,128,1.000000,20260310,1,bsqr_full,factor_only,0.00027270800000000003,0.000285604,0.0002740072,0.00029483860000000005,273120,5.953573958688276e-16,1.0393713302236559e-14
20260316_121419,2026-03-16T12:14:19.103,ill_conditioned,square,128,128,1.000000,20260310,1,dgeqp3,factor_only,0.000170833,0.00017879200000000002,0.00017095407500000002,0.00018621112500000003,330720,7.167586266575395e-16,1.1287298133042172e-14
20260316_121419,2026-03-16T12:14:19.103,ill_conditioned,square,128,128,1.000000,20260310,1,bsqr_rinv,factor_only,0.000281125,0.00030506200000000004,0.00028151795,0.0003959144,273168,5.953573958688276e-16,1.0393713302236559e-14
20260316_121419,2026-03-16T12:14:19.103,ill_conditioned,square,128,128,1.000000,20260310,1,dgeqp3_trsm,factor_only,0.000175625,0.00018254150000000002,0.000177497675,0.000186254875,330720,7.167586266575395e-16,1.1287298133042172e-14
20260316_121419,2026-03-16T12:14:19.103,ill_conditioned,square,256,256,1.000000,20260310,1,bsqr_full,factor_only,0.0026533750000000004,0.0027532915000000003,0.0026808648250000004,0.0028252973000000006,1068480,6.17190551705094e-16,1.988836133642453e-14
20260316_121419,2026-03-16T12:14:19.103,ill_conditioned,square,256,256,1.000000,20260310,1,dgeqp3,factor_only,0.001595625,0.0016154790000000002,0.0015965008,0.001661897825,1151904,8.092165188510098e-16,2.0502027308857648e-14
20260316_121419,2026-03-16T12:14:19.103,ill_conditioned,square,256,256,1.000000,20260310,1,bsqr_rinv,factor_only,0.002692208,0.0027194165000000003,0.002700183,0.0027585572000000005,1068528,6.17190551705094e-16,1.988836133642453e-14
20260316_121419,2026-03-16T12:14:19.103,ill_conditioned,square,256,256,1.000000,20260310,1,dgeqp3_trsm,factor_only,0.0015538330000000001,0.001611208,0.0015799931750000002,0.001624760175,1151904,8.092165188510098e-16,2.0502027308857648e-14
20260316_121419,2026-03-16T12:14:19.103,ill_conditioned,square,384,384,1.000000,20260310,1,bsqr_full,factor_only,0.006960208000000001,0.0071367495,0.006974315775,0.00790024405,2388416,7.866541197097873e-16,2.8999849877093304e-14
20260316_121419,2026-03-16T12:14:19.103,ill_conditioned,square,384,384,1.000000,20260310,1,dgeqp3,factor_only,0.0033787500000000002,0.003440396,0.0033900172250000003,0.0038001683749999994,2497440,8.294129572758968e-16,2.9236693747537044e-14
20260316_121419,2026-03-16T12:14:19.103,ill_conditioned,square,384,384,1.000000,20260310,1,bsqr_rinv,factor_only,0.006929375000000001,0.0071223960000000005,0.0069813633000000005,0.007732276099999999,2388464,7.866541197097873e-16,2.8999849877093304e-14
20260316_121419,2026-03-16T12:14:19.103,ill_conditioned,square,384,384,1.000000,20260310,1,dgeqp3_trsm,factor_only,0.0031109590000000004,0.003418,0.003192490325,0.003721999574999999,2497440,8.294129572758968e-16,2.9236693747537044e-14
20260316_121419,2026-03-16T12:14:19.103,ill_conditioned,square,512,512,1.000000,20260310,1,bsqr_full,factor_only,0.014405917,0.014844125000000001,0.014511102175000002,0.017132715625,4232672,8.386738228599949e-16,3.769681438281473e-14
20260316_121419,2026-03-16T12:14:19.103,ill_conditioned,square,512,512,1.000000,20260310,1,dgeqp3,factor_only,0.007158375000000001,0.0073035625,0.007170578925000001,0.008862071574999998,4367264,9.01309529149875e-16,3.844225448921347e-14
20260316_121419,2026-03-16T12:14:19.103,ill_conditioned,square,512,512,1.000000,20260310,1,bsqr_rinv,factor_only,0.014594334,0.014854292000000002,0.014607112125,0.016964535750000002,4232720,8.386738228599949e-16,3.769681438281473e-14
20260316_121419,2026-03-16T12:14:19.103,ill_conditioned,square,512,512,1.000000,20260310,1,dgeqp3_trsm,factor_only,0.00692375,0.0070712710000000005,0.006934685175,0.008536120924999998,4367264,9.01309529149875e-16,3.844225448921347e-14
20260316_121419,2026-03-16T12:14:19.103,ill_conditioned,short_wide,32,64,2.000000,20260310,1,bsqr_full,factor_only,2.0917e-5,2.125e-5,2.0946725000000002e-5,2.875937499999998e-5,38592,3.3145355355388735e-16,3.420671241488939e-15
20260316_121419,2026-03-16T12:14:19.103,ill_conditioned,short_wide,32,64,2.000000,20260310,1,dgeqp3,factor_only,1.2791e-5,1.3000000000000001e-5,1.2791725e-5,1.7932999999999986e-5,52384,5.231063826450243e-16,3.2098676852220476e-15
20260316_121419,2026-03-16T12:14:19.103,ill_conditioned,short_wide,32,64,2.000000,20260310,1,bsqr_rinv,factor_only,2.1792e-5,2.2458e-5,2.1792e-5,3.4781249999999995e-5,46864,3.3145355355388735e-16,3.420671241488939e-15
20260316_121419,2026-03-16T12:14:19.103,ill_conditioned,short_wide,32,64,2.000000,20260310,1,dgeqp3_trsm,factor_only,1.7583e-5,2.05835e-5,1.7583e-5,3.391984999999998e-5,101856,5.231063826450243e-16,3.2098676852220476e-15
20260316_121419,2026-03-16T12:14:19.103,ill_conditioned,short_wide,32,128,4.000000,20260310,1,bsqr_full,factor_only,3.9292e-5,3.99165e-5,3.9321725e-5,4.9191999999999986e-5,75712,4.048141825618265e-16,3.251638935743897e-15
20260316_121419,2026-03-16T12:14:19.103,ill_conditioned,short_wide,32,128,4.000000,20260310,1,dgeqp3,factor_only,2.3916000000000003e-5,2.4875e-5,2.4309675e-5,3.3087349999999994e-5,133312,5.612399834352731e-16,3.402887607384437e-15
20260316_121419,2026-03-16T12:14:19.103,ill_conditioned,short_wide,32,128,4.000000,20260310,1,bsqr_rinv,factor_only,4.1458e-5,4.19585e-5,4.1548625000000006e-5,5.1722674999999977e-5,100368,4.048141825618265e-16,3.251638935743897e-15
20260316_121419,2026-03-16T12:14:19.103,ill_conditioned,short_wide,32,128,4.000000,20260310,1,dgeqp3_trsm,factor_only,3.6917e-5,3.95415e-5,3.694745e-5,5.158807499999999e-5,231936,5.612399834352731e-16,3.402887607384437e-15
20260316_121419,2026-03-16T12:14:19.103,ill_conditioned,short_wide,32,256,8.000000,20260310,1,bsqr_full,factor_only,8.225000000000001e-5,8.6729e-5,8.2310175e-5,0.000100566275,149184,3.7753127104356606e-16,2.804578555146081e-15
20260316_121419,2026-03-16T12:14:19.103,ill_conditioned,short_wide,32,256,8.000000,20260310,1,dgeqp3,factor_only,4.7042e-5,5.2083500000000004e-5,4.722325e-5,6.437325e-5,232608,3.8152024442661836e-16,3.051940516563145e-15
20260316_121419,2026-03-16T12:14:19.103,ill_conditioned,short_wide,32,256,8.000000,20260310,1,bsqr_rinv,factor_only,8.4666e-5,9.26665e-5,8.490815e-5,9.940202499999999e-5,214800,3.7753127104356606e-16,2.804578555146081e-15
20260316_121419,2026-03-16T12:14:19.103,ill_conditioned,short_wide,32,256,8.000000,20260310,1,dgeqp3_trsm,factor_only,6.6584e-5,8.10625e-5,6.66739e-5,8.7289025e-5,437728,3.8152024442661836e-16,3.051940516563145e-15
20260316_121419,2026-03-16T12:14:19.103,ill_conditioned,short_wide,32,320,10.000000,20260310,1,bsqr_full,factor_only,0.00010816600000000001,0.0001131665,0.00010822690000000001,0.00011990705,218816,5.62975352745399e-16,2.9537108258722998e-15
20260316_121419,2026-03-16T12:14:19.103,ill_conditioned,short_wide,32,320,10.000000,20260310,1,dgeqp3,factor_only,6.270800000000001e-5,6.41045e-5,6.282907500000002e-5,7.144332499999999e-5,298656,3.909886250691476e-16,3.383202277478144e-15
20260316_121419,2026-03-16T12:14:19.103,ill_conditioned,short_wide,32,320,10.000000,20260310,1,bsqr_rinv,factor_only,0.00011666700000000001,0.0001230205,0.000119295125,0.00013084047500000001,317200,5.62975352745399e-16,2.9537108258722998e-15
20260316_121419,2026-03-16T12:14:19.103,ill_conditioned,short_wide,32,320,10.000000,20260310,1,dgeqp3_trsm,factor_only,9.675000000000001e-5,0.000108917,9.789767500000001e-5,0.000126205025,602080,3.909886250691476e-16,3.383202277478144e-15
20260316_121419,2026-03-16T12:14:19.103,ill_conditioned,short_wide,64,128,2.000000,20260310,1,bsqr_full,factor_only,0.000104542,0.00010825,0.00010466235,0.0001225939,141504,4.3905432260402193e-16,6.05010129020505e-15
20260316_121419,2026-03-16T12:14:19.103,ill_conditioned,short_wide,64,128,2.000000,20260310,1,dgeqp3,factor_only,6.191700000000001e-5,6.60835e-5,6.2007625e-5,7.0277325e-5,199104,5.102776702945381e-16,6.839713254589383e-15
20260316_121419,2026-03-16T12:14:19.103,ill_conditioned,short_wide,64,128,2.000000,20260310,1,bsqr_rinv,factor_only,0.00010929200000000001,0.00011366700000000001,0.00011149672500000001,0.000123334375,174352,4.3905432260402193e-16,6.05010129020505e-15
20260316_121419,2026-03-16T12:14:19.103,ill_conditioned,short_wide,64,128,2.000000,20260310,1,dgeqp3_trsm,factor_only,8.3584e-5,9.2583e-5,8.6845775e-5,0.00010870000000000001,396032,5.102776702945381e-16,6.839713254589383e-15
20260316_121419,2026-03-16T12:14:19.103,ill_conditioned,short_wide,64,256,4.000000,20260310,1,bsqr_full,factor_only,0.000276167,0.0002881665,0.000279338875,0.00029717717500000004,280512,4.815505047136756e-16,6.072247796434565e-15
20260316_121419,2026-03-16T12:14:19.103,ill_conditioned,short_wide,64,256,4.000000,20260310,1,dgeqp3,factor_only,0.000140209,0.0001429375,0.00014048015,0.00015765175,363936,5.675907250853972e-16,6.291270355300022e-15
20260316_121419,2026-03-16T12:14:19.103,ill_conditioned,short_wide,64,256,4.000000,20260310,1,bsqr_rinv,factor_only,0.00029104200000000004,0.00029931200000000004,0.000291464675,0.000308491725,378896,4.815505047136756e-16,6.072247796434565e-15
20260316_121419,2026-03-16T12:14:19.103,ill_conditioned,short_wide,64,256,4.000000,20260310,1,dgeqp3_trsm,factor_only,0.00019583300000000002,0.00021525,0.00019628685000000002,0.00022220567500000002,757472,5.675907250853972e-16,6.291270355300022e-15
20260316_121419,2026-03-16T12:14:19.103,ill_conditioned,short_wide,64,512,8.000000,20260310,1,bsqr_full,factor_only,0.000785292,0.0008108340000000001,0.000794777175,0.000838001375,559040,4.298407842348501e-16,6.078304864208021e-15
20260316_121419,2026-03-16T12:14:19.103,ill_conditioned,short_wide,64,512,8.000000,20260310,1,dgeqp3,factor_only,0.00042275,0.00043214550000000005,0.0004228109,0.000449200425,693664,4.758503831989428e-16,6.6377245412495005e-15
20260316_121419,2026-03-16T12:14:19.103,ill_conditioned,short_wide,64,512,8.000000,20260310,1,bsqr_rinv,factor_only,0.0008165840000000001,0.0008341665000000001,0.00081866765,0.0008633133000000001,788496,4.298407842348501e-16,6.078304864208021e-15
20260316_121419,2026-03-16T12:14:19.103,ill_conditioned,short_wide,64,512,8.000000,20260310,1,dgeqp3_trsm,factor_only,0.000510709,0.000523729,0.000514363725,0.0005437763750000001,1480416,4.758503831989428e-16,6.6377245412495005e-15
20260316_121419,2026-03-16T12:14:19.103,ill_conditioned,short_wide,64,640,10.000000,20260310,1,bsqr_full,factor_only,0.0010606670000000002,0.001100646,0.00106694985,0.001139271075,698304,5.042678105541967e-16,6.369370155818731e-15
20260316_121419,2026-03-16T12:14:19.103,ill_conditioned,short_wide,64,640,10.000000,20260310,1,dgeqp3,factor_only,0.0005642090000000001,0.0005870210000000001,0.0005650239,0.0006308103250000001,858528,5.130868727960114e-16,6.5264656578262446e-15
20260316_121419,2026-03-16T12:14:19.103,ill_conditioned,short_wide,64,640,10.000000,20260310,1,bsqr_rinv,factor_only,0.001093666,0.0011289590000000001,0.0010938777,0.001161677325,993296,5.042678105541967e-16,6.369370155818731e-15
20260316_121419,2026-03-16T12:14:19.103,ill_conditioned,short_wide,64,640,10.000000,20260310,1,dgeqp3_trsm,factor_only,0.000644041,0.000711646,0.0006447362750000001,0.0019191524749999941,1841888,5.130868727960114e-16,6.5264656578262446e-15
20260316_121419,2026-03-16T12:14:19.103,ill_conditioned,short_wide,128,256,2.000000,20260310,1,bsqr_full,factor_only,0.001060542,0.0010823955,0.0010622638750000001,0.00116867935,543200,5.623536981645376e-16,1.047469328347716e-14
20260316_121419,2026-03-16T12:14:19.103,ill_conditioned,short_wide,128,256,2.000000,20260310,1,dgeqp3,factor_only,0.00060525,0.0006183125,0.0006065187499999999,0.0006456367,626624,7.728267049961769e-16,1.1207155889024912e-14
20260316_121419,2026-03-16T12:14:19.103,ill_conditioned,short_wide,128,256,2.000000,20260310,1,bsqr_rinv,factor_only,0.001072042,0.001099292,0.00107448815,0.001124185025,674352,5.623536981645376e-16,1.047469328347716e-14
20260316_121419,2026-03-16T12:14:19.103,ill_conditioned,short_wide,128,256,2.000000,20260310,1,dgeqp3_trsm,factor_only,0.000697833,0.000717375,0.00070215255,0.000762144175,1413376,7.728267049961769e-16,1.1207155889024912e-14
20260316_121419,2026-03-16T12:14:19.103,ill_conditioned,short_wide,128,512,4.000000,20260310,1,bsqr_full,factor_only,0.0026537920000000003,0.0027791255,0.002656208425,0.002888892225,1083872,6.255221815426867e-16,1.0791822080605813e-14
20260316_121419,2026-03-16T12:14:19.103,ill_conditioned,short_wide,128,512,4.000000,20260310,1,dgeqp3,factor_only,0.001367333,0.001605021,0.0014034923750000001,0.00167728845,1218496,6.57800004400735e-16,1.1175154302016705e-14
20260316_121419,2026-03-16T12:14:19.103,ill_conditioned,short_wide,128,512,4.000000,20260310,1,bsqr_rinv,factor_only,0.0026662500000000002,0.0028292290000000004,0.002685703925,0.0029217705,1477168,6.255221815426867e-16,1.0791822080605813e-14
20260316_121419,2026-03-16T12:14:19.103,ill_conditioned,short_wide,128,512,4.000000,20260310,1,dgeqp3_trsm,factor_only,0.001585625,0.001777771,0.0015984937500000001,0.002672331399999996,2791680,6.57800004400735e-16,1.1175154302016705e-14
20260316_121419,2026-03-16T12:14:19.103,ill_conditioned,short_wide,128,1024,8.000000,20260310,1,bsqr_full,factor_only,0.004735583000000001,0.0048983125,0.0047711986250000005,0.0060050140999999965,2165216,6.000212222928188e-16,1.0576483792954099e-14
20260316_121419,2026-03-16T12:14:19.103,ill_conditioned,short_wide,128,1024,8.000000,20260310,1,dgeqp3,factor_only,0.002386042,0.0025412710000000003,0.002405888875,0.0035290462999999963,2402240,7.423490604886907e-16,1.114529406348633e-14
20260316_121419,2026-03-16T12:14:19.103,ill_conditioned,short_wide,128,1024,8.000000,20260310,1,bsqr_rinv,factor_only,0.004831667,0.005019562500000001,0.004886706100000001,0.006169469174999996,3082800,6.000212222928188e-16,1.0576483792954099e-14
20260316_121419,2026-03-16T12:14:19.103,ill_conditioned,short_wide,128,1024,8.000000,20260310,1,dgeqp3_trsm,factor_only,0.00278925,0.0029717295000000004,0.0027963187500000004,0.006279900799999999,5548288,7.423490604886907e-16,1.114529406348633e-14
20260316_121419,2026-03-16T12:14:19.103,ill_conditioned,short_wide,128,1280,10.000000,20260310,1,bsqr_full,factor_only,0.005688167,0.005899667000000001,0.005736832625,0.007019538724999998,2705888,6.247041455766504e-16,1.0674957642893817e-14
20260316_121419,2026-03-16T12:14:19.103,ill_conditioned,short_wide,128,1280,10.000000,20260310,1,dgeqp3,factor_only,0.002850375,0.0030488955,0.00291638045,0.0038929335749999976,2994112,6.244051706841253e-16,1.1065379616079933e-14
20260316_121419,2026-03-16T12:14:19.103,ill_conditioned,short_wide,128,1280,10.000000,20260310,1,bsqr_rinv,factor_only,0.005736125000000001,0.0060741250000000005,0.005844240625000001,0.007135829074999999,3885616,6.247041455766504e-16,1.0674957642893817e-14
20260316_121419,2026-03-16T12:14:19.103,ill_conditioned,short_wide,128,1280,10.000000,20260310,1,dgeqp3_trsm,factor_only,0.003330167,0.0036312295000000003,0.0033415553000000005,0.007827283999999999,6926592,6.244051706841253e-16,1.1065379616079933e-14
20260316_121419,2026-03-16T12:14:19.103,ill_conditioned,short_wide,256,512,2.000000,20260310,1,bsqr_full,factor_only,0.007023208,0.0071806875000000004,0.007036439975000001,0.008050892149999997,2133440,7.355683396597412e-16,2.0095741051298755e-14
20260316_121419,2026-03-16T12:14:19.103,ill_conditioned,short_wide,256,512,2.000000,20260310,1,dgeqp3,factor_only,0.0035202500000000004,0.0036090835,0.0035264726750000005,0.0047226570499999945,2268064,8.087085214230534e-16,2.0534159523912726e-14
20260316_121419,2026-03-16T12:14:19.103,ill_conditioned,short_wide,256,512,2.000000,20260310,1,bsqr_rinv,factor_only,0.007060417,0.0071981665,0.007089356100000001,0.007989989524999998,2657808,7.355683396597412e-16,2.0095741051298755e-14
20260316_121419,2026-03-16T12:14:19.103,ill_conditioned,short_wide,256,512,2.000000,20260310,1,dgeqp3_trsm,factor_only,0.003869958,0.0039618125,0.0038789907750000005,0.007097065049999998,5414112,8.087085214230534e-16,2.0534159523912726e-14
20260316_121419,2026-03-16T12:14:19.103,ill_conditioned,short_wide,256,1024,4.000000,20260310,1,bsqr_full,factor_only,0.012611417000000002,0.013117416500000001,0.012712463875,0.016014284074999996,4263360,7.966842175052663e-16,1.9942734768030378e-14
20260316_121419,2026-03-16T12:14:19.103,ill_conditioned,short_wide,256,1024,4.000000,20260310,1,dgeqp3,factor_only,0.006919083,0.007044063000000001,0.0069283572000000005,0.011115720924999998,4500384,8.794730492567993e-16,2.0706630208038838e-14
20260316_121419,2026-03-16T12:14:19.103,ill_conditioned,short_wide,256,1024,4.000000,20260310,1,bsqr_rinv,factor_only,0.012842791000000001,0.0132223335,0.012864632350000002,0.016154645500000002,5836304,7.966842175052663e-16,1.9942734768030378e-14
20260316_121419,2026-03-16T12:14:19.103,ill_conditioned,short_wide,256,1024,4.000000,20260310,1,dgeqp3_trsm,factor_only,0.007674125,0.0079481045,0.007702671875000001,0.010002484525,10792160,8.794730492567993e-16,2.0706630208038838e-14
20260316_121419,2026-03-16T12:14:19.103,ill_conditioned,short_wide,256,2048,8.000000,20260310,1,bsqr_full,factor_only,0.022187167,0.0230426455,0.02245429905,0.045299193449999935,8523200,8.243924639225784e-16,1.987406901032292e-14
20260316_121419,2026-03-16T12:14:19.103,ill_conditioned,short_wide,256,2048,8.000000,20260310,1,dgeqp3,factor_only,0.014208209000000001,0.014495770500000001,0.0142336739,0.0171782973,8997792,9.224287173368434e-16,2.0314335885602174e-14
20260316_121419,2026-03-16T12:14:19.103,ill_conditioned,short_wide,256,2048,8.000000,20260310,1,bsqr_rinv,factor_only,0.022825083000000003,0.023391271,0.022871060325,0.0267641053,12193296,8.243924639225784e-16,1.987406901032292e-14
20260316_121419,2026-03-16T12:14:19.103,ill_conditioned,short_wide,256,2048,8.000000,20260310,1,dgeqp3_trsm,factor_only,0.016056,0.0170601875,0.016115359375,0.03265306577499996,21581024,9.224287173368434e-16,2.0314335885602174e-14
20260316_121419,2026-03-16T12:14:19.103,ill_conditioned,short_wide,256,2560,10.000000,20260310,1,bsqr_full,factor_only,0.027825209,0.028506854,0.0278820606,0.0314565045,10653120,8.298993542988425e-16,1.9810101227424967e-14
20260316_121419,2026-03-16T12:14:19.103,ill_conditioned,short_wide,256,2560,10.000000,20260310,1,dgeqp3,factor_only,0.017323041,0.018011791500000002,0.01735923155,0.022470832625,11230112,9.311649239473855e-16,2.0534156442672463e-14
20260316_121419,2026-03-16T12:14:19.103,ill_conditioned,short_wide,256,2560,10.000000,20260310,1,bsqr_rinv,factor_only,0.028221917000000003,0.0311031875,0.028438752175000002,0.06611965842499991,15371792,8.298993542988425e-16,1.9810101227424967e-14
20260316_121419,2026-03-16T12:14:19.103,ill_conditioned,short_wide,256,2560,10.000000,20260310,1,dgeqp3_trsm,factor_only,0.01981625,0.021471583000000002,0.0199461758,0.06343382484999999,26959072,9.311649239473855e-16,2.0534156442672463e-14
20260316_121419,2026-03-16T12:14:19.103,ill_conditioned,short_wide,512,1024,2.000000,20260310,1,bsqr_full,factor_only,0.033931,0.035243646000000003,0.034017909375,0.03798982245,8459744,1.0355720661679563e-15,3.808803367303382e-14
20260316_121419,2026-03-16T12:14:19.103,ill_conditioned,short_wide,512,1024,2.000000,20260310,1,dgeqp3,factor_only,0.01714825,0.017612521000000003,0.017194015625,0.01958588655,8696736,1.0692086357841354e-15,3.824848857089762e-14
20260316_121419,2026-03-16T12:14:19.103,ill_conditioned,short_wide,512,1024,2.000000,20260310,1,bsqr_rinv,factor_only,0.033400334000000004,0.0354288335,0.033745463725,0.038869222824999994,10556976,1.0355720661679563e-15,3.808803367303382e-14
20260316_121419,2026-03-16T12:14:19.103,ill_conditioned,short_wide,512,1024,2.000000,20260310,1,dgeqp3_trsm,factor_only,0.018877667,0.019691562000000003,0.018931981100000002,0.031129647449999957,21279968,1.0692086357841354e-15,3.824848857089762e-14
20260316_121419,2026-03-16T12:14:19.103,ill_conditioned,short_wide,512,2048,4.000000,20260310,1,bsqr_full,factor_only,0.066140458,0.068088646,0.06638149005,0.07975680449999999,16913888,1.1048108401956203e-15,3.7871593793721226e-14
20260316_121419,2026-03-16T12:14:19.103,ill_conditioned,short_wide,512,2048,4.000000,20260310,1,dgeqp3,factor_only,0.036565458,0.0375672715,0.036723478275000006,0.05543447362499995,17388448,1.131088822472298e-15,3.849374920167758e-14
20260316_121419,2026-03-16T12:14:19.103,ill_conditioned,short_wide,512,2048,4.000000,20260310,1,bsqr_rinv,factor_only,0.068115834,0.069356208,0.0681531106,0.073578041,23205424,1.1048108401956203e-15,3.7871593793721226e-14
20260316_121419,2026-03-16T12:14:19.103,ill_conditioned,short_wide,512,2048,4.000000,20260310,1,dgeqp3_trsm,factor_only,0.040924334,0.042587708,0.0411098731,0.07585433220000001,42554592,1.131088822472298e-15,3.849374920167758e-14
20260316_121419,2026-03-16T12:14:19.103,ill_conditioned,short_wide,512,4096,8.000000,20260310,1,bsqr_full,factor_only,0.21183475000000002,0.21565902150000002,0.21291299460000002,0.22614818612499998,33822176,1.1240304673239617e-15,3.790576369262771e-14
20260316_121419,2026-03-16T12:14:19.103,ill_conditioned,short_wide,512,4096,8.000000,20260310,1,dgeqp3,factor_only,0.089634709,0.09215991650000001,0.089845502025,0.095309196875,34739104,1.182467514165501e-15,3.825223810613039e-14
20260316_121419,2026-03-16T12:14:19.103,ill_conditioned,short_wide,512,4096,8.000000,20260310,1,bsqr_rinv,factor_only,0.21438425000000003,0.222385083,0.21474621545,0.3452571208499998,50599472,1.1240304673239617e-15,3.790576369262771e-14
20260316_121419,2026-03-16T12:14:19.103,ill_conditioned,short_wide,512,4096,8.000000,20260310,1,dgeqp3_trsm,factor_only,0.101639375,0.12069239600000001,0.1046706,0.214644029225,87168224,1.182467514165501e-15,3.825223810613039e-14
20260316_121419,2026-03-16T12:14:19.103,ill_conditioned,short_wide,512,5120,10.000000,20260310,1,bsqr_full,factor_only,0.366478542,0.3742331045,0.366659106475,0.43961266402500004,42472928,1.1143517488280985e-15,3.817271527389363e-14
20260316_121419,2026-03-16T12:14:19.103,ill_conditioned,short_wide,512,5120,10.000000,20260310,1,dgeqp3,factor_only,0.17124125,0.17566304200000002,0.1719211544,0.1830739001,43422624,1.1635901042356727e-15,3.852810502524772e-14
20260316_121419,2026-03-16T12:14:19.103,ill_conditioned,short_wide,512,5120,10.000000,20260310,1,bsqr_rinv,factor_only,0.36948225,0.37391904200000003,0.36949208730000005,0.4318958876,63444528,1.1143517488280985e-15,3.817271527389363e-14
20260316_121419,2026-03-16T12:14:19.103,ill_conditioned,short_wide,512,5120,10.000000,20260310,1,dgeqp3_trsm,factor_only,0.193499833,0.19830254200000003,0.1935498334,0.25595165019999994,108434656,1.1635901042356727e-15,3.852810502524772e-14
20260316_121419,2026-03-16T12:14:19.103,orthonormal_rows,square,64,64,1.000000,20260310,1,bsqr_full,factor_only,4.4875e-5,5.3896e-5,4.493517500000001e-5,6.612622499999999e-5,71616,6.417070649550043e-16,5.93956046101127e-15
20260316_121419,2026-03-16T12:14:19.103,orthonormal_rows,square,64,64,1.000000,20260310,1,dgeqp3,factor_only,2.8416e-5,3.0416500000000003e-5,2.8567525000000002e-5,3.9482775e-5,85408,6.731638259107574e-16,6.370055107280079e-15
20260316_121419,2026-03-16T12:14:19.103,orthonormal_rows,square,64,64,1.000000,20260310,1,bsqr_rinv,factor_only,4.3708e-5,4.4271000000000004e-5,4.3798625000000006e-5,5.128372499999998e-5,71664,6.417070649550043e-16,5.93956046101127e-15
20260316_121419,2026-03-16T12:14:19.103,orthonormal_rows,square,64,64,1.000000,20260310,1,dgeqp3_trsm,factor_only,2.8542000000000002e-5,2.8854500000000003e-5,2.8602175e-5,3.2824349999999993e-5,85408,6.731638259107574e-16,6.370055107280079e-15
20260316_121419,2026-03-16T12:14:19.103,orthonormal_rows,square,128,128,1.000000,20260310,1,bsqr_full,factor_only,0.00027358300000000004,0.0002809375,0.000274247825,0.000289515475,273120,8.32549716320858e-16,1.0384149346838285e-14
20260316_121419,2026-03-16T12:14:19.103,orthonormal_rows,square,128,128,1.000000,20260310,1,dgeqp3,factor_only,0.000168875,0.00017993700000000002,0.000169116425,0.00018981155,330720,8.400139388077895e-16,1.0736148595612819e-14
20260316_121419,2026-03-16T12:14:19.103,orthonormal_rows,square,128,128,1.000000,20260310,1,bsqr_rinv,factor_only,0.00027275000000000004,0.00028089550000000003,0.000273504725,0.00028866482499999996,273168,8.32549716320858e-16,1.0384149346838285e-14
20260316_121419,2026-03-16T12:14:19.103,orthonormal_rows,square,128,128,1.000000,20260310,1,dgeqp3_trsm,factor_only,0.00016875,0.00017795850000000001,0.00016884062499999999,0.00018322172500000002,330720,8.400139388077895e-16,1.0736148595612819e-14
20260316_121419,2026-03-16T12:14:19.103,orthonormal_rows,square,256,256,1.000000,20260310,1,bsqr_full,factor_only,0.0026962080000000003,0.0027295210000000004,0.0026987455,0.0027870359,1068480,1.0051366365050383e-15,1.960504534666056e-14
20260316_121419,2026-03-16T12:14:19.103,orthonormal_rows,square,256,256,1.000000,20260310,1,dgeqp3,factor_only,0.001443292,0.0014775625000000001,0.0014509646750000002,0.0014997698500000003,1151904,1.0414191080853932e-15,2.0230496031497135e-14
20260316_121419,2026-03-16T12:14:19.103,orthonormal_rows,square,256,256,1.000000,20260310,1,bsqr_rinv,factor_only,0.002675541,0.002733979,0.0026901628,0.0027967545,1068528,1.0051366365050383e-15,1.960504534666056e-14
20260316_121419,2026-03-16T12:14:19.103,orthonormal_rows,square,256,256,1.000000,20260310,1,dgeqp3_trsm,factor_only,0.0014414170000000002,0.0014743955,0.0014440748500000001,0.0014864693250000002,1151904,1.0414191080853932e-15,2.0230496031497135e-14
20260316_121419,2026-03-16T12:14:19.103,orthonormal_rows,square,384,384,1.000000,20260310,1,bsqr_full,factor_only,0.006933833,0.007161771000000001,0.006933863450000001,0.008130789824999998,2388416,1.1721691489188583e-15,2.9387362124120564e-14
20260316_121419,2026-03-16T12:14:19.103,orthonormal_rows,square,384,384,1.000000,20260310,1,dgeqp3,factor_only,0.002739,0.002796125,0.0027448000000000004,0.0032111952749999985,2497440,1.196681628681297e-15,2.9860825527189964e-14
20260316_121419,2026-03-16T12:14:19.103,orthonormal_rows,square,384,384,1.000000,20260310,1,bsqr_rinv,factor_only,0.006900375,0.0071473330000000005,0.006954176525,0.008973274849999999,2388464,1.1721691489188583e-15,2.9387362124120564e-14
20260316_121419,2026-03-16T12:14:19.103,orthonormal_rows,square,384,384,1.000000,20260310,1,dgeqp3_trsm,factor_only,0.0030392500000000003,0.0030960000000000002,0.00304290545,0.0033923718749999986,2497440,1.196681628681297e-15,2.9860825527189964e-14
20260316_121419,2026-03-16T12:14:19.103,orthonormal_rows,square,512,512,1.000000,20260310,1,bsqr_full,factor_only,0.014570625,0.0148859165,0.014626299200000002,0.01654473315,4232672,1.3126693874777632e-15,3.797514754606759e-14
20260316_121419,2026-03-16T12:14:19.103,orthonormal_rows,square,512,512,1.000000,20260310,1,dgeqp3,factor_only,0.005764583,0.0058546045,0.005794851750000001,0.00722020015,4367264,1.3306297476321328e-15,3.804271009240442e-14
20260316_121419,2026-03-16T12:14:19.103,orthonormal_rows,square,512,512,1.000000,20260310,1,bsqr_rinv,factor_only,0.014574125,0.014906021,0.014617322674999999,0.0165133285,4232720,1.3126693874777632e-15,3.797514754606759e-14
20260316_121419,2026-03-16T12:14:19.103,orthonormal_rows,square,512,512,1.000000,20260310,1,dgeqp3_trsm,factor_only,0.0056695420000000005,0.0059322080000000004,0.00576179825,0.008571263449999996,4367264,1.3306297476321328e-15,3.804271009240442e-14
20260316_121419,2026-03-16T12:14:19.103,orthonormal_rows,short_wide,32,64,2.000000,20260310,1,bsqr_full,factor_only,2.1208e-5,2.5666500000000002e-5,2.1208725e-5,3.7241575000000004e-5,38592,5.723541236200058e-16,3.569406647792487e-15
20260316_121419,2026-03-16T12:14:19.103,orthonormal_rows,short_wide,32,64,2.000000,20260310,1,dgeqp3,factor_only,1.2250000000000001e-5,1.2666500000000001e-5,1.2340625e-5,2.6721574999999997e-5,52384,5.755785581479111e-16,3.533805047401359e-15
20260316_121419,2026-03-16T12:14:19.103,orthonormal_rows,short_wide,32,64,2.000000,20260310,1,bsqr_rinv,factor_only,2.1417000000000002e-5,2.2125000000000002e-5,2.15678e-5,3.2638874999999995e-5,46864,5.723541236200058e-16,3.569406647792487e-15
20260316_121419,2026-03-16T12:14:19.103,orthonormal_rows,short_wide,32,64,2.000000,20260310,1,dgeqp3_trsm,factor_only,1.7458e-5,2.0146e-5,1.78814e-5,4.0569549999999995e-5,101856,5.755785581479111e-16,3.533805047401359e-15
20260316_121419,2026-03-16T12:14:19.103,orthonormal_rows,short_wide,32,128,4.000000,20260310,1,bsqr_full,factor_only,3.8541e-5,3.89165e-5,3.857145e-5,4.480079999999999e-5,75712,5.571731766922084e-16,3.0760866298562317e-15
20260316_121419,2026-03-16T12:14:19.103,orthonormal_rows,short_wide,32,128,4.000000,20260310,1,dgeqp3,factor_only,2.3125000000000003e-5,2.3854000000000002e-5,2.3185175e-5,2.730544999999999e-5,133312,6.468441556836548e-16,3.715574755863367e-15
20260316_121419,2026-03-16T12:14:19.103,orthonormal_rows,short_wide,32,128,4.000000,20260310,1,bsqr_rinv,factor_only,4.0416e-5,4.0959000000000005e-5,4.050735000000001e-5,4.524062499999999e-5,100368,5.571731766922084e-16,3.0760866298562317e-15
20260316_121419,2026-03-16T12:14:19.103,orthonormal_rows,short_wide,32,128,4.000000,20260310,1,dgeqp3_trsm,factor_only,3.3541e-5,3.83335e-5,3.4387075e-5,0.0003537601749999986,231936,6.468441556836548e-16,3.715574755863367e-15
20260316_121419,2026-03-16T12:14:19.103,orthonormal_rows,short_wide,32,256,8.000000,20260310,1,bsqr_full,factor_only,8.0333e-5,8.360400000000001e-5,8.057442500000001e-5,8.999127499999998e-5,149184,5.977071546322132e-16,3.1680517133105967e-15
20260316_121419,2026-03-16T12:14:19.103,orthonormal_rows,short_wide,32,256,8.000000,20260310,1,dgeqp3,factor_only,4.3958e-5,4.95205e-5,4.4079075e-5,5.1706625e-5,232608,5.606373906538638e-16,3.1290074232331894e-15
20260316_121419,2026-03-16T12:14:19.103,orthonormal_rows,short_wide,32,256,8.000000,20260310,1,bsqr_rinv,factor_only,8.337500000000001e-5,9.075000000000001e-5,8.3496075e-5,9.6071875e-5,214800,5.977071546322132e-16,3.1680517133105967e-15
20260316_121419,2026-03-16T12:14:19.103,orthonormal_rows,short_wide,32,256,8.000000,20260310,1,dgeqp3_trsm,factor_only,7.1375e-5,8.062500000000001e-5,7.140545e-5,0.00032682594999999907,437728,5.606373906538638e-16,3.1290074232331894e-15
20260316_121419,2026-03-16T12:14:19.103,orthonormal_rows,short_wide,32,320,10.000000,20260310,1,bsqr_full,factor_only,0.000106625,0.00011075000000000001,0.00010698749999999999,0.00013000842500000002,218816,5.440616906957495e-16,2.942048377600859e-15
20260316_121419,2026-03-16T12:14:19.103,orthonormal_rows,short_wide,32,320,10.000000,20260310,1,dgeqp3,factor_only,5.4834000000000004e-5,5.9521e-5,5.770355e-5,6.40564e-5,298656,5.646604909014385e-16,3.1088803670395084e-15
20260316_121419,2026-03-16T12:14:19.103,orthonormal_rows,short_wide,32,320,10.000000,20260310,1,bsqr_rinv,factor_only,0.00011233400000000001,0.0001186875,0.000113119175,0.00012545502500000002,317200,5.440616906957495e-16,2.942048377600859e-15
20260316_121419,2026-03-16T12:14:19.103,orthonormal_rows,short_wide,32,320,10.000000,20260310,1,dgeqp3_trsm,factor_only,8.254200000000001e-5,9.3187e-5,8.7495925e-5,0.00010148372500000001,602080,5.646604909014385e-16,3.1088803670395084e-15
20260316_121419,2026-03-16T12:14:19.103,orthonormal_rows,short_wide,64,128,2.000000,20260310,1,bsqr_full,factor_only,0.000103084,0.000106729,0.000103144175,0.0001142731,141504,7.011966433030591e-16,5.816919387949305e-15
20260316_121419,2026-03-16T12:14:19.103,orthonormal_rows,short_wide,64,128,2.000000,20260310,1,dgeqp3,factor_only,5.9708000000000005e-5,6.514550000000001e-5,5.9829075000000005e-5,6.902797500000001e-5,199104,7.811092051502277e-16,6.917901098806196e-15
20260316_121419,2026-03-16T12:14:19.103,orthonormal_rows,short_wide,64,128,2.000000,20260310,1,bsqr_rinv,factor_only,0.00010529200000000001,0.000109729,0.00010538262500000001,0.00012060175,174352,7.011966433030591e-16,5.816919387949305e-15
20260316_121419,2026-03-16T12:14:19.103,orthonormal_rows,short_wide,64,128,2.000000,20260310,1,dgeqp3_trsm,factor_only,8.3584e-5,8.8063e-5,8.596997500000001e-5,9.160625e-5,396032,7.811092051502277e-16,6.917901098806196e-15
20260316_121419,2026-03-16T12:14:19.103,orthonormal_rows,short_wide,64,256,4.000000,20260310,1,bsqr_full,factor_only,0.000278791,0.00028822900000000004,0.000279969125,0.000296807475,280512,7.662387021208411e-16,6.215422989224652e-15
20260316_121419,2026-03-16T12:14:19.103,orthonormal_rows,short_wide,64,256,4.000000,20260310,1,dgeqp3,factor_only,0.000127625,0.000136458,0.00012810785,0.00014407377499999998,363936,7.80295872755044e-16,6.3880610985129725e-15
20260316_121419,2026-03-16T12:14:19.103,orthonormal_rows,short_wide,64,256,4.000000,20260310,1,bsqr_rinv,factor_only,0.00028783300000000003,0.000298229,0.000287984525,0.00030589375000000005,378896,7.662387021208411e-16,6.215422989224652e-15
20260316_121419,2026-03-16T12:14:19.103,orthonormal_rows,short_wide,64,256,4.000000,20260310,1,dgeqp3_trsm,factor_only,0.000179208,0.00018462450000000002,0.00017944942500000002,0.000196579725,757472,7.80295872755044e-16,6.3880610985129725e-15
20260316_121419,2026-03-16T12:14:19.103,orthonormal_rows,short_wide,64,512,8.000000,20260310,1,bsqr_full,factor_only,0.000778792,0.0007966875000000001,0.0007816615500000001,0.0008169011,559040,7.641494535213801e-16,6.332828899637733e-15
20260316_121419,2026-03-16T12:14:19.103,orthonormal_rows,short_wide,64,512,8.000000,20260310,1,dgeqp3,factor_only,0.00041404200000000004,0.00042197850000000005,0.0004141319,0.00042671875000000007,693664,8.155271876144694e-16,6.788269969205867e-15
20260316_121419,2026-03-16T12:14:19.103,orthonormal_rows,short_wide,64,512,8.000000,20260310,1,bsqr_rinv,factor_only,0.000796458,0.000826229,0.000801896225,0.0009116670000000001,788496,7.641494535213801e-16,6.332828899637733e-15
20260316_121419,2026-03-16T12:14:19.103,orthonormal_rows,short_wide,64,512,8.000000,20260310,1,dgeqp3_trsm,factor_only,0.0004915830000000001,0.000508812,0.000492730675,0.00055458045,1480416,8.155271876144694e-16,6.788269969205867e-15
20260316_121419,2026-03-16T12:14:19.103,orthonormal_rows,short_wide,64,640,10.000000,20260310,1,bsqr_full,factor_only,0.001067625,0.0010921045000000002,0.0010686820499999999,0.001166956825,698304,7.636397888327121e-16,6.099902016498859e-15
20260316_121419,2026-03-16T12:14:19.103,orthonormal_rows,short_wide,64,640,10.000000,20260310,1,dgeqp3,factor_only,0.000521834,0.000569479,0.0005358497,0.000639440325,858528,7.925235915297731e-16,6.1985162469237914e-15
20260316_121419,2026-03-16T12:14:19.103,orthonormal_rows,short_wide,64,640,10.000000,20260310,1,bsqr_rinv,factor_only,0.0010792500000000001,0.001142271,0.00108610705,0.0013257431,993296,7.636397888327121e-16,6.099902016498859e-15
20260316_121419,2026-03-16T12:14:19.103,orthonormal_rows,short_wide,64,640,10.000000,20260310,1,dgeqp3_trsm,factor_only,0.000617916,0.0006940000000000001,0.0006357394000000001,0.0017855304499999956,1841888,7.925235915297731e-16,6.1985162469237914e-15
20260316_121419,2026-03-16T12:14:19.103,orthonormal_rows,short_wide,128,256,2.000000,20260310,1,bsqr_full,factor_only,0.001054459,0.001075833,0.0010554856,0.00109578015,543200,9.111709708699152e-16,1.0627394849050319e-14
20260316_121419,2026-03-16T12:14:19.103,orthonormal_rows,short_wide,128,256,2.000000,20260310,1,dgeqp3,factor_only,0.000590875,0.0006090835,0.0005921437500000001,0.0006229745750000001,626624,9.681429219979343e-16,1.130240611318869e-14
20260316_121419,2026-03-16T12:14:19.103,orthonormal_rows,short_wide,128,256,2.000000,20260310,1,bsqr_rinv,factor_only,0.0010725,0.001088625,0.001074553925,0.0011144364,674352,9.111709708699152e-16,1.0627394849050319e-14
20260316_121419,2026-03-16T12:14:19.103,orthonormal_rows,short_wide,128,256,2.000000,20260310,1,dgeqp3_trsm,factor_only,0.0006720830000000001,0.0007040835,0.0006786087250000002,0.0007345309500000001,1413376,9.681429219979343e-16,1.130240611318869e-14
20260316_121419,2026-03-16T12:14:19.103,orthonormal_rows,short_wide,128,512,4.000000,20260310,1,bsqr_full,factor_only,0.0025445420000000003,0.0027498960000000004,0.0026029342250000003,0.002845778775,1083872,9.596532897883902e-16,1.0905439580671879e-14
20260316_121419,2026-03-16T12:14:19.103,orthonormal_rows,short_wide,128,512,4.000000,20260310,1,dgeqp3,factor_only,0.001409709,0.001554646,0.001410463725,0.0016449896750000003,1218496,9.607500800446622e-16,1.0737213437744801e-14
20260316_121419,2026-03-16T12:14:19.103,orthonormal_rows,short_wide,128,512,4.000000,20260310,1,bsqr_rinv,factor_only,0.002557417,0.0027963125,0.0026341756500000003,0.002884058,1477168,9.596532897883902e-16,1.0905439580671879e-14
20260316_121419,2026-03-16T12:14:19.103,orthonormal_rows,short_wide,128,512,4.000000,20260310,1,dgeqp3_trsm,factor_only,0.0014932090000000001,0.001739146,0.00151601605,0.0028904146749999947,2791680,9.607500800446622e-16,1.0737213437744801e-14
20260316_121419,2026-03-16T12:14:19.103,orthonormal_rows,short_wide,128,1024,8.000000,20260310,1,bsqr_full,factor_only,0.0047839580000000005,0.004930375000000001,0.0047894259500000005,0.0062197210749999985,2165216,9.118249186524455e-16,1.066899011429985e-14
20260316_121419,2026-03-16T12:14:19.103,orthonormal_rows,short_wide,128,1024,8.000000,20260310,1,dgeqp3,factor_only,0.002340875,0.0024810830000000002,0.00236425625,0.0035235493499999964,2402240,9.29922059984131e-16,1.0604992526402167e-14
20260316_121419,2026-03-16T12:14:19.103,orthonormal_rows,short_wide,128,1024,8.000000,20260310,1,bsqr_rinv,factor_only,0.0048928750000000005,0.005021792000000001,0.00490921795,0.006254007199999996,3082800,9.118249186524455e-16,1.066899011429985e-14
20260316_121419,2026-03-16T12:14:19.103,orthonormal_rows,short_wide,128,1024,8.000000,20260310,1,dgeqp3_trsm,factor_only,0.00270075,0.002856646,0.002715128925,0.004715891849999996,5548288,9.29922059984131e-16,1.0604992526402167e-14
20260316_121419,2026-03-16T12:14:19.103,orthonormal_rows,short_wide,128,1280,10.000000,20260310,1,bsqr_full,factor_only,0.005742583000000001,0.005844854500000001,0.005749229075000001,0.007227297674999996,2705888,9.177426369713249e-16,1.0949269583957678e-14
20260316_121419,2026-03-16T12:14:19.103,orthonormal_rows,short_wide,128,1280,10.000000,20260310,1,dgeqp3,factor_only,0.0028407500000000004,0.002980271,0.0028440734,0.004721945774999996,2994112,9.381731460693726e-16,1.1147752317405977e-14
20260316_121419,2026-03-16T12:14:19.103,orthonormal_rows,short_wide,128,1280,10.000000,20260310,1,bsqr_rinv,factor_only,0.005809333000000001,0.0059975835000000005,0.005848362650000001,0.007360596874999996,3885616,9.177426369713249e-16,1.0949269583957678e-14
20260316_121419,2026-03-16T12:14:19.103,orthonormal_rows,short_wide,128,1280,10.000000,20260310,1,dgeqp3_trsm,factor_only,0.00318125,0.0034474795000000004,0.0031960218750000003,0.006372517374999999,6926592,9.381731460693726e-16,1.1147752317405977e-14
20260316_121419,2026-03-16T12:14:19.103,orthonormal_rows,short_wide,256,512,2.000000,20260310,1,bsqr_full,factor_only,0.007037750000000001,0.007116375,0.007055392150000001,0.008079696574999996,2133440,1.1389123833918431e-15,2.004240811967313e-14
20260316_121419,2026-03-16T12:14:19.103,orthonormal_rows,short_wide,256,512,2.000000,20260310,1,dgeqp3,factor_only,0.0030475420000000003,0.003113292,0.003048025575,0.004370357199999994,2268064,1.1856115187132112e-15,2.0515495729205452e-14
20260316_121419,2026-03-16T12:14:19.103,orthonormal_rows,short_wide,256,512,2.000000,20260310,1,bsqr_rinv,factor_only,0.007066542,0.0072150420000000005,0.0070951787750000005,0.008224454349999997,2657808,1.1389123833918431e-15,2.004240811967313e-14
20260316_121419,2026-03-16T12:14:19.103,orthonormal_rows,short_wide,256,512,2.000000,20260310,1,dgeqp3_trsm,factor_only,0.003377208,0.0034799170000000003,0.0033991697000000003,0.0068502851749999965,5414112,1.1856115187132112e-15,2.0515495729205452e-14
20260316_121419,2026-03-16T12:14:19.103,orthonormal_rows,short_wide,256,1024,4.000000,20260310,1,bsqr_full,factor_only,0.012617208000000001,0.012982021000000002,0.012704691575000001,0.015158261125,4263360,1.150446580201618e-15,1.9886150767395372e-14
20260316_121419,2026-03-16T12:14:19.103,orthonormal_rows,short_wide,256,1024,4.000000,20260310,1,dgeqp3,factor_only,0.0056201670000000006,0.0057468335,0.005655419400000001,0.008605962925,4500384,1.2225217992941622e-15,2.075426169560514e-14
20260316_121419,2026-03-16T12:14:19.103,orthonormal_rows,short_wide,256,1024,4.000000,20260310,1,bsqr_rinv,factor_only,0.012903541000000001,0.013320604500000001,0.012913600375,0.016550284749999998,5836304,1.150446580201618e-15,1.9886150767395372e-14
20260316_121419,2026-03-16T12:14:19.103,orthonormal_rows,short_wide,256,1024,4.000000,20260310,1,dgeqp3_trsm,factor_only,0.006466291000000001,0.006750458000000001,0.006469675300000001,0.009718644975,10792160,1.2225217992941622e-15,2.075426169560514e-14
20260316_121419,2026-03-16T12:14:19.103,orthonormal_rows,short_wide,256,2048,8.000000,20260310,1,bsqr_full,factor_only,0.022132791000000002,0.023280771000000002,0.02224293155,0.0265491981,8523200,1.1449842056481448e-15,1.9524610453759973e-14
20260316_121419,2026-03-16T12:14:19.103,orthonormal_rows,short_wide,256,2048,8.000000,20260310,1,dgeqp3,factor_only,0.010647583,0.011170312,0.010685947825,0.028827586274999942,8997792,1.2407335837578731e-15,2.0523011456636368e-14
20260316_121419,2026-03-16T12:14:19.103,orthonormal_rows,short_wide,256,2048,8.000000,20260310,1,bsqr_rinv,factor_only,0.022512833000000003,0.023263604,0.022800597825000005,0.025802686275,12193296,1.1449842056481448e-15,1.9524610453759973e-14
20260316_121419,2026-03-16T12:14:19.103,orthonormal_rows,short_wide,256,2048,8.000000,20260310,1,dgeqp3_trsm,factor_only,0.012575041,0.013752479000000001,0.012763360475,0.024756304074999954,21581024,1.2407335837578731e-15,2.0523011456636368e-14
20260316_121419,2026-03-16T12:14:19.103,orthonormal_rows,short_wide,256,2560,10.000000,20260310,1,bsqr_full,factor_only,0.027468708,0.0282784165,0.027490005600000002,0.031682925,10653120,1.1552540839000554e-15,1.9976200972667538e-14
20260316_121419,2026-03-16T12:14:19.103,orthonormal_rows,short_wide,256,2560,10.000000,20260310,1,dgeqp3,factor_only,0.012939,0.0138346465,0.012986215624999999,0.0160995319,11230112,1.2333774156748603e-15,2.0722294034546068e-14
20260316_121419,2026-03-16T12:14:19.103,orthonormal_rows,short_wide,256,2560,10.000000,20260310,1,bsqr_rinv,factor_only,0.027937167000000002,0.029122875000000003,0.028015496725000002,0.032551072675,15371792,1.1552540839000554e-15,1.9976200972667538e-14
20260316_121419,2026-03-16T12:14:19.103,orthonormal_rows,short_wide,256,2560,10.000000,20260310,1,dgeqp3_trsm,factor_only,0.015639583000000002,0.016679104,0.015859258,0.027951377324999954,26959072,1.2333774156748603e-15,2.0722294034546068e-14
20260316_121419,2026-03-16T12:14:19.103,orthonormal_rows,short_wide,512,1024,2.000000,20260310,1,bsqr_full,factor_only,0.034232167,0.0347320625,0.034263945925,0.03909343750000001,8459744,1.4993662706644025e-15,3.8126040042145945e-14
20260316_121419,2026-03-16T12:14:19.103,orthonormal_rows,short_wide,512,1024,2.000000,20260310,1,dgeqp3,factor_only,0.0131345,0.013482125000000001,0.013136160975,0.0170984117,8696736,1.5547769405692144e-15,3.8638687218042306e-14
20260316_121419,2026-03-16T12:14:19.103,orthonormal_rows,short_wide,512,1024,2.000000,20260310,1,bsqr_rinv,factor_only,0.033877541000000004,0.035234562000000004,0.03415799565,0.0392961973,10556976,1.4993662706644025e-15,3.8126040042145945e-14
20260316_121419,2026-03-16T12:14:19.103,orthonormal_rows,short_wide,512,1024,2.000000,20260310,1,dgeqp3_trsm,factor_only,0.014922458000000001,0.015682917,0.014937894699999999,0.02806293844999996,21279968,1.5547769405692144e-15,3.8638687218042306e-14
20260316_121419,2026-03-16T12:14:19.103,orthonormal_rows,short_wide,512,2048,4.000000,20260310,1,bsqr_full,factor_only,0.066843541,0.0683824585,0.06690836905,0.07374590880000001,16913888,1.532384521456272e-15,3.7761201001912035e-14
20260316_121419,2026-03-16T12:14:19.103,orthonormal_rows,short_wide,512,2048,4.000000,20260310,1,dgeqp3,factor_only,0.027100209,0.029410083000000004,0.027222643375,0.0324447569,17388448,1.5958458993632142e-15,3.797307428464864e-14
20260316_121419,2026-03-16T12:14:19.103,orthonormal_rows,short_wide,512,2048,4.000000,20260310,1,bsqr_rinv,factor_only,0.06670654100000001,0.069945562,0.067370822975,0.0754328939,23205424,1.532384521456272e-15,3.7761201001912035e-14
20260316_121419,2026-03-16T12:14:19.103,orthonormal_rows,short_wide,512,2048,4.000000,20260310,1,dgeqp3_trsm,factor_only,0.031644709,0.033208854,0.031680263725,0.066961389675,42554592,1.5958458993632142e-15,3.797307428464864e-14
20260316_121419,2026-03-16T12:14:19.103,orthonormal_rows,short_wide,512,4096,8.000000,20260310,1,bsqr_full,factor_only,0.20848554100000002,0.211379125,0.20856814952500002,0.23703013839999998,33822176,1.5630478478388333e-15,3.770408701532817e-14
20260316_121419,2026-03-16T12:14:19.103,orthonormal_rows,short_wide,512,4096,8.000000,20260310,1,dgeqp3,factor_only,0.067957709,0.06920604150000001,0.06805078015,0.07568617485000001,34739104,1.6300347024145253e-15,3.878877142761363e-14
20260316_121419,2026-03-16T12:14:19.103,orthonormal_rows,short_wide,512,4096,8.000000,20260310,1,bsqr_rinv,factor_only,0.211633333,0.21541462500000003,0.2119288436,0.24918120625,50599472,1.5630478478388333e-15,3.770408701532817e-14
20260316_121419,2026-03-16T12:14:19.103,orthonormal_rows,short_wide,512,4096,8.000000,20260310,1,dgeqp3_trsm,factor_only,0.07875712500000001,0.08498235350000001,0.079721828125,0.1133364811,87168224,1.6300347024145253e-15,3.878877142761363e-14
20260316_121419,2026-03-16T12:14:19.103,orthonormal_rows,short_wide,512,5120,10.000000,20260310,1,bsqr_full,factor_only,0.36510287500000005,0.3676198955,0.365481798025,0.37725049757500007,42472928,1.5723458849572821e-15,3.780686383535912e-14
20260316_121419,2026-03-16T12:14:19.103,orthonormal_rows,short_wide,512,5120,10.000000,20260310,1,dgeqp3,factor_only,0.14405320800000002,0.161631042,0.14518545800000002,0.2554371542999999,43422624,1.6408603405515636e-15,3.869831045441037e-14
20260316_121419,2026-03-16T12:14:19.103,orthonormal_rows,short_wide,512,5120,10.000000,20260310,1,bsqr_rinv,factor_only,0.370393458,0.383023167,0.37062112049999996,0.4865463955999999,63444528,1.5723458849572821e-15,3.780686383535912e-14
20260316_121419,2026-03-16T12:14:19.103,orthonormal_rows,short_wide,512,5120,10.000000,20260310,1,dgeqp3_trsm,factor_only,0.162745375,0.178135375,0.16433269420000002,0.21268897292500002,108434656,1.6408603405515636e-15,3.869831045441037e-14
20260316_121419,2026-03-16T12:14:19.103,gaussian,square,64,64,1.000000,20260311,1,bsqr_full,factor_only,4.5958e-5,4.69585e-5,4.6109525e-5,6.049607499999998e-5,71616,5.556283668258509e-16,6.3325249036096355e-15
20260316_121419,2026-03-16T12:14:19.103,gaussian,square,64,64,1.000000,20260311,1,dgeqp3,factor_only,2.8917e-5,3.0062e-5,2.8977175000000003e-5,3.681917499999999e-5,85408,5.885052819619953e-16,6.632531056365504e-15
20260316_121419,2026-03-16T12:14:19.103,gaussian,square,64,64,1.000000,20260311,1,bsqr_rinv,factor_only,4.4000000000000006e-5,4.4562500000000006e-5,4.412035e-5,5.5774049999999975e-5,71664,5.556283668258509e-16,6.3325249036096355e-15
20260316_121419,2026-03-16T12:14:19.103,gaussian,square,64,64,1.000000,20260311,1,dgeqp3_trsm,factor_only,2.8875e-5,2.92705e-5,2.8935175000000002e-5,3.365979999999999e-5,85408,5.885052819619953e-16,6.632531056365504e-15
20260316_121419,2026-03-16T12:14:19.103,gaussian,square,128,128,1.000000,20260311,1,bsqr_full,factor_only,0.000279041,0.0002858335,0.000280974575,0.000294728125,273120,7.140931999036581e-16,1.0676698014676034e-14
20260316_121419,2026-03-16T12:14:19.103,gaussian,square,128,128,1.000000,20260311,1,dgeqp3,factor_only,0.000178041,0.000181437,0.00017819252500000002,0.000191584225,330720,7.403183600797456e-16,1.0816608931277344e-14
20260316_121419,2026-03-16T12:14:19.103,gaussian,square,128,128,1.000000,20260311,1,bsqr_rinv,factor_only,0.000285875,0.0002933125,0.00028641875,0.0004201188999999999,273168,7.140931999036581e-16,1.0676698014676034e-14
20260316_121419,2026-03-16T12:14:19.103,gaussian,square,128,128,1.000000,20260311,1,dgeqp3_trsm,factor_only,0.00017862500000000002,0.00018089600000000002,0.0001787758,0.00019221192500000004,330720,7.403183600797456e-16,1.0816608931277344e-14
20260316_121419,2026-03-16T12:14:19.103,gaussian,square,256,256,1.000000,20260311,1,bsqr_full,factor_only,0.002689416,0.0027366670000000004,0.0026944011000000004,0.0028218008000000004,1068480,8.84382709356842e-16,1.9916453494948778e-14
20260316_121419,2026-03-16T12:14:19.103,gaussian,square,256,256,1.000000,20260311,1,dgeqp3,factor_only,0.001249125,0.0012785420000000001,0.0012535054500000002,0.001325698625,1151904,9.332232856703336e-16,2.0285216125112807e-14
20260316_121419,2026-03-16T12:14:19.103,gaussian,square,256,256,1.000000,20260311,1,bsqr_rinv,factor_only,0.002658459,0.0027013745,0.0026673395250000004,0.0027879987750000002,1068528,8.84382709356842e-16,1.9916453494948778e-14
20260316_121419,2026-03-16T12:14:19.103,gaussian,square,256,256,1.000000,20260311,1,dgeqp3_trsm,factor_only,0.001248666,0.001302083,0.0012610519,0.001374202325,1151904,9.332232856703336e-16,2.0285216125112807e-14
20260316_121419,2026-03-16T12:14:19.103,gaussian,square,384,384,1.000000,20260311,1,bsqr_full,factor_only,0.0069755830000000005,0.007215896,0.0070109572,0.008998867800000001,2388416,1.0544412300735577e-15,2.9502288018207066e-14
20260316_121419,2026-03-16T12:14:19.103,gaussian,square,384,384,1.000000,20260311,1,dgeqp3,factor_only,0.0026681250000000004,0.0027826045000000003,0.0026781843750000004,0.0035223050249999985,2497440,1.101243593241098e-15,3.004114827949069e-14
20260316_121419,2026-03-16T12:14:19.103,gaussian,square,384,384,1.000000,20260311,1,bsqr_rinv,factor_only,0.006942542,0.007185937000000001,0.006964442800000001,0.008405218099999999,2388464,1.0544412300735577e-15,2.9502288018207066e-14
20260316_121419,2026-03-16T12:14:19.103,gaussian,square,384,384,1.000000,20260311,1,dgeqp3_trsm,factor_only,0.0026837920000000004,0.0030706870000000003,0.00268536235,0.0035637949749999977,2497440,1.101243593241098e-15,3.004114827949069e-14
20260316_121419,2026-03-16T12:14:19.103,gaussian,square,512,512,1.000000,20260311,1,bsqr_full,factor_only,0.014654458,0.0152587085,0.014690285325000002,0.018763914525,4232672,1.195050870558813e-15,3.790315964034835e-14
20260316_121419,2026-03-16T12:14:19.103,gaussian,square,512,512,1.000000,20260311,1,dgeqp3,factor_only,0.0053628750000000005,0.0056103745,0.0053649593750000005,0.0076357873499999975,4367264,1.2360573297764559e-15,3.827292778088262e-14
20260316_121419,2026-03-16T12:14:19.103,gaussian,square,512,512,1.000000,20260311,1,bsqr_rinv,factor_only,0.014503541000000002,0.014864021000000002,0.014520579225,0.017859014525,4232720,1.195050870558813e-15,3.790315964034835e-14
20260316_121419,2026-03-16T12:14:19.103,gaussian,square,512,512,1.000000,20260311,1,dgeqp3_trsm,factor_only,0.005782209,0.0058500415,0.0057826012250000005,0.007337814674999999,4367264,1.2360573297764559e-15,3.827292778088262e-14
20260316_121419,2026-03-16T12:14:19.103,gaussian,short_wide,32,64,2.000000,20260311,1,bsqr_full,factor_only,2.0750000000000003e-5,2.1333e-5,2.0750000000000003e-5,2.763597499999999e-5,38592,4.767954630879803e-16,3.0416748204948705e-15
20260316_121419,2026-03-16T12:14:19.103,gaussian,short_wide,32,64,2.000000,20260311,1,dgeqp3,factor_only,1.4166000000000001e-5,1.4646000000000002e-5,1.4166725e-5,2.6992524999999994e-5,52384,5.338460553594697e-16,3.555320302841277e-15
20260316_121419,2026-03-16T12:14:19.103,gaussian,short_wide,32,64,2.000000,20260311,1,bsqr_rinv,factor_only,2.2083000000000002e-5,2.2562500000000003e-5,2.2143175e-5,5.057542499999998e-5,46864,4.767954630879803e-16,3.0416748204948705e-15
20260316_121419,2026-03-16T12:14:19.103,gaussian,short_wide,32,64,2.000000,20260311,1,dgeqp3_trsm,factor_only,1.7625e-5,1.94375e-5,1.7685175000000003e-5,2.511467499999999e-5,101856,5.338460553594697e-16,3.555320302841277e-15
20260316_121419,2026-03-16T12:14:19.103,gaussian,short_wide,32,128,4.000000,20260311,1,bsqr_full,factor_only,3.8875e-5,3.9292e-5,3.8875e-5,4.472457499999999e-5,75712,5.57339362061496e-16,3.4414299426745962e-15
20260316_121419,2026-03-16T12:14:19.103,gaussian,short_wide,32,128,4.000000,20260311,1,dgeqp3,factor_only,2.3250000000000003e-5,2.41455e-5,2.3310175000000004e-5,2.9687649999999993e-5,133312,5.347040818163381e-16,3.1230905904392464e-15
20260316_121419,2026-03-16T12:14:19.103,gaussian,short_wide,32,128,4.000000,20260311,1,bsqr_rinv,factor_only,4.075e-5,4.1125000000000004e-5,4.0779725e-5,4.5980024999999985e-5,100368,5.57339362061496e-16,3.4414299426745962e-15
20260316_121419,2026-03-16T12:14:19.103,gaussian,short_wide,32,128,4.000000,20260311,1,dgeqp3_trsm,factor_only,4.0792000000000005e-5,4.7104e-5,4.10037e-5,0.00027689534999999886,231936,5.347040818163381e-16,3.1230905904392464e-15
20260316_121419,2026-03-16T12:14:19.103,gaussian,short_wide,32,256,8.000000,20260311,1,bsqr_full,factor_only,7.9459e-5,8.389600000000001e-5,8.0455875e-5,9.150094999999997e-5,149184,5.070382138200773e-16,2.5912917428915223e-15
20260316_121419,2026-03-16T12:14:19.103,gaussian,short_wide,32,256,8.000000,20260311,1,dgeqp3,factor_only,4.4500000000000004e-5,4.9125e-5,4.474142500000001e-5,5.4367525000000006e-5,232608,5.750381203399579e-16,3.2947650497269526e-15
20260316_121419,2026-03-16T12:14:19.103,gaussian,short_wide,32,256,8.000000,20260311,1,bsqr_rinv,factor_only,8.7292e-5,9.61875e-5,8.76545e-5,0.00011417732499999995,214800,5.070382138200773e-16,2.5912917428915223e-15
20260316_121419,2026-03-16T12:14:19.103,gaussian,short_wide,32,256,8.000000,20260311,1,dgeqp3_trsm,factor_only,6.4292e-5,7.787500000000001e-5,6.924592500000001e-5,8.3059375e-5,437728,5.750381203399579e-16,3.2947650497269526e-15
20260316_121419,2026-03-16T12:14:19.103,gaussian,short_wide,32,320,10.000000,20260311,1,bsqr_full,factor_only,0.000107625,0.0001127915,0.00010792660000000001,0.00012157499999999997,218816,5.338482956797689e-16,3.0027087138481105e-15
20260316_121419,2026-03-16T12:14:19.103,gaussian,short_wide,32,320,10.000000,20260311,1,dgeqp3,factor_only,6.0708e-5,6.2292e-5,6.101032500000001e-5,7.2383275e-5,298656,6.02395212898631e-16,3.4120134306064398e-15
20260316_121419,2026-03-16T12:14:19.103,gaussian,short_wide,32,320,10.000000,20260311,1,bsqr_rinv,factor_only,0.000113041,0.0001242085,0.00011310190000000001,0.00013099485,317200,5.338482956797689e-16,3.0027087138481105e-15
20260316_121419,2026-03-16T12:14:19.103,gaussian,short_wide,32,320,10.000000,20260311,1,dgeqp3_trsm,factor_only,8.3083e-5,9.3875e-5,8.891345e-5,0.000103041425,602080,6.02395212898631e-16,3.4120134306064398e-15
20260316_121419,2026-03-16T12:14:19.103,gaussian,short_wide,64,128,2.000000,20260311,1,bsqr_full,factor_only,0.000104542,0.00010983350000000001,0.00010596155000000001,0.0001152992,141504,6.655232916722036e-16,6.196581706062726e-15
20260316_121419,2026-03-16T12:14:19.103,gaussian,short_wide,64,128,2.000000,20260311,1,dgeqp3,factor_only,6.0334e-5,6.60005e-5,6.039345000000001e-5,6.904455000000001e-5,199104,6.708568597511681e-16,6.234265738086532e-15
20260316_121419,2026-03-16T12:14:19.103,gaussian,short_wide,64,128,2.000000,20260311,1,bsqr_rinv,factor_only,0.00010512500000000001,0.0001093545,0.00010536715,0.000115619175,174352,6.655232916722036e-16,6.196581706062726e-15
20260316_121419,2026-03-16T12:14:19.103,gaussian,short_wide,64,128,2.000000,20260311,1,dgeqp3_trsm,factor_only,8.062500000000001e-5,8.843700000000001e-5,8.530705e-5,0.000103032625,396032,6.708568597511681e-16,6.234265738086532e-15
20260316_121419,2026-03-16T12:14:19.103,gaussian,short_wide,64,256,4.000000,20260311,1,bsqr_full,factor_only,0.000279375,0.0002904585,0.00028106715,0.0003048963,280512,7.216716217524271e-16,6.0608621754577445e-15
20260316_121419,2026-03-16T12:14:19.103,gaussian,short_wide,64,256,4.000000,20260311,1,dgeqp3,factor_only,0.000129083,0.00014293700000000002,0.00013572907499999999,0.00014864455,363936,7.636253443350295e-16,6.419349457173959e-15
20260316_121419,2026-03-16T12:14:19.103,gaussian,short_wide,64,256,4.000000,20260311,1,bsqr_rinv,factor_only,0.00029266700000000004,0.00030175000000000004,0.00029269672500000003,0.000315816575,378896,7.216716217524271e-16,6.0608621754577445e-15
20260316_121419,2026-03-16T12:14:19.103,gaussian,short_wide,64,256,4.000000,20260311,1,dgeqp3_trsm,factor_only,0.00016745800000000002,0.000184813,0.00016984470000000002,0.00019625952500000002,757472,7.636253443350295e-16,6.419349457173959e-15
20260316_121419,2026-03-16T12:14:19.103,gaussian,short_wide,64,512,8.000000,20260311,1,bsqr_full,factor_only,0.0007838750000000001,0.0008032705000000001,0.0007886781250000001,0.0008305535500000001,559040,7.482967707583215e-16,6.339209911170142e-15
20260316_121419,2026-03-16T12:14:19.103,gaussian,short_wide,64,512,8.000000,20260311,1,dgeqp3,factor_only,0.000406917,0.00042220850000000004,0.000410783425,0.00043699375000000003,693664,7.740919658355252e-16,6.362785736260132e-15
20260316_121419,2026-03-16T12:14:19.103,gaussian,short_wide,64,512,8.000000,20260311,1,bsqr_rinv,factor_only,0.0008225000000000001,0.000835958,0.000822621075,0.0008527870750000001,788496,7.482967707583215e-16,6.339209911170142e-15
20260316_121419,2026-03-16T12:14:19.103,gaussian,short_wide,64,512,8.000000,20260311,1,dgeqp3_trsm,factor_only,0.0005004580000000001,0.0005170625,0.000501273625,0.000563528125,1480416,7.740919658355252e-16,6.362785736260132e-15
20260316_121419,2026-03-16T12:14:19.103,gaussian,short_wide,64,640,10.000000,20260311,1,bsqr_full,factor_only,0.001061375,0.0010857915,0.0010647883,0.0011083242,698304,7.553144711336925e-16,6.182655791877826e-15
20260316_121419,2026-03-16T12:14:19.103,gaussian,short_wide,64,640,10.000000,20260311,1,dgeqp3,factor_only,0.0005470420000000001,0.0005706875,0.0005474944000000001,0.000588115625,858528,7.701678375852386e-16,6.23167555565943e-15
20260316_121419,2026-03-16T12:14:19.103,gaussian,short_wide,64,640,10.000000,20260311,1,bsqr_rinv,factor_only,0.0010855,0.001117479,0.0010900008,0.001155183425,993296,7.553144711336925e-16,6.182655791877826e-15
20260316_121419,2026-03-16T12:14:19.103,gaussian,short_wide,64,640,10.000000,20260311,1,dgeqp3_trsm,factor_only,0.0006495,0.0006865420000000001,0.0006523093750000001,0.001907819699999994,1841888,7.701678375852386e-16,6.23167555565943e-15
20260316_121419,2026-03-16T12:14:19.103,gaussian,short_wide,128,256,2.000000,20260311,1,bsqr_full,factor_only,0.001066792,0.0010901045000000001,0.00106981235,0.0011185769000000001,543200,8.687136597717937e-16,1.0607081032965025e-14
20260316_121419,2026-03-16T12:14:19.103,gaussian,short_wide,128,256,2.000000,20260311,1,dgeqp3,factor_only,0.0005911250000000001,0.0006147290000000001,0.0005920015250000001,0.000641208425,626624,8.89937151882439e-16,1.1172928617052627e-14
20260316_121419,2026-03-16T12:14:19.103,gaussian,short_wide,128,256,2.000000,20260311,1,bsqr_rinv,factor_only,0.001077541,0.001096729,0.0010780253000000001,0.0011186973,674352,8.687136597717937e-16,1.0607081032965025e-14
20260316_121419,2026-03-16T12:14:19.103,gaussian,short_wide,128,256,2.000000,20260311,1,dgeqp3_trsm,factor_only,0.0006580420000000001,0.000705,0.0006710920000000001,0.00072509985,1413376,8.89937151882439e-16,1.1172928617052627e-14
20260316_121419,2026-03-16T12:14:19.103,gaussian,short_wide,128,512,4.000000,20260311,1,bsqr_full,factor_only,0.0026295000000000003,0.002772563,0.0026470508,0.0028718929499999997,1083872,9.308394192810521e-16,1.0687476056656708e-14
20260316_121419,2026-03-16T12:14:19.103,gaussian,short_wide,128,512,4.000000,20260311,1,dgeqp3,factor_only,0.0013703340000000002,0.001552334,0.0013771606000000003,0.001657786275,1218496,9.24859990331129e-16,1.0643679655387061e-14
20260316_121419,2026-03-16T12:14:19.103,gaussian,short_wide,128,512,4.000000,20260311,1,bsqr_rinv,factor_only,0.002615458,0.0028121455,0.0026310455,0.0028798210750000004,1477168,9.308394192810521e-16,1.0687476056656708e-14
20260316_121419,2026-03-16T12:14:19.103,gaussian,short_wide,128,512,4.000000,20260311,1,dgeqp3_trsm,factor_only,0.00157225,0.001751083,0.0015801952750000002,0.0032443987749999933,2791680,9.24859990331129e-16,1.0643679655387061e-14
20260316_121419,2026-03-16T12:14:19.103,gaussian,short_wide,128,1024,8.000000,20260311,1,bsqr_full,factor_only,0.004868333000000001,0.005076187,0.004916726750000001,0.006280326524999998,2165216,8.887063900535728e-16,1.0597857266411556e-14
20260316_121419,2026-03-16T12:14:19.103,gaussian,short_wide,128,1024,8.000000,20260311,1,dgeqp3,factor_only,0.0024418340000000004,0.0026391465000000004,0.0024507747000000004,0.004083772299999999,2402240,8.995642645397801e-16,1.074754061118985e-14
20260316_121419,2026-03-16T12:14:19.103,gaussian,short_wide,128,1024,8.000000,20260311,1,bsqr_rinv,factor_only,0.004925917,0.0051438125,0.0049383928,0.0063953032749999965,3082800,8.887063900535728e-16,1.0597857266411556e-14
20260316_121419,2026-03-16T12:14:19.103,gaussian,short_wide,128,1024,8.000000,20260311,1,dgeqp3_trsm,factor_only,0.002785333,0.0029454795,0.0028078384500000004,0.0050408359,5548288,8.995642645397801e-16,1.074754061118985e-14
20260316_121419,2026-03-16T12:14:19.103,gaussian,short_wide,128,1280,10.000000,20260311,1,bsqr_full,factor_only,0.005820584,0.00600425,0.005834751225,0.007859496874999997,2705888,8.883198866546727e-16,1.0777762480668372e-14
20260316_121419,2026-03-16T12:14:19.103,gaussian,short_wide,128,1280,10.000000,20260311,1,dgeqp3,factor_only,0.0028150830000000003,0.003003125,0.0028519072000000004,0.004731222674999994,2994112,9.23952382726941e-16,1.109164750803374e-14
20260316_121419,2026-03-16T12:14:19.103,gaussian,short_wide,128,1280,10.000000,20260311,1,bsqr_rinv,factor_only,0.005954625000000001,0.006125854500000001,0.005958672675000001,0.007599562124999998,3885616,8.883198866546727e-16,1.0777762480668372e-14
20260316_121419,2026-03-16T12:14:19.103,gaussian,short_wide,128,1280,10.000000,20260311,1,dgeqp3_trsm,factor_only,0.003385041,0.003525896,0.0033877604750000003,0.0070687781249999995,6926592,9.23952382726941e-16,1.109164750803374e-14
20260316_121419,2026-03-16T12:14:19.103,gaussian,short_wide,256,512,2.000000,20260311,1,bsqr_full,factor_only,0.006991209000000001,0.00714475,0.007019906675,0.008560865624999995,2133440,1.0521695072538872e-15,1.9650803706351486e-14
20260316_121419,2026-03-16T12:14:19.103,gaussian,short_wide,256,512,2.000000,20260311,1,dgeqp3,factor_only,0.0029042910000000003,0.0030689795,0.0029264042250000005,0.0044311419999999956,2268064,1.0839991521313582e-15,1.97903793023808e-14
20260316_121419,2026-03-16T12:14:19.103,gaussian,short_wide,256,512,2.000000,20260311,1,bsqr_rinv,factor_only,0.007057416,0.007277833500000001,0.007104360475,0.008625995774999999,2657808,1.0521695072538872e-15,1.9650803706351486e-14
20260316_121419,2026-03-16T12:14:19.103,gaussian,short_wide,256,512,2.000000,20260311,1,dgeqp3_trsm,factor_only,0.0033198330000000003,0.003419875,0.00333690095,0.006472307999999996,5414112,1.0839991521313582e-15,1.97903793023808e-14
20260316_121419,2026-03-16T12:14:19.103,gaussian,short_wide,256,1024,4.000000,20260311,1,bsqr_full,factor_only,0.012978125,0.0136833335,0.01307509375,0.033924280299999936,4263360,1.105623808042119e-15,1.965171962871492e-14
20260316_121419,2026-03-16T12:14:19.103,gaussian,short_wide,256,1024,4.000000,20260311,1,dgeqp3,factor_only,0.0056161660000000006,0.0059511040000000005,0.005680781625,0.00861878285,4500384,1.1689734483403977e-15,2.024079722842575e-14
20260316_121419,2026-03-16T12:14:19.103,gaussian,short_wide,256,1024,4.000000,20260311,1,bsqr_rinv,factor_only,0.013299584000000001,0.013749354,0.013343446500000002,0.01614273015,5836304,1.105623808042119e-15,1.965171962871492e-14
20260316_121419,2026-03-16T12:14:19.103,gaussian,short_wide,256,1024,4.000000,20260311,1,dgeqp3_trsm,factor_only,0.0062645,0.0068587915,0.006451036700000001,0.010181883149999998,10792160,1.1689734483403977e-15,2.024079722842575e-14
20260316_121419,2026-03-16T12:14:19.103,gaussian,short_wide,256,2048,8.000000,20260311,1,bsqr_full,factor_only,0.023427,0.0242941875,0.023570308575,0.027076504225000003,8523200,1.138202433637626e-15,1.9670346338944817e-14
20260316_121419,2026-03-16T12:14:19.103,gaussian,short_wide,256,2048,8.000000,20260311,1,dgeqp3,factor_only,0.011054208000000001,0.011905875000000002,0.01111036505,0.014557959374999999,8997792,1.214223186816077e-15,2.0126004511151377e-14
20260316_121419,2026-03-16T12:14:19.103,gaussian,short_wide,256,2048,8.000000,20260311,1,bsqr_rinv,factor_only,0.024188208000000003,0.025192541500000002,0.0241966963,0.028039100650000003,12193296,1.138202433637626e-15,1.9670346338944817e-14
20260316_121419,2026-03-16T12:14:19.103,gaussian,short_wide,256,2048,8.000000,20260311,1,dgeqp3_trsm,factor_only,0.012790584,0.013783021000000001,0.012915585600000001,0.027000095124999953,21581024,1.214223186816077e-15,2.0126004511151377e-14
20260316_121419,2026-03-16T12:14:19.103,gaussian,short_wide,256,2560,10.000000,20260311,1,bsqr_full,factor_only,0.030031833,0.030913104,0.030032890775,0.0334639508,10653120,1.1614929695611613e-15,2.023029783520569e-14
20260316_121419,2026-03-16T12:14:19.103,gaussian,short_wide,256,2560,10.000000,20260311,1,dgeqp3,factor_only,0.013229500000000002,0.014229229000000001,0.01324055625,0.017663228924999996,11230112,1.221401778677302e-15,2.054044866849129e-14
20260316_121419,2026-03-16T12:14:19.103,gaussian,short_wide,256,2560,10.000000,20260311,1,bsqr_rinv,factor_only,0.030950000000000002,0.032614249500000005,0.031035428925000004,0.036943849849999995,15371792,1.1614929695611613e-15,2.023029783520569e-14
20260316_121419,2026-03-16T12:14:19.103,gaussian,short_wide,256,2560,10.000000,20260311,1,dgeqp3_trsm,factor_only,0.015791958000000002,0.017959625,0.015803104875,0.030239166424999953,26959072,1.221401778677302e-15,2.054044866849129e-14
20260316_121419,2026-03-16T12:14:19.103,gaussian,short_wide,512,1024,2.000000,20260311,1,bsqr_full,factor_only,0.036737209,0.0382731875,0.036763731675,0.041721091200000004,8459744,1.4102399066065817e-15,3.825100020901917e-14
20260316_121419,2026-03-16T12:14:19.103,gaussian,short_wide,512,1024,2.000000,20260311,1,dgeqp3,factor_only,0.013373959000000001,0.013838312,0.013376526225,0.018025791425,8696736,1.4462713117372116e-15,3.8011674554295584e-14
20260316_121419,2026-03-16T12:14:19.103,gaussian,short_wide,512,1024,2.000000,20260311,1,bsqr_rinv,factor_only,0.038068625,0.04052275,0.0380814633,0.0690016562499999,10556976,1.4102399066065817e-15,3.825100020901917e-14
20260316_121419,2026-03-16T12:14:19.103,gaussian,short_wide,512,1024,2.000000,20260311,1,dgeqp3_trsm,factor_only,0.015165708000000002,0.0163036875,0.015266211125000002,0.01910888845,21279968,1.4462713117372116e-15,3.8011674554295584e-14
20260316_121419,2026-03-16T12:14:19.103,gaussian,short_wide,512,2048,4.000000,20260311,1,bsqr_full,factor_only,0.078788417,0.08074049950000001,0.07902959985,0.084588894975,16913888,1.4966670451644937e-15,3.785369446672342e-14
20260316_121419,2026-03-16T12:14:19.103,gaussian,short_wide,512,2048,4.000000,20260311,1,dgeqp3,factor_only,0.028702584000000003,0.029777854000000003,0.02875330355,0.0319764109,17388448,1.556721816975698e-15,3.810599109905824e-14
20260316_121419,2026-03-16T12:14:19.103,gaussian,short_wide,512,2048,4.000000,20260311,1,bsqr_rinv,factor_only,0.08046333300000001,0.0833295,0.08090709317500001,0.088479509375,23205424,1.4966670451644937e-15,3.785369446672342e-14
20260316_121419,2026-03-16T12:14:19.103,gaussian,short_wide,512,2048,4.000000,20260311,1,dgeqp3_trsm,factor_only,0.032556417000000004,0.035826771,0.033203781825,0.073227185175,42554592,1.556721816975698e-15,3.810599109905824e-14
20260316_121419,2026-03-16T12:14:19.103,gaussian,short_wide,512,4096,8.000000,20260311,1,bsqr_full,factor_only,0.28667570800000003,0.292836708,0.28697924160000005,0.3068537254,33822176,1.5397773953169231e-15,3.775086468707171e-14
20260316_121419,2026-03-16T12:14:19.103,gaussian,short_wide,512,4096,8.000000,20260311,1,dgeqp3,factor_only,0.095401209,0.118509,0.09992152309999999,0.153453748625,34739104,1.6163459858579691e-15,3.897531908264375e-14
20260316_121419,2026-03-16T12:14:19.103,gaussian,short_wide,512,4096,8.000000,20260311,1,bsqr_rinv,factor_only,0.287652834,0.29451341600000003,0.288132384,0.34052574979999994,50599472,1.5397773953169231e-15,3.775086468707171e-14
20260316_121419,2026-03-16T12:14:19.103,gaussian,short_wide,512,4096,8.000000,20260311,1,dgeqp3_trsm,factor_only,0.11372133300000001,0.1303077085,0.1137651056,0.188520384525,87168224,1.6163459858579691e-15,3.897531908264375e-14
20260316_121419,2026-03-16T12:14:19.103,gaussian,short_wide,512,5120,10.000000,20260311,1,bsqr_full,factor_only,0.428600083,0.43659335400000004,0.428613970775,0.44993674455,42472928,1.5579743094926963e-15,3.7724648307030747e-14
20260316_121419,2026-03-16T12:14:19.103,gaussian,short_wide,512,5120,10.000000,20260311,1,dgeqp3,factor_only,0.190175209,0.203415791,0.1904271586,0.22666935840000002,43422624,1.6249553290565272e-15,3.8777671829848555e-14
20260316_121419,2026-03-16T12:14:19.103,gaussian,short_wide,512,5120,10.000000,20260311,1,bsqr_rinv,factor_only,0.426496916,0.44566795800000003,0.42789321825,0.55910428125,63444528,1.5579743094926963e-15,3.7724648307030747e-14
20260316_121419,2026-03-16T12:14:19.103,gaussian,short_wide,512,5120,10.000000,20260311,1,dgeqp3_trsm,factor_only,0.216173791,0.22612514600000003,0.216595760275,0.26937301874999997,108434656,1.6249553290565272e-15,3.8777671829848555e-14
20260316_121419,2026-03-16T12:14:19.103,ill_conditioned,square,64,64,1.000000,20260311,1,bsqr_full,factor_only,4.9458e-5,5.1000000000000006e-5,4.9518900000000005e-5,7.123059999999997e-5,71616,4.565629785427305e-16,5.97739674193309e-15
20260316_121419,2026-03-16T12:14:19.103,ill_conditioned,square,64,64,1.000000,20260311,1,dgeqp3,factor_only,3.3167e-5,5.0021e-5,3.34686e-5,0.00011246424999999998,85408,4.428888529104967e-16,6.563192800494753e-15
20260316_121419,2026-03-16T12:14:19.103,ill_conditioned,square,64,64,1.000000,20260311,1,bsqr_rinv,factor_only,5.225e-5,5.679150000000001e-5,5.2552325e-5,8.811089999999996e-5,71664,4.565629785427305e-16,5.97739674193309e-15
20260316_121419,2026-03-16T12:14:19.103,ill_conditioned,square,64,64,1.000000,20260311,1,dgeqp3_trsm,factor_only,3.2583e-5,3.8854000000000004e-5,3.3579875e-5,5.935217499999999e-5,85408,4.428888529104967e-16,6.563192800494753e-15
20260316_121419,2026-03-16T12:14:19.103,ill_conditioned,square,128,128,1.000000,20260311,1,bsqr_full,factor_only,0.000300375,0.00031177150000000003,0.000300978925,0.00035743502500000003,273120,5.149802710181381e-16,1.0522416010557863e-14
20260316_121419,2026-03-16T12:14:19.103,ill_conditioned,square,128,128,1.000000,20260311,1,dgeqp3,factor_only,0.000194584,0.0002002085,0.0001951872,0.0002122053,330720,5.125113262150521e-16,1.0735373650745837e-14
20260316_121419,2026-03-16T12:14:19.103,ill_conditioned,square,128,128,1.000000,20260311,1,bsqr_rinv,factor_only,0.00031187500000000003,0.00032625000000000004,0.000311996075,0.00035907580000000004,273168,5.149802710181381e-16,1.0522416010557863e-14
20260316_121419,2026-03-16T12:14:19.103,ill_conditioned,square,128,128,1.000000,20260311,1,dgeqp3_trsm,factor_only,0.000195958,0.00020145850000000002,0.00019650175,0.0002378606,330720,5.125113262150521e-16,1.0735373650745837e-14
20260316_121419,2026-03-16T12:14:19.103,ill_conditioned,square,256,256,1.000000,20260311,1,bsqr_full,factor_only,0.0028631250000000002,0.0029854585,0.0028754804500000005,0.00304437565,1068480,6.516012095974658e-16,1.9515711286542785e-14
20260316_121419,2026-03-16T12:14:19.103,ill_conditioned,square,256,256,1.000000,20260311,1,dgeqp3,factor_only,0.001497333,0.0015108965,0.0014988439,0.0015791293500000002,1151904,7.410880816862273e-16,2.028573525480711e-14
20260316_121419,2026-03-16T12:14:19.103,ill_conditioned,square,256,256,1.000000,20260311,1,bsqr_rinv,factor_only,0.002758333,0.0029011460000000003,0.0027966376500000003,0.003009322675,1068528,6.516012095974658e-16,1.9515711286542785e-14
20260316_121419,2026-03-16T12:14:19.103,ill_conditioned,square,256,256,1.000000,20260311,1,dgeqp3_trsm,factor_only,0.001509209,0.0015354165000000001,0.001509721575,0.00160668815,1151904,7.410880816862273e-16,2.028573525480711e-14
20260316_121419,2026-03-16T12:14:19.103,ill_conditioned,square,384,384,1.000000,20260311,1,bsqr_full,factor_only,0.007497834,0.0080939375,0.00752203015,0.008682765475,2388416,7.474521474886309e-16,2.9197570979215086e-14
20260316_121419,2026-03-16T12:14:19.103,ill_conditioned,square,384,384,1.000000,20260311,1,dgeqp3,factor_only,0.0030939170000000003,0.003176,0.0031028881500000005,0.003833936549999998,2497440,8.265249541915345e-16,2.997047590476461e-14
20260316_121419,2026-03-16T12:14:19.103,ill_conditioned,square,384,384,1.000000,20260311,1,bsqr_rinv,factor_only,0.007518292,0.0077852915,0.007526417800000001,0.008781620274999999,2388464,7.474521474886309e-16,2.9197570979215086e-14
20260316_121419,2026-03-16T12:14:19.103,ill_conditioned,square,384,384,1.000000,20260311,1,dgeqp3_trsm,factor_only,0.0030626670000000003,0.0031257085,0.0030690709250000003,0.003778186399999998,2497440,8.265249541915345e-16,2.997047590476461e-14
20260316_121419,2026-03-16T12:14:19.103,ill_conditioned,square,512,512,1.000000,20260311,1,bsqr_full,factor_only,0.016342417,0.016954625,0.016428540475000003,0.019353948099999997,4232672,8.531252997767705e-16,3.8266532361746926e-14
20260316_121419,2026-03-16T12:14:19.103,ill_conditioned,square,512,512,1.000000,20260311,1,dgeqp3,factor_only,0.006657292,0.006910249500000001,0.006676927175000001,0.01093327325,4367264,8.959381854643325e-16,3.856937118466982e-14
20260316_121419,2026-03-16T12:14:19.103,ill_conditioned,square,512,512,1.000000,20260311,1,bsqr_rinv,factor_only,0.016406416,0.019173042,0.016573770650000003,0.021459803124999996,4232720,8.531252997767705e-16,3.8266532361746926e-14
20260316_121419,2026-03-16T12:14:19.103,ill_conditioned,square,512,512,1.000000,20260311,1,dgeqp3_trsm,factor_only,0.006670042,0.006868771500000001,0.006729582625000001,0.009292940475,4367264,8.959381854643325e-16,3.856937118466982e-14
20260316_121419,2026-03-16T12:14:19.103,ill_conditioned,short_wide,32,64,2.000000,20260311,1,bsqr_full,factor_only,2.2000000000000003e-5,2.25e-5,2.2121075e-5,3.627499999999996e-5,38592,5.030072516352158e-16,3.5812524869871555e-15
20260316_121419,2026-03-16T12:14:19.103,ill_conditioned,short_wide,32,64,2.000000,20260311,1,dgeqp3,factor_only,1.3792000000000001e-5,1.4416500000000002e-5,1.3852175e-5,2.6307199999999974e-5,52384,4.943271610476642e-16,3.242597670338175e-15
20260316_121419,2026-03-16T12:14:19.103,ill_conditioned,short_wide,32,64,2.000000,20260311,1,bsqr_rinv,factor_only,2.2916000000000002e-5,2.3667000000000002e-5,2.29769e-5,3.598299999999997e-5,46864,5.030072516352158e-16,3.5812524869871555e-15
20260316_121419,2026-03-16T12:14:19.103,ill_conditioned,short_wide,32,64,2.000000,20260311,1,dgeqp3_trsm,factor_only,1.9167e-5,2.37495e-5,1.9347525000000002e-5,4.276642499999999e-5,101856,4.943271610476642e-16,3.242597670338175e-15
20260316_121419,2026-03-16T12:14:19.103,ill_conditioned,short_wide,32,128,4.000000,20260311,1,bsqr_full,factor_only,4.1833000000000004e-5,4.22295e-5,4.1954075000000004e-5,5.184047499999997e-5,75712,3.603448108597241e-16,3.2989614490171373e-15
20260316_121419,2026-03-16T12:14:19.103,ill_conditioned,short_wide,32,128,4.000000,20260311,1,dgeqp3,factor_only,2.65e-5,2.7000000000000002e-5,2.6560900000000002e-5,4.0321224999999964e-5,133312,4.3836687714504196e-16,3.971170841476136e-15
20260316_121419,2026-03-16T12:14:19.103,ill_conditioned,short_wide,32,128,4.000000,20260311,1,bsqr_rinv,factor_only,4.325e-5,4.4250000000000005e-5,4.328045e-5,5.680799999999996e-5,100368,3.603448108597241e-16,3.2989614490171373e-15
20260316_121419,2026-03-16T12:14:19.103,ill_conditioned,short_wide,32,128,4.000000,20260311,1,dgeqp3_trsm,factor_only,3.55e-5,4.28545e-5,3.7342949999999995e-5,0.0004072427999999999,231936,4.3836687714504196e-16,3.971170841476136e-15
20260316_121419,2026-03-16T12:14:19.103,ill_conditioned,short_wide,32,256,8.000000,20260311,1,bsqr_full,factor_only,9.05e-5,9.5438e-5,9.0983575e-5,0.00013291875,149184,3.116298222884279e-16,2.617761392968046e-15
20260316_121419,2026-03-16T12:14:19.103,ill_conditioned,short_wide,32,256,8.000000,20260311,1,dgeqp3,factor_only,5.5917e-5,5.7729e-5,5.5977175e-5,6.832797499999998e-5,232608,3.688294832559934e-16,3.2799453150389027e-15
20260316_121419,2026-03-16T12:14:19.103,ill_conditioned,short_wide,32,256,8.000000,20260311,1,bsqr_rinv,factor_only,9.3292e-5,0.000100104,9.3865475e-5,0.00012018494999999999,214800,3.116298222884279e-16,2.617761392968046e-15
20260316_121419,2026-03-16T12:14:19.103,ill_conditioned,short_wide,32,256,8.000000,20260311,1,dgeqp3_trsm,factor_only,8.058300000000001e-5,9.133350000000001e-5,8.142907500000001e-5,0.000121673775,437728,3.688294832559934e-16,3.2799453150389027e-15
20260316_121419,2026-03-16T12:14:19.103,ill_conditioned,short_wide,32,320,10.000000,20260311,1,bsqr_full,factor_only,0.00011658400000000001,0.0001236665,0.0001177614,0.0001742947,218816,3.7870976178004135e-16,2.7400759741307093e-15
20260316_121419,2026-03-16T12:14:19.103,ill_conditioned,short_wide,32,320,10.000000,20260311,1,dgeqp3,factor_only,6.6042e-5,7.289550000000001e-5,6.8126375e-5,9.347717499999998e-5,298656,4.161616829686562e-16,2.8736999953073265e-15
20260316_121419,2026-03-16T12:14:19.103,ill_conditioned,short_wide,32,320,10.000000,20260311,1,bsqr_rinv,factor_only,0.000131042,0.0001378125,0.00013137404999999998,0.00020860747499999976,317200,3.7870976178004135e-16,2.7400759741307093e-15
20260316_121419,2026-03-16T12:14:19.103,ill_conditioned,short_wide,32,320,10.000000,20260311,1,dgeqp3_trsm,factor_only,0.000110042,0.0001173335,0.000110495125,0.0001438697,602080,4.161616829686562e-16,2.8736999953073265e-15
20260316_121419,2026-03-16T12:14:19.103,ill_conditioned,short_wide,64,128,2.000000,20260311,1,bsqr_full,factor_only,0.00011875000000000001,0.00012129150000000001,0.00011923357500000001,0.00013667202499999996,141504,4.476670213360398e-16,6.176305288195453e-15
20260316_121419,2026-03-16T12:14:19.103,ill_conditioned,short_wide,64,128,2.000000,20260311,1,dgeqp3,factor_only,6.525e-5,7.33335e-5,6.5340625e-5,0.00010080979999999998,199104,5.024565809916887e-16,6.5415561425169795e-15
20260316_121419,2026-03-16T12:14:19.103,ill_conditioned,short_wide,64,128,2.000000,20260311,1,bsqr_rinv,factor_only,0.00010866700000000001,0.00011237500000000001,0.00010902950000000001,0.00013139104999999995,174352,4.476670213360398e-16,6.176305288195453e-15
20260316_121419,2026-03-16T12:14:19.103,ill_conditioned,short_wide,64,128,2.000000,20260311,1,dgeqp3_trsm,factor_only,8.300000000000001e-5,9.191700000000001e-5,8.641330000000001e-5,0.000100783,396032,5.024565809916887e-16,6.5415561425169795e-15
20260316_121419,2026-03-16T12:14:19.103,ill_conditioned,short_wide,64,256,4.000000,20260311,1,bsqr_full,factor_only,0.000281958,0.0002928125,0.00028365015000000003,0.000308797025,280512,5.983894351517807e-16,6.31386841523673e-15
20260316_121419,2026-03-16T12:14:19.103,ill_conditioned,short_wide,64,256,4.000000,20260311,1,dgeqp3,factor_only,0.000139875,0.00014310400000000002,0.00014011714999999998,0.000161507475,363936,5.7963641836048005e-16,6.3813975591795756e-15
20260316_121419,2026-03-16T12:14:19.103,ill_conditioned,short_wide,64,256,4.000000,20260311,1,bsqr_rinv,factor_only,0.000280667,0.000298542,0.00028290217500000003,0.000308877175,378896,5.983894351517807e-16,6.31386841523673e-15
20260316_121419,2026-03-16T12:14:19.103,ill_conditioned,short_wide,64,256,4.000000,20260311,1,dgeqp3_trsm,factor_only,0.00017175,0.00018818750000000001,0.0001744383,0.00019410407499999998,757472,5.7963641836048005e-16,6.3813975591795756e-15
20260316_121419,2026-03-16T12:14:19.103,ill_conditioned,short_wide,64,512,8.000000,20260311,1,bsqr_full,factor_only,0.0007925,0.0008004375,0.0007939804500000001,0.00083513125,559040,4.488008829097414e-16,6.054147321634418e-15
20260316_121419,2026-03-16T12:14:19.103,ill_conditioned,short_wide,64,512,8.000000,20260311,1,dgeqp3,factor_only,0.00041762500000000003,0.0004277915,0.00042010232500000005,0.000451910475,693664,4.2450914807806877e-16,5.985287941864241e-15
20260316_121419,2026-03-16T12:14:19.103,ill_conditioned,short_wide,64,512,8.000000,20260311,1,bsqr_rinv,factor_only,0.000806458,0.0008306665,0.0008109290750000001,0.0008745582750000001,788496,4.488008829097414e-16,6.054147321634418e-15
20260316_121419,2026-03-16T12:14:19.103,ill_conditioned,short_wide,64,512,8.000000,20260311,1,dgeqp3_trsm,factor_only,0.000504833,0.000518604,0.0005055275499999999,0.00053560815,1480416,4.2450914807806877e-16,5.985287941864241e-15
20260316_121419,2026-03-16T12:14:19.103,ill_conditioned,short_wide,64,640,10.000000,20260311,1,bsqr_full,factor_only,0.0010835,0.0011055005,0.0010915960750000001,0.001130860325,698304,5.595219423515922e-16,6.406657744168152e-15
20260316_121419,2026-03-16T12:14:19.103,ill_conditioned,short_wide,64,640,10.000000,20260311,1,dgeqp3,factor_only,0.000554959,0.0005871455,0.00056000355,0.0006173750000000001,858528,5.284340041854158e-16,6.360378574335651e-15
20260316_121419,2026-03-16T12:14:19.103,ill_conditioned,short_wide,64,640,10.000000,20260311,1,bsqr_rinv,factor_only,0.0010917910000000002,0.001126854,0.0010926675250000001,0.0011545304500000001,993296,5.595219423515922e-16,6.406657744168152e-15
20260316_121419,2026-03-16T12:14:19.103,ill_conditioned,short_wide,64,640,10.000000,20260311,1,dgeqp3_trsm,factor_only,0.0006694590000000001,0.0007353745000000001,0.0006782489000000001,0.0024180732499999935,1841888,5.284340041854158e-16,6.360378574335651e-15
20260316_121419,2026-03-16T12:14:19.103,ill_conditioned,short_wide,128,256,2.000000,20260311,1,bsqr_full,factor_only,0.001053333,0.0010757295,0.0010581963,0.0012873370749999992,543200,5.750634473732223e-16,1.0568567519797143e-14
20260316_121419,2026-03-16T12:14:19.103,ill_conditioned,short_wide,128,256,2.000000,20260311,1,dgeqp3,factor_only,0.0006050000000000001,0.0006229165,0.0006133375000000001,0.000648675,626624,6.124921327206481e-16,1.1061959200416122e-14
20260316_121419,2026-03-16T12:14:19.103,ill_conditioned,short_wide,128,256,2.000000,20260311,1,bsqr_rinv,factor_only,0.001079125,0.0010940210000000001,0.001080453925,0.0011206695499999999,674352,5.750634473732223e-16,1.0568567519797143e-14
20260316_121419,2026-03-16T12:14:19.103,ill_conditioned,short_wide,128,256,2.000000,20260311,1,dgeqp3_trsm,factor_only,0.000690292,0.000711021,0.0006966053,0.000731084525,1413376,6.124921327206481e-16,1.1061959200416122e-14
20260316_121419,2026-03-16T12:14:19.103,ill_conditioned,short_wide,128,512,4.000000,20260311,1,bsqr_full,factor_only,0.0025691250000000002,0.0027866255,0.00261990545,0.002849774625,1083872,7.183253850925552e-16,1.0406517975357605e-14
20260316_121419,2026-03-16T12:14:19.103,ill_conditioned,short_wide,128,512,4.000000,20260311,1,dgeqp3,factor_only,0.001386,0.0015892710000000002,0.0014181117,0.0016905856000000003,1218496,7.439458160817571e-16,1.1215249248152174e-14
20260316_121419,2026-03-16T12:14:19.103,ill_conditioned,short_wide,128,512,4.000000,20260311,1,bsqr_rinv,factor_only,0.002669917,0.0028268545000000003,0.002687316275,0.0029169295,1477168,7.183253850925552e-16,1.0406517975357605e-14
20260316_121419,2026-03-16T12:14:19.103,ill_conditioned,short_wide,128,512,4.000000,20260311,1,dgeqp3_trsm,factor_only,0.001562875,0.0017673130000000002,0.001567435975,0.002592151749999996,2791680,7.439458160817571e-16,1.1215249248152174e-14
20260316_121419,2026-03-16T12:14:19.103,ill_conditioned,short_wide,128,1024,8.000000,20260311,1,bsqr_full,factor_only,0.004819417,0.004932291500000001,0.004838387350000001,0.005797525799999997,2165216,6.129163687586062e-16,1.0755192682789473e-14
20260316_121419,2026-03-16T12:14:19.103,ill_conditioned,short_wide,128,1024,8.000000,20260311,1,dgeqp3,factor_only,0.002297625,0.0025434165000000003,0.002356621875,0.003196034799999998,2402240,5.936335764595401e-16,1.0914827874351718e-14
20260316_121419,2026-03-16T12:14:19.103,ill_conditioned,short_wide,128,1024,8.000000,20260311,1,bsqr_rinv,factor_only,0.004944708,0.005121625,0.004961897025,0.005868335975,3082800,6.129163687586062e-16,1.0755192682789473e-14
20260316_121419,2026-03-16T12:14:19.103,ill_conditioned,short_wide,128,1024,8.000000,20260311,1,dgeqp3_trsm,factor_only,0.003082042,0.0033785005,0.003158770925,0.005340767374999998,5548288,5.936335764595401e-16,1.0914827874351718e-14
20260316_121419,2026-03-16T12:14:19.103,ill_conditioned,short_wide,128,1280,10.000000,20260311,1,bsqr_full,factor_only,0.0064305000000000005,0.006676771000000001,0.00648085705,0.008113582199999997,2705888,6.440358274332938e-16,1.0828477681222945e-14
20260316_121419,2026-03-16T12:14:19.103,ill_conditioned,short_wide,128,1280,10.000000,20260311,1,dgeqp3,factor_only,0.0031767080000000003,0.0034154585000000003,0.0032017814000000005,0.004353286699999997,2994112,5.918939903345719e-16,1.0514395569521567e-14
20260316_121419,2026-03-16T12:14:19.103,ill_conditioned,short_wide,128,1280,10.000000,20260311,1,bsqr_rinv,factor_only,0.006416375,0.0069459790000000006,0.006589439025,0.007804970499999999,3885616,6.440358274332938e-16,1.0828477681222945e-14
20260316_121419,2026-03-16T12:14:19.103,ill_conditioned,short_wide,128,1280,10.000000,20260311,1,dgeqp3_trsm,factor_only,0.003926708,0.0043293955,0.004004434525,0.00729982515,6926592,5.918939903345719e-16,1.0514395569521567e-14
20260316_121419,2026-03-16T12:14:19.103,ill_conditioned,short_wide,256,512,2.000000,20260311,1,bsqr_full,factor_only,0.007867833000000001,0.008168333500000001,0.007890459525,0.009063246574999998,2133440,7.473937425147452e-16,2.0042093156689473e-14
20260316_121419,2026-03-16T12:14:19.103,ill_conditioned,short_wide,256,512,2.000000,20260311,1,dgeqp3,factor_only,0.004057,0.0045822295,0.004090742225000001,0.009131036924999999,2268064,8.375334724949686e-16,2.048991951898119e-14
20260316_121419,2026-03-16T12:14:19.103,ill_conditioned,short_wide,256,512,2.000000,20260311,1,bsqr_rinv,factor_only,0.008367292,0.008833104000000001,0.008381247525000001,0.009989506399999999,2657808,7.473937425147452e-16,2.0042093156689473e-14
20260316_121419,2026-03-16T12:14:19.103,ill_conditioned,short_wide,256,512,2.000000,20260311,1,dgeqp3_trsm,factor_only,0.004302333,0.004442729,0.004333508725,0.00748655175,5414112,8.375334724949686e-16,2.048991951898119e-14
20260316_121419,2026-03-16T12:14:19.103,ill_conditioned,short_wide,256,1024,4.000000,20260311,1,bsqr_full,factor_only,0.016124459,0.0181170415,0.01628951685,0.019206455675,4263360,7.951518852310285e-16,1.9842727219114398e-14
20260316_121419,2026-03-16T12:14:19.103,ill_conditioned,short_wide,256,1024,4.000000,20260311,1,dgeqp3,factor_only,0.007784541000000001,0.0082137085,0.00779777225,0.010818520775,4500384,9.117226706295229e-16,2.0779890736081367e-14
20260316_121419,2026-03-16T12:14:19.103,ill_conditioned,short_wide,256,1024,4.000000,20260311,1,bsqr_rinv,factor_only,0.015905250000000003,0.017684250000000002,0.0159792609,0.021677326375,5836304,7.951518852310285e-16,1.9842727219114398e-14
20260316_121419,2026-03-16T12:14:19.103,ill_conditioned,short_wide,256,1024,4.000000,20260311,1,dgeqp3_trsm,factor_only,0.008311500000000001,0.008639104500000001,0.008317239100000002,0.011998302474999998,10792160,9.117226706295229e-16,2.0779890736081367e-14
20260316_121419,2026-03-16T12:14:19.103,ill_conditioned,short_wide,256,2048,8.000000,20260311,1,bsqr_full,factor_only,0.026169750000000002,0.029837541500000002,0.02631363205,0.0360065,8523200,8.114567715996084e-16,2.013249178321472e-14
20260316_121419,2026-03-16T12:14:19.103,ill_conditioned,short_wide,256,2048,8.000000,20260311,1,dgeqp3,factor_only,0.013290125000000002,0.014389104500000001,0.013318883575,0.017357284375,8997792,9.488925452541894e-16,2.0719502643700417e-14
20260316_121419,2026-03-16T12:14:19.103,ill_conditioned,short_wide,256,2048,8.000000,20260311,1,bsqr_rinv,factor_only,0.023569625,0.026340604,0.024010273475,0.03215053044999999,12193296,8.114567715996084e-16,2.013249178321472e-14
20260316_121419,2026-03-16T12:14:19.103,ill_conditioned,short_wide,256,2048,8.000000,20260311,1,dgeqp3_trsm,factor_only,0.017239791,0.018728854500000003,0.017358722175,0.026902666425,21581024,9.488925452541894e-16,2.0719502643700417e-14
20260316_121419,2026-03-16T12:14:19.103,ill_conditioned,short_wide,256,2560,10.000000,20260311,1,bsqr_full,factor_only,0.034151375000000005,0.039507917000000004,0.034972648475,0.046472499425,10653120,8.47930761998094e-16,2.0007063555515745e-14
20260316_121419,2026-03-16T12:14:19.103,ill_conditioned,short_wide,256,2560,10.000000,20260311,1,dgeqp3,factor_only,0.018773042,0.020030271000000002,0.018887138875,0.02253544265,11230112,8.93519688010301e-16,2.0358498835576664e-14
20260316_121419,2026-03-16T12:14:19.103,ill_conditioned,short_wide,256,2560,10.000000,20260311,1,bsqr_rinv,factor_only,0.034335417,0.041705541500000005,0.034880284225,0.04736401425,15371792,8.47930761998094e-16,2.0007063555515745e-14
20260316_121419,2026-03-16T12:14:19.103,ill_conditioned,short_wide,256,2560,10.000000,20260311,1,dgeqp3_trsm,factor_only,0.02166875,0.023398896000000002,0.021805865625000004,0.03971074877499994,26959072,8.93519688010301e-16,2.0358498835576664e-14
20260316_121419,2026-03-16T12:14:19.103,ill_conditioned,short_wide,512,1024,2.000000,20260311,1,bsqr_full,factor_only,0.039503875,0.045889521,0.040044422675,0.05430811314999999,8459744,1.0476467148088418e-15,3.8110470490019397e-14
20260316_121419,2026-03-16T12:14:19.103,ill_conditioned,short_wide,512,1024,2.000000,20260311,1,dgeqp3,factor_only,0.018414541,0.019359208000000003,0.018464778425,0.024819824849999998,8696736,1.0514116480075422e-15,3.8554558510551614e-14
20260316_121419,2026-03-16T12:14:19.103,ill_conditioned,short_wide,512,1024,2.000000,20260311,1,bsqr_rinv,factor_only,0.040729292,0.047236271,0.041010592,0.064839444175,10556976,1.0476467148088418e-15,3.8110470490019397e-14
20260316_121419,2026-03-16T12:14:19.103,ill_conditioned,short_wide,512,1024,2.000000,20260311,1,dgeqp3_trsm,factor_only,0.019205542000000003,0.019692999500000002,0.019222519325,0.030536867149999956,21279968,1.0514116480075422e-15,3.8554558510551614e-14
20260316_121419,2026-03-16T12:14:19.103,ill_conditioned,short_wide,512,2048,4.000000,20260311,1,bsqr_full,factor_only,0.06604441600000001,0.0740558125,0.06752287297500001,0.08830830064999999,16913888,1.076374121529341e-15,3.8129834176531226e-14
20260316_121419,2026-03-16T12:14:19.103,ill_conditioned,short_wide,512,2048,4.000000,20260311,1,dgeqp3,factor_only,0.03692525,0.0378871875,0.0369271234,0.040654936700000005,17388448,1.1212462343439885e-15,3.85068933022288e-14
20260316_121419,2026-03-16T12:14:19.103,ill_conditioned,short_wide,512,2048,4.000000,20260311,1,bsqr_rinv,factor_only,0.068925916,0.088529438,0.07302612377500001,0.14850687362499987,23205424,1.076374121529341e-15,3.8129834176531226e-14
20260316_121419,2026-03-16T12:14:19.103,ill_conditioned,short_wide,512,2048,4.000000,20260311,1,dgeqp3_trsm,factor_only,0.049042125000000006,0.07534531250000001,0.04943271875000001,0.4385697697,42554592,1.1212462343439885e-15,3.85068933022288e-14
20260316_121419,2026-03-16T12:14:19.103,ill_conditioned,short_wide,512,4096,8.000000,20260311,1,bsqr_full,factor_only,0.290474708,0.3429940205,0.29260084767500005,1.019753652025,33822176,1.1290595583961962e-15,3.8094863018157325e-14
20260316_121419,2026-03-16T12:14:19.103,ill_conditioned,short_wide,512,4096,8.000000,20260311,1,dgeqp3,factor_only,0.090971667,0.0939501875,0.09111316235,0.12209869215,34739104,1.1772011310357963e-15,3.833494285734908e-14
20260316_121419,2026-03-16T12:14:19.103,ill_conditioned,short_wide,512,4096,8.000000,20260311,1,bsqr_rinv,factor_only,0.22062325000000002,0.27940275000000003,0.22778404375,0.31494843749999996,50599472,1.1290595583961962e-15,3.8094863018157325e-14
20260316_121419,2026-03-16T12:14:19.103,ill_conditioned,short_wide,512,4096,8.000000,20260311,1,dgeqp3_trsm,factor_only,0.10205095800000001,0.11820602100000001,0.104067908,0.16239485,87168224,1.1772011310357963e-15,3.833494285734908e-14
20260316_121419,2026-03-16T12:14:19.103,ill_conditioned,short_wide,512,5120,10.000000,20260311,1,bsqr_full,factor_only,0.38157683400000003,0.505415958,0.39559154962500004,0.6199875957250001,42472928,1.1165908654749579e-15,3.8031767925334215e-14
20260316_121419,2026-03-16T12:14:19.103,ill_conditioned,short_wide,512,5120,10.000000,20260311,1,dgeqp3,factor_only,0.17571066600000002,0.186872125,0.17673371205000002,0.23002535185,43422624,1.1771129262017436e-15,3.836705133566732e-14
20260316_121419,2026-03-16T12:14:19.103,ill_conditioned,short_wide,512,5120,10.000000,20260311,1,bsqr_rinv,factor_only,0.44492745800000005,0.47347587500000005,0.44524018725000003,0.6126991875000001,63444528,1.1165908654749579e-15,3.8031767925334215e-14
20260316_121419,2026-03-16T12:14:19.103,ill_conditioned,short_wide,512,5120,10.000000,20260311,1,dgeqp3_trsm,factor_only,0.19802350000000002,0.24303291700000001,0.1991306665,0.30603075,108434656,1.1771129262017436e-15,3.836705133566732e-14
20260316_121419,2026-03-16T12:14:19.103,orthonormal_rows,square,64,64,1.000000,20260311,1,bsqr_full,factor_only,4.4625e-5,5.2583e-5,4.4746075e-5,6.024375e-5,71616,6.269559095007357e-16,6.0119492575473695e-15
20260316_121419,2026-03-16T12:14:19.103,orthonormal_rows,square,64,64,1.000000,20260311,1,dgeqp3,factor_only,2.8833000000000003e-5,2.9333000000000002e-5,2.8863450000000002e-5,4.434985e-5,85408,6.827615026093719e-16,6.357178775128149e-15
20260316_121419,2026-03-16T12:14:19.103,orthonormal_rows,square,64,64,1.000000,20260311,1,bsqr_rinv,factor_only,4.3958e-5,4.4666500000000003e-5,4.4139249999999996e-5,5.2864824999999984e-5,71664,6.269559095007357e-16,6.0119492575473695e-15
20260316_121419,2026-03-16T12:14:19.103,orthonormal_rows,square,64,64,1.000000,20260311,1,dgeqp3_trsm,factor_only,2.8833000000000003e-5,2.9208500000000003e-5,2.8893900000000005e-5,3.4810899999999996e-5,85408,6.827615026093719e-16,6.357178775128149e-15
20260316_121419,2026-03-16T12:14:19.103,orthonormal_rows,square,128,128,1.000000,20260311,1,bsqr_full,factor_only,0.000269834,0.0002827085,0.00027043792500000004,0.000288792525,273120,8.370727128074633e-16,1.0834818553018371e-14
20260316_121419,2026-03-16T12:14:19.103,orthonormal_rows,square,128,128,1.000000,20260311,1,dgeqp3,factor_only,0.000178292,0.0001809375,0.00017841307499999999,0.00018459375,330720,8.576539599550105e-16,1.1009621390099485e-14
20260316_121419,2026-03-16T12:14:19.103,orthonormal_rows,square,128,128,1.000000,20260311,1,bsqr_rinv,factor_only,0.000276083,0.0002809375,0.00027686890000000003,0.00028865,273168,8.370727128074633e-16,1.0834818553018371e-14
20260316_121419,2026-03-16T12:14:19.103,orthonormal_rows,square,128,128,1.000000,20260311,1,dgeqp3_trsm,factor_only,0.00017245900000000002,0.00017706200000000002,0.00017481525000000002,0.000183378125,330720,8.576539599550105e-16,1.1009621390099485e-14
20260316_121419,2026-03-16T12:14:19.103,orthonormal_rows,square,256,256,1.000000,20260311,1,bsqr_full,factor_only,0.002690542,0.0027462915000000003,0.0027012654750000003,0.002792204875,1068480,9.98788116144698e-16,1.971508847492146e-14
20260316_121419,2026-03-16T12:14:19.103,orthonormal_rows,square,256,256,1.000000,20260311,1,dgeqp3,factor_only,0.0014529590000000002,0.001479896,0.0014563114000000002,0.0015026811,1151904,1.0432080293944526e-15,2.0570821147944165e-14
20260316_121419,2026-03-16T12:14:19.103,orthonormal_rows,square,256,256,1.000000,20260311,1,bsqr_rinv,factor_only,0.0026853330000000003,0.0027309795000000003,0.0026920697000000003,0.0027821362750000004,1068528,9.98788116144698e-16,1.971508847492146e-14
20260316_121419,2026-03-16T12:14:19.103,orthonormal_rows,square,256,256,1.000000,20260311,1,dgeqp3_trsm,factor_only,0.0014431670000000002,0.001483104,0.0014502053,0.001501705025,1151904,1.0432080293944526e-15,2.0570821147944165e-14
20260316_121419,2026-03-16T12:14:19.103,orthonormal_rows,square,384,384,1.000000,20260311,1,bsqr_full,factor_only,0.006828542000000001,0.007154937,0.006951428775000001,0.008174290624999997,2388416,1.166025903266226e-15,2.8993423667171797e-14
20260316_121419,2026-03-16T12:14:19.103,orthonormal_rows,square,384,384,1.000000,20260311,1,dgeqp3,factor_only,0.003044792,0.0030881035,0.0030519513750000005,0.0034383437499999987,2497440,1.1979445679741727e-15,2.964461810303838e-14
20260316_121419,2026-03-16T12:14:19.103,orthonormal_rows,square,384,384,1.000000,20260311,1,bsqr_rinv,factor_only,0.006942292,0.007154729,0.006959359950000001,0.007780983,2388464,1.166025903266226e-15,2.8993423667171797e-14
20260316_121419,2026-03-16T12:14:19.103,orthonormal_rows,square,384,384,1.000000,20260311,1,dgeqp3_trsm,factor_only,0.0030882500000000003,0.0031709165000000004,0.0031222343750000004,0.0035225743499999983,2497440,1.1979445679741727e-15,2.964461810303838e-14
20260316_121419,2026-03-16T12:14:19.103,orthonormal_rows,square,512,512,1.000000,20260311,1,bsqr_full,factor_only,0.014583917,0.015142312000000002,0.014586484225,0.017567735975,4232672,1.3090932903667209e-15,3.7698567965883765e-14
20260316_121419,2026-03-16T12:14:19.103,orthonormal_rows,square,512,512,1.000000,20260311,1,dgeqp3,factor_only,0.0056773330000000006,0.005922438,0.005682498625000001,0.008116252474999999,4367264,1.3433990879958013e-15,3.846504948833939e-14
20260316_121419,2026-03-16T12:14:19.103,orthonormal_rows,square,512,512,1.000000,20260311,1,bsqr_rinv,factor_only,0.014653500000000002,0.015039354500000001,0.014659541425,0.016602024049999997,4232720,1.3090932903667209e-15,3.7698567965883765e-14
20260316_121419,2026-03-16T12:14:19.103,orthonormal_rows,square,512,512,1.000000,20260311,1,dgeqp3_trsm,factor_only,0.005541375,0.0060036460000000005,0.0056189202750000005,0.0077885487749999975,4367264,1.3433990879958013e-15,3.846504948833939e-14
20260316_121419,2026-03-16T12:14:19.103,orthonormal_rows,short_wide,32,64,2.000000,20260311,1,bsqr_full,factor_only,2.0750000000000003e-5,2.10625e-5,2.0810175e-5,2.8843324999999987e-5,38592,5.420792876210207e-16,3.062058114139742e-15
20260316_121419,2026-03-16T12:14:19.103,orthonormal_rows,short_wide,32,64,2.000000,20260311,1,dgeqp3,factor_only,1.2250000000000001e-5,1.2521000000000001e-5,1.2310175e-5,1.7899349999999983e-5,52384,5.635001504903682e-16,3.3073679938691926e-15
20260316_121419,2026-03-16T12:14:19.103,orthonormal_rows,short_wide,32,64,2.000000,20260311,1,bsqr_rinv,factor_only,2.1958000000000002e-5,2.5334000000000002e-5,2.1988450000000005e-5,4.023059999999999e-5,46864,5.420792876210207e-16,3.062058114139742e-15
20260316_121419,2026-03-16T12:14:19.103,orthonormal_rows,short_wide,32,64,2.000000,20260311,1,dgeqp3_trsm,factor_only,1.7709000000000003e-5,2.0e-5,1.7738725000000002e-5,3.6027975e-5,101856,5.635001504903682e-16,3.3073679938691926e-15
20260316_121419,2026-03-16T12:14:19.103,orthonormal_rows,short_wide,32,128,4.000000,20260311,1,bsqr_full,factor_only,4.05e-5,5.1417000000000006e-5,4.08625e-5,6.9781675e-5,75712,5.273533615808201e-16,3.1463667105243177e-15
20260316_121419,2026-03-16T12:14:19.103,orthonormal_rows,short_wide,32,128,4.000000,20260311,1,dgeqp3,factor_only,2.3625e-5,2.4708500000000002e-5,2.3715625000000002e-5,3.573829999999998e-5,133312,6.540903768178375e-16,3.8260518191178164e-15
20260316_121419,2026-03-16T12:14:19.103,orthonormal_rows,short_wide,32,128,4.000000,20260311,1,bsqr_rinv,factor_only,4.2375e-5,6.6084e-5,4.249535e-5,0.0007151168499999985,100368,5.273533615808201e-16,3.1463667105243177e-15
20260316_121419,2026-03-16T12:14:19.103,orthonormal_rows,short_wide,32,128,4.000000,20260311,1,dgeqp3_trsm,factor_only,3.5542e-5,6.166650000000001e-5,5.043495e-5,0.00026239047499999906,231936,6.540903768178375e-16,3.8260518191178164e-15
20260316_121419,2026-03-16T12:14:19.103,orthonormal_rows,short_wide,32,256,8.000000,20260311,1,bsqr_full,factor_only,7.916700000000001e-5,8.5709e-5,7.983110000000001e-5,0.00011297689999999999,149184,5.269642881783617e-16,2.7950799225358585e-15
20260316_121419,2026-03-16T12:14:19.103,orthonormal_rows,short_wide,32,256,8.000000,20260311,1,dgeqp3,factor_only,4.4708e-5,5.1188000000000005e-5,4.473845e-5,6.0267949999999996e-5,232608,6.088436480117347e-16,3.463557080422177e-15
20260316_121419,2026-03-16T12:14:19.103,orthonormal_rows,short_wide,32,256,8.000000,20260311,1,bsqr_rinv,factor_only,9.2791e-5,9.52915e-5,9.360735000000001e-5,0.0001261383,214800,5.269642881783617e-16,2.7950799225358585e-15
20260316_121419,2026-03-16T12:14:19.103,orthonormal_rows,short_wide,32,256,8.000000,20260311,1,dgeqp3_trsm,factor_only,7.15e-5,8.65835e-5,7.8025e-5,0.00011975000000000001,437728,6.088436480117347e-16,3.463557080422177e-15
20260316_121419,2026-03-16T12:14:19.103,orthonormal_rows,short_wide,32,320,10.000000,20260311,1,bsqr_full,factor_only,0.00011358300000000001,0.00011600050000000001,0.000114127475,0.00012564592499999996,218816,5.449148372009156e-16,2.9132209663088834e-15
20260316_121419,2026-03-16T12:14:19.103,orthonormal_rows,short_wide,32,320,10.000000,20260311,1,dgeqp3,factor_only,5.8583000000000005e-5,6.23125e-5,6.0154075000000006e-5,7.17378e-5,298656,6.284839934613921e-16,3.616765127998936e-15
20260316_121419,2026-03-16T12:14:19.103,orthonormal_rows,short_wide,32,320,10.000000,20260311,1,bsqr_rinv,factor_only,0.00011475000000000001,0.0001445205,0.00012133517500000001,0.000154795925,317200,5.449148372009156e-16,2.9132209663088834e-15
20260316_121419,2026-03-16T12:14:19.103,orthonormal_rows,short_wide,32,320,10.000000,20260311,1,dgeqp3_trsm,factor_only,8.1542e-5,0.00010043750000000001,8.709985e-5,0.00012492405,602080,6.284839934613921e-16,3.616765127998936e-15
20260316_121419,2026-03-16T12:14:19.103,orthonormal_rows,short_wide,64,128,2.000000,20260311,1,bsqr_full,factor_only,0.00010525000000000001,0.00010968700000000001,0.00010694215,0.00011756059999999997,141504,7.123364605034118e-16,6.03177498466195e-15
20260316_121419,2026-03-16T12:14:19.103,orthonormal_rows,short_wide,64,128,2.000000,20260311,1,dgeqp3,factor_only,7.1875e-5,7.825e-5,7.20258e-5,8.2312925e-5,199104,7.395056277123489e-16,6.257293394323148e-15
20260316_121419,2026-03-16T12:14:19.103,orthonormal_rows,short_wide,64,128,2.000000,20260311,1,bsqr_rinv,factor_only,0.00011779200000000001,0.0001195,0.00011812405000000001,0.00013288109999999998,174352,7.123364605034118e-16,6.03177498466195e-15
20260316_121419,2026-03-16T12:14:19.103,orthonormal_rows,short_wide,64,128,2.000000,20260311,1,dgeqp3_trsm,factor_only,8.5666e-5,0.00010281250000000001,8.657225e-5,0.000157777325,396032,7.395056277123489e-16,6.257293394323148e-15
20260316_121419,2026-03-16T12:14:19.103,orthonormal_rows,short_wide,64,256,4.000000,20260311,1,bsqr_full,factor_only,0.000324792,0.0003774995,0.000328538075,0.0009534972999999999,280512,7.540837900812984e-16,6.066604480677455e-15
20260316_121419,2026-03-16T12:14:19.103,orthonormal_rows,short_wide,64,256,4.000000,20260311,1,dgeqp3,factor_only,0.000162292,0.000174854,0.00016597717500000002,0.00020202850000000002,363936,7.505683707396436e-16,6.238258755568025e-15
20260316_121419,2026-03-16T12:14:19.103,orthonormal_rows,short_wide,64,256,4.000000,20260311,1,bsqr_rinv,factor_only,0.00035479200000000004,0.0003651665,0.0003556982500000001,0.00039036627500000005,378896,7.540837900812984e-16,6.066604480677455e-15
20260316_121419,2026-03-16T12:14:19.103,orthonormal_rows,short_wide,64,256,4.000000,20260311,1,dgeqp3_trsm,factor_only,0.000281,0.0003292915,0.00028247972500000006,0.00044155029999999986,757472,7.505683707396436e-16,6.238258755568025e-15
20260316_121419,2026-03-16T12:14:19.103,orthonormal_rows,short_wide,64,512,8.000000,20260311,1,bsqr_full,factor_only,0.001087417,0.001186854,0.0010959662000000002,0.00123565995,559040,7.891137543035364e-16,6.3571863057206475e-15
20260316_121419,2026-03-16T12:14:19.103,orthonormal_rows,short_wide,64,512,8.000000,20260311,1,dgeqp3,factor_only,0.000590791,0.0006274585000000001,0.0005932987750000001,0.0006485641,693664,7.74290819504142e-16,6.1206161459900555e-15
20260316_121419,2026-03-16T12:14:19.103,orthonormal_rows,short_wide,64,512,8.000000,20260311,1,bsqr_rinv,factor_only,0.000891333,0.0009189585000000001,0.0008982806750000001,0.0009987837999999999,788496,7.891137543035364e-16,6.3571863057206475e-15
20260316_121419,2026-03-16T12:14:19.103,orthonormal_rows,short_wide,64,512,8.000000,20260311,1,dgeqp3_trsm,factor_only,0.000503125,0.0005386875,0.0005047867,0.0005820134500000001,1480416,7.74290819504142e-16,6.1206161459900555e-15
20260316_121419,2026-03-16T12:14:19.103,orthonormal_rows,short_wide,64,640,10.000000,20260311,1,bsqr_full,factor_only,0.0010246670000000002,0.001065083,0.0010251803,0.0011399209250000002,698304,7.240834751108849e-16,5.6658525928105906e-15
20260316_121419,2026-03-16T12:14:19.103,orthonormal_rows,short_wide,64,640,10.000000,20260311,1,dgeqp3,factor_only,0.000536166,0.0005724585,0.0005365894,0.00059762675,858528,8.129638950252823e-16,6.8462308351347255e-15
20260316_121419,2026-03-16T12:14:19.103,orthonormal_rows,short_wide,64,640,10.000000,20260311,1,bsqr_rinv,factor_only,0.001077166,0.0011170000000000002,0.00108051985,0.0011486275500000001,993296,7.240834751108849e-16,5.6658525928105906e-15
20260316_121419,2026-03-16T12:14:19.103,orthonormal_rows,short_wide,64,640,10.000000,20260311,1,dgeqp3_trsm,factor_only,0.000644708,0.0006799585,0.00064806185,0.0014822357499999963,1841888,8.129638950252823e-16,6.8462308351347255e-15
20260316_121419,2026-03-16T12:14:19.103,orthonormal_rows,short_wide,128,256,2.000000,20260311,1,bsqr_full,factor_only,0.001052792,0.0010711665,0.00105696075,0.001083440475,543200,9.22636577676721e-16,1.0488850194407091e-14
20260316_121419,2026-03-16T12:14:19.103,orthonormal_rows,short_wide,128,256,2.000000,20260311,1,dgeqp3,factor_only,0.0005968340000000001,0.0006140415,0.0005974676500000001,0.0006319990500000001,626624,9.40548148785616e-16,1.124771932705122e-14
20260316_121419,2026-03-16T12:14:19.103,orthonormal_rows,short_wide,128,256,2.000000,20260311,1,bsqr_rinv,factor_only,0.001078875,0.0010984165,0.001080325,0.001127102325,674352,9.22636577676721e-16,1.0488850194407091e-14
20260316_121419,2026-03-16T12:14:19.103,orthonormal_rows,short_wide,128,256,2.000000,20260311,1,dgeqp3_trsm,factor_only,0.0006833750000000001,0.0007023960000000001,0.0006899,0.00072350735,1413376,9.40548148785616e-16,1.124771932705122e-14
20260316_121419,2026-03-16T12:14:19.103,orthonormal_rows,short_wide,128,512,4.000000,20260311,1,bsqr_full,factor_only,0.0026572920000000003,0.0027678335,0.0026587412750000003,0.00282511075,1083872,9.49650926803766e-16,1.0753261927931248e-14
20260316_121419,2026-03-16T12:14:19.103,orthonormal_rows,short_wide,128,512,4.000000,20260311,1,dgeqp3,factor_only,0.001390292,0.001559271,0.0013915302999999999,0.0016568879249999999,1218496,9.904782218111183e-16,1.1198305508062186e-14
20260316_121419,2026-03-16T12:14:19.103,orthonormal_rows,short_wide,128,512,4.000000,20260311,1,bsqr_rinv,factor_only,0.002620625,0.002808104,0.0026273609750000005,0.0028931891,1477168,9.49650926803766e-16,1.0753261927931248e-14
20260316_121419,2026-03-16T12:14:19.103,orthonormal_rows,short_wide,128,512,4.000000,20260311,1,dgeqp3_trsm,factor_only,0.001540542,0.0017047915000000002,0.0015783928000000001,0.0025279187499999967,2791680,9.904782218111183e-16,1.1198305508062186e-14
20260316_121419,2026-03-16T12:14:19.103,orthonormal_rows,short_wide,128,1024,8.000000,20260311,1,bsqr_full,factor_only,0.004756375,0.004889666500000001,0.004774741425,0.006138170124999998,2165216,9.002448262548082e-16,1.0440218717869942e-14
20260316_121419,2026-03-16T12:14:19.103,orthonormal_rows,short_wide,128,1024,8.000000,20260311,1,dgeqp3,factor_only,0.002281125,0.0025058750000000003,0.00229937035,0.0032148403249999975,2402240,9.580885158889836e-16,1.1284367786514897e-14
20260316_121419,2026-03-16T12:14:19.103,orthonormal_rows,short_wide,128,1024,8.000000,20260311,1,bsqr_rinv,factor_only,0.0048486250000000005,0.0050453955,0.00486904535,0.005993924999999996,3082800,9.002448262548082e-16,1.0440218717869942e-14
20260316_121419,2026-03-16T12:14:19.103,orthonormal_rows,short_wide,128,1024,8.000000,20260311,1,dgeqp3_trsm,factor_only,0.002645333,0.0028440625000000002,0.00268771505,0.005078463724999999,5548288,9.580885158889836e-16,1.1284367786514897e-14
20260316_121419,2026-03-16T12:14:19.103,orthonormal_rows,short_wide,128,1280,10.000000,20260311,1,bsqr_full,factor_only,0.005632417000000001,0.0060026245,0.0056676701250000005,0.007134792374999999,2705888,9.280100935897126e-16,1.0821953969564217e-14
20260316_121419,2026-03-16T12:14:19.103,orthonormal_rows,short_wide,128,1280,10.000000,20260311,1,dgeqp3,factor_only,0.0027639590000000003,0.0029538755,0.0028020512250000002,0.003718777174999997,2994112,9.496281694273122e-16,1.1339281150025586e-14
20260316_121419,2026-03-16T12:14:19.103,orthonormal_rows,short_wide,128,1280,10.000000,20260311,1,bsqr_rinv,factor_only,0.005861375,0.006043375,0.005862614025000001,0.006959841574999999,3885616,9.280100935897126e-16,1.0821953969564217e-14
20260316_121419,2026-03-16T12:14:19.103,orthonormal_rows,short_wide,128,1280,10.000000,20260311,1,dgeqp3_trsm,factor_only,0.003102,0.0034555625000000003,0.0031806320500000003,0.0060570297249999995,6926592,9.496281694273122e-16,1.1339281150025586e-14
20260316_121419,2026-03-16T12:14:19.103,orthonormal_rows,short_wide,256,512,2.000000,20260311,1,bsqr_full,factor_only,0.006921709000000001,0.0071612920000000005,0.0069372058750000005,0.030956907624999922,2133440,1.1247221240627105e-15,2.0003779192570235e-14
20260316_121419,2026-03-16T12:14:19.103,orthonormal_rows,short_wide,256,512,2.000000,20260311,1,dgeqp3,factor_only,0.003003125,0.003105146,0.0030268992000000005,0.003900579224999997,2268064,1.1789036030609456e-15,2.051022881013409e-14
20260316_121419,2026-03-16T12:14:19.103,orthonormal_rows,short_wide,256,512,2.000000,20260311,1,bsqr_rinv,factor_only,0.007114792000000001,0.0072475005,0.007131738875000001,0.007922908,2657808,1.1247221240627105e-15,2.0003779192570235e-14
20260316_121419,2026-03-16T12:14:19.103,orthonormal_rows,short_wide,256,512,2.000000,20260311,1,dgeqp3_trsm,factor_only,0.0031165420000000004,0.0034338125000000002,0.00319973575,0.005486992224999998,5414112,1.1789036030609456e-15,2.051022881013409e-14
20260316_121419,2026-03-16T12:14:19.103,orthonormal_rows,short_wide,256,1024,4.000000,20260311,1,bsqr_full,factor_only,0.014070333,0.014598729000000001,0.014157816575000001,0.017073540625,4263360,1.1546422029174667e-15,2.0140416645569172e-14
20260316_121419,2026-03-16T12:14:19.103,orthonormal_rows,short_wide,256,1024,4.000000,20260311,1,dgeqp3,factor_only,0.006038750000000001,0.006502292000000001,0.006120765625000001,0.009930708424999999,4500384,1.211958117887987e-15,2.0439585012845147e-14
20260316_121419,2026-03-16T12:14:19.103,orthonormal_rows,short_wide,256,1024,4.000000,20260311,1,bsqr_rinv,factor_only,0.014126333000000001,0.0170096665,0.014558976750000003,0.021975259075,5836304,1.1546422029174667e-15,2.0140416645569172e-14
20260316_121419,2026-03-16T12:14:19.103,orthonormal_rows,short_wide,256,1024,4.000000,20260311,1,dgeqp3_trsm,factor_only,0.007098583,0.0075992080000000005,0.00712398845,0.011221322525,10792160,1.211958117887987e-15,2.0439585012845147e-14
20260316_121419,2026-03-16T12:14:19.103,orthonormal_rows,short_wide,256,2048,8.000000,20260311,1,bsqr_full,factor_only,0.022955583,0.02381725,0.023114086125000002,0.026237900375,8523200,1.1482492885023833e-15,1.9768642320721936e-14
20260316_121419,2026-03-16T12:14:19.103,orthonormal_rows,short_wide,256,2048,8.000000,20260311,1,dgeqp3,factor_only,0.010613542,0.011289416500000002,0.0106305795,0.013705427324999998,8997792,1.2269016640462727e-15,2.0295283694506457e-14
20260316_121419,2026-03-16T12:14:19.103,orthonormal_rows,short_wide,256,2048,8.000000,20260311,1,bsqr_rinv,factor_only,0.022517166,0.024208166500000003,0.022810791725,0.02642405095,12193296,1.1482492885023833e-15,1.9768642320721936e-14
20260316_121419,2026-03-16T12:14:19.103,orthonormal_rows,short_wide,256,2048,8.000000,20260311,1,dgeqp3_trsm,factor_only,0.012570833,0.013335688,0.012807515775,0.025021485974999952,21581024,1.2269016640462727e-15,2.0295283694506457e-14
20260316_121419,2026-03-16T12:14:19.103,orthonormal_rows,short_wide,256,2560,10.000000,20260311,1,bsqr_full,factor_only,0.027030292,0.028369146,0.027245435750000005,0.031866691425,10653120,1.1510909689619592e-15,1.9752213432503048e-14
20260316_121419,2026-03-16T12:14:19.103,orthonormal_rows,short_wide,256,2560,10.000000,20260311,1,dgeqp3,factor_only,0.012863000000000001,0.014012438,0.012879342225,0.015738407775,11230112,1.2201134255060414e-15,2.0221695396395895e-14
20260316_121419,2026-03-16T12:14:19.103,orthonormal_rows,short_wide,256,2560,10.000000,20260311,1,bsqr_rinv,factor_only,0.028513917000000003,0.029507604500000003,0.028604934225000003,0.03646178792499999,15371792,1.1510909689619592e-15,1.9752213432503048e-14
20260316_121419,2026-03-16T12:14:19.103,orthonormal_rows,short_wide,256,2560,10.000000,20260311,1,dgeqp3_trsm,factor_only,0.015753792000000003,0.016970021000000002,0.015761102175,0.027516302324999953,26959072,1.2201134255060414e-15,2.0221695396395895e-14
20260316_121419,2026-03-16T12:14:19.103,orthonormal_rows,short_wide,512,1024,2.000000,20260311,1,bsqr_full,factor_only,0.034392291000000005,0.0358490625,0.03455245655,0.038735000650000004,8459744,1.4897571750559473e-15,3.7764659514665687e-14
20260316_121419,2026-03-16T12:14:19.103,orthonormal_rows,short_wide,512,1024,2.000000,20260311,1,dgeqp3,factor_only,0.013074834,0.013378583500000001,0.013177844175000002,0.015940960325000003,8696736,1.540152016952854e-15,3.818395125177994e-14
20260316_121419,2026-03-16T12:14:19.103,orthonormal_rows,short_wide,512,1024,2.000000,20260311,1,bsqr_rinv,factor_only,0.034660916,0.0359395625,0.0346872277,0.03995434375,10556976,1.4897571750559473e-15,3.7764659514665687e-14
20260316_121419,2026-03-16T12:14:19.103,orthonormal_rows,short_wide,512,1024,2.000000,20260311,1,dgeqp3_trsm,factor_only,0.015069792,0.015676125000000003,0.015101510750000002,0.027115379349999955,21279968,1.540152016952854e-15,3.818395125177994e-14
20260316_121419,2026-03-16T12:14:19.103,orthonormal_rows,short_wide,512,2048,4.000000,20260311,1,bsqr_full,factor_only,0.066945792,0.074245271,0.06747063110000001,0.082596521875,16913888,1.5399396041463713e-15,3.781977816392975e-14
20260316_121419,2026-03-16T12:14:19.103,orthonormal_rows,short_wide,512,2048,4.000000,20260311,1,dgeqp3,factor_only,0.026801417,0.027740229,0.026951189675,0.0297006391,17388448,1.6071497700738994e-15,3.8700041305413685e-14
20260316_121419,2026-03-16T12:14:19.103,orthonormal_rows,short_wide,512,2048,4.000000,20260311,1,bsqr_rinv,factor_only,0.06999058300000001,0.0760767085,0.071035217375,0.11432281409999998,23205424,1.5399396041463713e-15,3.781977816392975e-14
20260316_121419,2026-03-16T12:14:19.103,orthonormal_rows,short_wide,512,2048,4.000000,20260311,1,dgeqp3_trsm,factor_only,0.031864167,0.0339169375,0.0319020178,0.06763078654999999,42554592,1.6071497700738994e-15,3.8700041305413685e-14
20260316_121419,2026-03-16T12:14:19.103,orthonormal_rows,short_wide,512,4096,8.000000,20260311,1,bsqr_full,factor_only,0.24520487500000002,0.268892,0.24693011875000004,0.35089157485,33822176,1.5711646219648074e-15,3.789347578481332e-14
20260316_121419,2026-03-16T12:14:19.103,orthonormal_rows,short_wide,512,4096,8.000000,20260311,1,dgeqp3,factor_only,0.067721292,0.0711344795,0.06775458182500001,0.11947884389999999,34739104,1.6361130878243134e-15,3.8742903350013603e-14
20260316_121419,2026-03-16T12:14:19.103,orthonormal_rows,short_wide,512,4096,8.000000,20260311,1,bsqr_rinv,factor_only,0.22151995800000002,0.2748587295,0.226969130775,0.34004277055,50599472,1.5711646219648074e-15,3.789347578481332e-14
20260316_121419,2026-03-16T12:14:19.103,orthonormal_rows,short_wide,512,4096,8.000000,20260311,1,dgeqp3_trsm,factor_only,0.08028429100000001,0.083727729,0.0808436894,0.1144965984,87168224,1.6361130878243134e-15,3.8742903350013603e-14
20260316_121419,2026-03-16T12:14:19.103,orthonormal_rows,short_wide,512,5120,10.000000,20260311,1,bsqr_full,factor_only,0.360397375,0.42091729200000005,0.3609177625,0.46954114100000005,42472928,1.5739952373701468e-15,3.8439920961357106e-14
20260316_121419,2026-03-16T12:14:19.103,orthonormal_rows,short_wide,512,5120,10.000000,20260311,1,dgeqp3,factor_only,0.14347045900000002,0.15250314550000002,0.143830119175,0.20557604999999995,43422624,1.6284985366411922e-15,3.812301586658752e-14
20260316_121419,2026-03-16T12:14:19.103,orthonormal_rows,short_wide,512,5120,10.000000,20260311,1,bsqr_rinv,factor_only,0.424558792,0.44781929150000005,0.42542943045000003,0.5558631736249999,63444528,1.5739952373701468e-15,3.8439920961357106e-14
20260316_121419,2026-03-16T12:14:19.103,orthonormal_rows,short_wide,512,5120,10.000000,20260311,1,dgeqp3_trsm,factor_only,0.16501341600000002,0.22235029150000002,0.16623574697500004,0.260981805775,108434656,1.6284985366411922e-15,3.812301586658752e-14
20260316_121419,2026-03-16T12:14:19.103,gaussian,square,64,64,1.000000,20260310,4,bsqr_full,factor_only,4.8042000000000005e-5,5.33955e-5,4.891780000000001e-5,6.507622499999998e-5,71616,5.533550057830302e-16,6.157824457400668e-15
20260316_121419,2026-03-16T12:14:19.103,gaussian,square,64,64,1.000000,20260310,4,dgeqp3,factor_only,2.9e-5,3.0812500000000004e-5,2.9060175e-5,4.1476375e-5,85408,5.884699445236682e-16,6.885819648643135e-15
20260316_121419,2026-03-16T12:14:19.103,gaussian,square,64,64,1.000000,20260310,4,bsqr_rinv,factor_only,4.4000000000000006e-5,4.45415e-5,4.4000000000000006e-5,5.2567524999999976e-5,71664,5.533550057830302e-16,6.157824457400668e-15
20260316_121419,2026-03-16T12:14:19.103,gaussian,square,64,64,1.000000,20260310,4,dgeqp3_trsm,factor_only,3.2959e-5,4.1416500000000006e-5,3.4409e-5,4.93125e-5,85408,5.884699445236682e-16,6.885819648643135e-15
20260316_121419,2026-03-16T12:14:19.103,gaussian,square,128,128,1.000000,20260310,4,bsqr_full,factor_only,0.000279292,0.00029,0.000279563875,0.00031015217499999996,273120,7.328778215630288e-16,1.0543923996940254e-14
20260316_121419,2026-03-16T12:14:19.103,gaussian,square,128,128,1.000000,20260310,4,dgeqp3,factor_only,0.00018212500000000002,0.00018560400000000002,0.000182547675,0.00019036192500000002,330720,7.410311847957666e-16,1.1040087235281498e-14
20260316_121419,2026-03-16T12:14:19.103,gaussian,square,128,128,1.000000,20260310,4,bsqr_rinv,factor_only,0.000279541,0.00028783350000000004,0.00028081047500000004,0.000294628925,273168,7.328778215630288e-16,1.0543923996940254e-14
20260316_121419,2026-03-16T12:14:19.103,gaussian,square,128,128,1.000000,20260310,4,dgeqp3_trsm,factor_only,0.000175166,0.0001812495,0.000177341725,0.000188226525,330720,7.410311847957666e-16,1.1040087235281498e-14
20260316_121419,2026-03-16T12:14:19.103,gaussian,square,256,256,1.000000,20260310,4,bsqr_full,factor_only,0.0026914160000000003,0.0027502295,0.002698455025,0.00284888015,1068480,8.78338064520323e-16,1.9757030234327516e-14
20260316_121419,2026-03-16T12:14:19.103,gaussian,square,256,256,1.000000,20260310,4,dgeqp3,factor_only,0.0012887500000000002,0.0014695415000000002,0.00133684215,0.00150536425,1151904,9.351071928314476e-16,2.023588289338543e-14
20260316_121419,2026-03-16T12:14:19.103,gaussian,square,256,256,1.000000,20260310,4,bsqr_rinv,factor_only,0.002699083,0.002732771,0.0027024361250000003,0.0027816287750000003,1068528,8.78338064520323e-16,1.9757030234327516e-14
20260316_121419,2026-03-16T12:14:19.103,gaussian,square,256,256,1.000000,20260310,4,dgeqp3_trsm,factor_only,0.001441334,0.001465479,0.0014496106,0.0014838464500000002,1151904,9.351071928314476e-16,2.023588289338543e-14
20260316_121419,2026-03-16T12:14:19.103,gaussian,square,384,384,1.000000,20260310,4,bsqr_full,factor_only,0.006971417000000001,0.007096583500000001,0.006977549050000001,0.00778513045,2388416,1.03987954966885e-15,2.901038303303234e-14
20260316_121419,2026-03-16T12:14:19.103,gaussian,square,384,384,1.000000,20260310,4,dgeqp3,factor_only,0.0028605,0.0030711455,0.0029391320500000003,0.0033896048749999987,2497440,1.0962439568698355e-15,3.014545937529705e-14
20260316_121419,2026-03-16T12:14:19.103,gaussian,square,384,384,1.000000,20260310,4,bsqr_rinv,factor_only,0.006924125000000001,0.0071487915,0.006932281250000001,0.007750189675,2388464,1.03987954966885e-15,2.901038303303234e-14
20260316_121419,2026-03-16T12:14:19.103,gaussian,square,384,384,1.000000,20260310,4,dgeqp3_trsm,factor_only,0.0029867920000000003,0.0030795835,0.002992802975,0.003364500149999999,2497440,1.0962439568698355e-15,3.014545937529705e-14
20260316_121419,2026-03-16T12:14:19.103,gaussian,square,512,512,1.000000,20260310,4,bsqr_full,factor_only,0.014534,0.014937271,0.014553423475,0.016560221725,4232672,1.1940961519354435e-15,3.7986907908942624e-14
20260316_121419,2026-03-16T12:14:19.103,gaussian,square,512,512,1.000000,20260310,4,dgeqp3,factor_only,0.005799458,0.005860520500000001,0.005800515775,0.0074546169999999985,4367264,1.2378455379225145e-15,3.86816801933746e-14
20260316_121419,2026-03-16T12:14:19.103,gaussian,square,512,512,1.000000,20260310,4,bsqr_rinv,factor_only,0.014616709,0.014921458,0.014620968375000001,0.03331800422499995,4232720,1.1940961519354435e-15,3.7986907908942624e-14
20260316_121419,2026-03-16T12:14:19.103,gaussian,square,512,512,1.000000,20260310,4,dgeqp3_trsm,factor_only,0.005785958000000001,0.0058557915000000006,0.005789190775,0.007162902975,4367264,1.2378455379225145e-15,3.86816801933746e-14
20260316_121419,2026-03-16T12:14:19.103,gaussian,short_wide,32,64,2.000000,20260310,4,bsqr_full,factor_only,2.1209e-5,2.6146e-5,2.1631675e-5,3.4417e-5,38592,4.835098717590868e-16,2.9525604125416648e-15
20260316_121419,2026-03-16T12:14:19.103,gaussian,short_wide,32,64,2.000000,20260310,4,dgeqp3,factor_only,1.2458e-5,1.28335e-5,1.2458e-5,2.5609224999999997e-5,52384,5.306665983352502e-16,3.483742306929226e-15
20260316_121419,2026-03-16T12:14:19.103,gaussian,short_wide,32,64,2.000000,20260310,4,bsqr_rinv,factor_only,2.1708000000000003e-5,2.2208500000000003e-5,2.1768175e-5,2.6958999999999987e-5,46864,4.835098717590868e-16,2.9525604125416648e-15
20260316_121419,2026-03-16T12:14:19.103,gaussian,short_wide,32,64,2.000000,20260310,4,dgeqp3_trsm,factor_only,1.7417e-5,2.025e-5,1.7869400000000002e-5,4.3671574999999995e-5,101856,5.306665983352502e-16,3.483742306929226e-15
20260316_121419,2026-03-16T12:14:19.103,gaussian,short_wide,32,128,4.000000,20260310,4,bsqr_full,factor_only,3.8875e-5,3.9417000000000006e-5,3.90258e-5,4.399877499999999e-5,75712,5.326756777656283e-16,3.3203272004137195e-15
20260316_121419,2026-03-16T12:14:19.103,gaussian,short_wide,32,128,4.000000,20260310,4,dgeqp3,factor_only,2.3625e-5,2.40205e-5,2.365545e-5,2.982595e-5,133312,6.072340746631066e-16,3.750578058892803e-15
20260316_121419,2026-03-16T12:14:19.103,gaussian,short_wide,32,128,4.000000,20260310,4,bsqr_rinv,factor_only,4.0875000000000004e-5,4.14585e-5,4.0996075000000004e-5,5.007325e-5,100368,5.326756777656283e-16,3.3203272004137195e-15
20260316_121419,2026-03-16T12:14:19.103,gaussian,short_wide,32,128,4.000000,20260310,4,dgeqp3_trsm,factor_only,3.2292e-5,3.7729500000000005e-5,3.5070925000000005e-5,6.24231e-5,231936,6.072340746631066e-16,3.750578058892803e-15
20260316_121419,2026-03-16T12:14:19.103,gaussian,short_wide,32,256,8.000000,20260310,4,bsqr_full,factor_only,8.095900000000001e-5,8.375e-5,8.14723e-5,8.861685e-5,149184,5.587361471231404e-16,3.0379943427859746e-15
20260316_121419,2026-03-16T12:14:19.103,gaussian,short_wide,32,256,8.000000,20260310,4,dgeqp3,factor_only,4.6625e-5,5.1104500000000005e-5,4.6987500000000004e-5,5.367855000000001e-5,232608,5.891996615831363e-16,3.38495843679928e-15
20260316_121419,2026-03-16T12:14:19.103,gaussian,short_wide,32,256,8.000000,20260310,4,bsqr_rinv,factor_only,8.641600000000001e-5,9.27505e-5,8.656752500000002e-5,9.550465e-5,214800,5.587361471231404e-16,3.0379943427859746e-15
20260316_121419,2026-03-16T12:14:19.103,gaussian,short_wide,32,256,8.000000,20260310,4,dgeqp3_trsm,factor_only,6.6667e-5,7.56665e-5,6.829825e-5,7.9459e-5,437728,5.891996615831363e-16,3.38495843679928e-15
20260316_121419,2026-03-16T12:14:19.103,gaussian,short_wide,32,320,10.000000,20260310,4,bsqr_full,factor_only,0.00010675,0.00011485400000000001,0.00010681017500000002,0.00014914295,218816,5.659887693733468e-16,3.069499181568871e-15
20260316_121419,2026-03-16T12:14:19.103,gaussian,short_wide,32,320,10.000000,20260310,4,dgeqp3,factor_only,5.7792000000000005e-5,6.11455e-5,5.948342500000001e-5,6.994374999999999e-5,298656,5.810221680072307e-16,3.2883436227223147e-15
20260316_121419,2026-03-16T12:14:19.103,gaussian,short_wide,32,320,10.000000,20260310,4,bsqr_rinv,factor_only,0.000114042,0.00012268750000000002,0.00011524985000000001,0.000128878925,317200,5.659887693733468e-16,3.069499181568871e-15
20260316_121419,2026-03-16T12:14:19.103,gaussian,short_wide,32,320,10.000000,20260310,4,dgeqp3_trsm,factor_only,8.4583e-5,9.922900000000001e-5,8.5579875e-5,0.00011398982499999998,602080,5.810221680072307e-16,3.2883436227223147e-15
20260316_121419,2026-03-16T12:14:19.103,gaussian,short_wide,64,128,2.000000,20260310,4,bsqr_full,factor_only,0.00010395800000000001,0.00010825,0.00010401817500000001,0.00011570449999999997,141504,6.617169753096065e-16,6.219948234932546e-15
20260316_121419,2026-03-16T12:14:19.103,gaussian,short_wide,64,128,2.000000,20260310,4,dgeqp3,factor_only,6.0583000000000006e-5,6.61665e-5,6.061345e-5,6.902935e-5,199104,6.597830765051429e-16,6.112932773859395e-15
20260316_121419,2026-03-16T12:14:19.103,gaussian,short_wide,64,128,2.000000,20260310,4,bsqr_rinv,factor_only,0.00010879200000000001,0.0001146875,0.00010924440000000001,0.00012227282500000002,174352,6.617169753096065e-16,6.219948234932546e-15
20260316_121419,2026-03-16T12:14:19.103,gaussian,short_wide,64,128,2.000000,20260310,4,dgeqp3_trsm,factor_only,7.8917e-5,8.9709e-5,7.918815000000001e-5,0.00010257812500000001,396032,6.597830765051429e-16,6.112932773859395e-15
20260316_121419,2026-03-16T12:14:19.103,gaussian,short_wide,64,256,4.000000,20260310,4,bsqr_full,factor_only,0.00027125,0.00029097950000000003,0.00027454295,0.00029905747500000003,280512,7.141034034723814e-16,6.077652932521102e-15
20260316_121419,2026-03-16T12:14:19.103,gaussian,short_wide,64,256,4.000000,20260310,4,dgeqp3,factor_only,0.000129042,0.00013943750000000002,0.0001293436,0.00014385472499999998,363936,7.30698394984022e-16,6.199472761391778e-15
20260316_121419,2026-03-16T12:14:19.103,gaussian,short_wide,64,256,4.000000,20260310,4,bsqr_rinv,factor_only,0.000290875,0.0003015,0.00029259687500000003,0.00031294375000000003,378896,7.141034034723814e-16,6.077652932521102e-15
20260316_121419,2026-03-16T12:14:19.103,gaussian,short_wide,64,256,4.000000,20260310,4,dgeqp3_trsm,factor_only,0.00017654200000000002,0.0001897915,0.0001768436,0.00020902565,757472,7.30698394984022e-16,6.199472761391778e-15
20260316_121419,2026-03-16T12:14:19.103,gaussian,short_wide,64,512,8.000000,20260310,4,bsqr_full,factor_only,0.000779334,0.000800104,0.000780088725,0.0008391386,559040,7.511155631944894e-16,6.162754322893893e-15
20260316_121419,2026-03-16T12:14:19.103,gaussian,short_wide,64,512,8.000000,20260310,4,dgeqp3,factor_only,0.00040433300000000005,0.0004237705,0.00040937827500000005,0.00044439767500000003,693664,7.662225892798759e-16,6.2230568029369374e-15
20260316_121419,2026-03-16T12:14:19.103,gaussian,short_wide,64,512,8.000000,20260310,4,bsqr_rinv,factor_only,0.0007996660000000001,0.0008265625,0.00080244565,0.000837956675,788496,7.511155631944894e-16,6.162754322893893e-15
20260316_121419,2026-03-16T12:14:19.103,gaussian,short_wide,64,512,8.000000,20260310,4,dgeqp3_trsm,factor_only,0.000491875,0.000508896,0.0004922672250000001,0.000529503925,1480416,7.662225892798759e-16,6.2230568029369374e-15
20260316_121419,2026-03-16T12:14:19.103,gaussian,short_wide,64,640,10.000000,20260310,4,bsqr_full,factor_only,0.001060875,0.0010874375,0.001064046875,0.001120868175,698304,7.4546457677752e-16,6.007454239979572e-15
20260316_121419,2026-03-16T12:14:19.103,gaussian,short_wide,64,640,10.000000,20260310,4,dgeqp3,factor_only,0.000536042,0.0005698340000000001,0.0005399084250000001,0.000587032475,858528,7.810874331577469e-16,6.5522527975959505e-15
20260316_121419,2026-03-16T12:14:19.103,gaussian,short_wide,64,640,10.000000,20260310,4,bsqr_rinv,factor_only,0.0010922080000000001,0.0011191875000000002,0.0010931447000000001,0.001144872675,993296,7.4546457677752e-16,6.007454239979572e-15
20260316_121419,2026-03-16T12:14:19.103,gaussian,short_wide,64,640,10.000000,20260310,4,dgeqp3_trsm,factor_only,0.0006360830000000001,0.0006884165,0.000644692375,0.0015842457749999958,1841888,7.810874331577469e-16,6.5522527975959505e-15
20260316_121419,2026-03-16T12:14:19.103,gaussian,short_wide,128,256,2.000000,20260310,4,bsqr_full,factor_only,0.001057833,0.0010703955,0.001057833,0.0010842295,543200,8.373320207872965e-16,1.038090415474662e-14
20260316_121419,2026-03-16T12:14:19.103,gaussian,short_wide,128,256,2.000000,20260310,4,dgeqp3,factor_only,0.000595042,0.0006125215,0.00059733735,0.0006242994250000001,626624,8.951435444118604e-16,1.10749713439502e-14
20260316_121419,2026-03-16T12:14:19.103,gaussian,short_wide,128,256,2.000000,20260310,4,bsqr_rinv,factor_only,0.0010643340000000001,0.0010840835,0.0010668403249999999,0.001099977175,674352,8.373320207872965e-16,1.038090415474662e-14
20260316_121419,2026-03-16T12:14:19.103,gaussian,short_wide,128,256,2.000000,20260310,4,dgeqp3_trsm,factor_only,0.000670041,0.0007042085000000001,0.0006815808250000002,0.0007206906250000001,1413376,8.951435444118604e-16,1.10749713439502e-14
20260316_121419,2026-03-16T12:14:19.103,gaussian,short_wide,128,512,4.000000,20260310,4,bsqr_full,factor_only,0.002648417,0.002757729,0.00265651235,0.0028442021750000003,1083872,9.11305729556066e-16,1.0585872850415557e-14
20260316_121419,2026-03-16T12:14:19.103,gaussian,short_wide,128,512,4.000000,20260310,4,dgeqp3,factor_only,0.001403834,0.0015482915000000002,0.0014190582750000002,0.001771873475,1218496,9.426998103366272e-16,1.1025557048594668e-14
20260316_121419,2026-03-16T12:14:19.103,gaussian,short_wide,128,512,4.000000,20260310,4,bsqr_rinv,factor_only,0.002613583,0.002796396,0.0026206822,0.002855897025,1477168,9.11305729556066e-16,1.0585872850415557e-14
20260316_121419,2026-03-16T12:14:19.103,gaussian,short_wide,128,512,4.000000,20260310,4,dgeqp3_trsm,factor_only,0.0015679160000000001,0.0017709585000000002,0.0015744112750000002,0.0022787749999999976,2791680,9.426998103366272e-16,1.1025557048594668e-14
20260316_121419,2026-03-16T12:14:19.103,gaussian,short_wide,128,1024,8.000000,20260310,4,bsqr_full,factor_only,0.0046330830000000005,0.004903729,0.00471778765,0.005747523624999997,2165216,9.204584614748929e-16,1.1061946855717139e-14
20260316_121419,2026-03-16T12:14:19.103,gaussian,short_wide,128,1024,8.000000,20260310,4,dgeqp3,factor_only,0.002305666,0.0025121460000000003,0.002312372975,0.0031270007999999977,2402240,9.586999385439055e-16,1.1640526242008219e-14
20260316_121419,2026-03-16T12:14:19.103,gaussian,short_wide,128,1024,8.000000,20260310,4,bsqr_rinv,factor_only,0.0047710420000000005,0.005000875,0.0048011295,0.005790959224999998,3082800,9.204584614748929e-16,1.1061946855717139e-14
20260316_121419,2026-03-16T12:14:19.103,gaussian,short_wide,128,1024,8.000000,20260310,4,dgeqp3_trsm,factor_only,0.0027188750000000004,0.00287,0.002731925,0.005846512924999997,5548288,9.586999385439055e-16,1.1640526242008219e-14
20260316_121419,2026-03-16T12:14:19.103,gaussian,short_wide,128,1280,10.000000,20260310,4,bsqr_full,factor_only,0.005716000000000001,0.0059048955,0.005736390625,0.007050559374999998,2705888,8.782555458091536e-16,1.0510407525464545e-14
20260316_121419,2026-03-16T12:14:19.103,gaussian,short_wide,128,1280,10.000000,20260310,4,dgeqp3,factor_only,0.002734667,0.0030680625,0.002815142,0.0035851677999999983,2994112,9.050736686012935e-16,1.072921556293721e-14
20260316_121419,2026-03-16T12:14:19.103,gaussian,short_wide,128,1280,10.000000,20260310,4,bsqr_rinv,factor_only,0.005821875000000001,0.0060032085,0.0058541984,0.0068699632999999986,3885616,8.782555458091536e-16,1.0510407525464545e-14
20260316_121419,2026-03-16T12:14:19.103,gaussian,short_wide,128,1280,10.000000,20260310,4,dgeqp3_trsm,factor_only,0.0032530000000000002,0.0035046250000000004,0.0033197304500000003,0.006241035175,6926592,9.050736686012935e-16,1.072921556293721e-14
20260316_121419,2026-03-16T12:14:19.103,gaussian,short_wide,256,512,2.000000,20260310,4,bsqr_full,factor_only,0.007006,0.007164396000000001,0.007016271075,0.008014738149999997,2133440,1.0602547282698988e-15,2.0397104227669935e-14
20260316_121419,2026-03-16T12:14:19.103,gaussian,short_wide,256,512,2.000000,20260310,4,dgeqp3,factor_only,0.003041583,0.0031071875,0.0030438790750000003,0.0035615968749999984,2268064,1.1158782236690142e-15,2.0394316049097268e-14
20260316_121419,2026-03-16T12:14:19.103,gaussian,short_wide,256,512,2.000000,20260310,4,bsqr_rinv,factor_only,0.007056916000000001,0.0072006875000000005,0.007084768325000001,0.007803107199999999,2657808,1.0602547282698988e-15,2.0397104227669935e-14
20260316_121419,2026-03-16T12:14:19.103,gaussian,short_wide,256,512,2.000000,20260310,4,dgeqp3_trsm,factor_only,0.0033076670000000002,0.0034811875000000003,0.0033709232500000004,0.005688572825,5414112,1.1158782236690142e-15,2.0394316049097268e-14
20260316_121419,2026-03-16T12:14:19.103,gaussian,short_wide,256,1024,4.000000,20260310,4,bsqr_full,factor_only,0.012732875000000001,0.013134354,0.0127407891,0.015592820925,4263360,1.103516382992093e-15,1.9866880571637028e-14
20260316_121419,2026-03-16T12:14:19.103,gaussian,short_wide,256,1024,4.000000,20260310,4,dgeqp3,factor_only,0.005640666000000001,0.0057581035,0.005642509675000001,0.007446145649999998,4500384,1.1690823879598292e-15,2.0322563413181e-14
20260316_121419,2026-03-16T12:14:19.103,gaussian,short_wide,256,1024,4.000000,20260310,4,bsqr_rinv,factor_only,0.012848792000000001,0.013329625500000001,0.01286594985,0.015713587650000003,5836304,1.103516382992093e-15,1.9866880571637028e-14
20260316_121419,2026-03-16T12:14:19.103,gaussian,short_wide,256,1024,4.000000,20260310,4,dgeqp3_trsm,factor_only,0.006464334,0.006693354,0.0065430864,0.008987228275,10792160,1.1690823879598292e-15,2.0322563413181e-14
20260316_121419,2026-03-16T12:14:19.103,gaussian,short_wide,256,2048,8.000000,20260310,4,bsqr_full,factor_only,0.022187250000000002,0.0229448335,0.022245612500000005,0.02632660545,8523200,1.133759677140803e-15,1.957916491850602e-14
20260316_121419,2026-03-16T12:14:19.103,gaussian,short_wide,256,2048,8.000000,20260310,4,dgeqp3,factor_only,0.010599916000000001,0.011300187500000001,0.010655076900000001,0.013305683000000002,8997792,1.2078015360129928e-15,2.0394085567114e-14
20260316_121419,2026-03-16T12:14:19.103,gaussian,short_wide,256,2048,8.000000,20260310,4,bsqr_rinv,factor_only,0.022651541,0.0234936255,0.022670451900000003,0.02619081795,12193296,1.133759677140803e-15,1.957916491850602e-14
20260316_121419,2026-03-16T12:14:19.103,gaussian,short_wide,256,2048,8.000000,20260310,4,dgeqp3_trsm,factor_only,0.012558375,0.013512666500000001,0.0127042508,0.02505262774999996,21581024,1.2078015360129928e-15,2.0394085567114e-14
20260316_121419,2026-03-16T12:14:19.103,gaussian,short_wide,256,2560,10.000000,20260310,4,bsqr_full,factor_only,0.027506917000000002,0.028629771000000002,0.027613401375000002,0.031789233725000005,10653120,1.1407262509198185e-15,1.9730067624044353e-14
20260316_121419,2026-03-16T12:14:19.103,gaussian,short_wide,256,2560,10.000000,20260310,4,dgeqp3,factor_only,0.012866625000000001,0.013940687500000002,0.012936859375000002,0.016217313075,11230112,1.2151751335088374e-15,2.0409244228624337e-14
20260316_121419,2026-03-16T12:14:19.103,gaussian,short_wide,256,2560,10.000000,20260310,4,bsqr_rinv,factor_only,0.028349375000000003,0.029313333,0.028364871875,0.03185696765,15371792,1.1407262509198185e-15,1.9730067624044353e-14
20260316_121419,2026-03-16T12:14:19.103,gaussian,short_wide,256,2560,10.000000,20260310,4,dgeqp3_trsm,factor_only,0.015880584,0.0168870835,0.015885688725000003,0.027738118749999957,26959072,1.2151751335088374e-15,2.0409244228624337e-14
20260316_121419,2026-03-16T12:14:19.103,gaussian,short_wide,512,1024,2.000000,20260310,4,bsqr_full,factor_only,0.033924084,0.035232187500000005,0.034304980150000004,0.03944440545,8459744,1.4139485609722735e-15,3.8059663648159884e-14
20260316_121419,2026-03-16T12:14:19.103,gaussian,short_wide,512,1024,2.000000,20260310,4,dgeqp3,factor_only,0.013152666,0.013395166500000001,0.013185412075000002,0.015193853125,8696736,1.4648735822845601e-15,3.87329713268932e-14
20260316_121419,2026-03-16T12:14:19.103,gaussian,short_wide,512,1024,2.000000,20260310,4,bsqr_rinv,factor_only,0.034178958,0.035497979500000006,0.034520130674999996,0.038558352325,10556976,1.4139485609722735e-15,3.8059663648159884e-14
20260316_121419,2026-03-16T12:14:19.103,gaussian,short_wide,512,1024,2.000000,20260310,4,dgeqp3_trsm,factor_only,0.014985792000000001,0.015503875,0.014988570925,0.026178010174999954,21279968,1.4648735822845601e-15,3.87329713268932e-14
20260316_121419,2026-03-16T12:14:19.103,gaussian,short_wide,512,2048,4.000000,20260310,4,bsqr_full,factor_only,0.067131667,0.06807875000000001,0.067297208425,0.0701827117,16913888,1.5022231563003954e-15,3.809616368149937e-14
20260316_121419,2026-03-16T12:14:19.103,gaussian,short_wide,512,2048,4.000000,20260310,4,dgeqp3,factor_only,0.027054834000000003,0.027897583,0.027059545775000006,0.029062021725,17388448,1.5596578191714302e-15,3.8350458775905766e-14
20260316_121419,2026-03-16T12:14:19.103,gaussian,short_wide,512,2048,4.000000,20260310,4,bsqr_rinv,factor_only,0.067259791,0.0689899165,0.067680291,0.0705307875,23205424,1.5022231563003954e-15,3.809616368149937e-14
20260316_121419,2026-03-16T12:14:19.103,gaussian,short_wide,512,2048,4.000000,20260310,4,dgeqp3_trsm,factor_only,0.031432958000000004,0.0333835205,0.03165172675,0.07333755857499996,42554592,1.5596578191714302e-15,3.8350458775905766e-14
20260316_121419,2026-03-16T12:14:19.103,gaussian,short_wide,512,4096,8.000000,20260310,4,bsqr_full,factor_only,0.209031042,0.25688662500000004,0.2092497795,0.274045778125,33822176,1.54559346125524e-15,3.792293656704104e-14
20260316_121419,2026-03-16T12:14:19.103,gaussian,short_wide,512,4096,8.000000,20260310,4,dgeqp3,factor_only,0.067170541,0.0711035005,0.0678480535,0.08170196765,34739104,1.6102969779176026e-15,3.859792656561285e-14
20260316_121419,2026-03-16T12:14:19.103,gaussian,short_wide,512,4096,8.000000,20260310,4,bsqr_rinv,factor_only,0.21504225000000002,0.271694792,0.21650690640000003,0.3078015665499999,50599472,1.54559346125524e-15,3.792293656704104e-14
20260316_121419,2026-03-16T12:14:19.103,gaussian,short_wide,512,4096,8.000000,20260310,4,dgeqp3_trsm,factor_only,0.0788945,0.0839794165,0.07963650705000001,0.1232961481,91362528,1.6102969779176026e-15,3.859792656561285e-14
20260316_121419,2026-03-16T12:14:19.103,gaussian,short_wide,512,5120,10.000000,20260310,4,bsqr_full,factor_only,0.36250025,0.4394577705,0.36836225312500004,0.547842984525,42472928,1.5590312136534444e-15,3.8052755870392326e-14
20260316_121419,2026-03-16T12:14:19.103,gaussian,short_wide,512,5120,10.000000,20260310,4,dgeqp3,factor_only,0.143118416,0.148472729,0.14350928162499998,0.196914464525,43422624,1.6211262781385581e-15,3.8540326779773534e-14
20260316_121419,2026-03-16T12:14:19.103,gaussian,short_wide,512,5120,10.000000,20260310,4,bsqr_rinv,factor_only,0.41840550000000004,0.44745179150000003,0.42012886752500006,0.50445657035,63444528,1.5590312136534444e-15,3.8052755870392326e-14
20260316_121419,2026-03-16T12:14:19.103,gaussian,short_wide,512,5120,10.000000,20260310,4,dgeqp3_trsm,factor_only,0.168336167,0.17973450000000002,0.16852851075000003,0.25819553650000004,108434656,1.6211262781385581e-15,3.8540326779773534e-14
20260316_121419,2026-03-16T12:14:19.103,ill_conditioned,square,64,64,1.000000,20260310,4,bsqr_full,factor_only,4.5208000000000005e-5,4.6646e-5,4.5329075000000004e-5,5.939904999999997e-5,71616,6.084064098580611e-16,5.84648664233054e-15
20260316_121419,2026-03-16T12:14:19.103,ill_conditioned,square,64,64,1.000000,20260310,4,dgeqp3,factor_only,2.9834000000000003e-5,3.0562e-5,2.9984075000000005e-5,4.053495e-5,85408,6.047844850861847e-16,6.537375931509517e-15
20260316_121419,2026-03-16T12:14:19.103,ill_conditioned,square,64,64,1.000000,20260310,4,bsqr_rinv,factor_only,4.4791000000000005e-5,4.5229500000000005e-5,4.4791000000000005e-5,5.429527499999999e-5,71664,6.084064098580611e-16,5.84648664233054e-15
20260316_121419,2026-03-16T12:14:19.103,ill_conditioned,square,64,64,1.000000,20260310,4,dgeqp3_trsm,factor_only,2.9e-5,2.93125e-5,2.9029725000000003e-5,3.8211549999999995e-5,85408,6.047844850861847e-16,6.537375931509517e-15
20260316_121419,2026-03-16T12:14:19.103,ill_conditioned,square,128,128,1.000000,20260310,4,bsqr_full,factor_only,0.000274334,0.00028412550000000004,0.00027823015,0.000294382775,273120,5.953573958688276e-16,1.0393713302236559e-14
20260316_121419,2026-03-16T12:14:19.103,ill_conditioned,square,128,128,1.000000,20260310,4,dgeqp3,factor_only,0.000171,0.00018139650000000002,0.00017103045,0.00018948437499999998,330720,7.167586266575395e-16,1.1287298133042172e-14
20260316_121419,2026-03-16T12:14:19.103,ill_conditioned,square,128,128,1.000000,20260310,4,bsqr_rinv,factor_only,0.00027133400000000003,0.000283042,0.0002715747,0.0002941564,273168,5.953573958688276e-16,1.0393713302236559e-14
20260316_121419,2026-03-16T12:14:19.103,ill_conditioned,square,128,128,1.000000,20260310,4,dgeqp3_trsm,factor_only,0.00017087500000000002,0.00018064600000000002,0.00017093590000000002,0.00018500785,330720,7.167586266575395e-16,1.1287298133042172e-14
20260316_121419,2026-03-16T12:14:19.103,ill_conditioned,square,256,256,1.000000,20260310,4,bsqr_full,factor_only,0.002694459,0.0027328960000000003,0.0027012247,0.002775223775,1068480,6.17190551705094e-16,1.988836133642453e-14
20260316_121419,2026-03-16T12:14:19.103,ill_conditioned,square,256,256,1.000000,20260310,4,dgeqp3,factor_only,0.0016165,0.0016396665,0.0016170133000000001,0.001660643175,1151904,8.092165188510098e-16,2.0502027308857648e-14
20260316_121419,2026-03-16T12:14:19.103,ill_conditioned,square,256,256,1.000000,20260310,4,bsqr_rinv,factor_only,0.0026867920000000003,0.0027298960000000003,0.0026907795000000005,0.0027684334250000003,1068528,6.17190551705094e-16,1.988836133642453e-14
20260316_121419,2026-03-16T12:14:19.103,ill_conditioned,square,256,256,1.000000,20260310,4,dgeqp3_trsm,factor_only,0.0015884590000000002,0.0017286245000000002,0.0015945903250000001,0.0033336468749999995,1151904,8.092165188510098e-16,2.0502027308857648e-14
20260316_121419,2026-03-16T12:14:19.103,ill_conditioned,square,384,384,1.000000,20260310,4,bsqr_full,factor_only,0.007210375000000001,0.0075149165000000006,0.007254207050000001,0.009298526224999994,2388416,7.866541197097873e-16,2.8999849877093304e-14
20260316_121419,2026-03-16T12:14:19.103,ill_conditioned,square,384,384,1.000000,20260310,4,dgeqp3,factor_only,0.00339775,0.0034368750000000003,0.003397901525,0.003833247824999999,2497440,8.294129572758968e-16,2.9236693747537044e-14
20260316_121419,2026-03-16T12:14:19.103,ill_conditioned,square,384,384,1.000000,20260310,4,bsqr_rinv,factor_only,0.006870417,0.0071529375000000004,0.0069239162000000005,0.008159964399999997,2388464,7.866541197097873e-16,2.8999849877093304e-14
20260316_121419,2026-03-16T12:14:19.103,ill_conditioned,square,384,384,1.000000,20260310,4,dgeqp3_trsm,factor_only,0.00337,0.0034538125000000003,0.003374078125,0.003722569699999999,2497440,8.294129572758968e-16,2.9236693747537044e-14
20260316_121419,2026-03-16T12:14:19.103,ill_conditioned,square,512,512,1.000000,20260310,4,bsqr_full,factor_only,0.014369708,0.014932625000000001,0.014395989975,0.016922262349999998,4232672,8.386738228599949e-16,3.769681438281473e-14
20260316_121419,2026-03-16T12:14:19.103,ill_conditioned,square,512,512,1.000000,20260310,4,dgeqp3,factor_only,0.006961666,0.007103292000000001,0.0069682519,0.009646571074999995,4367264,9.01309529149875e-16,3.844225448921347e-14
20260316_121419,2026-03-16T12:14:19.103,ill_conditioned,square,512,512,1.000000,20260310,4,bsqr_rinv,factor_only,0.014601334,0.015017875000000002,0.014601726225,0.0167052375,4232720,8.386738228599949e-16,3.769681438281473e-14
20260316_121419,2026-03-16T12:14:19.103,ill_conditioned,square,512,512,1.000000,20260310,4,dgeqp3_trsm,factor_only,0.007019208000000001,0.007083271,0.0070273947,0.008715774999999999,4367264,9.01309529149875e-16,3.844225448921347e-14
20260316_121419,2026-03-16T12:14:19.103,ill_conditioned,short_wide,32,64,2.000000,20260310,4,bsqr_full,factor_only,2.0833000000000002e-5,2.13125e-5,2.0833000000000002e-5,2.8406674999999978e-5,38592,3.3145355355388735e-16,3.420671241488939e-15
20260316_121419,2026-03-16T12:14:19.103,ill_conditioned,short_wide,32,64,2.000000,20260310,4,dgeqp3,factor_only,1.2666e-5,1.3000000000000001e-5,1.2697175000000001e-5,1.7648099999999988e-5,52384,5.231063826450243e-16,3.2098676852220476e-15
20260316_121419,2026-03-16T12:14:19.103,ill_conditioned,short_wide,32,64,2.000000,20260310,4,bsqr_rinv,factor_only,2.1833000000000003e-5,2.2208500000000003e-5,2.1833725000000002e-5,2.7348899999999985e-5,46864,3.3145355355388735e-16,3.420671241488939e-15
20260316_121419,2026-03-16T12:14:19.103,ill_conditioned,short_wide,32,64,2.000000,20260310,4,dgeqp3_trsm,factor_only,1.8167e-5,1.9708500000000003e-5,1.819745e-5,2.6532774999999982e-5,101856,5.231063826450243e-16,3.2098676852220476e-15
20260316_121419,2026-03-16T12:14:19.103,ill_conditioned,short_wide,32,128,4.000000,20260310,4,bsqr_full,factor_only,3.9375e-5,3.9708e-5,3.9405450000000004e-5,4.5642649999999986e-5,75712,4.048141825618265e-16,3.251638935743897e-15
20260316_121419,2026-03-16T12:14:19.103,ill_conditioned,short_wide,32,128,4.000000,20260310,4,dgeqp3,factor_only,2.425e-5,2.4895500000000002e-5,2.4310175e-5,3.078124999999999e-5,133312,5.612399834352731e-16,3.402887607384437e-15
20260316_121419,2026-03-16T12:14:19.103,ill_conditioned,short_wide,32,128,4.000000,20260310,4,bsqr_rinv,factor_only,4.0875000000000004e-5,4.18125e-5,4.10867e-5,4.702252499999999e-5,100368,4.048141825618265e-16,3.251638935743897e-15
20260316_121419,2026-03-16T12:14:19.103,ill_conditioned,short_wide,32,128,4.000000,20260310,4,dgeqp3_trsm,factor_only,3.6875e-5,3.74375e-5,3.6875e-5,4.396794999999999e-5,231936,5.612399834352731e-16,3.402887607384437e-15
20260316_121419,2026-03-16T12:14:19.103,ill_conditioned,short_wide,32,256,8.000000,20260310,4,bsqr_full,factor_only,8.0666e-5,8.51875e-5,8.266047500000001e-5,9.74223e-5,149184,3.7753127104356606e-16,2.804578555146081e-15
20260316_121419,2026-03-16T12:14:19.103,ill_conditioned,short_wide,32,256,8.000000,20260310,4,dgeqp3,factor_only,4.725e-5,5.30005e-5,4.809607500000001e-5,6.574265e-5,232608,3.8152024442661836e-16,3.051940516563145e-15
20260316_121419,2026-03-16T12:14:19.103,ill_conditioned,short_wide,32,256,8.000000,20260310,4,bsqr_rinv,factor_only,8.495900000000001e-5,9.2584e-5,8.5320775e-5,9.8003425e-5,214800,3.7753127104356606e-16,2.804578555146081e-15
20260316_121419,2026-03-16T12:14:19.103,ill_conditioned,short_wide,32,256,8.000000,20260310,4,dgeqp3_trsm,factor_only,6.5333e-5,8.00835e-5,6.5454075e-5,9.585800000000002e-5,437728,3.8152024442661836e-16,3.051940516563145e-15
20260316_121419,2026-03-16T12:14:19.103,ill_conditioned,short_wide,32,320,10.000000,20260310,4,bsqr_full,factor_only,0.00010620800000000001,0.00011262550000000001,0.000106872825,0.00011970827499999999,218816,5.62975352745399e-16,2.9537108258722998e-15
20260316_121419,2026-03-16T12:14:19.103,ill_conditioned,short_wide,32,320,10.000000,20260310,4,dgeqp3,factor_only,6.2667e-5,6.4125e-5,6.269745e-5,7.143139999999999e-5,298656,3.909886250691476e-16,3.383202277478144e-15
20260316_121419,2026-03-16T12:14:19.103,ill_conditioned,short_wide,32,320,10.000000,20260310,4,bsqr_rinv,factor_only,0.000117708,0.0001221875,0.000118735325,0.000133246225,317200,5.62975352745399e-16,2.9537108258722998e-15
20260316_121419,2026-03-16T12:14:19.103,ill_conditioned,short_wide,32,320,10.000000,20260310,4,dgeqp3_trsm,factor_only,9.300000000000001e-5,9.825e-5,9.375545e-5,0.00010368247500000001,602080,3.909886250691476e-16,3.383202277478144e-15
20260316_121419,2026-03-16T12:14:19.103,ill_conditioned,short_wide,64,128,2.000000,20260310,4,bsqr_full,factor_only,0.000104542,0.00010795800000000001,0.00010472325000000001,0.00011376264999999999,141504,4.3905432260402193e-16,6.05010129020505e-15
20260316_121419,2026-03-16T12:14:19.103,ill_conditioned,short_wide,64,128,2.000000,20260310,4,dgeqp3,factor_only,6.6e-5,6.668700000000001e-5,6.6151525e-5,7.4276225e-5,199104,5.102776702945381e-16,6.839713254589383e-15
20260316_121419,2026-03-16T12:14:19.103,ill_conditioned,short_wide,64,128,2.000000,20260310,4,bsqr_rinv,factor_only,0.00010929200000000001,0.00011054200000000001,0.000109352175,0.00011802500000000001,174352,4.3905432260402193e-16,6.05010129020505e-15
20260316_121419,2026-03-16T12:14:19.103,ill_conditioned,short_wide,64,128,2.000000,20260310,4,dgeqp3_trsm,factor_only,8.0083e-5,8.997950000000001e-5,8.192595e-5,0.000101872825,396032,5.102776702945381e-16,6.839713254589383e-15
20260316_121419,2026-03-16T12:14:19.103,ill_conditioned,short_wide,64,256,4.000000,20260310,4,bsqr_full,factor_only,0.00027875,0.0002908955,0.00027878045,0.000303035325,280512,4.815505047136756e-16,6.072247796434565e-15
20260316_121419,2026-03-16T12:14:19.103,ill_conditioned,short_wide,64,256,4.000000,20260310,4,dgeqp3,factor_only,0.000130583,0.0001430415,0.0001307338,0.000150275,363936,5.675907250853972e-16,6.291270355300022e-15
20260316_121419,2026-03-16T12:14:19.103,ill_conditioned,short_wide,64,256,4.000000,20260310,4,bsqr_rinv,factor_only,0.000286916,0.0002982915,0.000289242525,0.00031267172499999996,378896,4.815505047136756e-16,6.072247796434565e-15
20260316_121419,2026-03-16T12:14:19.103,ill_conditioned,short_wide,64,256,4.000000,20260310,4,dgeqp3_trsm,factor_only,0.000173833,0.0001907295,0.0001818689,0.000202291575,757472,5.675907250853972e-16,6.291270355300022e-15
20260316_121419,2026-03-16T12:14:19.103,ill_conditioned,short_wide,64,512,8.000000,20260310,4,bsqr_full,factor_only,0.000781084,0.000797646,0.000781264525,0.0008160709250000001,559040,4.298407842348501e-16,6.078304864208021e-15
20260316_121419,2026-03-16T12:14:19.103,ill_conditioned,short_wide,64,512,8.000000,20260310,4,dgeqp3,factor_only,0.00041612500000000005,0.00042983400000000003,0.000419176525,0.00049375015,693664,4.758503831989428e-16,6.6377245412495005e-15
20260316_121419,2026-03-16T12:14:19.103,ill_conditioned,short_wide,64,512,8.000000,20260310,4,bsqr_rinv,factor_only,0.0008092920000000001,0.0008350415000000001,0.00081448735,0.00084986155,788496,4.298407842348501e-16,6.078304864208021e-15
20260316_121419,2026-03-16T12:14:19.103,ill_conditioned,short_wide,64,512,8.000000,20260310,4,dgeqp3_trsm,factor_only,0.00050575,0.000523813,0.000506989025,0.00055632675,1480416,4.758503831989428e-16,6.6377245412495005e-15
20260316_121419,2026-03-16T12:14:19.103,ill_conditioned,short_wide,64,640,10.000000,20260310,4,bsqr_full,factor_only,0.0010771250000000002,0.0010977705,0.0010774273250000002,0.001127472175,698304,5.042678105541967e-16,6.369370155818731e-15
20260316_121419,2026-03-16T12:14:19.103,ill_conditioned,short_wide,64,640,10.000000,20260310,4,dgeqp3,factor_only,0.000557458,0.0005903335,0.0005632580000000001,0.000614876375,858528,5.130868727960114e-16,6.5264656578262446e-15
20260316_121419,2026-03-16T12:14:19.103,ill_conditioned,short_wide,64,640,10.000000,20260310,4,bsqr_rinv,factor_only,0.001088,0.0011323960000000001,0.00109651875,0.0011620508,993296,5.042678105541967e-16,6.369370155818731e-15
20260316_121419,2026-03-16T12:14:19.103,ill_conditioned,short_wide,64,640,10.000000,20260310,4,dgeqp3_trsm,factor_only,0.000640541,0.000701208,0.0006419011000000001,0.0018839005749999942,1841888,5.130868727960114e-16,6.5264656578262446e-15
20260316_121419,2026-03-16T12:14:19.103,ill_conditioned,short_wide,128,256,2.000000,20260310,4,bsqr_full,factor_only,0.001056041,0.00106925,0.001058548775,0.001089348475,543200,5.623536981645376e-16,1.047469328347716e-14
20260316_121419,2026-03-16T12:14:19.103,ill_conditioned,short_wide,128,256,2.000000,20260310,4,dgeqp3,factor_only,0.000606458,0.0006186665000000001,0.000606790775,0.0006392687500000001,626624,7.728267049961769e-16,1.1207155889024912e-14
20260316_121419,2026-03-16T12:14:19.103,ill_conditioned,short_wide,128,256,2.000000,20260310,4,bsqr_rinv,factor_only,0.001073208,0.0010843335,0.00107483925,0.001104696725,674352,5.623536981645376e-16,1.047469328347716e-14
20260316_121419,2026-03-16T12:14:19.103,ill_conditioned,short_wide,128,256,2.000000,20260310,4,dgeqp3_trsm,factor_only,0.000693875,0.0007086875,0.0006939054500000001,0.0007255213,1413376,7.728267049961769e-16,1.1207155889024912e-14
20260316_121419,2026-03-16T12:14:19.103,ill_conditioned,short_wide,128,512,4.000000,20260310,4,bsqr_full,factor_only,0.0025845,0.0027822915000000003,0.00260011795,0.00286740255,1083872,6.255221815426867e-16,1.0791822080605813e-14
20260316_121419,2026-03-16T12:14:19.103,ill_conditioned,short_wide,128,512,4.000000,20260310,4,dgeqp3,factor_only,0.001408292,0.0015898545,0.0014209490500000001,0.00167480545,1218496,6.57800004400735e-16,1.1175154302016705e-14
20260316_121419,2026-03-16T12:14:19.103,ill_conditioned,short_wide,128,512,4.000000,20260310,4,bsqr_rinv,factor_only,0.0026485420000000003,0.0028287085000000003,0.0026777834250000005,0.002924592,1477168,6.255221815426867e-16,1.0791822080605813e-14
20260316_121419,2026-03-16T12:14:19.103,ill_conditioned,short_wide,128,512,4.000000,20260310,4,dgeqp3_trsm,factor_only,0.001562416,0.0017805625,0.0015680659250000002,0.0029614026999999947,2791680,6.57800004400735e-16,1.1175154302016705e-14
20260316_121419,2026-03-16T12:14:19.103,ill_conditioned,short_wide,128,1024,8.000000,20260310,4,bsqr_full,factor_only,0.0047549590000000004,0.004893021,0.004766588725,0.006235675799999995,2165216,6.000212222928188e-16,1.0576483792954099e-14
20260316_121419,2026-03-16T12:14:19.103,ill_conditioned,short_wide,128,1024,8.000000,20260310,4,dgeqp3,factor_only,0.002397208,0.002547646,0.0024249697,0.003730521874999995,2402240,7.423490604886907e-16,1.114529406348633e-14
20260316_121419,2026-03-16T12:14:19.103,ill_conditioned,short_wide,128,1024,8.000000,20260310,4,bsqr_rinv,factor_only,0.004825584,0.005006979,0.004860565250000001,0.005652430299999999,3082800,6.000212222928188e-16,1.0576483792954099e-14
20260316_121419,2026-03-16T12:14:19.103,ill_conditioned,short_wide,128,1024,8.000000,20260310,4,dgeqp3_trsm,factor_only,0.002720667,0.0029262495000000003,0.0028002959249999997,0.006608326099999996,5548288,7.423490604886907e-16,1.114529406348633e-14
20260316_121419,2026-03-16T12:14:19.103,ill_conditioned,short_wide,128,1280,10.000000,20260310,4,bsqr_full,factor_only,0.005695459,0.0059047495000000005,0.005739894975,0.006769209375,2705888,6.247041455766504e-16,1.0674957642893817e-14
20260316_121419,2026-03-16T12:14:19.103,ill_conditioned,short_wide,128,1280,10.000000,20260310,4,dgeqp3,factor_only,0.0027938340000000002,0.0030546875,0.0028822535500000004,0.004433035474999996,2994112,6.244051706841253e-16,1.1065379616079933e-14
20260316_121419,2026-03-16T12:14:19.103,ill_conditioned,short_wide,128,1280,10.000000,20260310,4,bsqr_rinv,factor_only,0.005902417,0.006075291500000001,0.005921085025,0.0072310063999999966,3885616,6.247041455766504e-16,1.0674957642893817e-14
20260316_121419,2026-03-16T12:14:19.103,ill_conditioned,short_wide,128,1280,10.000000,20260310,4,dgeqp3_trsm,factor_only,0.00337475,0.003536375,0.003394778125,0.006480385974999997,6926592,6.244051706841253e-16,1.1065379616079933e-14
20260316_121419,2026-03-16T12:14:19.103,ill_conditioned,short_wide,256,512,2.000000,20260310,4,bsqr_full,factor_only,0.006961,0.007161479500000001,0.007012293750000001,0.008184179499999996,2133440,7.355683396597412e-16,2.0095741051298755e-14
20260316_121419,2026-03-16T12:14:19.103,ill_conditioned,short_wide,256,512,2.000000,20260310,4,dgeqp3,factor_only,0.003509458,0.0036089580000000002,0.003524985325,0.004116980024999998,2268064,8.087085214230534e-16,2.0534159523912726e-14
20260316_121419,2026-03-16T12:14:19.103,ill_conditioned,short_wide,256,512,2.000000,20260310,4,bsqr_rinv,factor_only,0.007071625000000001,0.0072125625,0.007091350800000001,0.008133613299999997,2657808,7.355683396597412e-16,2.0095741051298755e-14
20260316_121419,2026-03-16T12:14:19.103,ill_conditioned,short_wide,256,512,2.000000,20260310,4,dgeqp3_trsm,factor_only,0.0038761250000000002,0.0039642085,0.0039017117000000002,0.006217371074999993,5414112,8.087085214230534e-16,2.0534159523912726e-14
20260316_121419,2026-03-16T12:14:19.103,ill_conditioned,short_wide,256,1024,4.000000,20260310,4,bsqr_full,factor_only,0.012678417,0.013249166500000001,0.0127794936,0.01628934565,4263360,7.966842175052663e-16,1.9942734768030378e-14
20260316_121419,2026-03-16T12:14:19.103,ill_conditioned,short_wide,256,1024,4.000000,20260310,4,dgeqp3,factor_only,0.006876084,0.0070094580000000005,0.006877744975000001,0.011560462874999998,4500384,8.794730492567993e-16,2.0706630208038838e-14
20260316_121419,2026-03-16T12:14:19.103,ill_conditioned,short_wide,256,1024,4.000000,20260310,4,bsqr_rinv,factor_only,0.012868084,0.0133751045,0.012949343450000001,0.01690254905,5836304,7.966842175052663e-16,1.9942734768030378e-14
20260316_121419,2026-03-16T12:14:19.103,ill_conditioned,short_wide,256,1024,4.000000,20260310,4,dgeqp3_trsm,factor_only,0.007727708000000001,0.007936104000000001,0.007766556400000001,0.011549905299999998,10792160,8.794730492567993e-16,2.0706630208038838e-14
20260316_121419,2026-03-16T12:14:19.103,ill_conditioned,short_wide,256,2048,8.000000,20260310,4,bsqr_full,factor_only,0.022237542000000003,0.0231142285,0.022467215475000003,0.026953558425000003,8523200,8.243924639225784e-16,1.987406901032292e-14
20260316_121419,2026-03-16T12:14:19.103,ill_conditioned,short_wide,256,2048,8.000000,20260310,4,dgeqp3,factor_only,0.014181625000000002,0.014454396000000001,0.014207211700000002,0.01759106505,8997792,9.224287173368434e-16,2.0314335885602174e-14
20260316_121419,2026-03-16T12:14:19.103,ill_conditioned,short_wide,256,2048,8.000000,20260310,4,bsqr_rinv,factor_only,0.022931416000000003,0.023520375500000003,0.022984673775,0.027226634950000002,12193296,8.243924639225784e-16,1.987406901032292e-14
20260316_121419,2026-03-16T12:14:19.103,ill_conditioned,short_wide,256,2048,8.000000,20260310,4,dgeqp3_trsm,factor_only,0.016036041,0.0166281455,0.016119295650000004,0.028321117224999956,21581024,9.224287173368434e-16,2.0314335885602174e-14
20260316_121419,2026-03-16T12:14:19.103,ill_conditioned,short_wide,256,2560,10.000000,20260310,4,bsqr_full,factor_only,0.027807208000000003,0.028564229000000003,0.028017941575000004,0.031596910325000005,10653120,8.298993542988425e-16,1.9810101227424967e-14
20260316_121419,2026-03-16T12:14:19.103,ill_conditioned,short_wide,256,2560,10.000000,20260310,4,dgeqp3,factor_only,0.017555416,0.017837792,0.017564841725,0.020542152325,11230112,9.311649239473855e-16,2.0534156442672463e-14
20260316_121419,2026-03-16T12:14:19.103,ill_conditioned,short_wide,256,2560,10.000000,20260310,4,bsqr_rinv,factor_only,0.028416375,0.0292689795,0.0285292633,0.032379506249999995,15371792,8.298993542988425e-16,1.9810101227424967e-14
20260316_121419,2026-03-16T12:14:19.103,ill_conditioned,short_wide,256,2560,10.000000,20260310,4,dgeqp3_trsm,factor_only,0.019886541,0.0208659375,0.019895573775,0.031485560599999955,26959072,9.311649239473855e-16,2.0534156442672463e-14
20260316_121419,2026-03-16T12:14:19.103,ill_conditioned,short_wide,512,1024,2.000000,20260310,4,bsqr_full,factor_only,0.034396333,0.035409458000000005,0.034622865775000004,0.05471629294999993,8459744,1.0355720661679563e-15,3.808803367303382e-14
20260316_121419,2026-03-16T12:14:19.103,ill_conditioned,short_wide,512,1024,2.000000,20260310,4,dgeqp3,factor_only,0.017077917,0.0172720835,0.017089758425,0.019360864824999997,8696736,1.0692086357841354e-15,3.824848857089762e-14
20260316_121419,2026-03-16T12:14:19.103,ill_conditioned,short_wide,512,1024,2.000000,20260310,4,bsqr_rinv,factor_only,0.034514667,0.035910625,0.03452049745000001,0.03942509375,10556976,1.0355720661679563e-15,3.808803367303382e-14
20260316_121419,2026-03-16T12:14:19.103,ill_conditioned,short_wide,512,1024,2.000000,20260310,4,dgeqp3_trsm,factor_only,0.018891875000000002,0.019597312500000002,0.018970749200000005,0.030695906549999957,21279968,1.0692086357841354e-15,3.824848857089762e-14
20260316_121419,2026-03-16T12:14:19.103,ill_conditioned,short_wide,512,2048,4.000000,20260310,4,bsqr_full,factor_only,0.06676037500000001,0.06839537500000001,0.06689069375000001,0.07073108967500001,16913888,1.1048108401956203e-15,3.7871593793721226e-14
20260316_121419,2026-03-16T12:14:19.103,ill_conditioned,short_wide,512,2048,4.000000,20260310,4,dgeqp3,factor_only,0.036691,0.037358208500000004,0.036724621875,0.039215286125,17388448,1.131088822472298e-15,3.849374920167758e-14
20260316_121419,2026-03-16T12:14:19.103,ill_conditioned,short_wide,512,2048,4.000000,20260310,4,bsqr_rinv,factor_only,0.06786275,0.0719723335,0.0682222891,0.07543307245,23205424,1.1048108401956203e-15,3.7871593793721226e-14
20260316_121419,2026-03-16T12:14:19.103,ill_conditioned,short_wide,512,2048,4.000000,20260310,4,dgeqp3_trsm,factor_only,0.040824541000000006,0.042387021000000004,0.040955373775000005,0.07616976410000001,42554592,1.131088822472298e-15,3.849374920167758e-14
20260316_121419,2026-03-16T12:14:19.103,ill_conditioned,short_wide,512,4096,8.000000,20260310,4,bsqr_full,factor_only,0.211966334,0.2671084375,0.2129510679,0.28855424530000007,33822176,1.1240304673239617e-15,3.790576369262771e-14
20260316_121419,2026-03-16T12:14:19.103,ill_conditioned,short_wide,512,4096,8.000000,20260310,4,dgeqp3,factor_only,0.08891183400000001,0.092293042,0.0894120231,0.106850958425,34739104,1.182467514165501e-15,3.825223810613039e-14
20260316_121419,2026-03-16T12:14:19.103,ill_conditioned,short_wide,512,4096,8.000000,20260310,4,bsqr_rinv,factor_only,0.216789583,0.27961837500000003,0.21713709550000002,0.32185451844999996,50599472,1.1240304673239617e-15,3.790576369262771e-14
20260316_121419,2026-03-16T12:14:19.103,ill_conditioned,short_wide,512,4096,8.000000,20260310,4,dgeqp3_trsm,factor_only,0.10340112500000001,0.10947775000000001,0.10373516875000001,0.13468204455,91362528,1.182467514165501e-15,3.825223810613039e-14
20260316_121419,2026-03-16T12:14:19.103,ill_conditioned,short_wide,512,5120,10.000000,20260310,4,bsqr_full,factor_only,0.3718805,0.44385645900000004,0.372594445925,0.491868103275,42472928,1.1143517488280985e-15,3.817271527389363e-14
20260316_121419,2026-03-16T12:14:19.103,ill_conditioned,short_wide,512,5120,10.000000,20260310,4,dgeqp3,factor_only,0.16925541600000002,0.1775255625,0.170264204175,0.22276512882500002,43422624,1.1635901042356727e-15,3.852810502524772e-14
20260316_121419,2026-03-16T12:14:19.103,ill_conditioned,short_wide,512,5120,10.000000,20260310,4,bsqr_rinv,factor_only,0.40495304200000004,0.4386101665,0.4095761473,0.489939028275,63444528,1.1143517488280985e-15,3.817271527389363e-14
20260316_121419,2026-03-16T12:14:19.103,ill_conditioned,short_wide,512,5120,10.000000,20260310,4,dgeqp3_trsm,factor_only,0.194709834,0.201988,0.1949711832,0.23607120000000004,108434656,1.1635901042356727e-15,3.852810502524772e-14
20260316_121419,2026-03-16T12:14:19.103,orthonormal_rows,square,64,64,1.000000,20260310,4,bsqr_full,factor_only,4.3791e-5,4.4375e-5,4.3791725000000005e-5,5.522797499999997e-5,71616,6.417070649550043e-16,5.93956046101127e-15
20260316_121419,2026-03-16T12:14:19.103,orthonormal_rows,square,64,64,1.000000,20260310,4,dgeqp3,factor_only,2.8459000000000003e-5,2.8958000000000003e-5,2.8488725000000002e-5,3.5685325e-5,85408,6.731638259107574e-16,6.370055107280079e-15
20260316_121419,2026-03-16T12:14:19.103,orthonormal_rows,square,64,64,1.000000,20260310,4,bsqr_rinv,factor_only,4.3417e-5,4.4416500000000004e-5,4.35678e-5,5.179404999999999e-5,71664,6.417070649550043e-16,5.93956046101127e-15
20260316_121419,2026-03-16T12:14:19.103,orthonormal_rows,square,64,64,1.000000,20260310,4,dgeqp3_trsm,factor_only,2.85e-5,2.8937e-5,2.8560175e-5,3.341467499999999e-5,85408,6.731638259107574e-16,6.370055107280079e-15
20260316_121419,2026-03-16T12:14:19.103,orthonormal_rows,square,128,128,1.000000,20260310,4,bsqr_full,factor_only,0.000272167,0.00028164650000000004,0.000275338875,0.000296696875,273120,8.32549716320858e-16,1.0384149346838285e-14
20260316_121419,2026-03-16T12:14:19.103,orthonormal_rows,square,128,128,1.000000,20260310,4,dgeqp3,factor_only,0.000168041,0.000177937,0.00016873627500000002,0.000184003125,330720,8.400139388077895e-16,1.0736148595612819e-14
20260316_121419,2026-03-16T12:14:19.103,orthonormal_rows,square,128,128,1.000000,20260310,4,bsqr_rinv,factor_only,0.000277375,0.0002830625,0.00027831097500000004,0.00029466875000000003,273168,8.32549716320858e-16,1.0384149346838285e-14
20260316_121419,2026-03-16T12:14:19.103,orthonormal_rows,square,128,128,1.000000,20260310,4,dgeqp3_trsm,factor_only,0.000168208,0.00017881250000000002,0.000168722025,0.000185345775,330720,8.400139388077895e-16,1.0736148595612819e-14
20260316_121419,2026-03-16T12:14:19.103,orthonormal_rows,square,256,256,1.000000,20260310,4,bsqr_full,factor_only,0.002672708,0.0027380620000000003,0.002687691575,0.0027669162750000005,1068480,1.0051366365050383e-15,1.960504534666056e-14
20260316_121419,2026-03-16T12:14:19.103,orthonormal_rows,square,256,256,1.000000,20260310,4,dgeqp3,factor_only,0.001485833,0.0014983955000000002,0.00148622595,0.0015156617000000002,1151904,1.0414191080853932e-15,2.0230496031497135e-14
20260316_121419,2026-03-16T12:14:19.103,orthonormal_rows,square,256,256,1.000000,20260310,4,bsqr_rinv,factor_only,0.002669709,0.0027205420000000003,0.00267671685,0.0027450277000000004,1068528,1.0051366365050383e-15,1.960504534666056e-14
20260316_121419,2026-03-16T12:14:19.103,orthonormal_rows,square,256,256,1.000000,20260310,4,dgeqp3_trsm,factor_only,0.0014496250000000002,0.001468771,0.0014519508,0.001483484675,1151904,1.0414191080853932e-15,2.0230496031497135e-14
20260316_121419,2026-03-16T12:14:19.103,orthonormal_rows,square,384,384,1.000000,20260310,4,bsqr_full,factor_only,0.006946667,0.0071314165,0.0069719811,0.008516780874999996,2388416,1.1721691489188583e-15,2.9387362124120564e-14
20260316_121419,2026-03-16T12:14:19.103,orthonormal_rows,square,384,384,1.000000,20260310,4,dgeqp3,factor_only,0.0030305420000000002,0.0030651875,0.0030351936,0.003415445924999999,2497440,1.196681628681297e-15,2.9860825527189964e-14
20260316_121419,2026-03-16T12:14:19.103,orthonormal_rows,square,384,384,1.000000,20260310,4,bsqr_rinv,factor_only,0.006969958,0.007195125,0.00698107515,0.008002605449999999,2388464,1.1721691489188583e-15,2.9387362124120564e-14
20260316_121419,2026-03-16T12:14:19.103,orthonormal_rows,square,384,384,1.000000,20260310,4,dgeqp3_trsm,factor_only,0.0030405830000000003,0.003067188,0.0030430907750000004,0.0033779579999999986,2497440,1.196681628681297e-15,2.9860825527189964e-14
20260316_121419,2026-03-16T12:14:19.103,orthonormal_rows,square,512,512,1.000000,20260310,4,bsqr_full,factor_only,0.014615500000000002,0.0149018125,0.014654046075000001,0.016883676224999998,4232672,1.3126693874777632e-15,3.797514754606759e-14
20260316_121419,2026-03-16T12:14:19.103,orthonormal_rows,square,512,512,1.000000,20260310,4,dgeqp3,factor_only,0.005785833000000001,0.005838770500000001,0.00578643765,0.008086957849999998,4367264,1.3306297476321328e-15,3.804271009240442e-14
20260316_121419,2026-03-16T12:14:19.103,orthonormal_rows,square,512,512,1.000000,20260310,4,bsqr_rinv,factor_only,0.014495666,0.014790521000000001,0.014509592525,0.0159961734,4232720,1.3126693874777632e-15,3.797514754606759e-14
20260316_121419,2026-03-16T12:14:19.103,orthonormal_rows,square,512,512,1.000000,20260310,4,dgeqp3_trsm,factor_only,0.005778916,0.005837562500000001,0.0057804269,0.0074862415749999975,4367264,1.3306297476321328e-15,3.804271009240442e-14
20260316_121419,2026-03-16T12:14:19.103,orthonormal_rows,short_wide,32,64,2.000000,20260310,4,bsqr_full,factor_only,2.0750000000000003e-5,2.1084e-5,2.0780450000000002e-5,2.6507049999999985e-5,38592,5.723541236200058e-16,3.569406647792487e-15
20260316_121419,2026-03-16T12:14:19.103,orthonormal_rows,short_wide,32,64,2.000000,20260310,4,dgeqp3,factor_only,1.2291000000000001e-5,1.25625e-5,1.2291000000000001e-5,1.582107499999999e-5,52384,5.755785581479111e-16,3.533805047401359e-15
20260316_121419,2026-03-16T12:14:19.103,orthonormal_rows,short_wide,32,64,2.000000,20260310,4,bsqr_rinv,factor_only,2.1333e-5,2.1792e-5,2.1393900000000002e-5,2.7251099999999987e-5,46864,5.723541236200058e-16,3.569406647792487e-15
20260316_121419,2026-03-16T12:14:19.103,orthonormal_rows,short_wide,32,64,2.000000,20260310,4,dgeqp3_trsm,factor_only,1.7875e-5,1.9646e-5,1.7935175e-5,3.5989825e-5,101856,5.755785581479111e-16,3.533805047401359e-15
20260316_121419,2026-03-16T12:14:19.103,orthonormal_rows,short_wide,32,128,4.000000,20260310,4,bsqr_full,factor_only,3.875e-5,3.9187500000000004e-5,3.878045e-5,4.7237124999999984e-5,75712,5.571731766922084e-16,3.0760866298562317e-15
20260316_121419,2026-03-16T12:14:19.103,orthonormal_rows,short_wide,32,128,4.000000,20260310,4,dgeqp3,factor_only,2.3125000000000003e-5,2.3646e-5,2.3185900000000004e-5,2.744824999999999e-5,133312,6.468441556836548e-16,3.715574755863367e-15
20260316_121419,2026-03-16T12:14:19.103,orthonormal_rows,short_wide,32,128,4.000000,20260310,4,bsqr_rinv,factor_only,4.0417e-5,4.1e-5,4.0417e-5,4.635609999999999e-5,100368,5.571731766922084e-16,3.0760866298562317e-15
20260316_121419,2026-03-16T12:14:19.103,orthonormal_rows,short_wide,32,128,4.000000,20260310,4,dgeqp3_trsm,factor_only,3.5083e-5,3.5896e-5,3.517435e-5,4.094657499999998e-5,231936,6.468441556836548e-16,3.715574755863367e-15
20260316_121419,2026-03-16T12:14:19.103,orthonormal_rows,short_wide,32,256,8.000000,20260310,4,bsqr_full,factor_only,7.8958e-5,8.4083e-5,8.143532500000001e-5,8.986002499999999e-5,149184,5.977071546322132e-16,3.1680517133105967e-15
20260316_121419,2026-03-16T12:14:19.103,orthonormal_rows,short_wide,32,256,8.000000,20260310,4,dgeqp3,factor_only,4.4042e-5,5.0958e-5,4.4102175000000004e-5,5.4708000000000005e-5,232608,5.606373906538638e-16,3.1290074232331894e-15
20260316_121419,2026-03-16T12:14:19.103,orthonormal_rows,short_wide,32,256,8.000000,20260310,4,bsqr_rinv,factor_only,8.2958e-5,9.302050000000001e-5,8.3260325e-5,9.852702500000001e-5,214800,5.977071546322132e-16,3.1680517133105967e-15
20260316_121419,2026-03-16T12:14:19.103,orthonormal_rows,short_wide,32,256,8.000000,20260310,4,dgeqp3_trsm,factor_only,6.2334e-5,7.885450000000001e-5,6.242462500000001e-5,8.189142500000002e-5,437728,5.606373906538638e-16,3.1290074232331894e-15
20260316_121419,2026-03-16T12:14:19.103,orthonormal_rows,short_wide,32,320,10.000000,20260310,4,bsqr_full,factor_only,0.000104875,0.00010975000000000001,0.0001050867,0.000118197825,218816,5.440616906957495e-16,2.942048377600859e-15
20260316_121419,2026-03-16T12:14:19.103,orthonormal_rows,short_wide,32,320,10.000000,20260310,4,dgeqp3,factor_only,5.6000000000000006e-5,5.9708500000000006e-5,5.6181250000000014e-5,6.1914975e-5,298656,5.646604909014385e-16,3.1088803670395084e-15
20260316_121419,2026-03-16T12:14:19.103,orthonormal_rows,short_wide,32,320,10.000000,20260310,4,bsqr_rinv,factor_only,0.00011295800000000001,0.0001191455,0.00011528452500000002,0.000128528925,317200,5.440616906957495e-16,2.942048377600859e-15
20260316_121419,2026-03-16T12:14:19.103,orthonormal_rows,short_wide,32,320,10.000000,20260310,4,dgeqp3_trsm,factor_only,9.0667e-5,9.50625e-5,9.114985000000001e-5,0.00010242282499999999,602080,5.646604909014385e-16,3.1088803670395084e-15
20260316_121419,2026-03-16T12:14:19.103,orthonormal_rows,short_wide,64,128,2.000000,20260310,4,bsqr_full,factor_only,0.00010350000000000001,0.000107021,0.00010362107500000001,0.00011532652499999998,141504,7.011966433030591e-16,5.816919387949305e-15
20260316_121419,2026-03-16T12:14:19.103,orthonormal_rows,short_wide,64,128,2.000000,20260310,4,dgeqp3,factor_only,5.9791000000000004e-5,6.4229e-5,5.98519e-5,6.753982499999999e-5,199104,7.811092051502277e-16,6.917901098806196e-15
20260316_121419,2026-03-16T12:14:19.103,orthonormal_rows,short_wide,64,128,2.000000,20260310,4,bsqr_rinv,factor_only,0.00010754200000000001,0.00011052050000000001,0.0001087803,0.000119935475,174352,7.011966433030591e-16,5.816919387949305e-15
20260316_121419,2026-03-16T12:14:19.103,orthonormal_rows,short_wide,64,128,2.000000,20260310,4,dgeqp3_trsm,factor_only,8.1042e-5,8.987550000000001e-5,8.4425575e-5,9.430175e-5,396032,7.811092051502277e-16,6.917901098806196e-15
20260316_121419,2026-03-16T12:14:19.103,orthonormal_rows,short_wide,64,256,4.000000,20260310,4,bsqr_full,factor_only,0.000274708,0.0002852085,0.00027534237500000005,0.00029365275,280512,7.662387021208411e-16,6.215422989224652e-15
20260316_121419,2026-03-16T12:14:19.103,orthonormal_rows,short_wide,64,256,4.000000,20260310,4,dgeqp3,factor_only,0.00012837500000000002,0.000140208,0.00012840545,0.00014929592500000002,363936,7.80295872755044e-16,6.3880610985129725e-15
20260316_121419,2026-03-16T12:14:19.103,orthonormal_rows,short_wide,64,256,4.000000,20260310,4,bsqr_rinv,factor_only,0.000282666,0.00029972900000000004,0.00028339172500000006,0.00031562675,378896,7.662387021208411e-16,6.215422989224652e-15
20260316_121419,2026-03-16T12:14:19.103,orthonormal_rows,short_wide,64,256,4.000000,20260310,4,dgeqp3_trsm,factor_only,0.000169667,0.000186646,0.00017163029999999998,0.0002054965,757472,7.80295872755044e-16,6.3880610985129725e-15
20260316_121419,2026-03-16T12:14:19.103,orthonormal_rows,short_wide,64,512,8.000000,20260310,4,bsqr_full,factor_only,0.0007821670000000001,0.000800833,0.00078467405,0.0008210275500000001,559040,7.641494535213801e-16,6.332828899637733e-15
20260316_121419,2026-03-16T12:14:19.103,orthonormal_rows,short_wide,64,512,8.000000,20260310,4,dgeqp3,factor_only,0.000399666,0.00042131300000000004,0.0004004519,0.00043306249999999996,693664,8.155271876144694e-16,6.788269969205867e-15
20260316_121419,2026-03-16T12:14:19.103,orthonormal_rows,short_wide,64,512,8.000000,20260310,4,bsqr_rinv,factor_only,0.000794792,0.0008251665000000001,0.0007975412,0.0008396917250000001,788496,7.641494535213801e-16,6.332828899637733e-15
20260316_121419,2026-03-16T12:14:19.103,orthonormal_rows,short_wide,64,512,8.000000,20260310,4,dgeqp3_trsm,factor_only,0.000489708,0.000510875,0.0004938165750000001,0.0005289125,1480416,8.155271876144694e-16,6.788269969205867e-15
20260316_121419,2026-03-16T12:14:19.103,orthonormal_rows,short_wide,64,640,10.000000,20260310,4,bsqr_full,factor_only,0.001063792,0.001085042,0.0010639428,0.0011117811,698304,7.636397888327121e-16,6.099902016498859e-15
20260316_121419,2026-03-16T12:14:19.103,orthonormal_rows,short_wide,64,640,10.000000,20260310,4,dgeqp3,factor_only,0.000543958,0.0005721455,0.00055000015,0.000589968175,858528,7.925235915297731e-16,6.1985162469237914e-15
20260316_121419,2026-03-16T12:14:19.103,orthonormal_rows,short_wide,64,640,10.000000,20260310,4,bsqr_rinv,factor_only,0.001096958,0.001118188,0.001097653275,0.001139560325,993296,7.636397888327121e-16,6.099902016498859e-15
20260316_121419,2026-03-16T12:14:19.103,orthonormal_rows,short_wide,64,640,10.000000,20260310,4,dgeqp3_trsm,factor_only,0.000646084,0.0006884580000000001,0.00064662775,0.0019483161999999938,1841888,7.925235915297731e-16,6.1985162469237914e-15
20260316_121419,2026-03-16T12:14:19.103,orthonormal_rows,short_wide,128,256,2.000000,20260310,4,bsqr_full,factor_only,0.001055458,0.0010803745,0.00106020095,0.0011089072000000002,543200,9.111709708699152e-16,1.0627394849050319e-14
20260316_121419,2026-03-16T12:14:19.103,orthonormal_rows,short_wide,128,256,2.000000,20260310,4,dgeqp3,factor_only,0.000598167,0.000620021,0.000599677175,0.00063615175,626624,9.681429219979343e-16,1.130240611318869e-14
20260316_121419,2026-03-16T12:14:19.103,orthonormal_rows,short_wide,128,256,2.000000,20260310,4,bsqr_rinv,factor_only,0.0010801670000000001,0.001113188,0.0010811037000000002,0.001191944175,674352,9.111709708699152e-16,1.0627394849050319e-14
20260316_121419,2026-03-16T12:14:19.103,orthonormal_rows,short_wide,128,256,2.000000,20260310,4,dgeqp3_trsm,factor_only,0.000692166,0.0007062290000000001,0.0006933144,0.000732866425,1413376,9.681429219979343e-16,1.130240611318869e-14
20260316_121419,2026-03-16T12:14:19.103,orthonormal_rows,short_wide,128,512,4.000000,20260310,4,bsqr_full,factor_only,0.0026086250000000003,0.002773104,0.0026197421500000003,0.002857839675,1083872,9.596532897883902e-16,1.0905439580671879e-14
20260316_121419,2026-03-16T12:14:19.103,orthonormal_rows,short_wide,128,512,4.000000,20260310,4,dgeqp3,factor_only,0.0014010840000000001,0.0015629790000000001,0.001409300425,0.0016556114000000001,1218496,9.607500800446622e-16,1.0737213437744801e-14
20260316_121419,2026-03-16T12:14:19.103,orthonormal_rows,short_wide,128,512,4.000000,20260310,4,bsqr_rinv,factor_only,0.002686917,0.002804729,0.002689121725,0.00288567225,1477168,9.596532897883902e-16,1.0905439580671879e-14
20260316_121419,2026-03-16T12:14:19.103,orthonormal_rows,short_wide,128,512,4.000000,20260310,4,dgeqp3_trsm,factor_only,0.001503292,0.0016876875000000002,0.001510844325,0.0033933426499999923,2791680,9.607500800446622e-16,1.0737213437744801e-14
20260316_121419,2026-03-16T12:14:19.103,orthonormal_rows,short_wide,128,1024,8.000000,20260310,4,bsqr_full,factor_only,0.0047302920000000005,0.004902646,0.0047340678,0.006523184224999995,2165216,9.118249186524455e-16,1.066899011429985e-14
20260316_121419,2026-03-16T12:14:19.103,orthonormal_rows,short_wide,128,1024,8.000000,20260310,4,dgeqp3,factor_only,0.00230225,0.0025208125,0.00230895625,0.003684704724999995,2402240,9.29922059984131e-16,1.0604992526402167e-14
20260316_121419,2026-03-16T12:14:19.103,orthonormal_rows,short_wide,128,1024,8.000000,20260310,4,bsqr_rinv,factor_only,0.004733209,0.0050108125000000005,0.00478278015,0.005624684524999998,3082800,9.118249186524455e-16,1.066899011429985e-14
20260316_121419,2026-03-16T12:14:19.103,orthonormal_rows,short_wide,128,1024,8.000000,20260310,4,dgeqp3_trsm,factor_only,0.002706792,0.0028385625000000004,0.002729508425,0.0059604875,5548288,9.29922059984131e-16,1.0604992526402167e-14
20260316_121419,2026-03-16T12:14:19.103,orthonormal_rows,short_wide,128,1280,10.000000,20260310,4,bsqr_full,factor_only,0.005682708000000001,0.0059201045,0.005720740775,0.007656691999999995,2705888,9.177426369713249e-16,1.0949269583957678e-14
20260316_121419,2026-03-16T12:14:19.103,orthonormal_rows,short_wide,128,1280,10.000000,20260310,4,dgeqp3,factor_only,0.0028505830000000003,0.003012479,0.0028522142500000004,0.0039182789249999975,2994112,9.381731460693726e-16,1.1147752317405977e-14
20260316_121419,2026-03-16T12:14:19.103,orthonormal_rows,short_wide,128,1280,10.000000,20260310,4,bsqr_rinv,factor_only,0.005789875000000001,0.0060431455,0.005831532050000001,0.007357099699999997,3885616,9.177426369713249e-16,1.0949269583957678e-14
20260316_121419,2026-03-16T12:14:19.103,orthonormal_rows,short_wide,128,1280,10.000000,20260310,4,dgeqp3_trsm,factor_only,0.0033390000000000004,0.0036891665000000004,0.0034031625000000005,0.006262576525,6926592,9.381731460693726e-16,1.1147752317405977e-14
20260316_121419,2026-03-16T12:14:19.103,orthonormal_rows,short_wide,256,512,2.000000,20260310,4,bsqr_full,factor_only,0.0070520420000000006,0.007185250000000001,0.007068717,0.008132844974999998,2133440,1.1389123833918431e-15,2.004240811967313e-14
20260316_121419,2026-03-16T12:14:19.103,orthonormal_rows,short_wide,256,512,2.000000,20260310,4,dgeqp3,factor_only,0.002782708,0.0030208335000000003,0.0027966947000000004,0.0038396342249999976,2268064,1.1856115187132112e-15,2.0515495729205452e-14
20260316_121419,2026-03-16T12:14:19.103,orthonormal_rows,short_wide,256,512,2.000000,20260310,4,bsqr_rinv,factor_only,0.006947083000000001,0.007786312500000001,0.007105405600000001,0.016043029075,2657808,1.1389123833918431e-15,2.004240811967313e-14
20260316_121419,2026-03-16T12:14:19.103,orthonormal_rows,short_wide,256,512,2.000000,20260310,4,dgeqp3_trsm,factor_only,0.003287583,0.0034174375000000003,0.0033004220250000002,0.0059374335750000005,5414112,1.1856115187132112e-15,2.0515495729205452e-14
20260316_121419,2026-03-16T12:14:19.103,orthonormal_rows,short_wide,256,1024,4.000000,20260310,4,bsqr_full,factor_only,0.012713458,0.013732562500000002,0.012775204075000001,0.018053627325000002,4263360,1.150446580201618e-15,1.9886150767395372e-14
20260316_121419,2026-03-16T12:14:19.103,orthonormal_rows,short_wide,256,1024,4.000000,20260310,4,dgeqp3,factor_only,0.005666292000000001,0.0058486045,0.0056849303,0.008440141574999997,4500384,1.2225217992941622e-15,2.075426169560514e-14
20260316_121419,2026-03-16T12:14:19.103,orthonormal_rows,short_wide,256,1024,4.000000,20260310,4,bsqr_rinv,factor_only,0.012827834000000001,0.01331825,0.012948877825,0.015690561125,5836304,1.150446580201618e-15,1.9886150767395372e-14
20260316_121419,2026-03-16T12:14:19.103,orthonormal_rows,short_wide,256,1024,4.000000,20260310,4,dgeqp3_trsm,factor_only,0.006413666,0.0067048545,0.0064560792249999995,0.009870583425,10792160,1.2225217992941622e-15,2.075426169560514e-14
20260316_121419,2026-03-16T12:14:19.103,orthonormal_rows,short_wide,256,2048,8.000000,20260310,4,bsqr_full,factor_only,0.022086,0.023235750000000003,0.022196321074999997,0.026699267225000003,8523200,1.1449842056481448e-15,1.9524610453759973e-14
20260316_121419,2026-03-16T12:14:19.103,orthonormal_rows,short_wide,256,2048,8.000000,20260310,4,dgeqp3,factor_only,0.010793750000000001,0.0113283965,0.010794172675000002,0.014296757775000002,8997792,1.2407335837578731e-15,2.0523011456636368e-14
20260316_121419,2026-03-16T12:14:19.103,orthonormal_rows,short_wide,256,2048,8.000000,20260310,4,bsqr_rinv,factor_only,0.023910708000000003,0.025190604000000002,0.024032658800000002,0.0285387614,12193296,1.1449842056481448e-15,1.9524610453759973e-14
20260316_121419,2026-03-16T12:14:19.103,orthonormal_rows,short_wide,256,2048,8.000000,20260310,4,dgeqp3_trsm,factor_only,0.013057625000000002,0.013811020500000002,0.013122753925000001,0.025541593599999954,21581024,1.2407335837578731e-15,2.0523011456636368e-14
20260316_121419,2026-03-16T12:14:19.103,orthonormal_rows,short_wide,256,2560,10.000000,20260310,4,bsqr_full,factor_only,0.028859583,0.0308320415,0.028923293100000004,0.035668101225,10653120,1.1552540839000554e-15,1.9976200972667538e-14
20260316_121419,2026-03-16T12:14:19.103,orthonormal_rows,short_wide,256,2560,10.000000,20260310,4,dgeqp3,factor_only,0.013347209,0.014277229,0.013543351225000002,0.0177466064,11230112,1.2333774156748603e-15,2.0722294034546068e-14
20260316_121419,2026-03-16T12:14:19.103,orthonormal_rows,short_wide,256,2560,10.000000,20260310,4,bsqr_rinv,factor_only,0.028256625,0.032575437500000005,0.0293045516,0.036677064675,15371792,1.1552540839000554e-15,1.9976200972667538e-14
20260316_121419,2026-03-16T12:14:19.103,orthonormal_rows,short_wide,256,2560,10.000000,20260310,4,dgeqp3_trsm,factor_only,0.015994417,0.016871438000000002,0.016060361550000003,0.027949720124999956,26959072,1.2333774156748603e-15,2.0722294034546068e-14
20260316_121419,2026-03-16T12:14:19.103,orthonormal_rows,short_wide,512,1024,2.000000,20260310,4,bsqr_full,factor_only,0.034478834,0.036969062500000004,0.03487244810000001,0.040543291575,8459744,1.4993662706644025e-15,3.8126040042145945e-14
20260316_121419,2026-03-16T12:14:19.103,orthonormal_rows,short_wide,512,1024,2.000000,20260310,4,dgeqp3,factor_only,0.013220042000000001,0.0136728335,0.013225751375,0.015955123249999998,8696736,1.5547769405692144e-15,3.8638687218042306e-14
20260316_121419,2026-03-16T12:14:19.103,orthonormal_rows,short_wide,512,1024,2.000000,20260310,4,bsqr_rinv,factor_only,0.040594125,0.045535229,0.040845367225,0.08106303002499993,10556976,1.4993662706644025e-15,3.8126040042145945e-14
20260316_121419,2026-03-16T12:14:19.103,orthonormal_rows,short_wide,512,1024,2.000000,20260310,4,dgeqp3_trsm,factor_only,0.014921166000000001,0.0157780415,0.015033843325,0.05756242827499998,21279968,1.5547769405692144e-15,3.8638687218042306e-14
20260316_121419,2026-03-16T12:14:19.103,orthonormal_rows,short_wide,512,2048,4.000000,20260310,4,bsqr_full,factor_only,0.06970962500000001,0.075483146,0.06972530312500001,0.08081937405,16913888,1.532384521456272e-15,3.7761201001912035e-14
20260316_121419,2026-03-16T12:14:19.103,orthonormal_rows,short_wide,512,2048,4.000000,20260310,4,dgeqp3,factor_only,0.026690916000000002,0.027801937500000002,0.02700021985,0.03000726795,17388448,1.5958458993632142e-15,3.797307428464864e-14
20260316_121419,2026-03-16T12:14:19.103,orthonormal_rows,short_wide,512,2048,4.000000,20260310,4,bsqr_rinv,factor_only,0.06880979100000001,0.0840613125,0.07079913082500001,0.12699769374999992,23205424,1.532384521456272e-15,3.7761201001912035e-14
20260316_121419,2026-03-16T12:14:19.103,orthonormal_rows,short_wide,512,2048,4.000000,20260310,4,dgeqp3_trsm,factor_only,0.031885167,0.033334208500000004,0.031903684950000004,0.067134763875,42554592,1.5958458993632142e-15,3.797307428464864e-14
20260316_121419,2026-03-16T12:14:19.103,orthonormal_rows,short_wide,512,4096,8.000000,20260310,4,bsqr_full,factor_only,0.21658658400000003,0.301840416,0.22425816720000002,0.3802942413999999,33822176,1.5630478478388333e-15,3.770408701532817e-14
20260316_121419,2026-03-16T12:14:19.103,orthonormal_rows,short_wide,512,4096,8.000000,20260310,4,dgeqp3,factor_only,0.07029429100000001,0.07917283350000001,0.070366247975,0.111959697675,34739104,1.6300347024145253e-15,3.878877142761363e-14
20260316_121419,2026-03-16T12:14:19.103,orthonormal_rows,short_wide,512,4096,8.000000,20260310,4,bsqr_rinv,factor_only,0.267582625,0.30357581250000004,0.27158509375,0.405179625,50599472,1.5630478478388333e-15,3.770408701532817e-14
20260316_121419,2026-03-16T12:14:19.103,orthonormal_rows,short_wide,512,4096,8.000000,20260310,4,dgeqp3_trsm,factor_only,0.080193709,0.08342922900000001,0.0805791973,0.11449429142499999,87168224,1.6300347024145253e-15,3.878877142761363e-14
20260316_121419,2026-03-16T12:14:19.103,orthonormal_rows,short_wide,512,5120,10.000000,20260310,4,bsqr_full,factor_only,0.40280920800000003,0.487560833,0.405477927,0.60908044775,42472928,1.5723458849572821e-15,3.780686383535912e-14
20260316_121419,2026-03-16T12:14:19.103,orthonormal_rows,short_wide,512,5120,10.000000,20260310,4,dgeqp3,factor_only,0.152325875,0.1983915625,0.152809520625,0.22055795287499996,43422624,1.6408603405515636e-15,3.869831045441037e-14
20260316_121419,2026-03-16T12:14:19.103,orthonormal_rows,short_wide,512,5120,10.000000,20260310,4,bsqr_rinv,factor_only,0.463728458,0.5743566250000001,0.4643568496,0.7679037830000002,63444528,1.5723458849572821e-15,3.780686383535912e-14
20260316_121419,2026-03-16T12:14:19.103,orthonormal_rows,short_wide,512,5120,10.000000,20260310,4,dgeqp3_trsm,factor_only,0.170113291,0.196873771,0.170691286,0.251027385625,108434656,1.6408603405515636e-15,3.869831045441037e-14
20260316_121419,2026-03-16T12:14:19.103,gaussian,square,64,64,1.000000,20260311,4,bsqr_full,factor_only,4.7792000000000006e-5,5.75e-5,4.9664675000000004e-5,7.0790625e-5,71616,5.556283668258509e-16,6.3325249036096355e-15
20260316_121419,2026-03-16T12:14:19.103,gaussian,square,64,64,1.000000,20260311,4,dgeqp3,factor_only,2.9041000000000002e-5,2.97915e-5,2.9162800000000005e-5,4.731592499999999e-5,85408,5.885052819619953e-16,6.632531056365504e-15
20260316_121419,2026-03-16T12:14:19.103,gaussian,square,64,64,1.000000,20260311,4,bsqr_rinv,factor_only,4.4084e-5,4.4584000000000005e-5,4.420435000000001e-5,5.212244999999998e-5,71664,5.556283668258509e-16,6.3325249036096355e-15
20260316_121419,2026-03-16T12:14:19.103,gaussian,square,64,64,1.000000,20260311,4,dgeqp3_trsm,factor_only,2.9083000000000003e-5,2.9521e-5,2.911345e-5,3.368654999999999e-5,85408,5.885052819619953e-16,6.632531056365504e-15
20260316_121419,2026-03-16T12:14:19.103,gaussian,square,128,128,1.000000,20260311,4,bsqr_full,factor_only,0.00027341700000000003,0.00028416650000000004,0.000274232625,0.00029156875,273120,7.140931999036581e-16,1.0676698014676034e-14
20260316_121419,2026-03-16T12:14:19.103,gaussian,square,128,128,1.000000,20260311,4,dgeqp3,factor_only,0.00016995900000000002,0.0001789995,0.00017056219999999998,0.000186222975,330720,7.403183600797456e-16,1.0816608931277344e-14
20260316_121419,2026-03-16T12:14:19.103,gaussian,square,128,128,1.000000,20260311,4,bsqr_rinv,factor_only,0.00027575,0.00028660400000000004,0.00027804535,0.0002944723,273168,7.140931999036581e-16,1.0676698014676034e-14
20260316_121419,2026-03-16T12:14:19.103,gaussian,square,128,128,1.000000,20260311,4,dgeqp3_trsm,factor_only,0.000171458,0.000179521,0.000173210325,0.00019105815,330720,7.403183600797456e-16,1.0816608931277344e-14
20260316_121419,2026-03-16T12:14:19.103,gaussian,square,256,256,1.000000,20260311,4,bsqr_full,factor_only,0.0026862920000000003,0.0027485205,0.0026897959250000002,0.0028091295000000002,1068480,8.84382709356842e-16,1.9916453494948778e-14
20260316_121419,2026-03-16T12:14:19.103,gaussian,square,256,256,1.000000,20260311,4,dgeqp3,factor_only,0.001447375,0.001467271,0.001450546875,0.00149156875,1151904,9.332232856703336e-16,2.0285216125112807e-14
20260316_121419,2026-03-16T12:14:19.103,gaussian,square,256,256,1.000000,20260311,4,bsqr_rinv,factor_only,0.00269475,0.0027508545000000002,0.002708676525,0.0028211,1068528,8.84382709356842e-16,1.9916453494948778e-14
20260316_121419,2026-03-16T12:14:19.103,gaussian,square,256,256,1.000000,20260311,4,dgeqp3_trsm,factor_only,0.001452542,0.001468834,0.001456770925,0.0015209843750000002,1151904,9.332232856703336e-16,2.0285216125112807e-14
20260316_121419,2026-03-16T12:14:19.103,gaussian,square,384,384,1.000000,20260311,4,bsqr_full,factor_only,0.0069852080000000006,0.0071663745,0.006998258,0.008193547024999998,2388416,1.0544412300735577e-15,2.9502288018207066e-14
20260316_121419,2026-03-16T12:14:19.103,gaussian,square,384,384,1.000000,20260311,4,dgeqp3,factor_only,0.002766292,0.0031659585,0.0030111600250000005,0.0035495781249999985,2497440,1.101243593241098e-15,3.004114827949069e-14
20260316_121419,2026-03-16T12:14:19.103,gaussian,square,384,384,1.000000,20260311,4,bsqr_rinv,factor_only,0.007046584000000001,0.0071497290000000005,0.0070503293500000005,0.007704453274999999,2388464,1.0544412300735577e-15,2.9502288018207066e-14
20260316_121419,2026-03-16T12:14:19.103,gaussian,square,384,384,1.000000,20260311,4,dgeqp3_trsm,factor_only,0.002998291,0.0030761670000000003,0.0030135769000000003,0.003330460749999999,2497440,1.101243593241098e-15,3.004114827949069e-14
20260316_121419,2026-03-16T12:14:19.103,gaussian,square,512,512,1.000000,20260311,4,bsqr_full,factor_only,0.014241166000000001,0.014963104000000001,0.01441048395,0.016623946875,4232672,1.195050870558813e-15,3.790315964034835e-14
20260316_121419,2026-03-16T12:14:19.103,gaussian,square,512,512,1.000000,20260311,4,dgeqp3,factor_only,0.005784875,0.0058557295,0.005789224999999999,0.007399884375,4367264,1.2360573297764559e-15,3.827292778088262e-14
20260316_121419,2026-03-16T12:14:19.103,gaussian,square,512,512,1.000000,20260311,4,bsqr_rinv,factor_only,0.014421208000000001,0.015083875000000002,0.0145365439,0.016565097825,4232720,1.195050870558813e-15,3.790315964034835e-14
20260316_121419,2026-03-16T12:14:19.103,gaussian,square,512,512,1.000000,20260311,4,dgeqp3_trsm,factor_only,0.005942208,0.006004749500000001,0.0059439306,0.008648643374999999,4367264,1.2360573297764559e-15,3.827292778088262e-14
20260316_121419,2026-03-16T12:14:19.103,gaussian,short_wide,32,64,2.000000,20260311,4,bsqr_full,factor_only,2.0917e-5,2.7375e-5,2.0977175e-5,3.8717e-5,38592,4.767954630879803e-16,3.0416748204948705e-15
20260316_121419,2026-03-16T12:14:19.103,gaussian,short_wide,32,64,2.000000,20260311,4,dgeqp3,factor_only,1.2375000000000001e-5,1.2645500000000001e-5,1.24359e-5,2.822339999999999e-5,52384,5.338460553594697e-16,3.555320302841277e-15
20260316_121419,2026-03-16T12:14:19.103,gaussian,short_wide,32,64,2.000000,20260311,4,bsqr_rinv,factor_only,2.1292000000000002e-5,2.1896000000000002e-5,2.1502975e-5,2.6876224999999987e-5,46864,4.767954630879803e-16,3.0416748204948705e-15
20260316_121419,2026-03-16T12:14:19.103,gaussian,short_wide,32,64,2.000000,20260311,4,dgeqp3_trsm,factor_only,1.7125e-5,2.0229000000000002e-5,1.803125e-5,3.870815e-5,101856,5.338460553594697e-16,3.555320302841277e-15
20260316_121419,2026-03-16T12:14:19.103,gaussian,short_wide,32,128,4.000000,20260311,4,bsqr_full,factor_only,3.875e-5,3.92705e-5,3.8810175e-5,4.646482499999999e-5,75712,5.57339362061496e-16,3.4414299426745962e-15
20260316_121419,2026-03-16T12:14:19.103,gaussian,short_wide,32,128,4.000000,20260311,4,dgeqp3,factor_only,2.3542000000000003e-5,2.42705e-5,2.3602175000000004e-5,2.7289024999999997e-5,133312,5.347040818163381e-16,3.1230905904392464e-15
20260316_121419,2026-03-16T12:14:19.103,gaussian,short_wide,32,128,4.000000,20260311,4,bsqr_rinv,factor_only,4.0875000000000004e-5,4.1437e-5,4.0996075000000004e-5,4.582827499999999e-5,100368,5.57339362061496e-16,3.4414299426745962e-15
20260316_121419,2026-03-16T12:14:19.103,gaussian,short_wide,32,128,4.000000,20260311,4,dgeqp3_trsm,factor_only,3.3125e-5,3.69585e-5,3.3699200000000004e-5,4.910705e-5,231936,5.347040818163381e-16,3.1230905904392464e-15
20260316_121419,2026-03-16T12:14:19.103,gaussian,short_wide,32,256,8.000000,20260311,4,bsqr_full,factor_only,7.9583e-5,8.41045e-5,7.970407499999999e-5,8.8324575e-5,149184,5.070382138200773e-16,2.5912917428915223e-15
20260316_121419,2026-03-16T12:14:19.103,gaussian,short_wide,32,256,8.000000,20260311,4,dgeqp3,factor_only,4.4166000000000004e-5,5.0854000000000005e-5,4.4438600000000005e-5,5.283125e-5,232608,5.750381203399579e-16,3.2947650497269526e-15
20260316_121419,2026-03-16T12:14:19.103,gaussian,short_wide,32,256,8.000000,20260311,4,bsqr_rinv,factor_only,8.370900000000001e-5,9.2729e-5,8.388952500000001e-5,9.579295e-5,214800,5.070382138200773e-16,2.5912917428915223e-15
20260316_121419,2026-03-16T12:14:19.103,gaussian,short_wide,32,256,8.000000,20260311,4,dgeqp3_trsm,factor_only,6.3625e-5,7.720800000000001e-5,6.3625e-5,9.1764525e-5,437728,5.750381203399579e-16,3.2947650497269526e-15
20260316_121419,2026-03-16T12:14:19.103,gaussian,short_wide,32,320,10.000000,20260311,4,bsqr_full,factor_only,0.000105167,0.00011095850000000001,0.000106435025,0.00011787907499999999,218816,5.338482956797689e-16,3.0027087138481105e-15
20260316_121419,2026-03-16T12:14:19.103,gaussian,short_wide,32,320,10.000000,20260311,4,dgeqp3,factor_only,5.7541000000000004e-5,6.18125e-5,5.86285e-5,6.679185e-5,298656,6.02395212898631e-16,3.4120134306064398e-15
20260316_121419,2026-03-16T12:14:19.103,gaussian,short_wide,32,320,10.000000,20260311,4,bsqr_rinv,factor_only,0.00011366700000000001,0.00012308300000000001,0.0001176545,0.000129681625,317200,5.338482956797689e-16,3.0027087138481105e-15
20260316_121419,2026-03-16T12:14:19.103,gaussian,short_wide,32,320,10.000000,20260311,4,dgeqp3_trsm,factor_only,8.591700000000001e-5,9.74375e-5,8.5946725e-5,0.00010117950000000002,602080,6.02395212898631e-16,3.4120134306064398e-15
20260316_121419,2026-03-16T12:14:19.103,gaussian,short_wide,64,128,2.000000,20260311,4,bsqr_full,factor_only,0.000103875,0.0001073335,0.00010402580000000001,0.00011428155000000001,141504,6.655232916722036e-16,6.196581706062726e-15
20260316_121419,2026-03-16T12:14:19.103,gaussian,short_wide,64,128,2.000000,20260311,4,dgeqp3,factor_only,6.0167e-5,6.606300000000001e-5,6.0288075e-5,6.908560000000001e-5,199104,6.708568597511681e-16,6.234265738086532e-15
20260316_121419,2026-03-16T12:14:19.103,gaussian,short_wide,64,128,2.000000,20260311,4,bsqr_rinv,factor_only,0.00010675,0.00011125000000000001,0.00010844142500000001,0.000116078925,174352,6.655232916722036e-16,6.196581706062726e-15
20260316_121419,2026-03-16T12:14:19.103,gaussian,short_wide,64,128,2.000000,20260311,4,dgeqp3_trsm,factor_only,8.1959e-5,9.00835e-5,8.600595000000001e-5,9.383125000000001e-5,396032,6.708568597511681e-16,6.234265738086532e-15
20260316_121419,2026-03-16T12:14:19.103,gaussian,short_wide,64,256,4.000000,20260311,4,bsqr_full,factor_only,0.000274166,0.00028614600000000003,0.00027486127500000004,0.000297966575,280512,7.216716217524271e-16,6.0608621754577445e-15
20260316_121419,2026-03-16T12:14:19.103,gaussian,short_wide,64,256,4.000000,20260311,4,dgeqp3,factor_only,0.00013675000000000002,0.00013916700000000002,0.00013693125,0.00015633342500000002,363936,7.636253443350295e-16,6.419349457173959e-15
20260316_121419,2026-03-16T12:14:19.103,gaussian,short_wide,64,256,4.000000,20260311,4,bsqr_rinv,factor_only,0.000281833,0.0003011045,0.00028642515000000003,0.00030749265000000003,378896,7.216716217524271e-16,6.0608621754577445e-15
20260316_121419,2026-03-16T12:14:19.103,gaussian,short_wide,64,256,4.000000,20260311,4,dgeqp3_trsm,factor_only,0.000182833,0.000192854,0.000183467375,0.00021326657500000002,757472,7.636253443350295e-16,6.419349457173959e-15
20260316_121419,2026-03-16T12:14:19.103,gaussian,short_wide,64,512,8.000000,20260311,4,bsqr_full,factor_only,0.0007937500000000001,0.0008067495,0.000796498475,0.0008262853250000001,559040,7.482967707583215e-16,6.339209911170142e-15
20260316_121419,2026-03-16T12:14:19.103,gaussian,short_wide,64,512,8.000000,20260311,4,dgeqp3,factor_only,0.00040579200000000003,0.00042622950000000004,0.00040887325,0.000437972825,693664,7.740919658355252e-16,6.362785736260132e-15
20260316_121419,2026-03-16T12:14:19.103,gaussian,short_wide,64,512,8.000000,20260311,4,bsqr_rinv,factor_only,0.000811333,0.0008215835,0.0008126322,0.0008486917250000001,788496,7.482967707583215e-16,6.339209911170142e-15
20260316_121419,2026-03-16T12:14:19.103,gaussian,short_wide,64,512,8.000000,20260311,4,dgeqp3_trsm,factor_only,0.000501666,0.0005107295000000001,0.000502391,0.0007914054499999987,1480416,7.740919658355252e-16,6.362785736260132e-15
20260316_121419,2026-03-16T12:14:19.103,gaussian,short_wide,64,640,10.000000,20260311,4,bsqr_full,factor_only,0.001061583,0.0010908125,0.0010669001500000002,0.0011179395250000002,698304,7.553144711336925e-16,6.182655791877826e-15
20260316_121419,2026-03-16T12:14:19.103,gaussian,short_wide,64,640,10.000000,20260311,4,dgeqp3,factor_only,0.0005520000000000001,0.0005714585,0.00055224215,0.000592314525,858528,7.701678375852386e-16,6.23167555565943e-15
20260316_121419,2026-03-16T12:14:19.103,gaussian,short_wide,64,640,10.000000,20260311,4,bsqr_rinv,factor_only,0.001091958,0.001120125,0.0010929548750000001,0.0011441769,993296,7.553144711336925e-16,6.182655791877826e-15
20260316_121419,2026-03-16T12:14:19.103,gaussian,short_wide,64,640,10.000000,20260311,4,dgeqp3_trsm,factor_only,0.000642041,0.0006806875000000001,0.0006429479750000001,0.002140212074999993,1841888,7.701678375852386e-16,6.23167555565943e-15
20260316_121419,2026-03-16T12:14:19.103,gaussian,short_wide,128,256,2.000000,20260311,4,bsqr_full,factor_only,0.001056917,0.0010755,0.001058970925,0.00109479185,543200,8.687136597717937e-16,1.0607081032965025e-14
20260316_121419,2026-03-16T12:14:19.103,gaussian,short_wide,128,256,2.000000,20260311,4,dgeqp3,factor_only,0.000590542,0.0006139580000000001,0.000591115475,0.000630029875,626624,8.89937151882439e-16,1.1172928617052627e-14
20260316_121419,2026-03-16T12:14:19.103,gaussian,short_wide,128,256,2.000000,20260311,4,bsqr_rinv,factor_only,0.001072208,0.0010948125,0.0010735681,0.0011206101750000001,674352,8.687136597717937e-16,1.0607081032965025e-14
20260316_121419,2026-03-16T12:14:19.103,gaussian,short_wide,128,256,2.000000,20260311,4,dgeqp3_trsm,factor_only,0.000669292,0.0007063750000000001,0.0006755444000000001,0.0007285800250000001,1413376,8.89937151882439e-16,1.1172928617052627e-14
20260316_121419,2026-03-16T12:14:19.103,gaussian,short_wide,128,512,4.000000,20260311,4,bsqr_full,factor_only,0.00260325,0.0027642505000000004,0.0026179015250000002,0.002889459075,1083872,9.308394192810521e-16,1.0687476056656708e-14
20260316_121419,2026-03-16T12:14:19.103,gaussian,short_wide,128,512,4.000000,20260311,4,dgeqp3,factor_only,0.001379791,0.0015621035000000002,0.0014085495750000001,0.0016271883000000002,1218496,9.24859990331129e-16,1.0643679655387061e-14
20260316_121419,2026-03-16T12:14:19.103,gaussian,short_wide,128,512,4.000000,20260311,4,bsqr_rinv,factor_only,0.002654416,0.002824229,0.0026667417250000004,0.0028861691750000002,1477168,9.308394192810521e-16,1.0687476056656708e-14
20260316_121419,2026-03-16T12:14:19.103,gaussian,short_wide,128,512,4.000000,20260311,4,dgeqp3_trsm,factor_only,0.00157175,0.0017640835,0.00158078205,0.0031578399749999935,2791680,9.24859990331129e-16,1.0643679655387061e-14
20260316_121419,2026-03-16T12:14:19.103,gaussian,short_wide,128,1024,8.000000,20260311,4,bsqr_full,factor_only,0.004721083,0.004872396,0.004738966575,0.006097008424999996,2165216,8.887063900535728e-16,1.0597857266411556e-14
20260316_121419,2026-03-16T12:14:19.103,gaussian,short_wide,128,1024,8.000000,20260311,4,dgeqp3,factor_only,0.002280084,0.0025084795000000003,0.0023519184500000005,0.0035495882999999964,2402240,8.995642645397801e-16,1.074754061118985e-14
20260316_121419,2026-03-16T12:14:19.103,gaussian,short_wide,128,1024,8.000000,20260311,4,bsqr_rinv,factor_only,0.004867875000000001,0.0049824165000000005,0.004885425800000001,0.006225833424999995,3082800,8.887063900535728e-16,1.0597857266411556e-14
20260316_121419,2026-03-16T12:14:19.103,gaussian,short_wide,128,1024,8.000000,20260311,4,dgeqp3_trsm,factor_only,0.0026710840000000002,0.0029179165,0.0027096590750000002,0.006504377699999995,5548288,8.995642645397801e-16,1.074754061118985e-14
20260316_121419,2026-03-16T12:14:19.103,gaussian,short_wide,128,1280,10.000000,20260311,4,bsqr_full,factor_only,0.0056439160000000006,0.0059289170000000006,0.0056993785,0.007213593449999996,2705888,8.883198866546727e-16,1.0777762480668372e-14
20260316_121419,2026-03-16T12:14:19.103,gaussian,short_wide,128,1280,10.000000,20260311,4,dgeqp3,factor_only,0.0028160000000000004,0.002978229,0.002825273475,0.003684268749999998,2994112,9.23952382726941e-16,1.109164750803374e-14
20260316_121419,2026-03-16T12:14:19.103,gaussian,short_wide,128,1280,10.000000,20260311,4,bsqr_rinv,factor_only,0.005939834000000001,0.0060273755,0.005942552025000001,0.007174942649999997,3885616,8.883198866546727e-16,1.0777762480668372e-14
20260316_121419,2026-03-16T12:14:19.103,gaussian,short_wide,128,1280,10.000000,20260311,4,dgeqp3_trsm,factor_only,0.003191708,0.0034692295,0.003265447025,0.006643944174999998,6926592,9.23952382726941e-16,1.109164750803374e-14
20260316_121419,2026-03-16T12:14:19.103,gaussian,short_wide,256,512,2.000000,20260311,4,bsqr_full,factor_only,0.007023125000000001,0.0071920415,0.007041250000000001,0.007637547024999998,2133440,1.0521695072538872e-15,1.9650803706351486e-14
20260316_121419,2026-03-16T12:14:19.103,gaussian,short_wide,256,512,2.000000,20260311,4,dgeqp3,factor_only,0.0030401250000000003,0.0031233750000000003,0.0030470429500000003,0.004023221499999996,2268064,1.0839991521313582e-15,1.97903793023808e-14
20260316_121419,2026-03-16T12:14:19.103,gaussian,short_wide,256,512,2.000000,20260311,4,bsqr_rinv,factor_only,0.007090125,0.007226479500000001,0.0071122375,0.007806085324999998,2657808,1.0521695072538872e-15,1.9650803706351486e-14
20260316_121419,2026-03-16T12:14:19.103,gaussian,short_wide,256,512,2.000000,20260311,4,dgeqp3_trsm,factor_only,0.0033925,0.0034856665000000003,0.003392771875,0.006772565925,5414112,1.0839991521313582e-15,1.97903793023808e-14
20260316_121419,2026-03-16T12:14:19.103,gaussian,short_wide,256,1024,4.000000,20260311,4,bsqr_full,factor_only,0.012694667000000001,0.0132078125,0.012726928775000002,0.01602331715,4263360,1.105623808042119e-15,1.965171962871492e-14
20260316_121419,2026-03-16T12:14:19.103,gaussian,short_wide,256,1024,4.000000,20260311,4,dgeqp3,factor_only,0.005644458000000001,0.005791479,0.005658897825,0.00790870545,4500384,1.1689734483403977e-15,2.024079722842575e-14
20260316_121419,2026-03-16T12:14:19.103,gaussian,short_wide,256,1024,4.000000,20260311,4,bsqr_rinv,factor_only,0.01280875,0.013353167,0.012814852325,0.0178207463,5836304,1.105623808042119e-15,1.965171962871492e-14
20260316_121419,2026-03-16T12:14:19.103,gaussian,short_wide,256,1024,4.000000,20260311,4,dgeqp3_trsm,factor_only,0.006455417000000001,0.0066681250000000004,0.006476381099999999,0.010002009675,10792160,1.1689734483403977e-15,2.024079722842575e-14
20260316_121419,2026-03-16T12:14:19.103,gaussian,short_wide,256,2048,8.000000,20260311,4,bsqr_full,factor_only,0.022245708000000003,0.022788645500000003,0.022288997025,0.02659252035,8523200,1.138202433637626e-15,1.9670346338944817e-14
20260316_121419,2026-03-16T12:14:19.103,gaussian,short_wide,256,2048,8.000000,20260311,4,dgeqp3,factor_only,0.010524167000000001,0.0109858955,0.0105450412,0.01333070095,8997792,1.214223186816077e-15,2.0126004511151377e-14
20260316_121419,2026-03-16T12:14:19.103,gaussian,short_wide,256,2048,8.000000,20260311,4,bsqr_rinv,factor_only,0.022785666000000003,0.023723333500000002,0.022936526900000004,0.0261534394,12193296,1.138202433637626e-15,1.9670346338944817e-14
20260316_121419,2026-03-16T12:14:19.103,gaussian,short_wide,256,2048,8.000000,20260311,4,dgeqp3_trsm,factor_only,0.012924542,0.014116812500000001,0.01299976075,0.05258174724999999,21581024,1.214223186816077e-15,2.0126004511151377e-14
20260316_121419,2026-03-16T12:14:19.103,gaussian,short_wide,256,2560,10.000000,20260311,4,bsqr_full,factor_only,0.027567916,0.028473271,0.027728504225,0.031054569700000003,10653120,1.1614929695611613e-15,2.023029783520569e-14
20260316_121419,2026-03-16T12:14:19.103,gaussian,short_wide,256,2560,10.000000,20260311,4,dgeqp3,factor_only,0.013051625,0.013984458000000002,0.013091470275000001,0.0165081912,11230112,1.221401778677302e-15,2.054044866849129e-14
20260316_121419,2026-03-16T12:14:19.103,gaussian,short_wide,256,2560,10.000000,20260311,4,bsqr_rinv,factor_only,0.026941042000000002,0.029118958500000004,0.02755109905,0.031914060175,15371792,1.1614929695611613e-15,2.023029783520569e-14
20260316_121419,2026-03-16T12:14:19.103,gaussian,short_wide,256,2560,10.000000,20260311,4,dgeqp3_trsm,factor_only,0.015942,0.016885625,0.015999124200000003,0.027575737074999954,26959072,1.221401778677302e-15,2.054044866849129e-14
20260316_121419,2026-03-16T12:14:19.103,gaussian,short_wide,512,1024,2.000000,20260311,4,bsqr_full,factor_only,0.035242959000000004,0.036576396000000004,0.03526621845,0.039607115775,8459744,1.4102399066065817e-15,3.825100020901917e-14
20260316_121419,2026-03-16T12:14:19.103,gaussian,short_wide,512,1024,2.000000,20260311,4,dgeqp3,factor_only,0.013169792000000001,0.013555958500000001,0.013170395925,0.0160056572,8696736,1.4462713117372116e-15,3.8011674554295584e-14
20260316_121419,2026-03-16T12:14:19.103,gaussian,short_wide,512,1024,2.000000,20260311,4,bsqr_rinv,factor_only,0.035093208,0.037157958000000005,0.03510918845,0.040205059525,10556976,1.4102399066065817e-15,3.825100020901917e-14
20260316_121419,2026-03-16T12:14:19.103,gaussian,short_wide,512,1024,2.000000,20260311,4,dgeqp3_trsm,factor_only,0.014998209,0.015783875,0.015045484800000002,0.028171981249999957,21279968,1.4462713117372116e-15,3.8011674554295584e-14
20260316_121419,2026-03-16T12:14:19.103,gaussian,short_wide,512,2048,4.000000,20260311,4,bsqr_full,factor_only,0.066772917,0.0757064585,0.068815815475,0.09398563467499993,16913888,1.4966670451644937e-15,3.785369446672342e-14
20260316_121419,2026-03-16T12:14:19.103,gaussian,short_wide,512,2048,4.000000,20260311,4,dgeqp3,factor_only,0.027139416000000003,0.027821875000000003,0.027199893325000002,0.029530620500000004,17388448,1.556721816975698e-15,3.810599109905824e-14
20260316_121419,2026-03-16T12:14:19.103,gaussian,short_wide,512,2048,4.000000,20260311,4,bsqr_rinv,factor_only,0.069260125,0.07622872900000001,0.06932181017500001,0.08115905312499999,23205424,1.4966670451644937e-15,3.785369446672342e-14
20260316_121419,2026-03-16T12:14:19.103,gaussian,short_wide,512,2048,4.000000,20260311,4,dgeqp3_trsm,factor_only,0.031567208,0.033097666500000004,0.031644028275,0.066960142375,42554592,1.556721816975698e-15,3.810599109905824e-14
20260316_121419,2026-03-16T12:14:19.103,gaussian,short_wide,512,4096,8.000000,20260311,4,bsqr_full,factor_only,0.215080667,0.27482758300000004,0.21550512905000002,0.2808563959,33822176,1.5397773953169231e-15,3.775086468707171e-14
20260316_121419,2026-03-16T12:14:19.103,gaussian,short_wide,512,4096,8.000000,20260311,4,dgeqp3,factor_only,0.07150925000000001,0.07532454200000001,0.071546828925,0.08941255625000001,34739104,1.6163459858579691e-15,3.897531908264375e-14
20260316_121419,2026-03-16T12:14:19.103,gaussian,short_wide,512,4096,8.000000,20260311,4,bsqr_rinv,factor_only,0.21616875000000002,0.273055625,0.22657786875000002,0.3092643024499999,50599472,1.5397773953169231e-15,3.775086468707171e-14
20260316_121419,2026-03-16T12:14:19.103,gaussian,short_wide,512,4096,8.000000,20260311,4,dgeqp3_trsm,factor_only,0.08129275000000001,0.087211229,0.081575046875,0.1248355686,91362528,1.6163459858579691e-15,3.897531908264375e-14
20260316_121419,2026-03-16T12:14:19.103,gaussian,short_wide,512,5120,10.000000,20260311,4,bsqr_full,factor_only,0.36818970900000003,0.43646737500000005,0.3757379431,0.46471817435,42472928,1.5579743094926963e-15,3.7724648307030747e-14
20260316_121419,2026-03-16T12:14:19.103,gaussian,short_wide,512,5120,10.000000,20260311,4,dgeqp3,factor_only,0.141153959,0.1502405,0.141573401225,0.21695517892499994,43422624,1.6249553290565272e-15,3.8777671829848555e-14
20260316_121419,2026-03-16T12:14:19.103,gaussian,short_wide,512,5120,10.000000,20260311,4,bsqr_rinv,factor_only,0.412604709,0.43457366700000005,0.414860132775,0.48406584905000005,63444528,1.5579743094926963e-15,3.7724648307030747e-14
20260316_121419,2026-03-16T12:14:19.103,gaussian,short_wide,512,5120,10.000000,20260311,4,dgeqp3_trsm,factor_only,0.16465558400000002,0.17277345800000002,0.16603702315000002,0.2497102544,108434656,1.6249553290565272e-15,3.8777671829848555e-14
20260316_121419,2026-03-16T12:14:19.103,ill_conditioned,square,64,64,1.000000,20260311,4,bsqr_full,factor_only,4.4542e-5,5.4645500000000004e-5,4.4663075e-5,6.059172499999999e-5,71616,4.565629785427305e-16,5.97739674193309e-15
20260316_121419,2026-03-16T12:14:19.103,ill_conditioned,square,64,64,1.000000,20260311,4,dgeqp3,factor_only,2.9125000000000003e-5,2.9542000000000003e-5,2.9125000000000003e-5,3.508299999999999e-5,85408,4.428888529104967e-16,6.563192800494753e-15
20260316_121419,2026-03-16T12:14:19.103,ill_conditioned,square,64,64,1.000000,20260311,4,bsqr_rinv,factor_only,4.3792000000000004e-5,4.4416500000000004e-5,4.3792000000000004e-5,5.3754074999999986e-5,71664,4.565629785427305e-16,5.97739674193309e-15
20260316_121419,2026-03-16T12:14:19.103,ill_conditioned,square,64,64,1.000000,20260311,4,dgeqp3_trsm,factor_only,2.9042e-5,2.9770500000000002e-5,2.9192800000000003e-5,3.8782199999999996e-5,85408,4.428888529104967e-16,6.563192800494753e-15
20260316_121419,2026-03-16T12:14:19.103,ill_conditioned,square,128,128,1.000000,20260311,4,bsqr_full,factor_only,0.000274083,0.0002811665,0.000274415775,0.000289414675,273120,5.149802710181381e-16,1.0522416010557863e-14
20260316_121419,2026-03-16T12:14:19.103,ill_conditioned,square,128,128,1.000000,20260311,4,dgeqp3,factor_only,0.00017120900000000002,0.00018122950000000002,0.000171269175,0.00019027622500000001,330720,5.125113262150521e-16,1.0735373650745837e-14
20260316_121419,2026-03-16T12:14:19.103,ill_conditioned,square,128,128,1.000000,20260311,4,bsqr_rinv,factor_only,0.00027441600000000004,0.0002854375,0.00027574565000000004,0.0002940484,273168,5.149802710181381e-16,1.0522416010557863e-14
20260316_121419,2026-03-16T12:14:19.103,ill_conditioned,square,128,128,1.000000,20260311,4,dgeqp3_trsm,factor_only,0.00016975,0.0001797915,0.00017053517499999998,0.00018638735,330720,5.125113262150521e-16,1.0735373650745837e-14
20260316_121419,2026-03-16T12:14:19.103,ill_conditioned,square,256,256,1.000000,20260311,4,bsqr_full,factor_only,0.002683791,0.0027414795,0.0026996511000000004,0.00278435735,1068480,6.516012095974658e-16,1.9515711286542785e-14
20260316_121419,2026-03-16T12:14:19.103,ill_conditioned,square,256,256,1.000000,20260311,4,dgeqp3,factor_only,0.0016295830000000002,0.0016503125,0.0016301572000000002,0.0016980718750000002,1151904,7.410880816862273e-16,2.028573525480711e-14
20260316_121419,2026-03-16T12:14:19.103,ill_conditioned,square,256,256,1.000000,20260311,4,bsqr_rinv,factor_only,0.002694375,0.0027311245000000003,0.0026962781250000002,0.002773909225,1068528,6.516012095974658e-16,1.9515711286542785e-14
20260316_121419,2026-03-16T12:14:19.103,ill_conditioned,square,256,256,1.000000,20260311,4,dgeqp3_trsm,factor_only,0.001536625,0.0016288540000000001,0.0015454758,0.001653770925,1151904,7.410880816862273e-16,2.028573525480711e-14
20260316_121419,2026-03-16T12:14:19.103,ill_conditioned,square,384,384,1.000000,20260311,4,bsqr_full,factor_only,0.007242917000000001,0.007923854000000001,0.007286326375000001,0.011910409525,2388416,7.474521474886309e-16,2.9197570979215086e-14
20260316_121419,2026-03-16T12:14:19.103,ill_conditioned,square,384,384,1.000000,20260311,4,dgeqp3,factor_only,0.003196,0.0033488750000000003,0.0032395609,0.004031361924999997,2497440,8.265249541915345e-16,2.997047590476461e-14
20260316_121419,2026-03-16T12:14:19.103,ill_conditioned,square,384,384,1.000000,20260311,4,bsqr_rinv,factor_only,0.006991459,0.0071344170000000005,0.006997469975000001,0.007858839974999999,2388464,7.474521474886309e-16,2.9197570979215086e-14
20260316_121419,2026-03-16T12:14:19.103,ill_conditioned,square,384,384,1.000000,20260311,4,dgeqp3_trsm,factor_only,0.003412916,0.003452104,0.0034222815500000005,0.0038046648249999986,2497440,8.265249541915345e-16,2.997047590476461e-14
20260316_121419,2026-03-16T12:14:19.103,ill_conditioned,square,512,512,1.000000,20260311,4,bsqr_full,factor_only,0.01439375,0.0149124375,0.014402147675000001,0.016018584375000002,4232672,8.531252997767705e-16,3.8266532361746926e-14
20260316_121419,2026-03-16T12:14:19.103,ill_conditioned,square,512,512,1.000000,20260311,4,dgeqp3,factor_only,0.006900375,0.006991479,0.006908078125000001,0.008827679874999998,4367264,8.959381854643325e-16,3.856937118466982e-14
20260316_121419,2026-03-16T12:14:19.103,ill_conditioned,square,512,512,1.000000,20260311,4,bsqr_rinv,factor_only,0.014447250000000002,0.014853625,0.014466946075,0.017238077475,4232720,8.531252997767705e-16,3.8266532361746926e-14
20260316_121419,2026-03-16T12:14:19.103,ill_conditioned,square,512,512,1.000000,20260311,4,dgeqp3_trsm,factor_only,0.006737209,0.0069898125,0.006858343450000001,0.009326972674999994,4367264,8.959381854643325e-16,3.856937118466982e-14
20260316_121419,2026-03-16T12:14:19.103,ill_conditioned,short_wide,32,64,2.000000,20260311,4,bsqr_full,factor_only,2.0959e-5,2.1209e-5,2.0988725000000003e-5,2.785514999999998e-5,38592,5.030072516352158e-16,3.5812524869871555e-15
20260316_121419,2026-03-16T12:14:19.103,ill_conditioned,short_wide,32,64,2.000000,20260311,4,dgeqp3,factor_only,1.2666e-5,1.3042000000000002e-5,1.2697175000000001e-5,1.7616424999999988e-5,52384,4.943271610476642e-16,3.242597670338175e-15
20260316_121419,2026-03-16T12:14:19.103,ill_conditioned,short_wide,32,64,2.000000,20260311,4,bsqr_rinv,factor_only,2.1583e-5,2.2083500000000003e-5,2.16439e-5,2.8525949999999984e-5,46864,5.030072516352158e-16,3.5812524869871555e-15
20260316_121419,2026-03-16T12:14:19.103,ill_conditioned,short_wide,32,64,2.000000,20260311,4,dgeqp3_trsm,factor_only,1.7542000000000002e-5,2.00625e-5,1.8085750000000002e-5,2.543277499999999e-5,101856,4.943271610476642e-16,3.242597670338175e-15
20260316_121419,2026-03-16T12:14:19.103,ill_conditioned,short_wide,32,128,4.000000,20260311,4,bsqr_full,factor_only,3.9333000000000004e-5,3.9792e-5,3.936345e-5,4.701737499999998e-5,75712,3.603448108597241e-16,3.2989614490171373e-15
20260316_121419,2026-03-16T12:14:19.103,ill_conditioned,short_wide,32,128,4.000000,20260311,4,dgeqp3,factor_only,2.4500000000000003e-5,2.5187500000000002e-5,2.4560175e-5,3.174984999999999e-5,133312,4.3836687714504196e-16,3.971170841476136e-15
20260316_121419,2026-03-16T12:14:19.103,ill_conditioned,short_wide,32,128,4.000000,20260311,4,bsqr_rinv,factor_only,4.1417e-5,4.1750000000000005e-5,4.1477175e-5,4.720094999999998e-5,100368,3.603448108597241e-16,3.2989614490171373e-15
20260316_121419,2026-03-16T12:14:19.103,ill_conditioned,short_wide,32,128,4.000000,20260311,4,dgeqp3_trsm,factor_only,3.6417e-5,3.74585e-5,3.659825e-5,7.012500000000001e-5,231936,4.3836687714504196e-16,3.971170841476136e-15
20260316_121419,2026-03-16T12:14:19.103,ill_conditioned,short_wide,32,256,8.000000,20260311,4,bsqr_full,factor_only,7.995800000000001e-5,8.512500000000001e-5,8.137755e-5,9.534549999999997e-5,149184,3.116298222884279e-16,2.617761392968046e-15
20260316_121419,2026-03-16T12:14:19.103,ill_conditioned,short_wide,32,256,8.000000,20260311,4,dgeqp3,factor_only,4.7667e-5,5.4021e-5,4.7787350000000006e-5,6.065487499999999e-5,232608,3.688294832559934e-16,3.2799453150389027e-15
20260316_121419,2026-03-16T12:14:19.103,ill_conditioned,short_wide,32,256,8.000000,20260311,4,bsqr_rinv,factor_only,8.3875e-5,9.2021e-5,8.4509375e-5,0.00010045464999999999,214800,3.116298222884279e-16,2.617761392968046e-15
20260316_121419,2026-03-16T12:14:19.103,ill_conditioned,short_wide,32,256,8.000000,20260311,4,dgeqp3_trsm,factor_only,6.675000000000001e-5,8.15415e-5,6.68109e-5,8.4633e-5,437728,3.688294832559934e-16,3.2799453150389027e-15
20260316_121419,2026-03-16T12:14:19.103,ill_conditioned,short_wide,32,320,10.000000,20260311,4,bsqr_full,factor_only,0.00011350000000000001,0.000116792,0.000113741425,0.00012967515,218816,3.7870976178004135e-16,2.7400759741307093e-15
20260316_121419,2026-03-16T12:14:19.103,ill_conditioned,short_wide,32,320,10.000000,20260311,4,dgeqp3,factor_only,6.2833e-5,6.4479e-5,6.2833e-5,7.168044999999998e-5,298656,4.161616829686562e-16,2.8736999953073265e-15
20260316_121419,2026-03-16T12:14:19.103,ill_conditioned,short_wide,32,320,10.000000,20260311,4,bsqr_rinv,factor_only,0.000120292,0.000123625,0.00012050297500000001,0.000130872825,317200,3.7870976178004135e-16,2.7400759741307093e-15
20260316_121419,2026-03-16T12:14:19.103,ill_conditioned,short_wide,32,320,10.000000,20260311,4,dgeqp3_trsm,factor_only,9.0166e-5,9.8417e-5,9.364020000000002e-5,0.00012160449999999999,602080,4.161616829686562e-16,2.8736999953073265e-15
20260316_121419,2026-03-16T12:14:19.103,ill_conditioned,short_wide,64,128,2.000000,20260311,4,bsqr_full,factor_only,0.000103292,0.00010435400000000001,0.00010332172500000001,0.00012228205,141504,4.476670213360398e-16,6.176305288195453e-15
20260316_121419,2026-03-16T12:14:19.103,ill_conditioned,short_wide,64,128,2.000000,20260311,4,dgeqp3,factor_only,6.1209e-5,6.716650000000001e-5,6.132935e-5,7.464375e-5,199104,5.024565809916887e-16,6.5415561425169795e-15
20260316_121419,2026-03-16T12:14:19.103,ill_conditioned,short_wide,64,128,2.000000,20260311,4,bsqr_rinv,factor_only,0.00010666600000000001,0.00011156250000000001,0.00010693860000000001,0.00012131765,174352,4.476670213360398e-16,6.176305288195453e-15
20260316_121419,2026-03-16T12:14:19.103,ill_conditioned,short_wide,64,128,2.000000,20260311,4,dgeqp3_trsm,factor_only,7.9875e-5,9.29795e-5,7.999535e-5,9.591330000000001e-5,396032,5.024565809916887e-16,6.5415561425169795e-15
20260316_121419,2026-03-16T12:14:19.103,ill_conditioned,short_wide,64,256,4.000000,20260311,4,bsqr_full,factor_only,0.00027825,0.000291708,0.000281179725,0.000298982475,280512,5.983894351517807e-16,6.31386841523673e-15
20260316_121419,2026-03-16T12:14:19.103,ill_conditioned,short_wide,64,256,4.000000,20260311,4,dgeqp3,factor_only,0.00013145800000000001,0.00014170800000000002,0.00013242515,0.0001515992,363936,5.7963641836048005e-16,6.3813975591795756e-15
20260316_121419,2026-03-16T12:14:19.103,ill_conditioned,short_wide,64,256,4.000000,20260311,4,bsqr_rinv,factor_only,0.000295875,0.00030620800000000003,0.000297173475,0.0003163447,378896,5.983894351517807e-16,6.31386841523673e-15
20260316_121419,2026-03-16T12:14:19.103,ill_conditioned,short_wide,64,256,4.000000,20260311,4,dgeqp3_trsm,factor_only,0.000169917,0.0001936665,0.00017215217500000002,0.000209561275,757472,5.7963641836048005e-16,6.3813975591795756e-15
20260316_121419,2026-03-16T12:14:19.103,ill_conditioned,short_wide,64,512,8.000000,20260311,4,bsqr_full,factor_only,0.0007865000000000001,0.0008069585,0.0007884937500000001,0.00084060975,559040,4.488008829097414e-16,6.054147321634418e-15
20260316_121419,2026-03-16T12:14:19.103,ill_conditioned,short_wide,64,512,8.000000,20260311,4,dgeqp3,factor_only,0.000420458,0.00043108350000000003,0.000421273625,0.00044602595000000007,693664,4.2450914807806877e-16,5.985287941864241e-15
20260316_121419,2026-03-16T12:14:19.103,ill_conditioned,short_wide,64,512,8.000000,20260311,4,bsqr_rinv,factor_only,0.000813666,0.000834104,0.000816566725,0.000850296725,788496,4.488008829097414e-16,6.054147321634418e-15
20260316_121419,2026-03-16T12:14:19.103,ill_conditioned,short_wide,64,512,8.000000,20260311,4,dgeqp3_trsm,factor_only,0.000510834,0.0005235835,0.00051189105,0.0005388734,1480416,4.2450914807806877e-16,5.985287941864241e-15
20260316_121419,2026-03-16T12:14:19.103,ill_conditioned,short_wide,64,640,10.000000,20260311,4,bsqr_full,factor_only,0.0010662920000000002,0.0010948955,0.0010707928000000002,0.00112995625,698304,5.595219423515922e-16,6.406657744168152e-15
20260316_121419,2026-03-16T12:14:19.103,ill_conditioned,short_wide,64,640,10.000000,20260311,4,dgeqp3,factor_only,0.000562792,0.0005915415000000001,0.000566417,0.00061300705,858528,5.284340041854158e-16,6.360378574335651e-15
20260316_121419,2026-03-16T12:14:19.103,ill_conditioned,short_wide,64,640,10.000000,20260311,4,bsqr_rinv,factor_only,0.0010901670000000002,0.001128854,0.00109376155,0.001166797975,993296,5.595219423515922e-16,6.406657744168152e-15
20260316_121419,2026-03-16T12:14:19.103,ill_conditioned,short_wide,64,640,10.000000,20260311,4,dgeqp3_trsm,factor_only,0.000669208,0.0006982085,0.0006697822,0.0016245979749999956,1841888,5.284340041854158e-16,6.360378574335651e-15
20260316_121419,2026-03-16T12:14:19.103,ill_conditioned,short_wide,128,256,2.000000,20260311,4,bsqr_full,factor_only,0.0010622090000000002,0.001080729,0.0010622989,0.0010983955,543200,5.750634473732223e-16,1.0568567519797143e-14
20260316_121419,2026-03-16T12:14:19.103,ill_conditioned,short_wide,128,256,2.000000,20260311,4,dgeqp3,factor_only,0.0006052080000000001,0.0006232705,0.0006061447000000001,0.0006385936,626624,6.124921327206481e-16,1.1061959200416122e-14
20260316_121419,2026-03-16T12:14:19.103,ill_conditioned,short_wide,128,256,2.000000,20260311,4,bsqr_rinv,factor_only,0.001071333,0.001094396,0.0010722088000000001,0.0011168221750000001,674352,5.750634473732223e-16,1.0568567519797143e-14
20260316_121419,2026-03-16T12:14:19.103,ill_conditioned,short_wide,128,256,2.000000,20260311,4,dgeqp3_trsm,factor_only,0.000671541,0.0007085205000000001,0.000688972175,0.000733082625,1413376,6.124921327206481e-16,1.1061959200416122e-14
20260316_121419,2026-03-16T12:14:19.103,ill_conditioned,short_wide,128,512,4.000000,20260311,4,bsqr_full,factor_only,0.002591083,0.002780813,0.0026009009500000003,0.0028577512250000004,1083872,7.183253850925552e-16,1.0406517975357605e-14
20260316_121419,2026-03-16T12:14:19.103,ill_conditioned,short_wide,128,512,4.000000,20260311,4,dgeqp3,factor_only,0.0013447090000000001,0.001600396,0.0013528949750000001,0.0016838535,1218496,7.439458160817571e-16,1.1215249248152174e-14
20260316_121419,2026-03-16T12:14:19.103,ill_conditioned,short_wide,128,512,4.000000,20260311,4,bsqr_rinv,factor_only,0.0025375830000000004,0.0028261245000000003,0.00262331425,0.0028937812500000005,1477168,7.183253850925552e-16,1.0406517975357605e-14
20260316_121419,2026-03-16T12:14:19.103,ill_conditioned,short_wide,128,512,4.000000,20260311,4,dgeqp3_trsm,factor_only,0.0015807080000000001,0.001739646,0.001584665775,0.0023522650499999977,2791680,7.439458160817571e-16,1.1215249248152174e-14
20260316_121419,2026-03-16T12:14:19.103,ill_conditioned,short_wide,128,1024,8.000000,20260311,4,bsqr_full,factor_only,0.004757750000000001,0.0049395,0.00476155625,0.006374126749999994,2165216,6.129163687586062e-16,1.0755192682789473e-14
20260316_121419,2026-03-16T12:14:19.103,ill_conditioned,short_wide,128,1024,8.000000,20260311,4,dgeqp3,factor_only,0.002339625,0.0025281665000000003,0.0023922476750000005,0.0038272233999999948,2402240,5.936335764595401e-16,1.0914827874351718e-14
20260316_121419,2026-03-16T12:14:19.103,ill_conditioned,short_wide,128,1024,8.000000,20260311,4,bsqr_rinv,factor_only,0.004910791,0.0050140625,0.004928705025000001,0.006740051524999998,3082800,6.129163687586062e-16,1.0755192682789473e-14
20260316_121419,2026-03-16T12:14:19.103,ill_conditioned,short_wide,128,1024,8.000000,20260311,4,dgeqp3_trsm,factor_only,0.00262925,0.0029136455,0.0026880054499999998,0.006692909524999999,5548288,5.936335764595401e-16,1.0914827874351718e-14
20260316_121419,2026-03-16T12:14:19.103,ill_conditioned,short_wide,128,1280,10.000000,20260311,4,bsqr_full,factor_only,0.005727208,0.005992854000000001,0.005742191575,0.0073110392499999965,2705888,6.440358274332938e-16,1.0828477681222945e-14
20260316_121419,2026-03-16T12:14:19.103,ill_conditioned,short_wide,128,1280,10.000000,20260311,4,dgeqp3,factor_only,0.0028232500000000002,0.0030458545000000004,0.002910128925,0.004371664024999996,2994112,5.918939903345719e-16,1.0514395569521567e-14
20260316_121419,2026-03-16T12:14:19.103,ill_conditioned,short_wide,128,1280,10.000000,20260311,4,bsqr_rinv,factor_only,0.005907042,0.006038583500000001,0.005918309950000001,0.007279124849999996,3885616,6.440358274332938e-16,1.0828477681222945e-14
20260316_121419,2026-03-16T12:14:19.103,ill_conditioned,short_wide,128,1280,10.000000,20260311,4,dgeqp3_trsm,factor_only,0.00326275,0.0035107920000000004,0.00328546715,0.00709502065,6926592,5.918939903345719e-16,1.0514395569521567e-14
20260316_121419,2026-03-16T12:14:19.103,ill_conditioned,short_wide,256,512,2.000000,20260311,4,bsqr_full,factor_only,0.006681375000000001,0.007200604,0.006917603925000001,0.008521484524999996,2133440,7.473937425147452e-16,2.0042093156689473e-14
20260316_121419,2026-03-16T12:14:19.103,ill_conditioned,short_wide,256,512,2.000000,20260311,4,dgeqp3,factor_only,0.0035877500000000002,0.0037088335,0.0035977492000000004,0.004206896874999998,2268064,8.375334724949686e-16,2.048991951898119e-14
20260316_121419,2026-03-16T12:14:19.103,ill_conditioned,short_wide,256,512,2.000000,20260311,4,bsqr_rinv,factor_only,0.007078958000000001,0.0072635830000000005,0.0071124892499999995,0.007869288874999998,2657808,7.473937425147452e-16,2.0042093156689473e-14
20260316_121419,2026-03-16T12:14:19.103,ill_conditioned,short_wide,256,512,2.000000,20260311,4,dgeqp3_trsm,factor_only,0.003956833,0.004079042000000001,0.003961968175,0.006758977174999998,5414112,8.375334724949686e-16,2.048991951898119e-14
20260316_121419,2026-03-16T12:14:19.103,ill_conditioned,short_wide,256,1024,4.000000,20260311,4,bsqr_full,factor_only,0.012822833,0.013417291500000001,0.012828330675000001,0.03254380922499993,4263360,7.951518852310285e-16,1.9842727219114398e-14
20260316_121419,2026-03-16T12:14:19.103,ill_conditioned,short_wide,256,1024,4.000000,20260311,4,dgeqp3,factor_only,0.006757084,0.007084687500000001,0.006787533275,0.02439280762499997,4500384,9.117226706295229e-16,2.0779890736081367e-14
20260316_121419,2026-03-16T12:14:19.103,ill_conditioned,short_wide,256,1024,4.000000,20260311,4,bsqr_rinv,factor_only,0.012856709000000001,0.013403083500000001,0.012985759,0.01583040655,5836304,7.951518852310285e-16,1.9842727219114398e-14
20260316_121419,2026-03-16T12:14:19.103,ill_conditioned,short_wide,256,1024,4.000000,20260311,4,dgeqp3_trsm,factor_only,0.0075395,0.0079205005,0.007588709375000001,0.010985161399999999,10792160,9.117226706295229e-16,2.0779890736081367e-14
20260316_121419,2026-03-16T12:14:19.103,ill_conditioned,short_wide,256,2048,8.000000,20260311,4,bsqr_full,factor_only,0.022209833000000002,0.023175354000000002,0.02230266345,0.026262844550000004,8523200,8.114567715996084e-16,2.013249178321472e-14
20260316_121419,2026-03-16T12:14:19.103,ill_conditioned,short_wide,256,2048,8.000000,20260311,4,dgeqp3,factor_only,0.013881750000000002,0.014153416500000002,0.013915160175000002,0.021124356399999992,8997792,9.488925452541894e-16,2.0719502643700417e-14
20260316_121419,2026-03-16T12:14:19.103,ill_conditioned,short_wide,256,2048,8.000000,20260311,4,bsqr_rinv,factor_only,0.022949875,0.023596104000000003,0.022950992950000002,0.026852376525,12193296,8.114567715996084e-16,2.013249178321472e-14
20260316_121419,2026-03-16T12:14:19.103,ill_conditioned,short_wide,256,2048,8.000000,20260311,4,dgeqp3_trsm,factor_only,0.015809333000000002,0.016149687500000003,0.015820691575,0.026886570124999953,21581024,9.488925452541894e-16,2.0719502643700417e-14
20260316_121419,2026-03-16T12:14:19.103,ill_conditioned,short_wide,256,2560,10.000000,20260311,4,bsqr_full,factor_only,0.027936250000000003,0.029607833000000004,0.027956399200000003,0.031296277975,10653120,8.47930761998094e-16,2.0007063555515745e-14
20260316_121419,2026-03-16T12:14:19.103,ill_conditioned,short_wide,256,2560,10.000000,20260311,4,dgeqp3,factor_only,0.017285000000000002,0.017828125,0.017465403925000005,0.019962549425,11230112,8.93519688010301e-16,2.0358498835576664e-14
20260316_121419,2026-03-16T12:14:19.103,ill_conditioned,short_wide,256,2560,10.000000,20260311,4,bsqr_rinv,factor_only,0.0285075,0.030011229,0.028792878125,0.0331188545,15371792,8.47930761998094e-16,2.0007063555515745e-14
20260316_121419,2026-03-16T12:14:19.103,ill_conditioned,short_wide,256,2560,10.000000,20260311,4,dgeqp3_trsm,factor_only,0.019866125000000002,0.021038271,0.019968471075,0.03194465704999996,26959072,8.93519688010301e-16,2.0358498835576664e-14
20260316_121419,2026-03-16T12:14:19.103,ill_conditioned,short_wide,512,1024,2.000000,20260311,4,bsqr_full,factor_only,0.034434625,0.035851625000000005,0.0344857984,0.039960647675,8459744,1.0476467148088418e-15,3.8110470490019397e-14
20260316_121419,2026-03-16T12:14:19.103,ill_conditioned,short_wide,512,1024,2.000000,20260311,4,dgeqp3,factor_only,0.017226833,0.0175158955,0.0172324822,0.020512689100000002,8696736,1.0514116480075422e-15,3.8554558510551614e-14
20260316_121419,2026-03-16T12:14:19.103,ill_conditioned,short_wide,512,1024,2.000000,20260311,4,bsqr_rinv,factor_only,0.034676042000000004,0.0381409585,0.0346863428,0.07095513422499997,10556976,1.0476467148088418e-15,3.8110470490019397e-14
20260316_121419,2026-03-16T12:14:19.103,ill_conditioned,short_wide,512,1024,2.000000,20260311,4,dgeqp3_trsm,factor_only,0.019041541000000002,0.0200639375,0.019150412075,0.03412100544999996,21279968,1.0514116480075422e-15,3.8554558510551614e-14
20260316_121419,2026-03-16T12:14:19.103,ill_conditioned,short_wide,512,2048,4.000000,20260311,4,bsqr_full,factor_only,0.067964708,0.0755924585,0.06863901890000002,0.082592285475,16913888,1.076374121529341e-15,3.8129834176531226e-14
20260316_121419,2026-03-16T12:14:19.103,ill_conditioned,short_wide,512,2048,4.000000,20260311,4,dgeqp3,factor_only,0.036923250000000005,0.037747542,0.03700287965,0.0395010875,17388448,1.1212462343439885e-15,3.85068933022288e-14
20260316_121419,2026-03-16T12:14:19.103,ill_conditioned,short_wide,512,2048,4.000000,20260311,4,bsqr_rinv,factor_only,0.068138,0.0746180205,0.069053614825,0.11254967404999994,23205424,1.076374121529341e-15,3.8129834176531226e-14
20260316_121419,2026-03-16T12:14:19.103,ill_conditioned,short_wide,512,2048,4.000000,20260311,4,dgeqp3_trsm,factor_only,0.041172375000000004,0.0422772085,0.04124125000000001,0.07637279215000001,42554592,1.1212462343439885e-15,3.85068933022288e-14
20260316_121419,2026-03-16T12:14:19.103,ill_conditioned,short_wide,512,4096,8.000000,20260311,4,bsqr_full,factor_only,0.21529566600000002,0.28386289550000005,0.21600284857500002,0.3600970697,33822176,1.1290595583961962e-15,3.8094863018157325e-14
20260316_121419,2026-03-16T12:14:19.103,ill_conditioned,short_wide,512,4096,8.000000,20260311,4,dgeqp3,factor_only,0.093836625,0.09538847950000001,0.094178160175,0.112985702175,34739104,1.1772011310357963e-15,3.833494285734908e-14
20260316_121419,2026-03-16T12:14:19.103,ill_conditioned,short_wide,512,4096,8.000000,20260311,4,bsqr_rinv,factor_only,0.24862391700000003,0.278367146,0.25552083485000004,0.315105005725,50599472,1.1290595583961962e-15,3.8094863018157325e-14
20260316_121419,2026-03-16T12:14:19.103,ill_conditioned,short_wide,512,4096,8.000000,20260311,4,dgeqp3_trsm,factor_only,0.101940125,0.1057696245,0.102044917225,0.134837614675,91362528,1.1772011310357963e-15,3.833494285734908e-14
20260316_121419,2026-03-16T12:14:19.103,ill_conditioned,short_wide,512,5120,10.000000,20260311,4,bsqr_full,factor_only,0.36874595800000004,0.4188605,0.369267399725,2.11160643585,42472928,1.1165908654749579e-15,3.8031767925334215e-14
20260316_121419,2026-03-16T12:14:19.103,ill_conditioned,short_wide,512,5120,10.000000,20260311,4,dgeqp3,factor_only,0.270719833,0.302625417,0.2708982834,0.3450768495999999,43422624,1.1771129262017436e-15,3.836705133566732e-14
20260316_121419,2026-03-16T12:14:19.103,ill_conditioned,short_wide,512,5120,10.000000,20260311,4,bsqr_rinv,factor_only,0.42431579100000005,0.49578141600000003,0.42765158280000004,1.0280299586000001,63444528,1.1165908654749579e-15,3.8031767925334215e-14
20260316_121419,2026-03-16T12:14:19.103,ill_conditioned,short_wide,512,5120,10.000000,20260311,4,dgeqp3_trsm,factor_only,0.20050875,0.239952833,0.20079185450000003,0.3117354995,108434656,1.1771129262017436e-15,3.836705133566732e-14
20260316_121419,2026-03-16T12:14:19.103,orthonormal_rows,square,64,64,1.000000,20260311,4,bsqr_full,factor_only,4.4958000000000006e-5,5.46045e-5,4.5079075000000005e-5,6.5431675e-5,71616,6.269559095007357e-16,6.0119492575473695e-15
20260316_121419,2026-03-16T12:14:19.103,orthonormal_rows,square,64,64,1.000000,20260311,4,dgeqp3,factor_only,2.8667000000000002e-5,2.9520500000000003e-5,2.8757625000000002e-5,4.1977325000000004e-5,85408,6.827615026093719e-16,6.357178775128149e-15
20260316_121419,2026-03-16T12:14:19.103,orthonormal_rows,square,64,64,1.000000,20260311,4,bsqr_rinv,factor_only,4.3459000000000005e-5,4.4208e-5,4.3700425e-5,5.2148624999999986e-5,71664,6.269559095007357e-16,6.0119492575473695e-15
20260316_121419,2026-03-16T12:14:19.103,orthonormal_rows,square,64,64,1.000000,20260311,4,dgeqp3_trsm,factor_only,3.2250000000000005e-5,4.1687500000000004e-5,3.3458575000000003e-5,6.219687500000001e-5,85408,6.827615026093719e-16,6.357178775128149e-15
20260316_121419,2026-03-16T12:14:19.103,orthonormal_rows,square,128,128,1.000000,20260311,4,bsqr_full,factor_only,0.000277166,0.00028454150000000003,0.00027885815000000004,0.000305272025,273120,8.370727128074633e-16,1.0834818553018371e-14
20260316_121419,2026-03-16T12:14:19.103,orthonormal_rows,square,128,128,1.000000,20260311,4,dgeqp3,factor_only,0.000177333,0.0001795415,0.000177454075,0.000191279875,330720,8.576539599550105e-16,1.1009621390099485e-14
20260316_121419,2026-03-16T12:14:19.103,orthonormal_rows,square,128,128,1.000000,20260311,4,bsqr_rinv,factor_only,0.00027712500000000003,0.00028489600000000003,0.000277639025,0.00029661235,273168,8.370727128074633e-16,1.0834818553018371e-14
20260316_121419,2026-03-16T12:14:19.103,orthonormal_rows,square,128,128,1.000000,20260311,4,dgeqp3_trsm,factor_only,0.000173375,0.0001785,0.00017509687500000002,0.000185508425,330720,8.576539599550105e-16,1.1009621390099485e-14
20260316_121419,2026-03-16T12:14:19.103,orthonormal_rows,square,256,256,1.000000,20260311,4,bsqr_full,factor_only,0.0026754590000000003,0.0027426665,0.0026851856000000003,0.00278110655,1068480,9.98788116144698e-16,1.971508847492146e-14
20260316_121419,2026-03-16T12:14:19.103,orthonormal_rows,square,256,256,1.000000,20260311,4,dgeqp3,factor_only,0.001308916,0.0014677085,0.00130988315,0.001499453125,1151904,1.0432080293944526e-15,2.0570821147944165e-14
20260316_121419,2026-03-16T12:14:19.103,orthonormal_rows,square,256,256,1.000000,20260311,4,bsqr_rinv,factor_only,0.0026750840000000003,0.002726521,0.0026926043500000003,0.0027739191750000003,1068528,9.98788116144698e-16,1.971508847492146e-14
20260316_121419,2026-03-16T12:14:19.103,orthonormal_rows,square,256,256,1.000000,20260311,4,dgeqp3_trsm,factor_only,0.001496167,0.001522146,0.0014969521750000001,0.001552070275,1151904,1.0432080293944526e-15,2.0570821147944165e-14
20260316_121419,2026-03-16T12:14:19.103,orthonormal_rows,square,384,384,1.000000,20260311,4,bsqr_full,factor_only,0.006880542000000001,0.0070853750000000005,0.006939780300000001,0.007761877699999999,2388416,1.166025903266226e-15,2.8993423667171797e-14
20260316_121419,2026-03-16T12:14:19.103,orthonormal_rows,square,384,384,1.000000,20260311,4,dgeqp3,factor_only,0.0030469580000000002,0.0030976045,0.0030518220250000004,0.0036658738999999973,2497440,1.1979445679741727e-15,2.964461810303838e-14
20260316_121419,2026-03-16T12:14:19.103,orthonormal_rows,square,384,384,1.000000,20260311,4,bsqr_rinv,factor_only,0.006950292,0.007167479,0.00695243655,0.007960123624999997,2388464,1.166025903266226e-15,2.8993423667171797e-14
20260316_121419,2026-03-16T12:14:19.103,orthonormal_rows,square,384,384,1.000000,20260311,4,dgeqp3_trsm,factor_only,0.0031117920000000004,0.0031562705000000003,0.0031180755750000004,0.003537017649999998,2497440,1.1979445679741727e-15,2.964461810303838e-14
20260316_121419,2026-03-16T12:14:19.103,orthonormal_rows,square,512,512,1.000000,20260311,4,bsqr_full,factor_only,0.014381375,0.014940208500000001,0.0144417008,0.016776188875,4232672,1.3090932903667209e-15,3.7698567965883765e-14
20260316_121419,2026-03-16T12:14:19.103,orthonormal_rows,square,512,512,1.000000,20260311,4,dgeqp3,factor_only,0.005766542,0.005871042000000001,0.005768202975,0.0077757680999999985,4367264,1.3433990879958013e-15,3.846504948833939e-14
20260316_121419,2026-03-16T12:14:19.103,orthonormal_rows,square,512,512,1.000000,20260311,4,bsqr_rinv,factor_only,0.01425375,0.0148815,0.014428746875,0.016635833275,4232720,1.3090932903667209e-15,3.7698567965883765e-14
20260316_121419,2026-03-16T12:14:19.103,orthonormal_rows,square,512,512,1.000000,20260311,4,dgeqp3_trsm,factor_only,0.0057565410000000004,0.0058219795,0.0057602269,0.007417579349999998,4367264,1.3433990879958013e-15,3.846504948833939e-14
20260316_121419,2026-03-16T12:14:19.103,orthonormal_rows,short_wide,32,64,2.000000,20260311,4,bsqr_full,factor_only,2.0709e-5,2.4229500000000002e-5,2.1252025e-5,3.5396875e-5,38592,5.420792876210207e-16,3.062058114139742e-15
20260316_121419,2026-03-16T12:14:19.103,orthonormal_rows,short_wide,32,64,2.000000,20260311,4,dgeqp3,factor_only,1.2291000000000001e-5,1.25835e-5,1.2291725000000001e-5,2.248575e-5,52384,5.635001504903682e-16,3.3073679938691926e-15
20260316_121419,2026-03-16T12:14:19.103,orthonormal_rows,short_wide,32,64,2.000000,20260311,4,bsqr_rinv,factor_only,2.1458e-5,2.19375e-5,2.148845e-5,2.613437499999999e-5,46864,5.420792876210207e-16,3.062058114139742e-15
20260316_121419,2026-03-16T12:14:19.103,orthonormal_rows,short_wide,32,64,2.000000,20260311,4,dgeqp3_trsm,factor_only,1.7625e-5,1.9728500000000003e-5,1.7625e-5,3.974062499999999e-5,101856,5.635001504903682e-16,3.3073679938691926e-15
20260316_121419,2026-03-16T12:14:19.103,orthonormal_rows,short_wide,32,128,4.000000,20260311,4,bsqr_full,factor_only,3.8333e-5,3.8937500000000005e-5,3.8454075e-5,4.675369999999999e-5,75712,5.273533615808201e-16,3.1463667105243177e-15
20260316_121419,2026-03-16T12:14:19.103,orthonormal_rows,short_wide,32,128,4.000000,20260311,4,dgeqp3,factor_only,2.3292e-5,2.3854000000000002e-5,2.3292e-5,2.7312124999999994e-5,133312,6.540903768178375e-16,3.8260518191178164e-15
20260316_121419,2026-03-16T12:14:19.103,orthonormal_rows,short_wide,32,128,4.000000,20260311,4,bsqr_rinv,factor_only,4.0459e-5,4.09795e-5,4.0519175e-5,5.23141e-5,100368,5.273533615808201e-16,3.1463667105243177e-15
20260316_121419,2026-03-16T12:14:19.103,orthonormal_rows,short_wide,32,128,4.000000,20260311,4,dgeqp3_trsm,factor_only,3.5458000000000005e-5,3.6167e-5,3.5458725e-5,6.379549999999999e-5,231936,6.540903768178375e-16,3.8260518191178164e-15
20260316_121419,2026-03-16T12:14:19.103,orthonormal_rows,short_wide,32,256,8.000000,20260311,4,bsqr_full,factor_only,7.8583e-5,8.300000000000001e-5,8.003300000000001e-5,8.833030000000001e-5,149184,5.269642881783617e-16,2.7950799225358585e-15
20260316_121419,2026-03-16T12:14:19.103,orthonormal_rows,short_wide,32,256,8.000000,20260311,4,dgeqp3,factor_only,4.3833000000000005e-5,4.96045e-5,4.4347025e-5,5.3216425e-5,232608,6.088436480117347e-16,3.463557080422177e-15
20260316_121419,2026-03-16T12:14:19.103,orthonormal_rows,short_wide,32,256,8.000000,20260311,4,bsqr_rinv,factor_only,8.287500000000001e-5,9.0667e-5,8.3539825e-5,9.8417375e-5,214800,5.269642881783617e-16,2.7950799225358585e-15
20260316_121419,2026-03-16T12:14:19.103,orthonormal_rows,short_wide,32,256,8.000000,20260311,4,dgeqp3_trsm,factor_only,6.2458e-5,7.8625e-5,6.30322e-5,8.2250425e-5,437728,6.088436480117347e-16,3.463557080422177e-15
20260316_121419,2026-03-16T12:14:19.103,orthonormal_rows,short_wide,32,320,10.000000,20260311,4,bsqr_full,factor_only,0.000104541,0.0001095205,0.000104662075,0.000113265475,218816,5.449148372009156e-16,2.9132209663088834e-15
20260316_121419,2026-03-16T12:14:19.103,orthonormal_rows,short_wide,32,320,10.000000,20260311,4,dgeqp3,factor_only,5.6042e-5,6.0521000000000006e-5,5.6888075e-5,6.558045e-5,298656,6.284839934613921e-16,3.616765127998936e-15
20260316_121419,2026-03-16T12:14:19.103,orthonormal_rows,short_wide,32,320,10.000000,20260311,4,bsqr_rinv,factor_only,0.00011333300000000001,0.0001202705,0.00011575015000000002,0.000129777175,317200,5.449148372009156e-16,2.9132209663088834e-15
20260316_121419,2026-03-16T12:14:19.103,orthonormal_rows,short_wide,32,320,10.000000,20260311,4,dgeqp3_trsm,factor_only,7.8458e-5,9.4312e-5,8.770175e-5,0.00010072457500000001,602080,6.284839934613921e-16,3.616765127998936e-15
20260316_121419,2026-03-16T12:14:19.103,orthonormal_rows,short_wide,64,128,2.000000,20260311,4,bsqr_full,factor_only,0.000102916,0.00010775,0.00010309797500000001,0.00011774702499999999,141504,7.123364605034118e-16,6.03177498466195e-15
20260316_121419,2026-03-16T12:14:19.103,orthonormal_rows,short_wide,64,128,2.000000,20260311,4,dgeqp3,factor_only,5.9625000000000006e-5,6.4854e-5,5.9715625e-5,7.1351525e-5,199104,7.395056277123489e-16,6.257293394323148e-15
20260316_121419,2026-03-16T12:14:19.103,orthonormal_rows,short_wide,64,128,2.000000,20260311,4,bsqr_rinv,factor_only,0.00010700000000000001,0.00011552050000000001,0.00010796715000000002,0.00012363045,174352,7.123364605034118e-16,6.03177498466195e-15
20260316_121419,2026-03-16T12:14:19.103,orthonormal_rows,short_wide,64,128,2.000000,20260311,4,dgeqp3_trsm,factor_only,8.0375e-5,8.96875e-5,8.517812499999999e-5,0.00010379215000000001,396032,7.395056277123489e-16,6.257293394323148e-15
20260316_121419,2026-03-16T12:14:19.103,orthonormal_rows,short_wide,64,256,4.000000,20260311,4,bsqr_full,factor_only,0.000273791,0.0002854375,0.0002749394,0.00030386425,280512,7.540837900812984e-16,6.066604480677455e-15
20260316_121419,2026-03-16T12:14:19.103,orthonormal_rows,short_wide,64,256,4.000000,20260311,4,dgeqp3,factor_only,0.000128083,0.00013904150000000002,0.000128597025,0.0001448258,363936,7.505683707396436e-16,6.238258755568025e-15
20260316_121419,2026-03-16T12:14:19.103,orthonormal_rows,short_wide,64,256,4.000000,20260311,4,bsqr_rinv,factor_only,0.000283125,0.00029554200000000004,0.0002846359,0.00030232297500000006,378896,7.540837900812984e-16,6.066604480677455e-15
20260316_121419,2026-03-16T12:14:19.103,orthonormal_rows,short_wide,64,256,4.000000,20260311,4,dgeqp3_trsm,factor_only,0.00018516700000000002,0.00019031250000000002,0.00018543815,0.000198748775,757472,7.505683707396436e-16,6.238258755568025e-15
20260316_121419,2026-03-16T12:14:19.103,orthonormal_rows,short_wide,64,512,8.000000,20260311,4,bsqr_full,factor_only,0.00078025,0.0008016875000000001,0.0007809749999999999,0.000821175425,559040,7.891137543035364e-16,6.3571863057206475e-15
20260316_121419,2026-03-16T12:14:19.103,orthonormal_rows,short_wide,64,512,8.000000,20260311,4,dgeqp3,factor_only,0.000402958,0.00041895800000000004,0.00040842595,0.0004448989,693664,7.74290819504142e-16,6.1206161459900555e-15
20260316_121419,2026-03-16T12:14:19.103,orthonormal_rows,short_wide,64,512,8.000000,20260311,4,bsqr_rinv,factor_only,0.000795708,0.0008248955,0.000804771225,0.000842376375,788496,7.891137543035364e-16,6.3571863057206475e-15
20260316_121419,2026-03-16T12:14:19.103,orthonormal_rows,short_wide,64,512,8.000000,20260311,4,dgeqp3_trsm,factor_only,0.000493667,0.0005137705,0.0004956912,0.0008517443999999985,1480416,7.74290819504142e-16,6.1206161459900555e-15
20260316_121419,2026-03-16T12:14:19.103,orthonormal_rows,short_wide,64,640,10.000000,20260311,4,bsqr_full,factor_only,0.001051125,0.00108675,0.0010645672250000002,0.0011342482500000001,698304,7.240834751108849e-16,5.6658525928105906e-15
20260316_121419,2026-03-16T12:14:19.103,orthonormal_rows,short_wide,64,640,10.000000,20260311,4,dgeqp3,factor_only,0.0005412910000000001,0.00056125,0.0005455206500000001,0.000580717375,858528,8.129638950252823e-16,6.8462308351347255e-15
20260316_121419,2026-03-16T12:14:19.103,orthonormal_rows,short_wide,64,640,10.000000,20260311,4,bsqr_rinv,factor_only,0.00108475,0.001114896,0.001085777325,0.0011416077750000002,993296,7.240834751108849e-16,5.6658525928105906e-15
20260316_121419,2026-03-16T12:14:19.103,orthonormal_rows,short_wide,64,640,10.000000,20260311,4,dgeqp3_trsm,factor_only,0.000641583,0.0006721455,0.00064197595,0.002047926374999993,1841888,8.129638950252823e-16,6.8462308351347255e-15
20260316_121419,2026-03-16T12:14:19.103,orthonormal_rows,short_wide,128,256,2.000000,20260311,4,bsqr_full,factor_only,0.0010500000000000002,0.0010750415,0.0010500609,0.0010884928,543200,9.22636577676721e-16,1.0488850194407091e-14
20260316_121419,2026-03-16T12:14:19.103,orthonormal_rows,short_wide,128,256,2.000000,20260311,4,dgeqp3,factor_only,0.000597959,0.0006077505000000001,0.00060046605,0.00062176345,626624,9.40548148785616e-16,1.124771932705122e-14
20260316_121419,2026-03-16T12:14:19.103,orthonormal_rows,short_wide,128,256,2.000000,20260311,4,bsqr_rinv,factor_only,0.001065833,0.0010875625,0.0010706361250000002,0.001104468175,674352,9.22636577676721e-16,1.0488850194407091e-14
20260316_121419,2026-03-16T12:14:19.103,orthonormal_rows,short_wide,128,256,2.000000,20260311,4,dgeqp3_trsm,factor_only,0.0006738330000000001,0.000704396,0.0006831072000000001,0.0010397294999999985,1413376,9.40548148785616e-16,1.124771932705122e-14
20260316_121419,2026-03-16T12:14:19.103,orthonormal_rows,short_wide,128,512,4.000000,20260311,4,bsqr_full,factor_only,0.0024711250000000002,0.0027624375,0.0025724437500000003,0.0028592896750000004,1083872,9.49650926803766e-16,1.0753261927931248e-14
20260316_121419,2026-03-16T12:14:19.103,orthonormal_rows,short_wide,128,512,4.000000,20260311,4,dgeqp3,factor_only,0.0013897920000000002,0.001552896,0.001390365475,0.0016758521750000002,1218496,9.904782218111183e-16,1.1198305508062186e-14
20260316_121419,2026-03-16T12:14:19.103,orthonormal_rows,short_wide,128,512,4.000000,20260311,4,bsqr_rinv,factor_only,0.0026407920000000003,0.0028144380000000003,0.002666952175,0.0028672678,1477168,9.49650926803766e-16,1.0753261927931248e-14
20260316_121419,2026-03-16T12:14:19.103,orthonormal_rows,short_wide,128,512,4.000000,20260311,4,dgeqp3_trsm,factor_only,0.0015521670000000001,0.0017531040000000001,0.0015665154750000001,0.0029484320499999946,2791680,9.904782218111183e-16,1.1198305508062186e-14
20260316_121419,2026-03-16T12:14:19.103,orthonormal_rows,short_wide,128,1024,8.000000,20260311,4,bsqr_full,factor_only,0.004739500000000001,0.0048667915,0.004762216425,0.005596717374999997,2165216,9.002448262548082e-16,1.0440218717869942e-14
20260316_121419,2026-03-16T12:14:19.103,orthonormal_rows,short_wide,128,1024,8.000000,20260311,4,dgeqp3,factor_only,0.002314708,0.0024768335,0.00232561345,0.0033278632999999965,2402240,9.580885158889836e-16,1.1284367786514897e-14
20260316_121419,2026-03-16T12:14:19.103,orthonormal_rows,short_wide,128,1024,8.000000,20260311,4,bsqr_rinv,factor_only,0.004856500000000001,0.0049569375,0.0048642328500000005,0.005833781249999998,3082800,9.002448262548082e-16,1.0440218717869942e-14
20260316_121419,2026-03-16T12:14:19.103,orthonormal_rows,short_wide,128,1024,8.000000,20260311,4,dgeqp3_trsm,factor_only,0.002634791,0.0028608540000000003,0.0026434315500000003,0.005408376524999996,5548288,9.580885158889836e-16,1.1284367786514897e-14
20260316_121419,2026-03-16T12:14:19.103,orthonormal_rows,short_wide,128,1280,10.000000,20260311,4,bsqr_full,factor_only,0.005651792,0.005884417,0.0056675303,0.007179615474999996,2705888,9.280100935897126e-16,1.0821953969564217e-14
20260316_121419,2026-03-16T12:14:19.103,orthonormal_rows,short_wide,128,1280,10.000000,20260311,4,dgeqp3,factor_only,0.0027626250000000003,0.0030077290000000002,0.0028095687499999997,0.004424284524999995,2994112,9.496281694273122e-16,1.1339281150025586e-14
20260316_121419,2026-03-16T12:14:19.103,orthonormal_rows,short_wide,128,1280,10.000000,20260311,4,bsqr_rinv,factor_only,0.005803166,0.006003250000000001,0.0058211402,0.007502418749999996,3885616,9.280100935897126e-16,1.0821953969564217e-14
20260316_121419,2026-03-16T12:14:19.103,orthonormal_rows,short_wide,128,1280,10.000000,20260311,4,dgeqp3_trsm,factor_only,0.003227625,0.0035046250000000004,0.00324562965,0.0072266519000000005,6926592,9.496281694273122e-16,1.1339281150025586e-14
20260316_121419,2026-03-16T12:14:19.103,orthonormal_rows,short_wide,256,512,2.000000,20260311,4,bsqr_full,factor_only,0.0070229590000000005,0.007144458,0.007048907475000001,0.011615395649999999,2133440,1.1247221240627105e-15,2.0003779192570235e-14
20260316_121419,2026-03-16T12:14:19.103,orthonormal_rows,short_wide,256,512,2.000000,20260311,4,dgeqp3,factor_only,0.003035667,0.0030985205,0.0030512240500000006,0.004274255299999995,2268064,1.1789036030609456e-15,2.051022881013409e-14
20260316_121419,2026-03-16T12:14:19.103,orthonormal_rows,short_wide,256,512,2.000000,20260311,4,bsqr_rinv,factor_only,0.007000333,0.007185312500000001,0.0070699330000000005,0.007924746874999998,2657808,1.1247221240627105e-15,2.0003779192570235e-14
20260316_121419,2026-03-16T12:14:19.103,orthonormal_rows,short_wide,256,512,2.000000,20260311,4,dgeqp3_trsm,factor_only,0.0033571250000000003,0.0034722295,0.0033662484,0.007580941999999998,5414112,1.1789036030609456e-15,2.051022881013409e-14
20260316_121419,2026-03-16T12:14:19.103,orthonormal_rows,short_wide,256,1024,4.000000,20260311,4,bsqr_full,factor_only,0.012628542000000001,0.0130554165,0.012705210750000001,0.01534620625,4263360,1.1546422029174667e-15,2.0140416645569172e-14
20260316_121419,2026-03-16T12:14:19.103,orthonormal_rows,short_wide,256,1024,4.000000,20260311,4,dgeqp3,factor_only,0.005635375000000001,0.005724604,0.005640510175,0.00925584185,4500384,1.211958117887987e-15,2.0439585012845147e-14
20260316_121419,2026-03-16T12:14:19.103,orthonormal_rows,short_wide,256,1024,4.000000,20260311,4,bsqr_rinv,factor_only,0.012863542,0.0133065,0.012876289675000001,0.017550040774999998,5836304,1.1546422029174667e-15,2.0140416645569172e-14
20260316_121419,2026-03-16T12:14:19.103,orthonormal_rows,short_wide,256,1024,4.000000,20260311,4,dgeqp3_trsm,factor_only,0.006409083,0.006642083500000001,0.006420743900000001,0.009578388299999997,10792160,1.211958117887987e-15,2.0439585012845147e-14
20260316_121419,2026-03-16T12:14:19.103,orthonormal_rows,short_wide,256,2048,8.000000,20260311,4,bsqr_full,factor_only,0.022239542,0.022882313,0.02226748495,0.02603700545,8523200,1.1482492885023833e-15,1.9768642320721936e-14
20260316_121419,2026-03-16T12:14:19.103,orthonormal_rows,short_wide,256,2048,8.000000,20260311,4,dgeqp3,factor_only,0.010547584,0.011105604500000001,0.010557914525,0.013547917650000001,8997792,1.2269016640462727e-15,2.0295283694506457e-14
20260316_121419,2026-03-16T12:14:19.103,orthonormal_rows,short_wide,256,2048,8.000000,20260311,4,bsqr_rinv,factor_only,0.022630375,0.0235080415,0.02286660465,0.0270134375,12193296,1.1482492885023833e-15,1.9768642320721936e-14
20260316_121419,2026-03-16T12:14:19.103,orthonormal_rows,short_wide,256,2048,8.000000,20260311,4,dgeqp3_trsm,factor_only,0.012781250000000001,0.013682417,0.012875953125000002,0.02560550624999996,21581024,1.2269016640462727e-15,2.0295283694506457e-14
20260316_121419,2026-03-16T12:14:19.103,orthonormal_rows,short_wide,256,2560,10.000000,20260311,4,bsqr_full,factor_only,0.027749541000000003,0.028457041500000002,0.027860980025000003,0.030640900800000002,10653120,1.1510909689619592e-15,1.9752213432503048e-14
20260316_121419,2026-03-16T12:14:19.103,orthonormal_rows,short_wide,256,2560,10.000000,20260311,4,dgeqp3,factor_only,0.013074667000000002,0.013863916,0.01308826075,0.016198404875,11230112,1.2201134255060414e-15,2.0221695396395895e-14
20260316_121419,2026-03-16T12:14:19.103,orthonormal_rows,short_wide,256,2560,10.000000,20260311,4,bsqr_rinv,factor_only,0.028344875000000002,0.029037187500000002,0.028357139825,0.031886758725000006,15371792,1.1510909689619592e-15,1.9752213432503048e-14
20260316_121419,2026-03-16T12:14:19.103,orthonormal_rows,short_wide,256,2560,10.000000,20260311,4,dgeqp3_trsm,factor_only,0.016046125,0.016709229500000002,0.016081740625,0.028487152174999957,26959072,1.2201134255060414e-15,2.0221695396395895e-14
20260316_121419,2026-03-16T12:14:19.103,orthonormal_rows,short_wide,512,1024,2.000000,20260311,4,bsqr_full,factor_only,0.034269208,0.034967729,0.034330289975000004,0.03859463205,8459744,1.4897571750559473e-15,3.7764659514665687e-14
20260316_121419,2026-03-16T12:14:19.103,orthonormal_rows,short_wide,512,1024,2.000000,20260311,4,dgeqp3,factor_only,0.013096958,0.013389667000000001,0.013133479875000001,0.016870813875,8696736,1.540152016952854e-15,3.818395125177994e-14
20260316_121419,2026-03-16T12:14:19.103,orthonormal_rows,short_wide,512,1024,2.000000,20260311,4,bsqr_rinv,factor_only,0.034065417,0.035598729,0.0343470186,0.03878913575,10556976,1.4897571750559473e-15,3.7764659514665687e-14
20260316_121419,2026-03-16T12:14:19.103,orthonormal_rows,short_wide,512,1024,2.000000,20260311,4,dgeqp3_trsm,factor_only,0.014962166,0.01580575,0.0149648253,0.027279992374999958,21279968,1.540152016952854e-15,3.818395125177994e-14
20260316_121419,2026-03-16T12:14:19.103,orthonormal_rows,short_wide,512,2048,4.000000,20260311,4,bsqr_full,factor_only,0.06659975,0.068562063,0.06683241482499999,0.071943859375,16913888,1.5399396041463713e-15,3.781977816392975e-14
20260316_121419,2026-03-16T12:14:19.103,orthonormal_rows,short_wide,512,2048,4.000000,20260311,4,dgeqp3,factor_only,0.026912958,0.027935333500000003,0.0270335197,0.029330434375,17388448,1.6071497700738994e-15,3.8700041305413685e-14
20260316_121419,2026-03-16T12:14:19.103,orthonormal_rows,short_wide,512,2048,4.000000,20260311,4,bsqr_rinv,factor_only,0.06797154200000001,0.0778681875,0.06935731860000001,0.081318114825,23205424,1.5399396041463713e-15,3.781977816392975e-14
20260316_121419,2026-03-16T12:14:19.103,orthonormal_rows,short_wide,512,2048,4.000000,20260311,4,dgeqp3_trsm,factor_only,0.031183083,0.0329536455,0.031467283000000006,0.06633844890000001,42554592,1.6071497700738994e-15,3.8700041305413685e-14
20260316_121419,2026-03-16T12:14:19.103,orthonormal_rows,short_wide,512,4096,8.000000,20260311,4,bsqr_full,factor_only,0.21372120800000002,0.270655125,0.214569874825,0.285035277575,33822176,1.5711646219648074e-15,3.789347578481332e-14
20260316_121419,2026-03-16T12:14:19.103,orthonormal_rows,short_wide,512,4096,8.000000,20260311,4,dgeqp3,factor_only,0.068949208,0.07229200050000001,0.068971502475,0.082200994325,34739104,1.6361130878243134e-15,3.8742903350013603e-14
20260316_121419,2026-03-16T12:14:19.103,orthonormal_rows,short_wide,512,4096,8.000000,20260311,4,bsqr_rinv,factor_only,0.260271792,0.28927470850000003,0.265759090675,0.33450731472500006,50599472,1.5711646219648074e-15,3.789347578481332e-14
20260316_121419,2026-03-16T12:14:19.103,orthonormal_rows,short_wide,512,4096,8.000000,20260311,4,dgeqp3_trsm,factor_only,0.08304541700000001,0.09037110400000001,0.08359025377500001,0.11975780000000001,87168224,1.6361130878243134e-15,3.8742903350013603e-14
20260316_121419,2026-03-16T12:14:19.103,orthonormal_rows,short_wide,512,5120,10.000000,20260311,4,bsqr_full,factor_only,0.367374042,0.44490241700000005,0.373779307625,0.481957596875,42472928,1.5739952373701468e-15,3.8439920961357106e-14
20260316_121419,2026-03-16T12:14:19.103,orthonormal_rows,short_wide,512,5120,10.000000,20260311,4,dgeqp3,factor_only,0.143630125,0.14763304200000002,0.14388916097499999,0.19039697325,43422624,1.6284985366411922e-15,3.812301586658752e-14
20260316_121419,2026-03-16T12:14:19.103,orthonormal_rows,short_wide,512,5120,10.000000,20260311,4,bsqr_rinv,factor_only,0.414783875,0.43533220850000004,0.41987240625,0.49393291032500003,63444528,1.5739952373701468e-15,3.8439920961357106e-14
20260316_121419,2026-03-16T12:14:19.103,orthonormal_rows,short_wide,512,5120,10.000000,20260311,4,dgeqp3_trsm,factor_only,0.161270667,0.173435541,0.16183716865,0.22571931884999996,108434656,1.6284985366411922e-15,3.812301586658752e-14
