run_id,timestamp,family,regime,m,n,aspect,seed,method,bench_surface,tmin_s,tmed_s,residual,orthogonality
20260316_130208,16-Mar-2026 13:02:08,gaussian,square,64,64,1,20260310,bsqr_full,factor_only,7.65e-05,7.725e-05,5.79354202731191e-16,6.55487588383399e-15
20260316_130208,16-Mar-2026 13:02:08,gaussian,square,64,64,1,20260310,qr_pivoted,factor_only,8.32916666666667e-05,8.38541666666667e-05,5.78712337035822e-16,5.74533872674844e-15
20260316_130208,16-Mar-2026 13:02:08,gaussian,square,64,64,1,20260310,bsqr_rinv,factor_only,7.375e-05,7.50625e-05,5.79354202731191e-16,6.55487588383399e-15
20260316_130208,16-Mar-2026 13:02:08,gaussian,square,64,64,1,20260310,qr_pivoted,factor_only,8.25833333333333e-05,8.43125e-05,5.78712337035822e-16,5.74533872674844e-15
20260316_130208,16-Mar-2026 13:02:08,gaussian,square,64,64,1,20260310,qr_pivoted_trsm,factor_only,9.325e-05,9.43958333333333e-05,5.78712337035822e-16,5.74533872674844e-15
20260316_130208,16-Mar-2026 13:02:08,gaussian,square,128,128,1,20260310,bsqr_full,factor_only,0.000308083333333333,0.000318791666666667,7.22577769352159e-16,1.10316741106512e-14
20260316_130208,16-Mar-2026 13:02:08,gaussian,square,128,128,1,20260310,qr_pivoted,factor_only,0.000343791666666667,0.000348104166666667,7.26983865046616e-16,1.07706060512945e-14
20260316_130208,16-Mar-2026 13:02:08,gaussian,square,128,128,1,20260310,bsqr_rinv,factor_only,0.000296208333333333,0.000298416666666667,7.22577769352159e-16,1.10316741106512e-14
20260316_130208,16-Mar-2026 13:02:08,gaussian,square,128,128,1,20260310,qr_pivoted,factor_only,0.000325916666666667,0.000338708333333333,7.26983865046616e-16,1.07706060512945e-14
20260316_130208,16-Mar-2026 13:02:08,gaussian,square,128,128,1,20260310,qr_pivoted_trsm,factor_only,0.000325791666666667,0.000337145833333333,7.26983865046616e-16,1.07706060512945e-14
20260316_130208,16-Mar-2026 13:02:08,gaussian,square,256,256,1,20260310,bsqr_full,factor_only,0.00281525,0.0028654375,9.19001960420932e-16,2.09250808789257e-14
20260316_130208,16-Mar-2026 13:02:08,gaussian,square,256,256,1,20260310,qr_pivoted,factor_only,0.00177266666666667,0.00194210416666667,9.39842951502218e-16,2.03598268851399e-14
20260316_130208,16-Mar-2026 13:02:08,gaussian,square,256,256,1,20260310,bsqr_rinv,factor_only,0.00282279166666667,0.00284566666666667,9.19001960420932e-16,2.09250808789257e-14
20260316_130208,16-Mar-2026 13:02:08,gaussian,square,256,256,1,20260310,qr_pivoted,factor_only,0.001940875,0.00195564583333333,9.39842951502218e-16,2.03598268851399e-14
20260316_130208,16-Mar-2026 13:02:08,gaussian,square,256,256,1,20260310,qr_pivoted_trsm,factor_only,0.001945875,0.0019674375,9.39842951502218e-16,2.03598268851399e-14
20260316_130208,16-Mar-2026 13:02:08,gaussian,square,384,384,1,20260310,bsqr_full,factor_only,0.00748241666666667,0.00757741666666667,1.0585166099247e-15,2.9674228965368e-14
20260316_130208,16-Mar-2026 13:02:08,gaussian,square,384,384,1,20260310,qr_pivoted,factor_only,0.00410583333333333,0.00413672916666667,1.10848783901716e-15,2.95900892784761e-14
20260316_130208,16-Mar-2026 13:02:08,gaussian,square,384,384,1,20260310,bsqr_rinv,factor_only,0.00717375,0.00761647916666667,1.0585166099247e-15,2.9674228965368e-14
20260316_130208,16-Mar-2026 13:02:08,gaussian,square,384,384,1,20260310,qr_pivoted,factor_only,0.00402683333333333,0.0040455,1.10848783901716e-15,2.95900892784761e-14
20260316_130208,16-Mar-2026 13:02:08,gaussian,square,384,384,1,20260310,qr_pivoted_trsm,factor_only,0.00382004166666667,0.00406610416666667,1.10848783901716e-15,2.95900892784761e-14
20260316_130208,16-Mar-2026 13:02:08,gaussian,square,512,512,1,20260310,bsqr_full,factor_only,0.016249125,0.016499125,1.21056554984003e-15,3.88521931098535e-14
20260316_130208,16-Mar-2026 13:02:08,gaussian,square,512,512,1,20260310,qr_pivoted,factor_only,0.00856554166666667,0.00861922916666667,1.24376394515966e-15,3.85037961198162e-14
20260316_130208,16-Mar-2026 13:02:08,gaussian,square,512,512,1,20260310,bsqr_rinv,factor_only,0.016343375,0.0164695833333333,1.21056554984003e-15,3.88521931098535e-14
20260316_130208,16-Mar-2026 13:02:08,gaussian,square,512,512,1,20260310,qr_pivoted,factor_only,0.008374375,0.0084736875,1.24376394515966e-15,3.85037961198162e-14
20260316_130208,16-Mar-2026 13:02:08,gaussian,square,512,512,1,20260310,qr_pivoted_trsm,factor_only,0.00847183333333333,0.0089378125,1.24376394515966e-15,3.85037961198162e-14
20260316_130208,16-Mar-2026 13:02:08,gaussian,short_wide,32,64,2,20260310,bsqr_full,factor_only,2.1125e-05,2.13541666666667e-05,5.12848266907202e-16,3.17584945665263e-15
20260316_130208,16-Mar-2026 13:02:08,gaussian,short_wide,32,64,2,20260310,qr_pivoted,factor_only,1.63333333333333e-05,1.64583333333333e-05,5.15600487387384e-16,3.22107387259434e-15
20260316_130208,16-Mar-2026 13:02:08,gaussian,short_wide,32,64,2,20260310,bsqr_rinv,factor_only,2.10833333333333e-05,2.13125e-05,5.12848266907202e-16,3.17584945665263e-15
20260316_130208,16-Mar-2026 13:02:08,gaussian,short_wide,32,64,2,20260310,qr_pivoted,factor_only,1.6375e-05,1.64375e-05,5.15600487387384e-16,3.22107387259434e-15
20260316_130208,16-Mar-2026 13:02:08,gaussian,short_wide,32,64,2,20260310,qr_pivoted_trsm,factor_only,3.18333333333333e-05,3.66666666666667e-05,5.15600487387384e-16,3.22107387259434e-15
20260316_130208,16-Mar-2026 13:02:08,gaussian,short_wide,32,128,4,20260310,bsqr_full,factor_only,4.1875e-05,4.2125e-05,5.4522979247429e-16,3.38792218353935e-15
20260316_130208,16-Mar-2026 13:02:08,gaussian,short_wide,32,128,4,20260310,qr_pivoted,factor_only,2.725e-05,2.74375e-05,5.79970641127458e-16,3.43703719966622e-15
20260316_130208,16-Mar-2026 13:02:08,gaussian,short_wide,32,128,4,20260310,bsqr_rinv,factor_only,4.175e-05,4.19791666666667e-05,5.4522979247429e-16,3.38792218353935e-15
20260316_130208,16-Mar-2026 13:02:08,gaussian,short_wide,32,128,4,20260310,qr_pivoted,factor_only,2.72083333333333e-05,2.74166666666667e-05,5.79970641127458e-16,3.43703719966622e-15
20260316_130208,16-Mar-2026 13:02:08,gaussian,short_wide,32,128,4,20260310,qr_pivoted_trsm,factor_only,5.03333333333333e-05,5.07916666666667e-05,5.79970641127458e-16,3.43703719966622e-15
20260316_130208,16-Mar-2026 13:02:08,gaussian,short_wide,32,256,8,20260310,bsqr_full,factor_only,8.375e-05,8.49166666666667e-05,6.59494334799184e-16,3.69559207492648e-15
20260316_130208,16-Mar-2026 13:02:08,gaussian,short_wide,32,256,8,20260310,qr_pivoted,factor_only,4.84583333333333e-05,4.87916666666667e-05,5.73142195025708e-16,3.402883539687e-15
20260316_130208,16-Mar-2026 13:02:08,gaussian,short_wide,32,256,8,20260310,bsqr_rinv,factor_only,8.2125e-05,8.40625e-05,6.59494334799184e-16,3.69559207492648e-15
20260316_130208,16-Mar-2026 13:02:08,gaussian,short_wide,32,256,8,20260310,qr_pivoted,factor_only,4.68333333333333e-05,4.70625e-05,5.73142195025708e-16,3.402883539687e-15
20260316_130208,16-Mar-2026 13:02:08,gaussian,short_wide,32,256,8,20260310,qr_pivoted_trsm,factor_only,7.45e-05,7.78333333333333e-05,5.73142195025708e-16,3.402883539687e-15
20260316_130208,16-Mar-2026 13:02:08,gaussian,short_wide,32,320,10,20260310,bsqr_full,factor_only,0.000111791666666667,0.000112041666666667,6.79999524898656e-16,3.89319320900278e-15
20260316_130208,16-Mar-2026 13:02:08,gaussian,short_wide,32,320,10,20260310,qr_pivoted,factor_only,6.14583333333333e-05,6.42708333333333e-05,5.49139473204645e-16,3.0774841155175e-15
20260316_130208,16-Mar-2026 13:02:08,gaussian,short_wide,32,320,10,20260310,bsqr_rinv,factor_only,0.000111458333333333,0.000111666666666667,6.79999524898656e-16,3.89319320900278e-15
20260316_130208,16-Mar-2026 13:02:08,gaussian,short_wide,32,320,10,20260310,qr_pivoted,factor_only,6.20833333333333e-05,6.3375e-05,5.49139473204645e-16,3.0774841155175e-15
20260316_130208,16-Mar-2026 13:02:08,gaussian,short_wide,32,320,10,20260310,qr_pivoted_trsm,factor_only,9.49166666666667e-05,9.57708333333333e-05,5.49139473204645e-16,3.0774841155175e-15
20260316_130208,16-Mar-2026 13:02:08,gaussian,short_wide,64,128,2,20260310,bsqr_full,factor_only,0.000107583333333333,0.000108458333333333,7.08693513619645e-16,6.5886337759889e-15
20260316_130208,16-Mar-2026 13:02:08,gaussian,short_wide,64,128,2,20260310,qr_pivoted,factor_only,8.1e-05,8.11666666666667e-05,6.76273263045459e-16,5.56232255099035e-15
20260316_130208,16-Mar-2026 13:02:08,gaussian,short_wide,64,128,2,20260310,bsqr_rinv,factor_only,0.000107125,0.000107270833333333,7.08693513619645e-16,6.5886337759889e-15
20260316_130208,16-Mar-2026 13:02:08,gaussian,short_wide,64,128,2,20260310,qr_pivoted,factor_only,8.0875e-05,8.10833333333333e-05,6.76273263045459e-16,5.56232255099035e-15
20260316_130208,16-Mar-2026 13:02:08,gaussian,short_wide,64,128,2,20260310,qr_pivoted_trsm,factor_only,0.000103333333333333,0.0001049375,6.76273263045459e-16,5.56232255099035e-15
20260316_130208,16-Mar-2026 13:02:08,gaussian,short_wide,64,256,4,20260310,bsqr_full,factor_only,0.000272166666666667,0.000384708333333333,7.75688327211976e-16,6.89971223384866e-15
20260316_130208,16-Mar-2026 13:02:08,gaussian,short_wide,64,256,4,20260310,qr_pivoted,factor_only,0.000151333333333333,0.000153458333333333,6.66629528881048e-16,5.46225390569545e-15
20260316_130208,16-Mar-2026 13:02:08,gaussian,short_wide,64,256,4,20260310,bsqr_rinv,factor_only,0.000274208333333333,0.000277541666666667,7.75688327211976e-16,6.89971223384866e-15
20260316_130208,16-Mar-2026 13:02:08,gaussian,short_wide,64,256,4,20260310,qr_pivoted,factor_only,0.000148208333333333,0.000148708333333333,6.66629528881048e-16,5.46225390569545e-15
20260316_130208,16-Mar-2026 13:02:08,gaussian,short_wide,64,256,4,20260310,qr_pivoted_trsm,factor_only,0.000180083333333333,0.000183125,6.66629528881048e-16,5.46225390569545e-15
20260316_130208,16-Mar-2026 13:02:08,gaussian,short_wide,64,512,8,20260310,bsqr_full,factor_only,0.000734583333333333,0.00174425,8.31444848562223e-16,6.93603631638048e-15
20260316_130208,16-Mar-2026 13:02:08,gaussian,short_wide,64,512,8,20260310,qr_pivoted,factor_only,0.000422583333333333,0.000437375,7.10520170398229e-16,5.41510968267551e-15
20260316_130208,16-Mar-2026 13:02:08,gaussian,short_wide,64,512,8,20260310,bsqr_rinv,factor_only,0.000709125,0.000719791666666667,8.31444848562223e-16,6.93603631638048e-15
20260316_130208,16-Mar-2026 13:02:08,gaussian,short_wide,64,512,8,20260310,qr_pivoted,factor_only,0.000415458333333333,0.000434416666666667,7.10520170398229e-16,5.41510968267551e-15
20260316_130208,16-Mar-2026 13:02:08,gaussian,short_wide,64,512,8,20260310,qr_pivoted_trsm,factor_only,0.000482791666666667,0.000492979166666667,7.10520170398229e-16,5.41510968267551e-15
20260316_130208,16-Mar-2026 13:02:08,gaussian,short_wide,64,640,10,20260310,bsqr_full,factor_only,0.000947958333333333,0.000967229166666667,7.35111851506563e-16,5.91831910410404e-15
20260316_130208,16-Mar-2026 13:02:08,gaussian,short_wide,64,640,10,20260310,qr_pivoted,factor_only,0.000553583333333333,0.0005738125,7.34547433607291e-16,5.60866302574007e-15
20260316_130208,16-Mar-2026 13:02:08,gaussian,short_wide,64,640,10,20260310,bsqr_rinv,factor_only,0.000946041666666667,0.000955458333333333,7.35111851506563e-16,5.91831910410404e-15
20260316_130208,16-Mar-2026 13:02:08,gaussian,short_wide,64,640,10,20260310,qr_pivoted,factor_only,0.000535208333333333,0.000557104166666667,7.34547433607291e-16,5.60866302574007e-15
20260316_130208,16-Mar-2026 13:02:08,gaussian,short_wide,64,640,10,20260310,qr_pivoted_trsm,factor_only,0.000626625,0.000648958333333333,7.34547433607291e-16,5.60866302574007e-15
20260316_130208,16-Mar-2026 13:02:08,gaussian,short_wide,128,256,2,20260310,bsqr_full,factor_only,0.00104329166666667,0.00105591666666667,8.90019871574911e-16,1.11410348635307e-14
20260316_130208,16-Mar-2026 13:02:08,gaussian,short_wide,128,256,2,20260310,qr_pivoted,factor_only,0.000727583333333333,0.000763270833333333,8.52361882140262e-16,9.86829084082991e-15
20260316_130208,16-Mar-2026 13:02:08,gaussian,short_wide,128,256,2,20260310,bsqr_rinv,factor_only,0.001172125,0.0015756875,8.90019871574911e-16,1.11410348635307e-14
20260316_130208,16-Mar-2026 13:02:08,gaussian,short_wide,128,256,2,20260310,qr_pivoted,factor_only,0.00073,0.0007758125,8.52361882140262e-16,9.86829084082991e-15
20260316_130208,16-Mar-2026 13:02:08,gaussian,short_wide,128,256,2,20260310,qr_pivoted_trsm,factor_only,0.00076725,0.000806145833333333,8.52361882140262e-16,9.86829084082991e-15
20260316_130208,16-Mar-2026 13:02:08,gaussian,short_wide,128,512,4,20260310,bsqr_full,factor_only,0.002673,0.00349610416666667,9.29245282823363e-16,1.0641942531262e-14
20260316_130208,16-Mar-2026 13:02:08,gaussian,short_wide,128,512,4,20260310,qr_pivoted,factor_only,0.00157858333333333,0.00178914583333333,8.97526563125503e-16,9.97217828087934e-15
20260316_130208,16-Mar-2026 13:02:08,gaussian,short_wide,128,512,4,20260310,bsqr_rinv,factor_only,0.00256391666666667,0.00258654166666667,9.29245282823363e-16,1.0641942531262e-14
20260316_130208,16-Mar-2026 13:02:08,gaussian,short_wide,128,512,4,20260310,qr_pivoted,factor_only,0.001475,0.00168327083333333,8.97526563125503e-16,9.97217828087934e-15
20260316_130208,16-Mar-2026 13:02:08,gaussian,short_wide,128,512,4,20260310,qr_pivoted_trsm,factor_only,0.001629,0.00182625,8.97526563125503e-16,9.97217828087934e-15
20260316_130208,16-Mar-2026 13:02:08,gaussian,short_wide,128,1024,8,20260310,bsqr_full,factor_only,0.005501625,0.0057675,9.66747700797788e-16,1.08702583562126e-14
20260316_130208,16-Mar-2026 13:02:08,gaussian,short_wide,128,1024,8,20260310,qr_pivoted,factor_only,0.00242895833333333,0.00267435416666667,8.86561290251173e-16,1.00499394150611e-14
20260316_130208,16-Mar-2026 13:02:08,gaussian,short_wide,128,1024,8,20260310,bsqr_rinv,factor_only,0.00537508333333333,0.00549875,9.66747700797788e-16,1.08702583562126e-14
20260316_130208,16-Mar-2026 13:02:08,gaussian,short_wide,128,1024,8,20260310,qr_pivoted,factor_only,0.002548875,0.00263372916666667,8.86561290251173e-16,1.00499394150611e-14
20260316_130208,16-Mar-2026 13:02:08,gaussian,short_wide,128,1024,8,20260310,qr_pivoted_trsm,factor_only,0.002722625,0.002821125,8.86561290251173e-16,1.00499394150611e-14
20260316_130208,16-Mar-2026 13:02:08,gaussian,short_wide,128,1280,10,20260310,bsqr_full,factor_only,0.00672933333333333,0.00684485416666667,9.87171721093193e-16,1.09557464241151e-14
20260316_130208,16-Mar-2026 13:02:08,gaussian,short_wide,128,1280,10,20260310,qr_pivoted,factor_only,0.002904125,0.00311935416666667,8.67579099186661e-16,1.0064712743723e-14
20260316_130208,16-Mar-2026 13:02:08,gaussian,short_wide,128,1280,10,20260310,bsqr_rinv,factor_only,0.00669933333333333,0.00679629166666667,9.87171721093193e-16,1.09557464241151e-14
20260316_130208,16-Mar-2026 13:02:08,gaussian,short_wide,128,1280,10,20260310,qr_pivoted,factor_only,0.00295629166666667,0.0031040625,8.67579099186661e-16,1.0064712743723e-14
20260316_130208,16-Mar-2026 13:02:08,gaussian,short_wide,128,1280,10,20260310,qr_pivoted_trsm,factor_only,0.00316783333333333,0.00336466666666667,8.67579099186661e-16,1.0064712743723e-14
20260316_130208,16-Mar-2026 13:02:08,gaussian,short_wide,256,512,2,20260310,bsqr_full,factor_only,0.00780466666666667,0.00791272916666667,1.0779959835395e-15,2.0282694324696e-14
20260316_130208,16-Mar-2026 13:02:08,gaussian,short_wide,256,512,2,20260310,qr_pivoted,factor_only,0.00349954166666667,0.00373889583333333,1.11042451690808e-15,2.01682534460185e-14
20260316_130208,16-Mar-2026 13:02:08,gaussian,short_wide,256,512,2,20260310,bsqr_rinv,factor_only,0.00778383333333333,0.00783485416666667,1.0779959835395e-15,2.0282694324696e-14
20260316_130208,16-Mar-2026 13:02:08,gaussian,short_wide,256,512,2,20260310,qr_pivoted,factor_only,0.00351654166666667,0.003554,1.11042451690808e-15,2.01682534460185e-14
20260316_130208,16-Mar-2026 13:02:08,gaussian,short_wide,256,512,2,20260310,qr_pivoted_trsm,factor_only,0.00371179166666667,0.003781,1.11042451690808e-15,2.01682534460185e-14
20260316_130208,16-Mar-2026 13:02:08,gaussian,short_wide,256,1024,4,20260310,bsqr_full,factor_only,0.0163998333333333,0.016656875,1.14900666278178e-15,2.02887401233408e-14
20260316_130208,16-Mar-2026 13:02:08,gaussian,short_wide,256,1024,4,20260310,qr_pivoted,factor_only,0.00594445833333333,0.00609108333333333,1.16466413326153e-15,2.01423762394479e-14
20260316_130208,16-Mar-2026 13:02:08,gaussian,short_wide,256,1024,4,20260310,bsqr_rinv,factor_only,0.016208875,0.016333,1.14900666278178e-15,2.02887401233408e-14
20260316_130208,16-Mar-2026 13:02:08,gaussian,short_wide,256,1024,4,20260310,qr_pivoted,factor_only,0.0060005,0.00613133333333333,1.16466413326153e-15,2.01423762394479e-14
20260316_130208,16-Mar-2026 13:02:08,gaussian,short_wide,256,1024,4,20260310,qr_pivoted_trsm,factor_only,0.006579,0.0066468125,1.16466413326153e-15,2.01423762394479e-14
20260316_130208,16-Mar-2026 13:02:08,gaussian,short_wide,256,2048,8,20260310,bsqr_full,factor_only,0.0314263333333333,0.0318531458333333,1.19015811787742e-15,2.0176369510631e-14
20260316_130208,16-Mar-2026 13:02:08,gaussian,short_wide,256,2048,8,20260310,qr_pivoted,factor_only,0.0108020833333333,0.0114869375,1.19221078546481e-15,1.99968089446611e-14
20260316_130208,16-Mar-2026 13:02:08,gaussian,short_wide,256,2048,8,20260310,bsqr_rinv,factor_only,0.031628375,0.0375898125,1.19015811787742e-15,2.0176369510631e-14
20260316_130208,16-Mar-2026 13:02:08,gaussian,short_wide,256,2048,8,20260310,qr_pivoted,factor_only,0.011427,0.0116389583333333,1.19221078546481e-15,1.99968089446611e-14
20260316_130208,16-Mar-2026 13:02:08,gaussian,short_wide,256,2048,8,20260310,qr_pivoted_trsm,factor_only,0.0121355416666667,0.0126630416666667,1.19221078546481e-15,1.99968089446611e-14
20260316_130208,16-Mar-2026 13:02:08,gaussian,short_wide,256,2560,10,20260310,bsqr_full,factor_only,0.03914725,0.0395125625,1.20736296842174e-15,2.03726998216393e-14
20260316_130208,16-Mar-2026 13:02:08,gaussian,short_wide,256,2560,10,20260310,qr_pivoted,factor_only,0.0132282916666667,0.0139754375,1.22013071186865e-15,2.01565185124666e-14
20260316_130208,16-Mar-2026 13:02:08,gaussian,short_wide,256,2560,10,20260310,bsqr_rinv,factor_only,0.039149625,0.039362625,1.20736296842174e-15,2.03726998216393e-14
20260316_130208,16-Mar-2026 13:02:08,gaussian,short_wide,256,2560,10,20260310,qr_pivoted,factor_only,0.0131575416666667,0.0139278541666667,1.22013071186865e-15,2.01565185124666e-14
20260316_130208,16-Mar-2026 13:02:08,gaussian,short_wide,256,2560,10,20260310,qr_pivoted_trsm,factor_only,0.0155428333333333,0.0161502291666667,1.22013071186865e-15,2.01565185124666e-14
20260316_130208,16-Mar-2026 13:02:08,gaussian,short_wide,512,1024,2,20260310,bsqr_full,factor_only,0.04165475,0.0418888541666667,1.42735087543595e-15,3.83929981515555e-14
20260316_130208,16-Mar-2026 13:02:08,gaussian,short_wide,512,1024,2,20260310,qr_pivoted,factor_only,0.015833875,0.0163203958333333,1.46363185076668e-15,3.86032645635483e-14
20260316_130208,16-Mar-2026 13:02:08,gaussian,short_wide,512,1024,2,20260310,bsqr_rinv,factor_only,0.046813,0.05607175,1.42735087543595e-15,3.83929981515555e-14
20260316_130208,16-Mar-2026 13:02:08,gaussian,short_wide,512,1024,2,20260310,qr_pivoted,factor_only,0.0157422916666667,0.0160165625,1.46363185076668e-15,3.86032645635483e-14
20260316_130208,16-Mar-2026 13:02:08,gaussian,short_wide,512,1024,2,20260310,qr_pivoted_trsm,factor_only,0.0175715,0.020361625,1.46363185076668e-15,3.86032645635483e-14
20260316_130208,16-Mar-2026 13:02:08,gaussian,short_wide,512,2048,4,20260310,bsqr_full,factor_only,0.0990340833333333,0.104070458333333,1.53338254060049e-15,3.86809735357158e-14
20260316_130208,16-Mar-2026 13:02:08,gaussian,short_wide,512,2048,4,20260310,qr_pivoted,factor_only,0.03167375,0.0323866875,1.56483245777212e-15,3.86465949677106e-14
20260316_130208,16-Mar-2026 13:02:08,gaussian,short_wide,512,2048,4,20260310,bsqr_rinv,factor_only,0.101274416666667,0.10642675,1.53338254060049e-15,3.86809735357158e-14
20260316_130208,16-Mar-2026 13:02:08,gaussian,short_wide,512,2048,4,20260310,qr_pivoted,factor_only,0.0304718333333333,0.0313389583333333,1.56483245777212e-15,3.86465949677106e-14
20260316_130208,16-Mar-2026 13:02:08,gaussian,short_wide,512,2048,4,20260310,qr_pivoted_trsm,factor_only,0.0330612083333333,0.033715875,1.56483245777212e-15,3.86465949677106e-14
20260316_130208,16-Mar-2026 13:02:08,gaussian,short_wide,512,4096,8,20260310,bsqr_full,factor_only,0.27063725,0.316048291666667,1.57665268449951e-15,3.83768326885586e-14
20260316_130208,16-Mar-2026 13:02:08,gaussian,short_wide,512,4096,8,20260310,qr_pivoted,factor_only,0.0704367916666667,0.0776594166666667,1.61140551871764e-15,3.84952476115922e-14
20260316_130208,16-Mar-2026 13:02:08,gaussian,short_wide,512,4096,8,20260310,bsqr_rinv,factor_only,0.269246291666667,0.312503958333333,1.57665268449951e-15,3.83768326885586e-14
20260316_130208,16-Mar-2026 13:02:08,gaussian,short_wide,512,4096,8,20260310,qr_pivoted,factor_only,0.0709231666666667,0.0746515416666667,1.61140551871764e-15,3.84952476115922e-14
20260316_130208,16-Mar-2026 13:02:08,gaussian,short_wide,512,4096,8,20260310,qr_pivoted_trsm,factor_only,0.0797437916666667,0.0825542708333333,1.61140551871764e-15,3.84952476115922e-14
20260316_130208,16-Mar-2026 13:02:08,gaussian,short_wide,512,5120,10,20260310,bsqr_full,factor_only,0.433211583333333,0.498130895833333,1.59717817445945e-15,3.86296783050678e-14
20260316_130208,16-Mar-2026 13:02:08,gaussian,short_wide,512,5120,10,20260310,qr_pivoted,factor_only,0.137737458333333,0.140319041666667,1.61404875244874e-15,3.82882006263254e-14
20260316_130208,16-Mar-2026 13:02:08,gaussian,short_wide,512,5120,10,20260310,bsqr_rinv,factor_only,0.431634541666667,0.502026020833333,1.59717817445945e-15,3.86296783050678e-14
20260316_130208,16-Mar-2026 13:02:08,gaussian,short_wide,512,5120,10,20260310,qr_pivoted,factor_only,0.138940916666667,0.1398718125,1.61404875244874e-15,3.82882006263254e-14
20260316_130208,16-Mar-2026 13:02:08,gaussian,short_wide,512,5120,10,20260310,qr_pivoted_trsm,factor_only,0.163065041666667,0.1641798125,1.61404875244874e-15,3.82882006263254e-14
20260316_130208,16-Mar-2026 13:02:08,ill_conditioned,square,64,64,1,20260310,bsqr_full,factor_only,4.54583333333333e-05,4.59791666666667e-05,4.56409842624311e-16,6.38551830448147e-15
20260316_130208,16-Mar-2026 13:02:08,ill_conditioned,square,64,64,1,20260310,qr_pivoted,factor_only,4.97083333333333e-05,5.00625e-05,4.64213852732763e-16,5.26450366310038e-15
20260316_130208,16-Mar-2026 13:02:08,ill_conditioned,square,64,64,1,20260310,bsqr_rinv,factor_only,4.59583333333333e-05,4.61666666666667e-05,4.56409842624311e-16,6.38551830448147e-15
20260316_130208,16-Mar-2026 13:02:08,ill_conditioned,square,64,64,1,20260310,qr_pivoted,factor_only,4.95833333333333e-05,4.99583333333333e-05,4.64213852732763e-16,5.26450366310038e-15
20260316_130208,16-Mar-2026 13:02:08,ill_conditioned,square,64,64,1,20260310,qr_pivoted_trsm,factor_only,4.99583333333333e-05,5.0125e-05,4.64213852732763e-16,5.26450366310038e-15
20260316_130208,16-Mar-2026 13:02:08,ill_conditioned,square,128,128,1,20260310,bsqr_full,factor_only,0.000278541666666667,0.000285375,5.69061810377146e-16,1.08201649354613e-14
20260316_130208,16-Mar-2026 13:02:08,ill_conditioned,square,128,128,1,20260310,qr_pivoted,factor_only,0.000296541666666667,0.000300916666666667,5.44590096148649e-16,9.88588760363973e-15
20260316_130208,16-Mar-2026 13:02:08,ill_conditioned,square,128,128,1,20260310,bsqr_rinv,factor_only,0.000271083333333333,0.0002734375,5.69061810377146e-16,1.08201649354613e-14
20260316_130208,16-Mar-2026 13:02:08,ill_conditioned,square,128,128,1,20260310,qr_pivoted,factor_only,0.000296083333333333,0.0003014375,5.44590096148649e-16,9.88588760363973e-15
20260316_130208,16-Mar-2026 13:02:08,ill_conditioned,square,128,128,1,20260310,qr_pivoted_trsm,factor_only,0.000296083333333333,0.000299770833333333,5.44590096148649e-16,9.88588760363973e-15
20260316_130208,16-Mar-2026 13:02:08,ill_conditioned,square,256,256,1,20260310,bsqr_full,factor_only,0.00267766666666667,0.0026975,6.41128763874466e-16,2.06027417342347e-14
20260316_130208,16-Mar-2026 13:02:08,ill_conditioned,square,256,256,1,20260310,qr_pivoted,factor_only,0.00209158333333333,0.00214310416666667,7.40374609836191e-16,2.00330694520648e-14
20260316_130208,16-Mar-2026 13:02:08,ill_conditioned,square,256,256,1,20260310,bsqr_rinv,factor_only,0.00279679166666667,0.002838125,6.41128763874466e-16,2.06027417342347e-14
20260316_130208,16-Mar-2026 13:02:08,ill_conditioned,square,256,256,1,20260310,qr_pivoted,factor_only,0.00207533333333333,0.00213183333333333,7.40374609836191e-16,2.00330694520648e-14
20260316_130208,16-Mar-2026 13:02:08,ill_conditioned,square,256,256,1,20260310,qr_pivoted_trsm,factor_only,0.00207704166666667,0.00209939583333333,7.40374609836191e-16,2.00330694520648e-14
20260316_130208,16-Mar-2026 13:02:08,ill_conditioned,square,384,384,1,20260310,bsqr_full,factor_only,0.00726354166666667,0.00743858333333333,8.23513049141107e-16,2.97520987369776e-14
20260316_130208,16-Mar-2026 13:02:08,ill_conditioned,square,384,384,1,20260310,qr_pivoted,factor_only,0.00397154166666667,0.00434064583333333,8.33334969097803e-16,2.95569672325845e-14
20260316_130208,16-Mar-2026 13:02:08,ill_conditioned,square,384,384,1,20260310,bsqr_rinv,factor_only,0.00747775,0.0076805625,8.23513049141107e-16,2.97520987369776e-14
20260316_130208,16-Mar-2026 13:02:08,ill_conditioned,square,384,384,1,20260310,qr_pivoted,factor_only,0.004225,0.00430952083333333,8.33334969097803e-16,2.95569672325845e-14
20260316_130208,16-Mar-2026 13:02:08,ill_conditioned,square,384,384,1,20260310,qr_pivoted_trsm,factor_only,0.00407625,0.004373,8.33334969097803e-16,2.95569672325845e-14
20260316_130208,16-Mar-2026 13:02:08,ill_conditioned,square,512,512,1,20260310,bsqr_full,factor_only,0.016607,0.0169752083333333,8.72354239989416e-16,3.88437542701091e-14
20260316_130208,16-Mar-2026 13:02:08,ill_conditioned,square,512,512,1,20260310,qr_pivoted,factor_only,0.00935458333333333,0.0097650625,9.37954073399903e-16,3.84584672711724e-14
20260316_130208,16-Mar-2026 13:02:08,ill_conditioned,square,512,512,1,20260310,bsqr_rinv,factor_only,0.0161885416666667,0.0166268333333333,8.72354239989416e-16,3.88437542701091e-14
20260316_130208,16-Mar-2026 13:02:08,ill_conditioned,square,512,512,1,20260310,qr_pivoted,factor_only,0.009382,0.0098949375,9.37954073399903e-16,3.84584672711724e-14
20260316_130208,16-Mar-2026 13:02:08,ill_conditioned,square,512,512,1,20260310,qr_pivoted_trsm,factor_only,0.00986833333333333,0.00990025,9.37954073399903e-16,3.84584672711724e-14
20260316_130208,16-Mar-2026 13:02:08,ill_conditioned,short_wide,32,64,2,20260310,bsqr_full,factor_only,2.13333333333333e-05,2.1625e-05,3.64202301630982e-16,2.69020783790688e-15
20260316_130208,16-Mar-2026 13:02:08,ill_conditioned,short_wide,32,64,2,20260310,qr_pivoted,factor_only,1.61666666666667e-05,1.63958333333333e-05,3.55358197983488e-16,3.66500464299143e-15
20260316_130208,16-Mar-2026 13:02:08,ill_conditioned,short_wide,32,64,2,20260310,bsqr_rinv,factor_only,2.16666666666667e-05,2.19375e-05,3.64202301630982e-16,2.69020783790688e-15
20260316_130208,16-Mar-2026 13:02:08,ill_conditioned,short_wide,32,64,2,20260310,qr_pivoted,factor_only,1.625e-05,1.6375e-05,3.55358197983488e-16,3.66500464299143e-15
20260316_130208,16-Mar-2026 13:02:08,ill_conditioned,short_wide,32,64,2,20260310,qr_pivoted_trsm,factor_only,2.2125e-05,2.34583333333333e-05,3.55358197983488e-16,3.66500464299143e-15
20260316_130208,16-Mar-2026 13:02:08,ill_conditioned,short_wide,32,128,4,20260310,bsqr_full,factor_only,4.19166666666667e-05,4.22083333333333e-05,3.46795474637608e-16,3.24088329872009e-15
20260316_130208,16-Mar-2026 13:02:08,ill_conditioned,short_wide,32,128,4,20260310,qr_pivoted,factor_only,2.68333333333333e-05,2.7125e-05,3.30472878031001e-16,3.44866731314851e-15
20260316_130208,16-Mar-2026 13:02:08,ill_conditioned,short_wide,32,128,4,20260310,bsqr_rinv,factor_only,4.19166666666667e-05,4.21666666666667e-05,3.46795474637608e-16,3.24088329872009e-15
20260316_130208,16-Mar-2026 13:02:08,ill_conditioned,short_wide,32,128,4,20260310,qr_pivoted,factor_only,2.67083333333333e-05,2.69583333333333e-05,3.30472878031001e-16,3.44866731314851e-15
20260316_130208,16-Mar-2026 13:02:08,ill_conditioned,short_wide,32,128,4,20260310,qr_pivoted_trsm,factor_only,3.86666666666667e-05,3.90208333333333e-05,3.30472878031001e-16,3.44866731314851e-15
20260316_130208,16-Mar-2026 13:02:08,ill_conditioned,short_wide,32,256,8,20260310,bsqr_full,factor_only,8.50416666666667e-05,8.56875e-05,3.75858754285502e-16,2.94541134480983e-15
20260316_130208,16-Mar-2026 13:02:08,ill_conditioned,short_wide,32,256,8,20260310,qr_pivoted,factor_only,5.0375e-05,5.4375e-05,3.32851924863008e-16,3.29713620931851e-15
20260316_130208,16-Mar-2026 13:02:08,ill_conditioned,short_wide,32,256,8,20260310,bsqr_rinv,factor_only,8.5e-05,8.59166666666667e-05,3.75858754285502e-16,2.94541134480983e-15
20260316_130208,16-Mar-2026 13:02:08,ill_conditioned,short_wide,32,256,8,20260310,qr_pivoted,factor_only,5.02916666666667e-05,5.4125e-05,3.32851924863008e-16,3.29713620931851e-15
20260316_130208,16-Mar-2026 13:02:08,ill_conditioned,short_wide,32,256,8,20260310,qr_pivoted_trsm,factor_only,7.32916666666667e-05,7.4375e-05,3.32851924863008e-16,3.29713620931851e-15
20260316_130208,16-Mar-2026 13:02:08,ill_conditioned,short_wide,32,320,10,20260310,bsqr_full,factor_only,0.000114416666666667,0.000114833333333333,5.06215165859896e-16,3.70753137305155e-15
20260316_130208,16-Mar-2026 13:02:08,ill_conditioned,short_wide,32,320,10,20260310,qr_pivoted,factor_only,6.2e-05,6.7875e-05,5.06614663549704e-16,3.53403194620992e-15
20260316_130208,16-Mar-2026 13:02:08,ill_conditioned,short_wide,32,320,10,20260310,bsqr_rinv,factor_only,0.000114291666666667,0.000114625,5.06215165859896e-16,3.70753137305155e-15
20260316_130208,16-Mar-2026 13:02:08,ill_conditioned,short_wide,32,320,10,20260310,qr_pivoted,factor_only,6.05e-05,6.40208333333333e-05,5.06614663549704e-16,3.53403194620992e-15
20260316_130208,16-Mar-2026 13:02:08,ill_conditioned,short_wide,32,320,10,20260310,qr_pivoted_trsm,factor_only,8.625e-05,8.66666666666667e-05,5.06614663549704e-16,3.53403194620992e-15
20260316_130208,16-Mar-2026 13:02:08,ill_conditioned,short_wide,64,128,2,20260310,bsqr_full,factor_only,0.00010625,0.000107208333333333,4.17452659748881e-16,6.57261254944235e-15
20260316_130208,16-Mar-2026 13:02:08,ill_conditioned,short_wide,64,128,2,20260310,qr_pivoted,factor_only,8.03333333333333e-05,8.46875e-05,4.17851696831255e-16,5.38290799169485e-15
20260316_130208,16-Mar-2026 13:02:08,ill_conditioned,short_wide,64,128,2,20260310,bsqr_rinv,factor_only,0.000106208333333333,0.000106604166666667,4.17452659748881e-16,6.57261254944235e-15
20260316_130208,16-Mar-2026 13:02:08,ill_conditioned,short_wide,64,128,2,20260310,qr_pivoted,factor_only,7.99166666666667e-05,8.4125e-05,4.17851696831255e-16,5.38290799169485e-15
20260316_130208,16-Mar-2026 13:02:08,ill_conditioned,short_wide,64,128,2,20260310,qr_pivoted_trsm,factor_only,9.64583333333333e-05,0.000100708333333333,4.17851696831255e-16,5.38290799169485e-15
20260316_130208,16-Mar-2026 13:02:08,ill_conditioned,short_wide,64,256,4,20260310,bsqr_full,factor_only,0.000271541666666667,0.000276979166666667,4.90986831260519e-16,6.56409284836661e-15
20260316_130208,16-Mar-2026 13:02:08,ill_conditioned,short_wide,64,256,4,20260310,qr_pivoted,factor_only,0.000146541666666667,0.000152125,5.04014086587939e-16,5.29996960725233e-15
20260316_130208,16-Mar-2026 13:02:08,ill_conditioned,short_wide,64,256,4,20260310,bsqr_rinv,factor_only,0.000270041666666667,0.000274145833333333,4.90986831260519e-16,6.56409284836661e-15
20260316_130208,16-Mar-2026 13:02:08,ill_conditioned,short_wide,64,256,4,20260310,qr_pivoted,factor_only,0.000146541666666667,0.000149916666666667,5.04014086587939e-16,5.29996960725233e-15
20260316_130208,16-Mar-2026 13:02:08,ill_conditioned,short_wide,64,256,4,20260310,qr_pivoted_trsm,factor_only,0.000178875,0.000180208333333333,5.04014086587939e-16,5.29996960725233e-15
20260316_130208,16-Mar-2026 13:02:08,ill_conditioned,short_wide,64,512,8,20260310,bsqr_full,factor_only,0.000722041666666667,0.000729645833333333,6.58761761824556e-16,6.37315941683371e-15
20260316_130208,16-Mar-2026 13:02:08,ill_conditioned,short_wide,64,512,8,20260310,qr_pivoted,factor_only,0.000405625,0.000411979166666667,6.31077580306157e-16,5.84917178526315e-15
20260316_130208,16-Mar-2026 13:02:08,ill_conditioned,short_wide,64,512,8,20260310,bsqr_rinv,factor_only,0.000723291666666667,0.000725416666666667,6.58761761824556e-16,6.37315941683371e-15
20260316_130208,16-Mar-2026 13:02:08,ill_conditioned,short_wide,64,512,8,20260310,qr_pivoted,factor_only,0.000413583333333333,0.0004159375,6.31077580306157e-16,5.84917178526315e-15
20260316_130208,16-Mar-2026 13:02:08,ill_conditioned,short_wide,64,512,8,20260310,qr_pivoted_trsm,factor_only,0.000457,0.0004588125,6.31077580306157e-16,5.84917178526315e-15
20260316_130208,16-Mar-2026 13:02:08,ill_conditioned,short_wide,64,640,10,20260310,bsqr_full,factor_only,0.000962416666666667,0.000978791666666667,4.98150209211959e-16,6.7119162366887e-15
20260316_130208,16-Mar-2026 13:02:08,ill_conditioned,short_wide,64,640,10,20260310,qr_pivoted,factor_only,0.000563833333333333,0.000576979166666667,5.04754030596872e-16,5.75329136892682e-15
20260316_130208,16-Mar-2026 13:02:08,ill_conditioned,short_wide,64,640,10,20260310,bsqr_rinv,factor_only,0.00095725,0.000972020833333333,4.98150209211959e-16,6.7119162366887e-15
20260316_130208,16-Mar-2026 13:02:08,ill_conditioned,short_wide,64,640,10,20260310,qr_pivoted,factor_only,0.000551916666666667,0.000575083333333333,5.04754030596872e-16,5.75329136892682e-15
20260316_130208,16-Mar-2026 13:02:08,ill_conditioned,short_wide,64,640,10,20260310,qr_pivoted_trsm,factor_only,0.000621416666666667,0.000641520833333333,5.04754030596872e-16,5.75329136892682e-15
20260316_130208,16-Mar-2026 13:02:08,ill_conditioned,short_wide,128,256,2,20260310,bsqr_full,factor_only,0.00108125,0.00113470833333333,6.16124432145838e-16,1.14855418348949e-14
20260316_130208,16-Mar-2026 13:02:08,ill_conditioned,short_wide,128,256,2,20260310,qr_pivoted,factor_only,0.000728791666666667,0.000755645833333333,6.02820015199576e-16,1.02155460619787e-14
20260316_130208,16-Mar-2026 13:02:08,ill_conditioned,short_wide,128,256,2,20260310,bsqr_rinv,factor_only,0.00106004166666667,0.00106825,6.16124432145838e-16,1.14855418348949e-14
20260316_130208,16-Mar-2026 13:02:08,ill_conditioned,short_wide,128,256,2,20260310,qr_pivoted,factor_only,0.000730666666666667,0.000757875,6.02820015199576e-16,1.02155460619787e-14
20260316_130208,16-Mar-2026 13:02:08,ill_conditioned,short_wide,128,256,2,20260310,qr_pivoted_trsm,factor_only,0.00081675,0.000820125,6.02820015199576e-16,1.02155460619787e-14
20260316_130208,16-Mar-2026 13:02:08,ill_conditioned,short_wide,128,512,4,20260310,bsqr_full,factor_only,0.00255958333333333,0.00259120833333333,6.26603217455039e-16,1.13899012223604e-14
20260316_130208,16-Mar-2026 13:02:08,ill_conditioned,short_wide,128,512,4,20260310,qr_pivoted,factor_only,0.001467625,0.00167714583333333,6.8103744438443e-16,1.06476848514217e-14
20260316_130208,16-Mar-2026 13:02:08,ill_conditioned,short_wide,128,512,4,20260310,bsqr_rinv,factor_only,0.002565375,0.002589625,6.26603217455039e-16,1.13899012223604e-14
20260316_130208,16-Mar-2026 13:02:08,ill_conditioned,short_wide,128,512,4,20260310,qr_pivoted,factor_only,0.00156325,0.00169839583333333,6.8103744438443e-16,1.06476848514217e-14
20260316_130208,16-Mar-2026 13:02:08,ill_conditioned,short_wide,128,512,4,20260310,qr_pivoted_trsm,factor_only,0.00161645833333333,0.0018041875,6.8103744438443e-16,1.06476848514217e-14
20260316_130208,16-Mar-2026 13:02:08,ill_conditioned,short_wide,128,1024,8,20260310,bsqr_full,factor_only,0.005445125,0.00549560416666667,6.69589647346413e-16,1.10011127816772e-14
20260316_130208,16-Mar-2026 13:02:08,ill_conditioned,short_wide,128,1024,8,20260310,qr_pivoted,factor_only,0.0025245,0.00271625,6.07473431419421e-16,9.88168351569876e-15
20260316_130208,16-Mar-2026 13:02:08,ill_conditioned,short_wide,128,1024,8,20260310,bsqr_rinv,factor_only,0.00515920833333333,0.00543402083333333,6.69589647346413e-16,1.10011127816772e-14
20260316_130208,16-Mar-2026 13:02:08,ill_conditioned,short_wide,128,1024,8,20260310,qr_pivoted,factor_only,0.002482,0.00257816666666667,6.07473431419421e-16,9.88168351569876e-15
20260316_130208,16-Mar-2026 13:02:08,ill_conditioned,short_wide,128,1024,8,20260310,qr_pivoted_trsm,factor_only,0.00267466666666667,0.00276166666666667,6.07473431419421e-16,9.88168351569876e-15
20260316_130208,16-Mar-2026 13:02:08,ill_conditioned,short_wide,128,1280,10,20260310,bsqr_full,factor_only,0.006658125,0.00673852083333333,6.87117243363871e-16,1.12859384917595e-14
20260316_130208,16-Mar-2026 13:02:08,ill_conditioned,short_wide,128,1280,10,20260310,qr_pivoted,factor_only,0.002809125,0.00309554166666667,6.14210686028831e-16,1.03190920971107e-14
20260316_130208,16-Mar-2026 13:02:08,ill_conditioned,short_wide,128,1280,10,20260310,bsqr_rinv,factor_only,0.00652766666666667,0.00658895833333333,6.87117243363871e-16,1.12859384917595e-14
20260316_130208,16-Mar-2026 13:02:08,ill_conditioned,short_wide,128,1280,10,20260310,qr_pivoted,factor_only,0.0029155,0.00301116666666667,6.14210686028831e-16,1.03190920971107e-14
20260316_130208,16-Mar-2026 13:02:08,ill_conditioned,short_wide,128,1280,10,20260310,qr_pivoted_trsm,factor_only,0.00332933333333333,0.00354510416666667,6.14210686028831e-16,1.03190920971107e-14
20260316_130208,16-Mar-2026 13:02:08,ill_conditioned,short_wide,256,512,2,20260310,bsqr_full,factor_only,0.007362125,0.00770625,8.11368941856707e-16,2.02674128342023e-14
20260316_130208,16-Mar-2026 13:02:08,ill_conditioned,short_wide,256,512,2,20260310,qr_pivoted,factor_only,0.00385120833333333,0.00397329166666667,8.50044789881791e-16,2.03072183925402e-14
20260316_130208,16-Mar-2026 13:02:08,ill_conditioned,short_wide,256,512,2,20260310,bsqr_rinv,factor_only,0.00751704166666667,0.0079733125,8.11368941856707e-16,2.02674128342023e-14
20260316_130208,16-Mar-2026 13:02:08,ill_conditioned,short_wide,256,512,2,20260310,qr_pivoted,factor_only,0.00397325,0.0041615625,8.50044789881791e-16,2.03072183925402e-14
20260316_130208,16-Mar-2026 13:02:08,ill_conditioned,short_wide,256,512,2,20260310,qr_pivoted_trsm,factor_only,0.00412416666666667,0.00428958333333333,8.50044789881791e-16,2.03072183925402e-14
20260316_130208,16-Mar-2026 13:02:08,ill_conditioned,short_wide,256,1024,4,20260310,bsqr_full,factor_only,0.015884375,0.0162711875,8.99568987944408e-16,2.06841848821193e-14
20260316_130208,16-Mar-2026 13:02:08,ill_conditioned,short_wide,256,1024,4,20260310,qr_pivoted,factor_only,0.00723241666666667,0.00750572916666667,8.98532159891884e-16,2.00157481594066e-14
20260316_130208,16-Mar-2026 13:02:08,ill_conditioned,short_wide,256,1024,4,20260310,bsqr_rinv,factor_only,0.0159307916666667,0.0162815416666667,8.99568987944408e-16,2.06841848821193e-14
20260316_130208,16-Mar-2026 13:02:08,ill_conditioned,short_wide,256,1024,4,20260310,qr_pivoted,factor_only,0.00732441666666667,0.00757116666666667,8.98532159891884e-16,2.00157481594066e-14
20260316_130208,16-Mar-2026 13:02:08,ill_conditioned,short_wide,256,1024,4,20260310,qr_pivoted_trsm,factor_only,0.00785225,0.00823066666666667,8.98532159891884e-16,2.00157481594066e-14
20260316_130208,16-Mar-2026 13:02:08,ill_conditioned,short_wide,256,2048,8,20260310,bsqr_full,factor_only,0.0312062083333333,0.0319428125,8.68205105565975e-16,2.02875811527706e-14
20260316_130208,16-Mar-2026 13:02:08,ill_conditioned,short_wide,256,2048,8,20260310,qr_pivoted,factor_only,0.0140922083333333,0.0147064791666667,9.23164134206404e-16,2.00990795377559e-14
20260316_130208,16-Mar-2026 13:02:08,ill_conditioned,short_wide,256,2048,8,20260310,bsqr_rinv,factor_only,0.0312274583333333,0.031710375,8.68205105565975e-16,2.02875811527706e-14
20260316_130208,16-Mar-2026 13:02:08,ill_conditioned,short_wide,256,2048,8,20260310,qr_pivoted,factor_only,0.014283625,0.014641,9.23164134206404e-16,2.00990795377559e-14
20260316_130208,16-Mar-2026 13:02:08,ill_conditioned,short_wide,256,2048,8,20260310,qr_pivoted_trsm,factor_only,0.0153342083333333,0.0159466875,9.23164134206404e-16,2.00990795377559e-14
20260316_130208,16-Mar-2026 13:02:08,ill_conditioned,short_wide,256,2560,10,20260310,bsqr_full,factor_only,0.0383410416666667,0.0393013125,8.1659650776375e-16,2.05468746224895e-14
20260316_130208,16-Mar-2026 13:02:08,ill_conditioned,short_wide,256,2560,10,20260310,qr_pivoted,factor_only,0.0177437916666667,0.0180855625,9.43264858075975e-16,1.97366002695071e-14
20260316_130208,16-Mar-2026 13:02:08,ill_conditioned,short_wide,256,2560,10,20260310,bsqr_rinv,factor_only,0.0383420833333333,0.0394168958333333,8.1659650776375e-16,2.05468746224895e-14
20260316_130208,16-Mar-2026 13:02:08,ill_conditioned,short_wide,256,2560,10,20260310,qr_pivoted,factor_only,0.01768975,0.0182179166666667,9.43264858075975e-16,1.97366002695071e-14
20260316_130208,16-Mar-2026 13:02:08,ill_conditioned,short_wide,256,2560,10,20260310,qr_pivoted_trsm,factor_only,0.0198580833333333,0.020251125,9.43264858075975e-16,1.97366002695071e-14
20260316_130208,16-Mar-2026 13:02:08,ill_conditioned,short_wide,512,1024,2,20260310,bsqr_full,factor_only,0.0428265416666667,0.0444429583333333,1.04030712003092e-15,3.85216151647498e-14
20260316_130208,16-Mar-2026 13:02:08,ill_conditioned,short_wide,512,1024,2,20260310,qr_pivoted,factor_only,0.0193984583333333,0.0199309791666667,1.08911269334832e-15,3.85640991560757e-14
20260316_130208,16-Mar-2026 13:02:08,ill_conditioned,short_wide,512,1024,2,20260310,bsqr_rinv,factor_only,0.0412640416666667,0.0436598958333333,1.04030712003092e-15,3.85216151647498e-14
20260316_130208,16-Mar-2026 13:02:08,ill_conditioned,short_wide,512,1024,2,20260310,qr_pivoted,factor_only,0.019373625,0.019697875,1.08911269334832e-15,3.85640991560757e-14
20260316_130208,16-Mar-2026 13:02:08,ill_conditioned,short_wide,512,1024,2,20260310,qr_pivoted_trsm,factor_only,0.0207535416666667,0.0212294791666667,1.08911269334832e-15,3.85640991560757e-14
20260316_130208,16-Mar-2026 13:02:08,ill_conditioned,short_wide,512,2048,4,20260310,bsqr_full,factor_only,0.091172125,0.0940840416666667,1.11919390311741e-15,3.8443811653939e-14
20260316_130208,16-Mar-2026 13:02:08,ill_conditioned,short_wide,512,2048,4,20260310,qr_pivoted,factor_only,0.0391995416666667,0.0396465,1.13993350731895e-15,3.8383174580973e-14
20260316_130208,16-Mar-2026 13:02:08,ill_conditioned,short_wide,512,2048,4,20260310,bsqr_rinv,factor_only,0.0877398333333333,0.093795375,1.11919390311741e-15,3.8443811653939e-14
20260316_130208,16-Mar-2026 13:02:08,ill_conditioned,short_wide,512,2048,4,20260310,qr_pivoted,factor_only,0.0394630416666667,0.0396831875,1.13993350731895e-15,3.8383174580973e-14
20260316_130208,16-Mar-2026 13:02:08,ill_conditioned,short_wide,512,2048,4,20260310,qr_pivoted_trsm,factor_only,0.042505,0.0431881041666667,1.13993350731895e-15,3.8383174580973e-14
20260316_130208,16-Mar-2026 13:02:08,ill_conditioned,short_wide,512,4096,8,20260310,bsqr_full,factor_only,0.308191625,0.314221083333333,1.11429798509007e-15,3.81845461939678e-14
20260316_130208,16-Mar-2026 13:02:08,ill_conditioned,short_wide,512,4096,8,20260310,qr_pivoted,factor_only,0.092136625,0.099400875,1.17279393237205e-15,3.83554008164097e-14
20260316_130208,16-Mar-2026 13:02:08,ill_conditioned,short_wide,512,4096,8,20260310,bsqr_rinv,factor_only,0.2967895,0.319471958333333,1.11429798509007e-15,3.81845461939678e-14
20260316_130208,16-Mar-2026 13:02:08,ill_conditioned,short_wide,512,4096,8,20260310,qr_pivoted,factor_only,0.0918656666666667,0.0981594583333333,1.17279393237205e-15,3.83554008164097e-14
20260316_130208,16-Mar-2026 13:02:08,ill_conditioned,short_wide,512,4096,8,20260310,qr_pivoted_trsm,factor_only,0.100605916666667,0.102755541666667,1.17279393237205e-15,3.83554008164097e-14
20260316_130208,16-Mar-2026 13:02:08,ill_conditioned,short_wide,512,5120,10,20260310,bsqr_full,factor_only,0.486864833333333,0.5455335,1.11511003943863e-15,3.85788270290885e-14
20260316_130208,16-Mar-2026 13:02:08,ill_conditioned,short_wide,512,5120,10,20260310,qr_pivoted,factor_only,0.165141958333333,0.170858125,1.18155433006031e-15,3.83148900557871e-14
20260316_130208,16-Mar-2026 13:02:08,ill_conditioned,short_wide,512,5120,10,20260310,bsqr_rinv,factor_only,0.504096,0.547722729166667,1.11511003943863e-15,3.85788270290885e-14
20260316_130208,16-Mar-2026 13:02:08,ill_conditioned,short_wide,512,5120,10,20260310,qr_pivoted,factor_only,0.165491708333333,0.195130708333333,1.18155433006031e-15,3.83148900557871e-14
20260316_130208,16-Mar-2026 13:02:08,ill_conditioned,short_wide,512,5120,10,20260310,qr_pivoted_trsm,factor_only,0.189419833333333,0.1903466875,1.18155433006031e-15,3.83148900557871e-14
20260316_130208,16-Mar-2026 13:02:08,orthonormal_rows,square,64,64,1,20260310,bsqr_full,factor_only,5.12083333333333e-05,5.14583333333333e-05,6.58349760724176e-16,6.1569351221725e-15
20260316_130208,16-Mar-2026 13:02:08,orthonormal_rows,square,64,64,1,20260310,qr_pivoted,factor_only,5.4625e-05,5.48541666666667e-05,5.96664177537599e-16,5.49004093226311e-15
20260316_130208,16-Mar-2026 13:02:08,orthonormal_rows,square,64,64,1,20260310,bsqr_rinv,factor_only,5.0375e-05,5.05e-05,6.58349760724176e-16,6.1569351221725e-15
20260316_130208,16-Mar-2026 13:02:08,orthonormal_rows,square,64,64,1,20260310,qr_pivoted,factor_only,5.47083333333333e-05,5.4875e-05,5.96664177537599e-16,5.49004093226311e-15
20260316_130208,16-Mar-2026 13:02:08,orthonormal_rows,square,64,64,1,20260310,qr_pivoted_trsm,factor_only,5.50416666666667e-05,5.51666666666667e-05,5.96664177537599e-16,5.49004093226311e-15
20260316_130208,16-Mar-2026 13:02:08,orthonormal_rows,square,128,128,1,20260310,bsqr_full,factor_only,0.00030625,0.000312125,8.41030241075078e-16,1.09106647222282e-14
20260316_130208,16-Mar-2026 13:02:08,orthonormal_rows,square,128,128,1,20260310,qr_pivoted,factor_only,0.000337041666666667,0.000338,7.82658429854799e-16,1.01774843885858e-14
20260316_130208,16-Mar-2026 13:02:08,orthonormal_rows,square,128,128,1,20260310,bsqr_rinv,factor_only,0.000321791666666667,0.000325395833333333,8.41030241075078e-16,1.09106647222282e-14
20260316_130208,16-Mar-2026 13:02:08,orthonormal_rows,square,128,128,1,20260310,qr_pivoted,factor_only,0.000351583333333333,0.000352854166666667,7.82658429854799e-16,1.01774843885858e-14
20260316_130208,16-Mar-2026 13:02:08,orthonormal_rows,square,128,128,1,20260310,qr_pivoted_trsm,factor_only,0.000352875,0.0003533125,7.82658429854799e-16,1.01774843885858e-14
20260316_130208,16-Mar-2026 13:02:08,orthonormal_rows,square,256,256,1,20260310,bsqr_full,factor_only,0.00308558333333333,0.00313597916666667,1.03112708515187e-15,2.02005223898368e-14
20260316_130208,16-Mar-2026 13:02:08,orthonormal_rows,square,256,256,1,20260310,qr_pivoted,factor_only,0.001932875,0.00203966666666667,1.03222476469962e-15,2.00428599532699e-14
20260316_130208,16-Mar-2026 13:02:08,orthonormal_rows,square,256,256,1,20260310,bsqr_rinv,factor_only,0.00293383333333333,0.00294175,1.03112708515187e-15,2.02005223898368e-14
20260316_130208,16-Mar-2026 13:02:08,orthonormal_rows,square,256,256,1,20260310,qr_pivoted,factor_only,0.00193666666666667,0.00195233333333333,1.03222476469962e-15,2.00428599532699e-14
20260316_130208,16-Mar-2026 13:02:08,orthonormal_rows,square,256,256,1,20260310,qr_pivoted_trsm,factor_only,0.001929125,0.00194914583333333,1.03222476469962e-15,2.00428599532699e-14
20260316_130208,16-Mar-2026 13:02:08,orthonormal_rows,square,384,384,1,20260310,bsqr_full,factor_only,0.00863,0.00879645833333333,1.2008182393762e-15,2.96698772651782e-14
20260316_130208,16-Mar-2026 13:02:08,orthonormal_rows,square,384,384,1,20260310,qr_pivoted,factor_only,0.00432008333333333,0.0045391875,1.21239271072559e-15,2.94352950841901e-14
20260316_130208,16-Mar-2026 13:02:08,orthonormal_rows,square,384,384,1,20260310,bsqr_rinv,factor_only,0.00827720833333333,0.008602,1.2008182393762e-15,2.96698772651782e-14
20260316_130208,16-Mar-2026 13:02:08,orthonormal_rows,square,384,384,1,20260310,qr_pivoted,factor_only,0.00430220833333333,0.0044623125,1.21239271072559e-15,2.94352950841901e-14
20260316_130208,16-Mar-2026 13:02:08,orthonormal_rows,square,384,384,1,20260310,qr_pivoted_trsm,factor_only,0.00412075,0.00416558333333333,1.21239271072559e-15,2.94352950841901e-14
20260316_130208,16-Mar-2026 13:02:08,orthonormal_rows,square,512,512,1,20260310,bsqr_full,factor_only,0.0202123333333333,0.0207470416666667,1.34969373819078e-15,3.82851573107536e-14
20260316_130208,16-Mar-2026 13:02:08,orthonormal_rows,square,512,512,1,20260310,qr_pivoted,factor_only,0.00933441666666667,0.0094469375,1.35570210607071e-15,3.80896666315003e-14
20260316_130208,16-Mar-2026 13:02:08,orthonormal_rows,square,512,512,1,20260310,bsqr_rinv,factor_only,0.0183338333333333,0.0190942083333333,1.34969373819078e-15,3.82851573107536e-14
20260316_130208,16-Mar-2026 13:02:08,orthonormal_rows,square,512,512,1,20260310,qr_pivoted,factor_only,0.00895866666666667,0.009012625,1.35570210607071e-15,3.80896666315003e-14
20260316_130208,16-Mar-2026 13:02:08,orthonormal_rows,square,512,512,1,20260310,qr_pivoted_trsm,factor_only,0.008426,0.008825875,1.35570210607071e-15,3.80896666315003e-14
20260316_130208,16-Mar-2026 13:02:08,orthonormal_rows,short_wide,32,64,2,20260310,bsqr_full,factor_only,2.275e-05,2.3e-05,4.92330829572403e-16,2.96923803221272e-15
20260316_130208,16-Mar-2026 13:02:08,orthonormal_rows,short_wide,32,64,2,20260310,qr_pivoted,factor_only,1.70416666666667e-05,1.7125e-05,5.84931682992407e-16,3.58725528687209e-15
20260316_130208,16-Mar-2026 13:02:08,orthonormal_rows,short_wide,32,64,2,20260310,bsqr_rinv,factor_only,2.26666666666667e-05,2.29583333333333e-05,4.92330829572403e-16,2.96923803221272e-15
20260316_130208,16-Mar-2026 13:02:08,orthonormal_rows,short_wide,32,64,2,20260310,qr_pivoted,factor_only,1.70416666666667e-05,1.70625e-05,5.84931682992407e-16,3.58725528687209e-15
20260316_130208,16-Mar-2026 13:02:08,orthonormal_rows,short_wide,32,64,2,20260310,qr_pivoted_trsm,factor_only,2.47916666666667e-05,2.49583333333333e-05,5.84931682992407e-16,3.58725528687209e-15
20260316_130208,16-Mar-2026 13:02:08,orthonormal_rows,short_wide,32,128,4,20260310,bsqr_full,factor_only,4.44166666666667e-05,4.48541666666667e-05,5.88894478547306e-16,3.37400154590088e-15
20260316_130208,16-Mar-2026 13:02:08,orthonormal_rows,short_wide,32,128,4,20260310,qr_pivoted,factor_only,2.92916666666667e-05,2.94166666666667e-05,5.15336164607458e-16,2.75129323536457e-15
20260316_130208,16-Mar-2026 13:02:08,orthonormal_rows,short_wide,32,128,4,20260310,bsqr_rinv,factor_only,4.60833333333333e-05,4.6375e-05,5.88894478547306e-16,3.37400154590088e-15
20260316_130208,16-Mar-2026 13:02:08,orthonormal_rows,short_wide,32,128,4,20260310,qr_pivoted,factor_only,2.92916666666667e-05,2.95e-05,5.15336164607458e-16,2.75129323536457e-15
20260316_130208,16-Mar-2026 13:02:08,orthonormal_rows,short_wide,32,128,4,20260310,qr_pivoted_trsm,factor_only,3.86666666666667e-05,4.05208333333333e-05,5.15336164607458e-16,2.75129323536457e-15
20260316_130208,16-Mar-2026 13:02:08,orthonormal_rows,short_wide,32,256,8,20260310,bsqr_full,factor_only,9.39583333333333e-05,9.50416666666667e-05,6.37845971892738e-16,3.45219618729812e-15
20260316_130208,16-Mar-2026 13:02:08,orthonormal_rows,short_wide,32,256,8,20260310,qr_pivoted,factor_only,5.27083333333333e-05,5.31458333333333e-05,5.78591571090168e-16,3.1049363718355e-15
20260316_130208,16-Mar-2026 13:02:08,orthonormal_rows,short_wide,32,256,8,20260310,bsqr_rinv,factor_only,9.37083333333333e-05,9.43125e-05,6.37845971892738e-16,3.45219618729812e-15
20260316_130208,16-Mar-2026 13:02:08,orthonormal_rows,short_wide,32,256,8,20260310,qr_pivoted,factor_only,5.27083333333333e-05,5.28958333333333e-05,5.78591571090168e-16,3.1049363718355e-15
20260316_130208,16-Mar-2026 13:02:08,orthonormal_rows,short_wide,32,256,8,20260310,qr_pivoted_trsm,factor_only,6.9375e-05,6.98541666666667e-05,5.78591571090168e-16,3.1049363718355e-15
20260316_130208,16-Mar-2026 13:02:08,orthonormal_rows,short_wide,32,320,10,20260310,bsqr_full,factor_only,0.000127208333333333,0.000128083333333333,5.9868108592779e-16,3.37056296135774e-15
20260316_130208,16-Mar-2026 13:02:08,orthonormal_rows,short_wide,32,320,10,20260310,qr_pivoted,factor_only,6.42916666666667e-05,6.46041666666667e-05,6.23805915937833e-16,3.61513921570077e-15
20260316_130208,16-Mar-2026 13:02:08,orthonormal_rows,short_wide,32,320,10,20260310,bsqr_rinv,factor_only,0.000127333333333333,0.000128020833333333,5.9868108592779e-16,3.37056296135774e-15
20260316_130208,16-Mar-2026 13:02:08,orthonormal_rows,short_wide,32,320,10,20260310,qr_pivoted,factor_only,6.40416666666667e-05,6.44583333333333e-05,6.23805915937833e-16,3.61513921570077e-15
20260316_130208,16-Mar-2026 13:02:08,orthonormal_rows,short_wide,32,320,10,20260310,qr_pivoted_trsm,factor_only,8.37083333333333e-05,8.425e-05,6.23805915937833e-16,3.61513921570077e-15
20260316_130208,16-Mar-2026 13:02:08,orthonormal_rows,short_wide,64,128,2,20260310,bsqr_full,factor_only,0.00012025,0.0001209375,7.44208845880935e-16,6.40271101803817e-15
20260316_130208,16-Mar-2026 13:02:08,orthonormal_rows,short_wide,64,128,2,20260310,qr_pivoted,factor_only,8.9e-05,8.91458333333333e-05,6.831514934223e-16,5.48550715076344e-15
20260316_130208,16-Mar-2026 13:02:08,orthonormal_rows,short_wide,64,128,2,20260310,bsqr_rinv,factor_only,0.000119875,0.00012025,7.44208845880935e-16,6.40271101803817e-15
20260316_130208,16-Mar-2026 13:02:08,orthonormal_rows,short_wide,64,128,2,20260310,qr_pivoted,factor_only,8.9125e-05,8.92916666666667e-05,6.831514934223e-16,5.48550715076344e-15
20260316_130208,16-Mar-2026 13:02:08,orthonormal_rows,short_wide,64,128,2,20260310,qr_pivoted_trsm,factor_only,0.000104416666666667,0.000104833333333333,6.831514934223e-16,5.48550715076344e-15
20260316_130208,16-Mar-2026 13:02:08,orthonormal_rows,short_wide,64,256,4,20260310,bsqr_full,factor_only,0.000305958333333333,0.000308770833333333,7.38556055438493e-16,5.84490803028825e-15
20260316_130208,16-Mar-2026 13:02:08,orthonormal_rows,short_wide,64,256,4,20260310,qr_pivoted,factor_only,0.000161791666666667,0.000162708333333333,7.89942808019987e-16,6.28916455411305e-15
20260316_130208,16-Mar-2026 13:02:08,orthonormal_rows,short_wide,64,256,4,20260310,bsqr_rinv,factor_only,0.000306583333333333,0.000309854166666667,7.38556055438493e-16,5.84490803028825e-15
20260316_130208,16-Mar-2026 13:02:08,orthonormal_rows,short_wide,64,256,4,20260310,qr_pivoted,factor_only,0.0001635,0.000164270833333333,7.89942808019987e-16,6.28916455411305e-15
20260316_130208,16-Mar-2026 13:02:08,orthonormal_rows,short_wide,64,256,4,20260310,qr_pivoted_trsm,factor_only,0.000187875,0.000189104166666667,7.89942808019987e-16,6.28916455411305e-15
20260316_130208,16-Mar-2026 13:02:08,orthonormal_rows,short_wide,64,512,8,20260310,bsqr_full,factor_only,0.000792416666666667,0.000797958333333333,7.80990095061503e-16,6.22520964784847e-15
20260316_130208,16-Mar-2026 13:02:08,orthonormal_rows,short_wide,64,512,8,20260310,qr_pivoted,factor_only,0.000417916666666667,0.0004194375,7.33982162043837e-16,6.0007723953053e-15
20260316_130208,16-Mar-2026 13:02:08,orthonormal_rows,short_wide,64,512,8,20260310,bsqr_rinv,factor_only,0.000763166666666667,0.000780104166666667,7.80990095061503e-16,6.22520964784847e-15
20260316_130208,16-Mar-2026 13:02:08,orthonormal_rows,short_wide,64,512,8,20260310,qr_pivoted,factor_only,0.000434541666666667,0.000437958333333333,7.33982162043837e-16,6.0007723953053e-15
20260316_130208,16-Mar-2026 13:02:08,orthonormal_rows,short_wide,64,512,8,20260310,qr_pivoted_trsm,factor_only,0.000481666666666667,0.000484583333333333,7.33982162043837e-16,6.0007723953053e-15
20260316_130208,16-Mar-2026 13:02:08,orthonormal_rows,short_wide,64,640,10,20260310,bsqr_full,factor_only,0.000994333333333333,0.00101091666666667,8.2321531451364e-16,6.57570132767604e-15
20260316_130208,16-Mar-2026 13:02:08,orthonormal_rows,short_wide,64,640,10,20260310,qr_pivoted,factor_only,0.000571416666666667,0.000576166666666667,7.36695930215507e-16,5.60352763383783e-15
20260316_130208,16-Mar-2026 13:02:08,orthonormal_rows,short_wide,64,640,10,20260310,bsqr_rinv,factor_only,0.000987291666666667,0.00103779166666667,8.2321531451364e-16,6.57570132767604e-15
20260316_130208,16-Mar-2026 13:02:08,orthonormal_rows,short_wide,64,640,10,20260310,qr_pivoted,factor_only,0.000565291666666667,0.000575916666666667,7.36695930215507e-16,5.60352763383783e-15
20260316_130208,16-Mar-2026 13:02:08,orthonormal_rows,short_wide,64,640,10,20260310,qr_pivoted_trsm,factor_only,0.00063375,0.0006501875,7.36695930215507e-16,5.60352763383783e-15
20260316_130208,16-Mar-2026 13:02:08,orthonormal_rows,short_wide,128,256,2,20260310,bsqr_full,factor_only,0.00112008333333333,0.00113470833333333,9.7621828943417e-16,1.12835529148565e-14
20260316_130208,16-Mar-2026 13:02:08,orthonormal_rows,short_wide,128,256,2,20260310,qr_pivoted,factor_only,0.000758583333333333,0.000762541666666667,9.03983577987654e-16,1.02027429043724e-14
20260316_130208,16-Mar-2026 13:02:08,orthonormal_rows,short_wide,128,256,2,20260310,bsqr_rinv,factor_only,0.00111779166666667,0.00112166666666667,9.7621828943417e-16,1.12835529148565e-14
20260316_130208,16-Mar-2026 13:02:08,orthonormal_rows,short_wide,128,256,2,20260310,qr_pivoted,factor_only,0.000751958333333333,0.000756708333333333,9.03983577987654e-16,1.02027429043724e-14
20260316_130208,16-Mar-2026 13:02:08,orthonormal_rows,short_wide,128,256,2,20260310,qr_pivoted_trsm,factor_only,0.000796041666666667,0.0008008125,9.03983577987654e-16,1.02027429043724e-14
20260316_130208,16-Mar-2026 13:02:08,orthonormal_rows,short_wide,128,512,4,20260310,bsqr_full,factor_only,0.00264541666666667,0.00273152083333333,9.78346928927249e-16,1.09420283231674e-14
20260316_130208,16-Mar-2026 13:02:08,orthonormal_rows,short_wide,128,512,4,20260310,qr_pivoted,factor_only,0.001543125,0.00163270833333333,9.69033909278221e-16,1.04259862231065e-14
20260316_130208,16-Mar-2026 13:02:08,orthonormal_rows,short_wide,128,512,4,20260310,bsqr_rinv,factor_only,0.002606,0.00263529166666667,9.78346928927249e-16,1.09420283231674e-14
20260316_130208,16-Mar-2026 13:02:08,orthonormal_rows,short_wide,128,512,4,20260310,qr_pivoted,factor_only,0.001542375,0.0016883125,9.69033909278221e-16,1.04259862231065e-14
20260316_130208,16-Mar-2026 13:02:08,orthonormal_rows,short_wide,128,512,4,20260310,qr_pivoted_trsm,factor_only,0.00172716666666667,0.00184797916666667,9.69033909278221e-16,1.04259862231065e-14
20260316_130208,16-Mar-2026 13:02:08,orthonormal_rows,short_wide,128,1024,8,20260310,bsqr_full,factor_only,0.00527658333333333,0.00558839583333333,1.002509392879e-15,1.09143275305612e-14
20260316_130208,16-Mar-2026 13:02:08,orthonormal_rows,short_wide,128,1024,8,20260310,qr_pivoted,factor_only,0.00259829166666667,0.0027499375,9.21070663772343e-16,1.04346249800712e-14
20260316_130208,16-Mar-2026 13:02:08,orthonormal_rows,short_wide,128,1024,8,20260310,bsqr_rinv,factor_only,0.00528366666666667,0.0055,1.002509392879e-15,1.09143275305612e-14
20260316_130208,16-Mar-2026 13:02:08,orthonormal_rows,short_wide,128,1024,8,20260310,qr_pivoted,factor_only,0.002528,0.0026524375,9.21070663772343e-16,1.04346249800712e-14
20260316_130208,16-Mar-2026 13:02:08,orthonormal_rows,short_wide,128,1024,8,20260310,qr_pivoted_trsm,factor_only,0.00284016666666667,0.0030035,9.21070663772343e-16,1.04346249800712e-14
20260316_130208,16-Mar-2026 13:02:08,orthonormal_rows,short_wide,128,1280,10,20260310,bsqr_full,factor_only,0.00666529166666667,0.00681902083333333,9.84233632067558e-16,1.07126059727948e-14
20260316_130208,16-Mar-2026 13:02:08,orthonormal_rows,short_wide,128,1280,10,20260310,qr_pivoted,factor_only,0.00293183333333333,0.0031114375,8.87825573257958e-16,1.00574647646567e-14
20260316_130208,16-Mar-2026 13:02:08,orthonormal_rows,short_wide,128,1280,10,20260310,bsqr_rinv,factor_only,0.00663929166666667,0.00673504166666667,9.84233632067558e-16,1.07126059727948e-14
20260316_130208,16-Mar-2026 13:02:08,orthonormal_rows,short_wide,128,1280,10,20260310,qr_pivoted,factor_only,0.00294533333333333,0.00304577083333333,8.87825573257958e-16,1.00574647646567e-14
20260316_130208,16-Mar-2026 13:02:08,orthonormal_rows,short_wide,128,1280,10,20260310,qr_pivoted_trsm,factor_only,0.00340870833333333,0.00349179166666667,8.87825573257958e-16,1.00574647646567e-14
20260316_130208,16-Mar-2026 13:02:08,orthonormal_rows,short_wide,256,512,2,20260310,bsqr_full,factor_only,0.00769458333333333,0.007850125,1.1652776869358e-15,2.04423310000021e-14
20260316_130208,16-Mar-2026 13:02:08,orthonormal_rows,short_wide,256,512,2,20260310,qr_pivoted,factor_only,0.00341270833333333,0.00347039583333333,1.15480041863397e-15,1.98701225834857e-14
20260316_130208,16-Mar-2026 13:02:08,orthonormal_rows,short_wide,256,512,2,20260310,bsqr_rinv,factor_only,0.00754454166666667,0.00762910416666667,1.1652776869358e-15,2.04423310000021e-14
20260316_130208,16-Mar-2026 13:02:08,orthonormal_rows,short_wide,256,512,2,20260310,qr_pivoted,factor_only,0.00338804166666667,0.0035373125,1.15480041863397e-15,1.98701225834857e-14
20260316_130208,16-Mar-2026 13:02:08,orthonormal_rows,short_wide,256,512,2,20260310,qr_pivoted_trsm,factor_only,0.003536375,0.00362635416666667,1.15480041863397e-15,1.98701225834857e-14
20260316_130208,16-Mar-2026 13:02:08,orthonormal_rows,short_wide,256,1024,4,20260310,bsqr_full,factor_only,0.0161461666666667,0.0165243333333333,1.20681731521643e-15,2.07254172366697e-14
20260316_130208,16-Mar-2026 13:02:08,orthonormal_rows,short_wide,256,1024,4,20260310,qr_pivoted,factor_only,0.00597783333333333,0.00622285416666667,1.20285676580833e-15,2.03002636382437e-14
20260316_130208,16-Mar-2026 13:02:08,orthonormal_rows,short_wide,256,1024,4,20260310,bsqr_rinv,factor_only,0.01594525,0.0164258958333333,1.20681731521643e-15,2.07254172366697e-14
20260316_130208,16-Mar-2026 13:02:08,orthonormal_rows,short_wide,256,1024,4,20260310,qr_pivoted,factor_only,0.00605533333333333,0.00624922916666667,1.20285676580833e-15,2.03002636382437e-14
20260316_130208,16-Mar-2026 13:02:08,orthonormal_rows,short_wide,256,1024,4,20260310,qr_pivoted_trsm,factor_only,0.00652079166666667,0.00660952083333333,1.20285676580833e-15,2.03002636382437e-14
20260316_130208,16-Mar-2026 13:02:08,orthonormal_rows,short_wide,256,2048,8,20260310,bsqr_full,factor_only,0.0316720833333333,0.0322101875,1.22405177940612e-15,2.06076800791661e-14
20260316_130208,16-Mar-2026 13:02:08,orthonormal_rows,short_wide,256,2048,8,20260310,qr_pivoted,factor_only,0.010771,0.0113558333333333,1.20319934397482e-15,1.98560431416774e-14
20260316_130208,16-Mar-2026 13:02:08,orthonormal_rows,short_wide,256,2048,8,20260310,bsqr_rinv,factor_only,0.03177775,0.0329141875,1.22405177940612e-15,2.06076800791661e-14
20260316_130208,16-Mar-2026 13:02:08,orthonormal_rows,short_wide,256,2048,8,20260310,qr_pivoted,factor_only,0.01072375,0.011538125,1.20319934397482e-15,1.98560431416774e-14
20260316_130208,16-Mar-2026 13:02:08,orthonormal_rows,short_wide,256,2048,8,20260310,qr_pivoted_trsm,factor_only,0.0118905416666667,0.0128044583333333,1.20319934397482e-15,1.98560431416774e-14
20260316_130208,16-Mar-2026 13:02:08,orthonormal_rows,short_wide,256,2560,10,20260310,bsqr_full,factor_only,0.040269625,0.040643125,1.22149969016321e-15,2.04843022263138e-14
20260316_130208,16-Mar-2026 13:02:08,orthonormal_rows,short_wide,256,2560,10,20260310,qr_pivoted,factor_only,0.013069375,0.0140372916666667,1.22232059321639e-15,1.99047111737374e-14
20260316_130208,16-Mar-2026 13:02:08,orthonormal_rows,short_wide,256,2560,10,20260310,bsqr_rinv,factor_only,0.0399469583333333,0.0407406458333333,1.22149969016321e-15,2.04843022263138e-14
20260316_130208,16-Mar-2026 13:02:08,orthonormal_rows,short_wide,256,2560,10,20260310,qr_pivoted,factor_only,0.0130639166666667,0.0142615416666667,1.22232059321639e-15,1.99047111737374e-14
20260316_130208,16-Mar-2026 13:02:08,orthonormal_rows,short_wide,256,2560,10,20260310,qr_pivoted_trsm,factor_only,0.0157069166666667,0.0160811041666667,1.22232059321639e-15,1.99047111737374e-14
20260316_130208,16-Mar-2026 13:02:08,orthonormal_rows,short_wide,512,1024,2,20260310,bsqr_full,factor_only,0.046247125,0.0469285833333333,1.51715608203461e-15,3.8631803158842e-14
20260316_130208,16-Mar-2026 13:02:08,orthonormal_rows,short_wide,512,1024,2,20260310,qr_pivoted,factor_only,0.016357875,0.0170733541666667,1.54558745802408e-15,3.82450851225573e-14
20260316_130208,16-Mar-2026 13:02:08,orthonormal_rows,short_wide,512,1024,2,20260310,bsqr_rinv,factor_only,0.0452544166666667,0.0463564791666667,1.51715608203461e-15,3.8631803158842e-14
20260316_130208,16-Mar-2026 13:02:08,orthonormal_rows,short_wide,512,1024,2,20260310,qr_pivoted,factor_only,0.0157239166666667,0.0166852708333333,1.54558745802408e-15,3.82450851225573e-14
20260316_130208,16-Mar-2026 13:02:08,orthonormal_rows,short_wide,512,1024,2,20260310,qr_pivoted_trsm,factor_only,0.0169366666666667,0.0175988333333333,1.54558745802408e-15,3.82450851225573e-14
20260316_130208,16-Mar-2026 13:02:08,orthonormal_rows,short_wide,512,2048,4,20260310,bsqr_full,factor_only,0.0961168333333333,0.0985336666666667,1.57186038288312e-15,3.83322888086166e-14
20260316_130208,16-Mar-2026 13:02:08,orthonormal_rows,short_wide,512,2048,4,20260310,qr_pivoted,factor_only,0.029839875,0.0305935208333333,1.59568095372589e-15,3.812855428686e-14
20260316_130208,16-Mar-2026 13:02:08,orthonormal_rows,short_wide,512,2048,4,20260310,bsqr_rinv,factor_only,0.0937279166666667,0.0977166666666667,1.57186038288312e-15,3.83322888086166e-14
20260316_130208,16-Mar-2026 13:02:08,orthonormal_rows,short_wide,512,2048,4,20260310,qr_pivoted,factor_only,0.0295292916666667,0.0307750833333333,1.59568095372589e-15,3.812855428686e-14
20260316_130208,16-Mar-2026 13:02:08,orthonormal_rows,short_wide,512,2048,4,20260310,qr_pivoted_trsm,factor_only,0.0323955,0.033561375,1.59568095372589e-15,3.812855428686e-14
20260316_130208,16-Mar-2026 13:02:08,orthonormal_rows,short_wide,512,4096,8,20260310,bsqr_full,factor_only,0.313748708333333,0.336021354166667,1.59632262223273e-15,3.85675185421702e-14
20260316_130208,16-Mar-2026 13:02:08,orthonormal_rows,short_wide,512,4096,8,20260310,qr_pivoted,factor_only,0.0757277083333333,0.0840745208333333,1.63157117181753e-15,3.85700052809569e-14
20260316_130208,16-Mar-2026 13:02:08,orthonormal_rows,short_wide,512,4096,8,20260310,bsqr_rinv,factor_only,0.3137875,0.325214729166667,1.59632262223273e-15,3.85675185421702e-14
20260316_130208,16-Mar-2026 13:02:08,orthonormal_rows,short_wide,512,4096,8,20260310,qr_pivoted,factor_only,0.0748034583333333,0.0784186041666667,1.63157117181753e-15,3.85700052809569e-14
20260316_130208,16-Mar-2026 13:02:08,orthonormal_rows,short_wide,512,4096,8,20260310,qr_pivoted_trsm,factor_only,0.07997525,0.0831254166666667,1.63157117181753e-15,3.85700052809569e-14
20260316_130208,16-Mar-2026 13:02:08,orthonormal_rows,short_wide,512,5120,10,20260310,bsqr_full,factor_only,0.510198291666667,0.552404708333333,1.60827855615492e-15,3.84535294076732e-14
20260316_130208,16-Mar-2026 13:02:08,orthonormal_rows,short_wide,512,5120,10,20260310,qr_pivoted,factor_only,0.136888208333333,0.162898,1.62922698205424e-15,3.82321921814386e-14
20260316_130208,16-Mar-2026 13:02:08,orthonormal_rows,short_wide,512,5120,10,20260310,bsqr_rinv,factor_only,0.496113291666667,0.545581020833333,1.60827855615492e-15,3.84535294076732e-14
20260316_130208,16-Mar-2026 13:02:08,orthonormal_rows,short_wide,512,5120,10,20260310,qr_pivoted,factor_only,0.136939583333333,0.1604689375,1.62922698205424e-15,3.82321921814386e-14
20260316_130208,16-Mar-2026 13:02:08,orthonormal_rows,short_wide,512,5120,10,20260310,qr_pivoted_trsm,factor_only,0.158938791666667,0.16062675,1.62922698205424e-15,3.82321921814386e-14
20260316_130208,16-Mar-2026 13:02:08,gaussian,square,64,64,1,20260311,bsqr_full,factor_only,4.57083333333333e-05,4.61458333333333e-05,5.83823826293545e-16,6.18839565584046e-15
20260316_130208,16-Mar-2026 13:02:08,gaussian,square,64,64,1,20260311,qr_pivoted,factor_only,4.96666666666667e-05,4.97916666666667e-05,5.865627100028e-16,6.08178397042081e-15
20260316_130208,16-Mar-2026 13:02:08,gaussian,square,64,64,1,20260311,bsqr_rinv,factor_only,4.56666666666667e-05,4.58333333333333e-05,5.83823826293545e-16,6.18839565584046e-15
20260316_130208,16-Mar-2026 13:02:08,gaussian,square,64,64,1,20260311,qr_pivoted,factor_only,4.95e-05,4.975e-05,5.865627100028e-16,6.08178397042081e-15
20260316_130208,16-Mar-2026 13:02:08,gaussian,square,64,64,1,20260311,qr_pivoted_trsm,factor_only,4.97916666666667e-05,4.99791666666667e-05,5.865627100028e-16,6.08178397042081e-15
20260316_130208,16-Mar-2026 13:02:08,gaussian,square,128,128,1,20260311,bsqr_full,factor_only,0.000280458333333333,0.000282708333333333,7.59507282869478e-16,1.09364848213374e-14
20260316_130208,16-Mar-2026 13:02:08,gaussian,square,128,128,1,20260311,qr_pivoted,factor_only,0.000323666666666667,0.000324166666666667,7.14793688866313e-16,9.75513311554116e-15
20260316_130208,16-Mar-2026 13:02:08,gaussian,square,128,128,1,20260311,bsqr_rinv,factor_only,0.000296458333333333,0.000298541666666667,7.59507282869478e-16,1.09364848213374e-14
20260316_130208,16-Mar-2026 13:02:08,gaussian,square,128,128,1,20260311,qr_pivoted,factor_only,0.00032375,0.000328666666666667,7.14793688866313e-16,9.75513311554116e-15
20260316_130208,16-Mar-2026 13:02:08,gaussian,square,128,128,1,20260311,qr_pivoted_trsm,factor_only,0.000337,0.000337520833333333,7.14793688866313e-16,9.75513311554116e-15
20260316_130208,16-Mar-2026 13:02:08,gaussian,square,256,256,1,20260311,bsqr_full,factor_only,0.00283,0.00285491666666667,8.93850559179198e-16,2.00501084368991e-14
20260316_130208,16-Mar-2026 13:02:08,gaussian,square,256,256,1,20260311,qr_pivoted,factor_only,0.00180520833333333,0.0018535,9.36799117274322e-16,2.02171112696499e-14
20260316_130208,16-Mar-2026 13:02:08,gaussian,square,256,256,1,20260311,bsqr_rinv,factor_only,0.00274875,0.002823875,8.93850559179198e-16,2.00501084368991e-14
20260316_130208,16-Mar-2026 13:02:08,gaussian,square,256,256,1,20260311,qr_pivoted,factor_only,0.00179175,0.001853125,9.36799117274322e-16,2.02171112696499e-14
20260316_130208,16-Mar-2026 13:02:08,gaussian,square,256,256,1,20260311,qr_pivoted_trsm,factor_only,0.00179295833333333,0.00184972916666667,9.36799117274322e-16,2.02171112696499e-14
20260316_130208,16-Mar-2026 13:02:08,gaussian,square,384,384,1,20260311,bsqr_full,factor_only,0.00780820833333333,0.007889625,1.05576002369429e-15,2.95756253377768e-14
20260316_130208,16-Mar-2026 13:02:08,gaussian,square,384,384,1,20260311,qr_pivoted,factor_only,0.00422941666666667,0.00428104166666667,1.09652730790636e-15,2.98809996462596e-14
20260316_130208,16-Mar-2026 13:02:08,gaussian,square,384,384,1,20260311,bsqr_rinv,factor_only,0.00781908333333333,0.00788325,1.05576002369429e-15,2.95756253377768e-14
20260316_130208,16-Mar-2026 13:02:08,gaussian,square,384,384,1,20260311,qr_pivoted,factor_only,0.0040125,0.00403008333333333,1.09652730790636e-15,2.98809996462596e-14
20260316_130208,16-Mar-2026 13:02:08,gaussian,square,384,384,1,20260311,qr_pivoted_trsm,factor_only,0.00423195833333333,0.00428314583333333,1.09652730790636e-15,2.98809996462596e-14
20260316_130208,16-Mar-2026 13:02:08,gaussian,square,512,512,1,20260311,bsqr_full,factor_only,0.0175467916666667,0.0182155416666667,1.2119364045858e-15,3.85108663911074e-14
20260316_130208,16-Mar-2026 13:02:08,gaussian,square,512,512,1,20260311,qr_pivoted,factor_only,0.00901329166666667,0.0090815,1.23503429237034e-15,3.8519506697154e-14
20260316_130208,16-Mar-2026 13:02:08,gaussian,square,512,512,1,20260311,bsqr_rinv,factor_only,0.0182801666666667,0.0190203541666667,1.2119364045858e-15,3.85108663911074e-14
20260316_130208,16-Mar-2026 13:02:08,gaussian,square,512,512,1,20260311,qr_pivoted,factor_only,0.00877983333333333,0.00881804166666667,1.23503429237034e-15,3.8519506697154e-14
20260316_130208,16-Mar-2026 13:02:08,gaussian,square,512,512,1,20260311,qr_pivoted_trsm,factor_only,0.00880095833333333,0.00882716666666667,1.23503429237034e-15,3.8519506697154e-14
20260316_130208,16-Mar-2026 13:02:08,gaussian,short_wide,32,64,2,20260311,bsqr_full,factor_only,2.425e-05,2.4375e-05,5.23763716460288e-16,3.4342283403794e-15
20260316_130208,16-Mar-2026 13:02:08,gaussian,short_wide,32,64,2,20260311,qr_pivoted,factor_only,1.7875e-05,1.80625e-05,5.02537652209018e-16,2.8124901703792e-15
20260316_130208,16-Mar-2026 13:02:08,gaussian,short_wide,32,64,2,20260311,bsqr_rinv,factor_only,2.40416666666667e-05,2.42083333333333e-05,5.23763716460288e-16,3.4342283403794e-15
20260316_130208,16-Mar-2026 13:02:08,gaussian,short_wide,32,64,2,20260311,qr_pivoted,factor_only,1.79583333333333e-05,1.8e-05,5.02537652209018e-16,2.8124901703792e-15
20260316_130208,16-Mar-2026 13:02:08,gaussian,short_wide,32,64,2,20260311,qr_pivoted_trsm,factor_only,2.60416666666667e-05,2.68958333333333e-05,5.02537652209018e-16,2.8124901703792e-15
20260316_130208,16-Mar-2026 13:02:08,gaussian,short_wide,32,128,4,20260311,bsqr_full,factor_only,4.70833333333333e-05,4.72916666666667e-05,5.50953307058496e-16,3.19520750462275e-15
20260316_130208,16-Mar-2026 13:02:08,gaussian,short_wide,32,128,4,20260311,qr_pivoted,factor_only,2.98333333333333e-05,3.00833333333333e-05,5.73137395796663e-16,3.12556598198176e-15
20260316_130208,16-Mar-2026 13:02:08,gaussian,short_wide,32,128,4,20260311,bsqr_rinv,factor_only,4.70416666666667e-05,4.72916666666667e-05,5.50953307058496e-16,3.19520750462275e-15
20260316_130208,16-Mar-2026 13:02:08,gaussian,short_wide,32,128,4,20260311,qr_pivoted,factor_only,2.99166666666667e-05,3e-05,5.73137395796663e-16,3.12556598198176e-15
20260316_130208,16-Mar-2026 13:02:08,gaussian,short_wide,32,128,4,20260311,qr_pivoted_trsm,factor_only,4.05833333333333e-05,4.1e-05,5.73137395796663e-16,3.12556598198176e-15
20260316_130208,16-Mar-2026 13:02:08,gaussian,short_wide,32,256,8,20260311,bsqr_full,factor_only,9.66666666666667e-05,9.76666666666667e-05,5.73048751285389e-16,3.33070332231235e-15
20260316_130208,16-Mar-2026 13:02:08,gaussian,short_wide,32,256,8,20260311,qr_pivoted,factor_only,5.39166666666667e-05,5.40625e-05,5.07710808428351e-16,2.8865193270986e-15
20260316_130208,16-Mar-2026 13:02:08,gaussian,short_wide,32,256,8,20260311,bsqr_rinv,factor_only,9.63333333333333e-05,9.77916666666667e-05,5.73048751285389e-16,3.33070332231235e-15
20260316_130208,16-Mar-2026 13:02:08,gaussian,short_wide,32,256,8,20260311,qr_pivoted,factor_only,5.77916666666667e-05,0.000110833333333333,5.07710808428351e-16,2.8865193270986e-15
20260316_130208,16-Mar-2026 13:02:08,gaussian,short_wide,32,256,8,20260311,qr_pivoted_trsm,factor_only,0.000175875,0.000177541666666667,5.07710808428351e-16,2.8865193270986e-15
20260316_130208,16-Mar-2026 13:02:08,gaussian,short_wide,32,320,10,20260311,bsqr_full,factor_only,0.000130875,0.000131979166666667,5.87147669265652e-16,3.51853075189379e-15
20260316_130208,16-Mar-2026 13:02:08,gaussian,short_wide,32,320,10,20260311,qr_pivoted,factor_only,6.94166666666667e-05,0.000123916666666667,5.61796763976698e-16,3.1693239085731e-15
20260316_130208,16-Mar-2026 13:02:08,gaussian,short_wide,32,320,10,20260311,bsqr_rinv,factor_only,0.000130583333333333,0.00013175,5.87147669265652e-16,3.51853075189379e-15
20260316_130208,16-Mar-2026 13:02:08,gaussian,short_wide,32,320,10,20260311,qr_pivoted,factor_only,6.9e-05,0.000118875,5.61796763976698e-16,3.1693239085731e-15
20260316_130208,16-Mar-2026 13:02:08,gaussian,short_wide,32,320,10,20260311,qr_pivoted_trsm,factor_only,0.000187833333333333,0.000189208333333333,5.61796763976698e-16,3.1693239085731e-15
20260316_130208,16-Mar-2026 13:02:08,gaussian,short_wide,64,128,2,20260311,bsqr_full,factor_only,0.000121625,0.000122541666666667,6.69766290741711e-16,6.05401371485343e-15
20260316_130208,16-Mar-2026 13:02:08,gaussian,short_wide,64,128,2,20260311,qr_pivoted,factor_only,9.15416666666667e-05,0.0001445625,6.65231895812376e-16,5.96546407328577e-15
20260316_130208,16-Mar-2026 13:02:08,gaussian,short_wide,64,128,2,20260311,bsqr_rinv,factor_only,0.000121375,0.000121916666666667,6.69766290741711e-16,6.05401371485343e-15
20260316_130208,16-Mar-2026 13:02:08,gaussian,short_wide,64,128,2,20260311,qr_pivoted,factor_only,9.10416666666667e-05,0.000143083333333333,6.65231895812376e-16,5.96546407328577e-15
20260316_130208,16-Mar-2026 13:02:08,gaussian,short_wide,64,128,2,20260311,qr_pivoted_trsm,factor_only,0.000107041666666667,0.000160625,6.65231895812376e-16,5.96546407328577e-15
20260316_130208,16-Mar-2026 13:02:08,gaussian,short_wide,64,256,4,20260311,bsqr_full,factor_only,0.00031125,0.000314458333333333,7.51248963425002e-16,6.59265552681973e-15
20260316_130208,16-Mar-2026 13:02:08,gaussian,short_wide,64,256,4,20260311,qr_pivoted,factor_only,0.000166208333333333,0.000219895833333333,7.09699890005729e-16,5.82766599030318e-15
20260316_130208,16-Mar-2026 13:02:08,gaussian,short_wide,64,256,4,20260311,bsqr_rinv,factor_only,0.000310625,0.000315354166666667,7.51248963425002e-16,6.59265552681973e-15
20260316_130208,16-Mar-2026 13:02:08,gaussian,short_wide,64,256,4,20260311,qr_pivoted,factor_only,0.000166833333333333,0.000218666666666667,7.09699890005729e-16,5.82766599030318e-15
20260316_130208,16-Mar-2026 13:02:08,gaussian,short_wide,64,256,4,20260311,qr_pivoted_trsm,factor_only,0.000191666666666667,0.000245125,7.09699890005729e-16,5.82766599030318e-15
20260316_130208,16-Mar-2026 13:02:08,gaussian,short_wide,64,512,8,20260311,bsqr_full,factor_only,0.000806,0.00081025,7.74251489322183e-16,6.2538489298757e-15
20260316_130208,16-Mar-2026 13:02:08,gaussian,short_wide,64,512,8,20260311,qr_pivoted,factor_only,0.000449375,0.000500104166666667,7.28936859862114e-16,5.70789213199402e-15
20260316_130208,16-Mar-2026 13:02:08,gaussian,short_wide,64,512,8,20260311,bsqr_rinv,factor_only,0.000804583333333333,0.000808645833333333,7.74251489322183e-16,6.2538489298757e-15
20260316_130208,16-Mar-2026 13:02:08,gaussian,short_wide,64,512,8,20260311,qr_pivoted,factor_only,0.000448625,0.000500229166666667,7.28936859862114e-16,5.70789213199402e-15
20260316_130208,16-Mar-2026 13:02:08,gaussian,short_wide,64,512,8,20260311,qr_pivoted_trsm,factor_only,0.000486458333333333,0.000490416666666667,7.28936859862114e-16,5.70789213199402e-15
20260316_130208,16-Mar-2026 13:02:08,gaussian,short_wide,64,640,10,20260311,bsqr_full,factor_only,0.00103816666666667,0.00105575,7.76721937005444e-16,6.33999786289741e-15
20260316_130208,16-Mar-2026 13:02:08,gaussian,short_wide,64,640,10,20260311,qr_pivoted,factor_only,0.000588125,0.000599645833333333,7.6464253530813e-16,5.72773859347563e-15
20260316_130208,16-Mar-2026 13:02:08,gaussian,short_wide,64,640,10,20260311,bsqr_rinv,factor_only,0.00107491666666667,0.001100375,7.76721937005444e-16,6.33999786289741e-15
20260316_130208,16-Mar-2026 13:02:08,gaussian,short_wide,64,640,10,20260311,qr_pivoted,factor_only,0.000598291666666667,0.0006049375,7.6464253530813e-16,5.72773859347563e-15
20260316_130208,16-Mar-2026 13:02:08,gaussian,short_wide,64,640,10,20260311,qr_pivoted_trsm,factor_only,0.000679708333333333,0.0007990625,7.6464253530813e-16,5.72773859347563e-15
20260316_130208,16-Mar-2026 13:02:08,gaussian,short_wide,128,256,2,20260311,bsqr_full,factor_only,0.00117341666666667,0.00124889583333333,8.8620396244467e-16,1.11841646196891e-14
20260316_130208,16-Mar-2026 13:02:08,gaussian,short_wide,128,256,2,20260311,qr_pivoted,factor_only,0.0009045,0.000943020833333333,8.36091253053455e-16,9.80653047198255e-15
20260316_130208,16-Mar-2026 13:02:08,gaussian,short_wide,128,256,2,20260311,bsqr_rinv,factor_only,0.001345,0.001373875,8.8620396244467e-16,1.11841646196891e-14
20260316_130208,16-Mar-2026 13:02:08,gaussian,short_wide,128,256,2,20260311,qr_pivoted,factor_only,0.0008765,0.0009573125,8.36091253053455e-16,9.80653047198255e-15
20260316_130208,16-Mar-2026 13:02:08,gaussian,short_wide,128,256,2,20260311,qr_pivoted_trsm,factor_only,0.000979333333333333,0.0010269375,8.36091253053455e-16,9.80653047198255e-15
20260316_130208,16-Mar-2026 13:02:08,gaussian,short_wide,128,512,4,20260311,bsqr_full,factor_only,0.0027505,0.00288583333333333,9.32876330976504e-16,1.06522883945427e-14
20260316_130208,16-Mar-2026 13:02:08,gaussian,short_wide,128,512,4,20260311,qr_pivoted,factor_only,0.00171983333333333,0.0017608125,8.92759297595607e-16,9.90977762672978e-15
20260316_130208,16-Mar-2026 13:02:08,gaussian,short_wide,128,512,4,20260311,bsqr_rinv,factor_only,0.00272383333333333,0.002739625,9.32876330976504e-16,1.06522883945427e-14
20260316_130208,16-Mar-2026 13:02:08,gaussian,short_wide,128,512,4,20260311,qr_pivoted,factor_only,0.00166220833333333,0.0017695,8.92759297595607e-16,9.90977762672978e-15
20260316_130208,16-Mar-2026 13:02:08,gaussian,short_wide,128,512,4,20260311,qr_pivoted_trsm,factor_only,0.001803875,0.00191722916666667,8.92759297595607e-16,9.90977762672978e-15
20260316_130208,16-Mar-2026 13:02:08,gaussian,short_wide,128,1024,8,20260311,bsqr_full,factor_only,0.005547375,0.0057995,1.01877608490469e-15,1.14421674809513e-14
20260316_130208,16-Mar-2026 13:02:08,gaussian,short_wide,128,1024,8,20260311,qr_pivoted,factor_only,0.00265483333333333,0.00279560416666667,8.9509046992308e-16,1.02938727069648e-14
20260316_130208,16-Mar-2026 13:02:08,gaussian,short_wide,128,1024,8,20260311,bsqr_rinv,factor_only,0.00554266666666667,0.00566647916666667,1.01877608490469e-15,1.14421674809513e-14
20260316_130208,16-Mar-2026 13:02:08,gaussian,short_wide,128,1024,8,20260311,qr_pivoted,factor_only,0.00260304166666667,0.00277202083333333,8.9509046992308e-16,1.02938727069648e-14
20260316_130208,16-Mar-2026 13:02:08,gaussian,short_wide,128,1024,8,20260311,qr_pivoted_trsm,factor_only,0.002986875,0.00315470833333333,8.9509046992308e-16,1.02938727069648e-14
20260316_130208,16-Mar-2026 13:02:08,gaussian,short_wide,128,1280,10,20260311,bsqr_full,factor_only,0.006889625,0.00701366666666667,9.83694574678879e-16,1.11870857847547e-14
20260316_130208,16-Mar-2026 13:02:08,gaussian,short_wide,128,1280,10,20260311,qr_pivoted,factor_only,0.003045875,0.00329189583333333,8.86737284016407e-16,1.02143087451045e-14
20260316_130208,16-Mar-2026 13:02:08,gaussian,short_wide,128,1280,10,20260311,bsqr_rinv,factor_only,0.00685341666666667,0.00696035416666667,9.83694574678879e-16,1.11870857847547e-14
20260316_130208,16-Mar-2026 13:02:08,gaussian,short_wide,128,1280,10,20260311,qr_pivoted,factor_only,0.00306470833333333,0.00314635416666667,8.86737284016407e-16,1.02143087451045e-14
20260316_130208,16-Mar-2026 13:02:08,gaussian,short_wide,128,1280,10,20260311,qr_pivoted_trsm,factor_only,0.00332775,0.0034843125,8.86737284016407e-16,1.02143087451045e-14
20260316_130208,16-Mar-2026 13:02:08,gaussian,short_wide,256,512,2,20260311,bsqr_full,factor_only,0.00805,0.008114,1.05594005989391e-15,2.00377186692034e-14
20260316_130208,16-Mar-2026 13:02:08,gaussian,short_wide,256,512,2,20260311,qr_pivoted,factor_only,0.003521875,0.00354233333333333,1.10353603398516e-15,1.98529404960889e-14
20260316_130208,16-Mar-2026 13:02:08,gaussian,short_wide,256,512,2,20260311,bsqr_rinv,factor_only,0.007760875,0.00782964583333333,1.05594005989391e-15,2.00377186692034e-14
20260316_130208,16-Mar-2026 13:02:08,gaussian,short_wide,256,512,2,20260311,qr_pivoted,factor_only,0.00344158333333333,0.00350383333333333,1.10353603398516e-15,1.98529404960889e-14
20260316_130208,16-Mar-2026 13:02:08,gaussian,short_wide,256,512,2,20260311,qr_pivoted_trsm,factor_only,0.00359216666666667,0.00363447916666667,1.10353603398516e-15,1.98529404960889e-14
20260316_130208,16-Mar-2026 13:02:08,gaussian,short_wide,256,1024,4,20260311,bsqr_full,factor_only,0.0160633333333333,0.0166909166666667,1.1728111351028e-15,2.05563905629414e-14
20260316_130208,16-Mar-2026 13:02:08,gaussian,short_wide,256,1024,4,20260311,qr_pivoted,factor_only,0.00604770833333333,0.00623339583333333,1.16356687146509e-15,1.9712758264555e-14
20260316_130208,16-Mar-2026 13:02:08,gaussian,short_wide,256,1024,4,20260311,bsqr_rinv,factor_only,0.01599275,0.0164490208333333,1.1728111351028e-15,2.05563905629414e-14
20260316_130208,16-Mar-2026 13:02:08,gaussian,short_wide,256,1024,4,20260311,qr_pivoted,factor_only,0.00594225,0.00618829166666667,1.16356687146509e-15,1.9712758264555e-14
20260316_130208,16-Mar-2026 13:02:08,gaussian,short_wide,256,1024,4,20260311,qr_pivoted_trsm,factor_only,0.00662941666666667,0.0069525,1.16356687146509e-15,1.9712758264555e-14
20260316_130208,16-Mar-2026 13:02:08,gaussian,short_wide,256,2048,8,20260311,bsqr_full,factor_only,0.03101475,0.031730125,1.20912639734696e-15,2.05994398043557e-14
20260316_130208,16-Mar-2026 13:02:08,gaussian,short_wide,256,2048,8,20260311,qr_pivoted,factor_only,0.0105294583333333,0.0109759375,1.19860989783704e-15,2.01065490621215e-14
20260316_130208,16-Mar-2026 13:02:08,gaussian,short_wide,256,2048,8,20260311,bsqr_rinv,factor_only,0.0314980833333333,0.0319109166666667,1.20912639734696e-15,2.05994398043557e-14
20260316_130208,16-Mar-2026 13:02:08,gaussian,short_wide,256,2048,8,20260311,qr_pivoted,factor_only,0.0107872083333333,0.0111448541666667,1.19860989783704e-15,2.01065490621215e-14
20260316_130208,16-Mar-2026 13:02:08,gaussian,short_wide,256,2048,8,20260311,qr_pivoted_trsm,factor_only,0.012494,0.0130094166666667,1.19860989783704e-15,2.01065490621215e-14
20260316_130208,16-Mar-2026 13:02:08,gaussian,short_wide,256,2560,10,20260311,bsqr_full,factor_only,0.0393539583333333,0.0401965208333333,1.21412087719241e-15,2.04089925745011e-14
20260316_130208,16-Mar-2026 13:02:08,gaussian,short_wide,256,2560,10,20260311,qr_pivoted,factor_only,0.0130677083333333,0.0138216875,1.20569563659214e-15,1.99511292504601e-14
20260316_130208,16-Mar-2026 13:02:08,gaussian,short_wide,256,2560,10,20260311,bsqr_rinv,factor_only,0.0395855416666667,0.0399937291666667,1.21412087719241e-15,2.04089925745011e-14
20260316_130208,16-Mar-2026 13:02:08,gaussian,short_wide,256,2560,10,20260311,qr_pivoted,factor_only,0.0128682083333333,0.0138530416666667,1.20569563659214e-15,1.99511292504601e-14
20260316_130208,16-Mar-2026 13:02:08,gaussian,short_wide,256,2560,10,20260311,qr_pivoted_trsm,factor_only,0.0155917083333333,0.0159460625,1.20569563659214e-15,1.99511292504601e-14
20260316_130208,16-Mar-2026 13:02:08,gaussian,short_wide,512,1024,2,20260311,bsqr_full,factor_only,0.0442344583333333,0.0448092916666667,1.4180119896567e-15,3.82191252072811e-14
20260316_130208,16-Mar-2026 13:02:08,gaussian,short_wide,512,1024,2,20260311,qr_pivoted,factor_only,0.0158207083333333,0.0162957708333333,1.45676360477652e-15,3.81418582839077e-14
20260316_130208,16-Mar-2026 13:02:08,gaussian,short_wide,512,1024,2,20260311,bsqr_rinv,factor_only,0.0444342083333333,0.0448304583333333,1.4180119896567e-15,3.82191252072811e-14
20260316_130208,16-Mar-2026 13:02:08,gaussian,short_wide,512,1024,2,20260311,qr_pivoted,factor_only,0.015870875,0.016307125,1.45676360477652e-15,3.81418582839077e-14
20260316_130208,16-Mar-2026 13:02:08,gaussian,short_wide,512,1024,2,20260311,qr_pivoted_trsm,factor_only,0.0171687083333333,0.0173458958333333,1.45676360477652e-15,3.81418582839077e-14
20260316_130208,16-Mar-2026 13:02:08,gaussian,short_wide,512,2048,4,20260311,bsqr_full,factor_only,0.092305,0.094378125,1.52981181051452e-15,3.83155762790142e-14
20260316_130208,16-Mar-2026 13:02:08,gaussian,short_wide,512,2048,4,20260311,qr_pivoted,factor_only,0.0290355,0.0300165833333333,1.55493258811828e-15,3.82441554691513e-14
20260316_130208,16-Mar-2026 13:02:08,gaussian,short_wide,512,2048,4,20260311,bsqr_rinv,factor_only,0.0933295833333333,0.0953109166666667,1.52981181051452e-15,3.83155762790142e-14
20260316_130208,16-Mar-2026 13:02:08,gaussian,short_wide,512,2048,4,20260311,qr_pivoted,factor_only,0.028872625,0.0296944791666667,1.55493258811828e-15,3.82441554691513e-14
20260316_130208,16-Mar-2026 13:02:08,gaussian,short_wide,512,2048,4,20260311,qr_pivoted_trsm,factor_only,0.0325643333333333,0.0333612708333333,1.55493258811828e-15,3.82441554691513e-14
20260316_130208,16-Mar-2026 13:02:08,gaussian,short_wide,512,4096,8,20260311,bsqr_full,factor_only,0.286979166666667,0.313659791666667,1.57657678999888e-15,3.84360803494789e-14
20260316_130208,16-Mar-2026 13:02:08,gaussian,short_wide,512,4096,8,20260311,qr_pivoted,factor_only,0.072891875,0.0779294375,1.61766150075406e-15,3.85703219068771e-14
20260316_130208,16-Mar-2026 13:02:08,gaussian,short_wide,512,4096,8,20260311,bsqr_rinv,factor_only,0.305742083333333,0.309230208333333,1.57657678999888e-15,3.84360803494789e-14
20260316_130208,16-Mar-2026 13:02:08,gaussian,short_wide,512,4096,8,20260311,qr_pivoted,factor_only,0.0733064166666667,0.0765763333333333,1.61766150075406e-15,3.85703219068771e-14
20260316_130208,16-Mar-2026 13:02:08,gaussian,short_wide,512,4096,8,20260311,qr_pivoted_trsm,factor_only,0.0798516666666667,0.0836560625,1.61766150075406e-15,3.85703219068771e-14
20260316_130208,16-Mar-2026 13:02:08,gaussian,short_wide,512,5120,10,20260311,bsqr_full,factor_only,0.469990125,0.495429583333333,1.59705681288333e-15,3.83960564747893e-14
20260316_130208,16-Mar-2026 13:02:08,gaussian,short_wide,512,5120,10,20260311,qr_pivoted,factor_only,0.130284,0.1335720625,1.62110004608035e-15,3.8389053846798e-14
20260316_130208,16-Mar-2026 13:02:08,gaussian,short_wide,512,5120,10,20260311,bsqr_rinv,factor_only,0.4687535,0.495698479166667,1.59705681288333e-15,3.83960564747893e-14
20260316_130208,16-Mar-2026 13:02:08,gaussian,short_wide,512,5120,10,20260311,qr_pivoted,factor_only,0.130564083333333,0.134365520833333,1.62110004608035e-15,3.8389053846798e-14
20260316_130208,16-Mar-2026 13:02:08,gaussian,short_wide,512,5120,10,20260311,qr_pivoted_trsm,factor_only,0.148671541666667,0.150380708333333,1.62110004608035e-15,3.8389053846798e-14
20260316_130208,16-Mar-2026 13:02:08,ill_conditioned,square,64,64,1,20260311,bsqr_full,factor_only,4.49166666666667e-05,4.625e-05,4.72187416720895e-16,6.57959148153564e-15
20260316_130208,16-Mar-2026 13:02:08,ill_conditioned,square,64,64,1,20260311,qr_pivoted,factor_only,4.775e-05,4.88125e-05,4.29833647929e-16,5.63426183306696e-15
20260316_130208,16-Mar-2026 13:02:08,ill_conditioned,square,64,64,1,20260311,bsqr_rinv,factor_only,4.425e-05,4.4625e-05,4.72187416720895e-16,6.57959148153564e-15
20260316_130208,16-Mar-2026 13:02:08,ill_conditioned,square,64,64,1,20260311,qr_pivoted,factor_only,4.77083333333333e-05,4.78333333333333e-05,4.29833647929e-16,5.63426183306696e-15
20260316_130208,16-Mar-2026 13:02:08,ill_conditioned,square,64,64,1,20260311,qr_pivoted_trsm,factor_only,4.79166666666667e-05,4.81041666666667e-05,4.29833647929e-16,5.63426183306696e-15
20260316_130208,16-Mar-2026 13:02:08,ill_conditioned,square,128,128,1,20260311,bsqr_full,factor_only,0.00027225,0.000275458333333333,5.44651859334715e-16,1.10063665225718e-14
20260316_130208,16-Mar-2026 13:02:08,ill_conditioned,square,128,128,1,20260311,qr_pivoted,factor_only,0.0002965,0.000297104166666667,5.76066312918399e-16,9.98211462896386e-15
20260316_130208,16-Mar-2026 13:02:08,ill_conditioned,square,128,128,1,20260311,bsqr_rinv,factor_only,0.000271458333333333,0.000274354166666667,5.44651859334715e-16,1.10063665225718e-14
20260316_130208,16-Mar-2026 13:02:08,ill_conditioned,square,128,128,1,20260311,qr_pivoted,factor_only,0.000296458333333333,0.000297041666666667,5.76066312918399e-16,9.98211462896386e-15
20260316_130208,16-Mar-2026 13:02:08,ill_conditioned,square,128,128,1,20260311,qr_pivoted_trsm,factor_only,0.000295291666666667,0.000297604166666667,5.76066312918399e-16,9.98211462896386e-15
20260316_130208,16-Mar-2026 13:02:08,ill_conditioned,square,256,256,1,20260311,bsqr_full,factor_only,0.00266804166666667,0.00270604166666667,7.11570412012026e-16,2.03365935431411e-14
20260316_130208,16-Mar-2026 13:02:08,ill_conditioned,square,256,256,1,20260311,qr_pivoted,factor_only,0.001887,0.002087125,7.61584708550467e-16,1.97683987790974e-14
20260316_130208,16-Mar-2026 13:02:08,ill_conditioned,square,256,256,1,20260311,bsqr_rinv,factor_only,0.0028055,0.00283489583333333,7.11570412012026e-16,2.03365935431411e-14
20260316_130208,16-Mar-2026 13:02:08,ill_conditioned,square,256,256,1,20260311,qr_pivoted,factor_only,0.00206341666666667,0.00207402083333333,7.61584708550467e-16,1.97683987790974e-14
20260316_130208,16-Mar-2026 13:02:08,ill_conditioned,square,256,256,1,20260311,qr_pivoted_trsm,factor_only,0.00201220833333333,0.0020798125,7.61584708550467e-16,1.97683987790974e-14
20260316_130208,16-Mar-2026 13:02:08,ill_conditioned,square,384,384,1,20260311,bsqr_full,factor_only,0.00756379166666667,0.0076334375,7.79588584809135e-16,2.99167992022189e-14
20260316_130208,16-Mar-2026 13:02:08,ill_conditioned,square,384,384,1,20260311,qr_pivoted,factor_only,0.004044875,0.00406979166666667,8.29358292255136e-16,2.96545866692165e-14
20260316_130208,16-Mar-2026 13:02:08,ill_conditioned,square,384,384,1,20260311,bsqr_rinv,factor_only,0.00736195833333333,0.00757458333333333,7.79588584809135e-16,2.99167992022189e-14
20260316_130208,16-Mar-2026 13:02:08,ill_conditioned,square,384,384,1,20260311,qr_pivoted,factor_only,0.00409720833333333,0.00411733333333333,8.29358292255136e-16,2.96545866692165e-14
20260316_130208,16-Mar-2026 13:02:08,ill_conditioned,square,384,384,1,20260311,qr_pivoted_trsm,factor_only,0.00425391666666667,0.00431966666666667,8.29358292255136e-16,2.96545866692165e-14
20260316_130208,16-Mar-2026 13:02:08,ill_conditioned,square,512,512,1,20260311,bsqr_full,factor_only,0.017468125,0.0178314583333333,9.07478944953388e-16,3.83561394758543e-14
20260316_130208,16-Mar-2026 13:02:08,ill_conditioned,square,512,512,1,20260311,qr_pivoted,factor_only,0.0100276666666667,0.0102467291666667,9.15390496471056e-16,3.84847628904205e-14
20260316_130208,16-Mar-2026 13:02:08,ill_conditioned,square,512,512,1,20260311,bsqr_rinv,factor_only,0.017365625,0.017554125,9.07478944953388e-16,3.83561394758543e-14
20260316_130208,16-Mar-2026 13:02:08,ill_conditioned,square,512,512,1,20260311,qr_pivoted,factor_only,0.009696,0.00971539583333333,9.15390496471056e-16,3.84847628904205e-14
20260316_130208,16-Mar-2026 13:02:08,ill_conditioned,square,512,512,1,20260311,qr_pivoted_trsm,factor_only,0.0097855,0.00992404166666667,9.15390496471056e-16,3.84847628904205e-14
20260316_130208,16-Mar-2026 13:02:08,ill_conditioned,short_wide,32,64,2,20260311,bsqr_full,factor_only,2.27916666666667e-05,2.30208333333333e-05,6.2032665880127e-16,3.86521956065173e-15
20260316_130208,16-Mar-2026 13:02:08,ill_conditioned,short_wide,32,64,2,20260311,qr_pivoted,factor_only,1.71666666666667e-05,1.7375e-05,6.37583200762173e-16,3.94846033016511e-15
20260316_130208,16-Mar-2026 13:02:08,ill_conditioned,short_wide,32,64,2,20260311,bsqr_rinv,factor_only,2.275e-05,2.2875e-05,6.2032665880127e-16,3.86521956065173e-15
20260316_130208,16-Mar-2026 13:02:08,ill_conditioned,short_wide,32,64,2,20260311,qr_pivoted,factor_only,1.70416666666667e-05,1.71041666666667e-05,6.37583200762173e-16,3.94846033016511e-15
20260316_130208,16-Mar-2026 13:02:08,ill_conditioned,short_wide,32,64,2,20260311,qr_pivoted_trsm,factor_only,2.4625e-05,2.51041666666667e-05,6.37583200762173e-16,3.94846033016511e-15
20260316_130208,16-Mar-2026 13:02:08,ill_conditioned,short_wide,32,128,4,20260311,bsqr_full,factor_only,4.47916666666667e-05,4.50208333333333e-05,3.13702904986454e-16,3.1883585935574e-15
20260316_130208,16-Mar-2026 13:02:08,ill_conditioned,short_wide,32,128,4,20260311,qr_pivoted,factor_only,2.8625e-05,2.87291666666667e-05,3.11102635115845e-16,3.38093798229132e-15
20260316_130208,16-Mar-2026 13:02:08,ill_conditioned,short_wide,32,128,4,20260311,bsqr_rinv,factor_only,4.45416666666667e-05,4.48333333333333e-05,3.13702904986454e-16,3.1883585935574e-15
20260316_130208,16-Mar-2026 13:02:08,ill_conditioned,short_wide,32,128,4,20260311,qr_pivoted,factor_only,2.89166666666667e-05,2.90833333333333e-05,3.11102635115845e-16,3.38093798229132e-15
20260316_130208,16-Mar-2026 13:02:08,ill_conditioned,short_wide,32,128,4,20260311,qr_pivoted_trsm,factor_only,3.90833333333333e-05,3.92916666666667e-05,3.11102635115845e-16,3.38093798229132e-15
20260316_130208,16-Mar-2026 13:02:08,ill_conditioned,short_wide,32,256,8,20260311,bsqr_full,factor_only,9.11666666666667e-05,9.20833333333333e-05,3.17602007956374e-16,3.24164140280282e-15
20260316_130208,16-Mar-2026 13:02:08,ill_conditioned,short_wide,32,256,8,20260311,qr_pivoted,factor_only,5.15416666666667e-05,5.17291666666667e-05,3.17109607908724e-16,3.21197426549665e-15
20260316_130208,16-Mar-2026 13:02:08,ill_conditioned,short_wide,32,256,8,20260311,bsqr_rinv,factor_only,9.09166666666667e-05,9.17083333333333e-05,3.17602007956374e-16,3.24164140280282e-15
20260316_130208,16-Mar-2026 13:02:08,ill_conditioned,short_wide,32,256,8,20260311,qr_pivoted,factor_only,5.15833333333333e-05,5.16666666666667e-05,3.17109607908724e-16,3.21197426549665e-15
20260316_130208,16-Mar-2026 13:02:08,ill_conditioned,short_wide,32,256,8,20260311,qr_pivoted_trsm,factor_only,6.71666666666667e-05,6.75208333333333e-05,3.17109607908724e-16,3.21197426549665e-15
20260316_130208,16-Mar-2026 13:02:08,ill_conditioned,short_wide,32,320,10,20260311,bsqr_full,factor_only,0.000121541666666667,0.000122979166666667,5.77933525921946e-16,3.3196451728919e-15
20260316_130208,16-Mar-2026 13:02:08,ill_conditioned,short_wide,32,320,10,20260311,qr_pivoted,factor_only,6.3125e-05,6.35625e-05,5.71639552560384e-16,3.38731154669597e-15
20260316_130208,16-Mar-2026 13:02:08,ill_conditioned,short_wide,32,320,10,20260311,bsqr_rinv,factor_only,0.000122583333333333,0.0001230625,5.77933525921946e-16,3.3196451728919e-15
20260316_130208,16-Mar-2026 13:02:08,ill_conditioned,short_wide,32,320,10,20260311,qr_pivoted,factor_only,6.2375e-05,6.31041666666667e-05,5.71639552560384e-16,3.38731154669597e-15
20260316_130208,16-Mar-2026 13:02:08,ill_conditioned,short_wide,32,320,10,20260311,qr_pivoted_trsm,factor_only,8.20416666666667e-05,8.23333333333333e-05,5.71639552560384e-16,3.38731154669597e-15
20260316_130208,16-Mar-2026 13:02:08,ill_conditioned,short_wide,64,128,2,20260311,bsqr_full,factor_only,0.000114,0.000114979166666667,4.0143542967211e-16,6.25732582957838e-15
20260316_130208,16-Mar-2026 13:02:08,ill_conditioned,short_wide,64,128,2,20260311,qr_pivoted,factor_only,8.35833333333333e-05,8.42083333333333e-05,4.15239074167146e-16,5.47232605239539e-15
20260316_130208,16-Mar-2026 13:02:08,ill_conditioned,short_wide,64,128,2,20260311,bsqr_rinv,factor_only,0.000113666666666667,0.000114229166666667,4.0143542967211e-16,6.25732582957838e-15
20260316_130208,16-Mar-2026 13:02:08,ill_conditioned,short_wide,64,128,2,20260311,qr_pivoted,factor_only,8.3625e-05,8.41041666666667e-05,4.15239074167146e-16,5.47232605239539e-15
20260316_130208,16-Mar-2026 13:02:08,ill_conditioned,short_wide,64,128,2,20260311,qr_pivoted_trsm,factor_only,9.875e-05,9.91875e-05,4.15239074167146e-16,5.47232605239539e-15
20260316_130208,16-Mar-2026 13:02:08,ill_conditioned,short_wide,64,256,4,20260311,bsqr_full,factor_only,0.000290458333333333,0.000294020833333333,7.69181985265114e-16,6.35109764144121e-15
20260316_130208,16-Mar-2026 13:02:08,ill_conditioned,short_wide,64,256,4,20260311,qr_pivoted,factor_only,0.000154583333333333,0.0001558125,7.81669659011438e-16,5.40018499498522e-15
20260316_130208,16-Mar-2026 13:02:08,ill_conditioned,short_wide,64,256,4,20260311,bsqr_rinv,factor_only,0.000290583333333333,0.000294520833333333,7.69181985265114e-16,6.35109764144121e-15
20260316_130208,16-Mar-2026 13:02:08,ill_conditioned,short_wide,64,256,4,20260311,qr_pivoted,factor_only,0.000154041666666667,0.000154458333333333,7.81669659011438e-16,5.40018499498522e-15
20260316_130208,16-Mar-2026 13:02:08,ill_conditioned,short_wide,64,256,4,20260311,qr_pivoted_trsm,factor_only,0.000179583333333333,0.0001804375,7.81669659011438e-16,5.40018499498522e-15
20260316_130208,16-Mar-2026 13:02:08,ill_conditioned,short_wide,64,512,8,20260311,bsqr_full,factor_only,0.000754208333333333,0.000760583333333333,4.64850066440199e-16,6.05736325240315e-15
20260316_130208,16-Mar-2026 13:02:08,ill_conditioned,short_wide,64,512,8,20260311,qr_pivoted,factor_only,0.000417291666666667,0.000420875,4.37695120249124e-16,5.45452092791793e-15
20260316_130208,16-Mar-2026 13:02:08,ill_conditioned,short_wide,64,512,8,20260311,bsqr_rinv,factor_only,0.000756,0.000759708333333333,4.64850066440199e-16,6.05736325240315e-15
20260316_130208,16-Mar-2026 13:02:08,ill_conditioned,short_wide,64,512,8,20260311,qr_pivoted,factor_only,0.000428041666666667,0.000431604166666667,4.37695120249124e-16,5.45452092791793e-15
20260316_130208,16-Mar-2026 13:02:08,ill_conditioned,short_wide,64,512,8,20260311,qr_pivoted_trsm,factor_only,0.000471791666666667,0.000517875,4.37695120249124e-16,5.45452092791793e-15
20260316_130208,16-Mar-2026 13:02:08,ill_conditioned,short_wide,64,640,10,20260311,bsqr_full,factor_only,0.000969916666666667,0.0009851875,5.8901129974986e-16,6.18418831939681e-15
20260316_130208,16-Mar-2026 13:02:08,ill_conditioned,short_wide,64,640,10,20260311,qr_pivoted,factor_only,0.00057625,0.000588020833333333,4.49753177330199e-16,5.26558241186186e-15
20260316_130208,16-Mar-2026 13:02:08,ill_conditioned,short_wide,64,640,10,20260311,bsqr_rinv,factor_only,0.0009735,0.00100660416666667,5.8901129974986e-16,6.18418831939681e-15
20260316_130208,16-Mar-2026 13:02:08,ill_conditioned,short_wide,64,640,10,20260311,qr_pivoted,factor_only,0.000557375,0.000572395833333333,4.49753177330199e-16,5.26558241186186e-15
20260316_130208,16-Mar-2026 13:02:08,ill_conditioned,short_wide,64,640,10,20260311,qr_pivoted_trsm,factor_only,0.000628083333333333,0.0006535,4.49753177330199e-16,5.26558241186186e-15
20260316_130208,16-Mar-2026 13:02:08,ill_conditioned,short_wide,128,256,2,20260311,bsqr_full,factor_only,0.00109604166666667,0.00110247916666667,6.21264027815078e-16,1.09096650168134e-14
20260316_130208,16-Mar-2026 13:02:08,ill_conditioned,short_wide,128,256,2,20260311,qr_pivoted,factor_only,0.000740833333333333,0.0007901875,6.51815969758833e-16,1.03214360050946e-14
20260316_130208,16-Mar-2026 13:02:08,ill_conditioned,short_wide,128,256,2,20260311,bsqr_rinv,factor_only,0.00108975,0.0010948125,6.21264027815078e-16,1.09096650168134e-14
20260316_130208,16-Mar-2026 13:02:08,ill_conditioned,short_wide,128,256,2,20260311,qr_pivoted,factor_only,0.00075525,0.000758979166666667,6.51815969758833e-16,1.03214360050946e-14
20260316_130208,16-Mar-2026 13:02:08,ill_conditioned,short_wide,128,256,2,20260311,qr_pivoted_trsm,factor_only,0.000821833333333333,0.000835854166666667,6.51815969758833e-16,1.03214360050946e-14
20260316_130208,16-Mar-2026 13:02:08,ill_conditioned,short_wide,128,512,4,20260311,bsqr_full,factor_only,0.00275116666666667,0.00276845833333333,7.46869241740116e-16,1.08634931555885e-14
20260316_130208,16-Mar-2026 13:02:08,ill_conditioned,short_wide,128,512,4,20260311,qr_pivoted,factor_only,0.00170920833333333,0.00174658333333333,7.31076318000803e-16,1.02663298913826e-14
20260316_130208,16-Mar-2026 13:02:08,ill_conditioned,short_wide,128,512,4,20260311,bsqr_rinv,factor_only,0.00275783333333333,0.00277108333333333,7.46869241740116e-16,1.08634931555885e-14
20260316_130208,16-Mar-2026 13:02:08,ill_conditioned,short_wide,128,512,4,20260311,qr_pivoted,factor_only,0.00164704166666667,0.00174654166666667,7.31076318000803e-16,1.02663298913826e-14
20260316_130208,16-Mar-2026 13:02:08,ill_conditioned,short_wide,128,512,4,20260311,qr_pivoted_trsm,factor_only,0.00174604166666667,0.0018741875,7.31076318000803e-16,1.02663298913826e-14
20260316_130208,16-Mar-2026 13:02:08,ill_conditioned,short_wide,128,1024,8,20260311,bsqr_full,factor_only,0.005615875,0.00570091666666667,6.23126437936573e-16,1.10417531051088e-14
20260316_130208,16-Mar-2026 13:02:08,ill_conditioned,short_wide,128,1024,8,20260311,qr_pivoted,factor_only,0.00273083333333333,0.00288345833333333,6.41829038528317e-16,9.90511008954957e-15
20260316_130208,16-Mar-2026 13:02:08,ill_conditioned,short_wide,128,1024,8,20260311,bsqr_rinv,factor_only,0.00591808333333333,0.0059713125,6.23126437936573e-16,1.10417531051088e-14
20260316_130208,16-Mar-2026 13:02:08,ill_conditioned,short_wide,128,1024,8,20260311,qr_pivoted,factor_only,0.00282908333333333,0.00297891666666667,6.41829038528317e-16,9.90511008954957e-15
20260316_130208,16-Mar-2026 13:02:08,ill_conditioned,short_wide,128,1024,8,20260311,qr_pivoted_trsm,factor_only,0.00290270833333333,0.0030369375,6.41829038528317e-16,9.90511008954957e-15
20260316_130208,16-Mar-2026 13:02:08,ill_conditioned,short_wide,128,1280,10,20260311,bsqr_full,factor_only,0.00693995833333333,0.00703966666666667,6.57104766979126e-16,1.08335362632848e-14
20260316_130208,16-Mar-2026 13:02:08,ill_conditioned,short_wide,128,1280,10,20260311,qr_pivoted,factor_only,0.00307679166666667,0.00317410416666667,6.75774972551113e-16,1.03552350947055e-14
20260316_130208,16-Mar-2026 13:02:08,ill_conditioned,short_wide,128,1280,10,20260311,bsqr_rinv,factor_only,0.006930625,0.0070285625,6.57104766979126e-16,1.08335362632848e-14
20260316_130208,16-Mar-2026 13:02:08,ill_conditioned,short_wide,128,1280,10,20260311,qr_pivoted,factor_only,0.003072375,0.003159625,6.75774972551113e-16,1.03552350947055e-14
20260316_130208,16-Mar-2026 13:02:08,ill_conditioned,short_wide,128,1280,10,20260311,qr_pivoted_trsm,factor_only,0.00337770833333333,0.0035740625,6.75774972551113e-16,1.03552350947055e-14
20260316_130208,16-Mar-2026 13:02:08,ill_conditioned,short_wide,256,512,2,20260311,bsqr_full,factor_only,0.00808175,0.0081380625,7.97845035939214e-16,2.07814525204946e-14
20260316_130208,16-Mar-2026 13:02:08,ill_conditioned,short_wide,256,512,2,20260311,qr_pivoted,factor_only,0.00393583333333333,0.004133,8.6169421193601e-16,1.99859097794667e-14
20260316_130208,16-Mar-2026 13:02:08,ill_conditioned,short_wide,256,512,2,20260311,bsqr_rinv,factor_only,0.00763608333333333,0.00780560416666667,7.97845035939214e-16,2.07814525204946e-14
20260316_130208,16-Mar-2026 13:02:08,ill_conditioned,short_wide,256,512,2,20260311,qr_pivoted,factor_only,0.0039355,0.004018875,8.6169421193601e-16,1.99859097794667e-14
20260316_130208,16-Mar-2026 13:02:08,ill_conditioned,short_wide,256,512,2,20260311,qr_pivoted_trsm,factor_only,0.00401329166666667,0.00403445833333333,8.6169421193601e-16,1.99859097794667e-14
20260316_130208,16-Mar-2026 13:02:08,ill_conditioned,short_wide,256,1024,4,20260311,bsqr_full,factor_only,0.0162614583333333,0.0173336041666667,8.06250588574432e-16,2.04245344561318e-14
20260316_130208,16-Mar-2026 13:02:08,ill_conditioned,short_wide,256,1024,4,20260311,qr_pivoted,factor_only,0.00736775,0.00766925,8.75891698972037e-16,2.00130877368772e-14
20260316_130208,16-Mar-2026 13:02:08,ill_conditioned,short_wide,256,1024,4,20260311,bsqr_rinv,factor_only,0.0163416666666667,0.0167988333333333,8.06250588574432e-16,2.04245344561318e-14
20260316_130208,16-Mar-2026 13:02:08,ill_conditioned,short_wide,256,1024,4,20260311,qr_pivoted,factor_only,0.007284,0.0075135625,8.75891698972037e-16,2.00130877368772e-14
20260316_130208,16-Mar-2026 13:02:08,ill_conditioned,short_wide,256,1024,4,20260311,qr_pivoted_trsm,factor_only,0.00778329166666667,0.00796452083333333,8.75891698972037e-16,2.00130877368772e-14
20260316_130208,16-Mar-2026 13:02:08,ill_conditioned,short_wide,256,2048,8,20260311,bsqr_full,factor_only,0.031786375,0.0320793541666667,8.83492253579158e-16,2.07868009519655e-14
20260316_130208,16-Mar-2026 13:02:08,ill_conditioned,short_wide,256,2048,8,20260311,qr_pivoted,factor_only,0.0136440833333333,0.0144303125,8.95457369183378e-16,2.0272491556989e-14
20260316_130208,16-Mar-2026 13:02:08,ill_conditioned,short_wide,256,2048,8,20260311,bsqr_rinv,factor_only,0.0313039583333333,0.0319128333333333,8.83492253579158e-16,2.07868009519655e-14
20260316_130208,16-Mar-2026 13:02:08,ill_conditioned,short_wide,256,2048,8,20260311,qr_pivoted,factor_only,0.0140345,0.014414875,8.95457369183378e-16,2.0272491556989e-14
20260316_130208,16-Mar-2026 13:02:08,ill_conditioned,short_wide,256,2048,8,20260311,qr_pivoted_trsm,factor_only,0.015603375,0.0159924375,8.95457369183378e-16,2.0272491556989e-14
20260316_130208,16-Mar-2026 13:02:08,ill_conditioned,short_wide,256,2560,10,20260311,bsqr_full,factor_only,0.0390228333333333,0.0396866041666667,8.15396955400455e-16,2.02923756961366e-14
20260316_130208,16-Mar-2026 13:02:08,ill_conditioned,short_wide,256,2560,10,20260311,qr_pivoted,factor_only,0.0174480833333333,0.0177182916666667,8.72361434525534e-16,1.96562813395875e-14
20260316_130208,16-Mar-2026 13:02:08,ill_conditioned,short_wide,256,2560,10,20260311,bsqr_rinv,factor_only,0.0388897083333333,0.0397654791666667,8.15396955400455e-16,2.02923756961366e-14
20260316_130208,16-Mar-2026 13:02:08,ill_conditioned,short_wide,256,2560,10,20260311,qr_pivoted,factor_only,0.0172842916666667,0.0176719583333333,8.72361434525534e-16,1.96562813395875e-14
20260316_130208,16-Mar-2026 13:02:08,ill_conditioned,short_wide,256,2560,10,20260311,qr_pivoted_trsm,factor_only,0.0193395,0.019835,8.72361434525534e-16,1.96562813395875e-14
20260316_130208,16-Mar-2026 13:02:08,ill_conditioned,short_wide,512,1024,2,20260311,bsqr_full,factor_only,0.0443415416666667,0.0451773333333333,1.02396723500676e-15,3.81995916617212e-14
20260316_130208,16-Mar-2026 13:02:08,ill_conditioned,short_wide,512,1024,2,20260311,qr_pivoted,factor_only,0.019612125,0.0201158958333333,1.08197293839126e-15,3.83162003299483e-14
20260316_130208,16-Mar-2026 13:02:08,ill_conditioned,short_wide,512,1024,2,20260311,bsqr_rinv,factor_only,0.0425454166666667,0.0447799166666667,1.02396723500676e-15,3.81995916617212e-14
20260316_130208,16-Mar-2026 13:02:08,ill_conditioned,short_wide,512,1024,2,20260311,qr_pivoted,factor_only,0.019301125,0.0203843541666667,1.08197293839126e-15,3.83162003299483e-14
20260316_130208,16-Mar-2026 13:02:08,ill_conditioned,short_wide,512,1024,2,20260311,qr_pivoted_trsm,factor_only,0.0209714583333333,0.0214609791666667,1.08197293839126e-15,3.83162003299483e-14
20260316_130208,16-Mar-2026 13:02:08,ill_conditioned,short_wide,512,2048,4,20260311,bsqr_full,factor_only,0.0918246666666667,0.0944508958333333,1.09374499303819e-15,3.84113936441687e-14
20260316_130208,16-Mar-2026 13:02:08,ill_conditioned,short_wide,512,2048,4,20260311,qr_pivoted,factor_only,0.0384164583333333,0.0395435,1.1671265899376e-15,3.81299756883532e-14
20260316_130208,16-Mar-2026 13:02:08,ill_conditioned,short_wide,512,2048,4,20260311,bsqr_rinv,factor_only,0.09161025,0.0940359791666667,1.09374499303819e-15,3.84113936441687e-14
20260316_130208,16-Mar-2026 13:02:08,ill_conditioned,short_wide,512,2048,4,20260311,qr_pivoted,factor_only,0.038113,0.0396268125,1.1671265899376e-15,3.81299756883532e-14
20260316_130208,16-Mar-2026 13:02:08,ill_conditioned,short_wide,512,2048,4,20260311,qr_pivoted_trsm,factor_only,0.0419445833333333,0.0428623333333333,1.1671265899376e-15,3.81299756883532e-14
20260316_130208,16-Mar-2026 13:02:08,ill_conditioned,short_wide,512,4096,8,20260311,bsqr_full,factor_only,0.287598708333333,0.292065145833333,1.11670971969318e-15,3.85131248643228e-14
20260316_130208,16-Mar-2026 13:02:08,ill_conditioned,short_wide,512,4096,8,20260311,qr_pivoted,factor_only,0.0901834583333333,0.0918309166666667,1.20449926484164e-15,3.83350392085634e-14
20260316_130208,16-Mar-2026 13:02:08,ill_conditioned,short_wide,512,4096,8,20260311,bsqr_rinv,factor_only,0.284958083333333,0.29181825,1.11670971969318e-15,3.85131248643228e-14
20260316_130208,16-Mar-2026 13:02:08,ill_conditioned,short_wide,512,4096,8,20260311,qr_pivoted,factor_only,0.0906222083333333,0.0925993125,1.20449926484164e-15,3.83350392085634e-14
20260316_130208,16-Mar-2026 13:02:08,ill_conditioned,short_wide,512,4096,8,20260311,qr_pivoted_trsm,factor_only,0.0988935416666667,0.0996716875,1.20449926484164e-15,3.83350392085634e-14
20260316_130208,16-Mar-2026 13:02:08,ill_conditioned,short_wide,512,5120,10,20260311,bsqr_full,factor_only,0.463750208333333,0.4990135,1.15713192623287e-15,3.86748595274703e-14
20260316_130208,16-Mar-2026 13:02:08,ill_conditioned,short_wide,512,5120,10,20260311,qr_pivoted,factor_only,0.163960791666667,0.1675968125,1.16342205205519e-15,3.82715776362068e-14
20260316_130208,16-Mar-2026 13:02:08,ill_conditioned,short_wide,512,5120,10,20260311,bsqr_rinv,factor_only,0.492710125,0.534183666666667,1.15713192623287e-15,3.86748595274703e-14
20260316_130208,16-Mar-2026 13:02:08,ill_conditioned,short_wide,512,5120,10,20260311,qr_pivoted,factor_only,0.163010416666667,0.1677149375,1.16342205205519e-15,3.82715776362068e-14
20260316_130208,16-Mar-2026 13:02:08,ill_conditioned,short_wide,512,5120,10,20260311,qr_pivoted_trsm,factor_only,0.187045083333333,0.189109541666667,1.16342205205519e-15,3.82715776362068e-14
20260316_130208,16-Mar-2026 13:02:08,orthonormal_rows,square,64,64,1,20260311,bsqr_full,factor_only,4.36666666666667e-05,4.39583333333333e-05,6.89457473685809e-16,6.62806781959983e-15
20260316_130208,16-Mar-2026 13:02:08,orthonormal_rows,square,64,64,1,20260311,qr_pivoted,factor_only,4.75416666666667e-05,4.775e-05,6.1239601354332e-16,5.81614036865857e-15
20260316_130208,16-Mar-2026 13:02:08,orthonormal_rows,square,64,64,1,20260311,bsqr_rinv,factor_only,4.37916666666667e-05,4.40625e-05,6.89457473685809e-16,6.62806781959983e-15
20260316_130208,16-Mar-2026 13:02:08,orthonormal_rows,square,64,64,1,20260311,qr_pivoted,factor_only,4.76666666666667e-05,4.78541666666667e-05,6.1239601354332e-16,5.81614036865857e-15
20260316_130208,16-Mar-2026 13:02:08,orthonormal_rows,square,64,64,1,20260311,qr_pivoted_trsm,factor_only,4.775e-05,4.79583333333333e-05,6.1239601354332e-16,5.81614036865857e-15
20260316_130208,16-Mar-2026 13:02:08,orthonormal_rows,square,128,128,1,20260311,bsqr_full,factor_only,0.000269916666666667,0.0002724375,8.73386496525112e-16,1.10421339436213e-14
20260316_130208,16-Mar-2026 13:02:08,orthonormal_rows,square,128,128,1,20260311,qr_pivoted,factor_only,0.000295458333333333,0.000296416666666667,8.13249554801321e-16,1.01735049299638e-14
20260316_130208,16-Mar-2026 13:02:08,orthonormal_rows,square,128,128,1,20260311,bsqr_rinv,factor_only,0.00026975,0.000273145833333333,8.73386496525112e-16,1.10421339436213e-14
20260316_130208,16-Mar-2026 13:02:08,orthonormal_rows,square,128,128,1,20260311,qr_pivoted,factor_only,0.000295416666666667,0.0002959375,8.13249554801321e-16,1.01735049299638e-14
20260316_130208,16-Mar-2026 13:02:08,orthonormal_rows,square,128,128,1,20260311,qr_pivoted_trsm,factor_only,0.000295708333333333,0.000296375,8.13249554801321e-16,1.01735049299638e-14
20260316_130208,16-Mar-2026 13:02:08,orthonormal_rows,square,256,256,1,20260311,bsqr_full,factor_only,0.00278708333333333,0.00283070833333333,1.02057406949717e-15,1.98157426397955e-14
20260316_130208,16-Mar-2026 13:02:08,orthonormal_rows,square,256,256,1,20260311,qr_pivoted,factor_only,0.00193029166666667,0.00194016666666667,1.0118324341122e-15,1.98408685895318e-14
20260316_130208,16-Mar-2026 13:02:08,orthonormal_rows,square,256,256,1,20260311,bsqr_rinv,factor_only,0.002790875,0.00282008333333333,1.02057406949717e-15,1.98157426397955e-14
20260316_130208,16-Mar-2026 13:02:08,orthonormal_rows,square,256,256,1,20260311,qr_pivoted,factor_only,0.001902625,0.00193660416666667,1.0118324341122e-15,1.98408685895318e-14
20260316_130208,16-Mar-2026 13:02:08,orthonormal_rows,square,256,256,1,20260311,qr_pivoted_trsm,factor_only,0.00192883333333333,0.00194477083333333,1.0118324341122e-15,1.98408685895318e-14
20260316_130208,16-Mar-2026 13:02:08,orthonormal_rows,square,384,384,1,20260311,bsqr_full,factor_only,0.00751791666666667,0.00815258333333333,1.19239735343976e-15,2.9194172873432e-14
20260316_130208,16-Mar-2026 13:02:08,orthonormal_rows,square,384,384,1,20260311,qr_pivoted,factor_only,0.00385845833333333,0.00388925,1.20843651689136e-15,2.93901674676528e-14
20260316_130208,16-Mar-2026 13:02:08,orthonormal_rows,square,384,384,1,20260311,bsqr_rinv,factor_only,0.00768333333333333,0.00793510416666667,1.19239735343976e-15,2.9194172873432e-14
20260316_130208,16-Mar-2026 13:02:08,orthonormal_rows,square,384,384,1,20260311,qr_pivoted,factor_only,0.00374683333333333,0.0038463125,1.20843651689136e-15,2.93901674676528e-14
20260316_130208,16-Mar-2026 13:02:08,orthonormal_rows,square,384,384,1,20260311,qr_pivoted_trsm,factor_only,0.00370716666666667,0.00373814583333333,1.20843651689136e-15,2.93901674676528e-14
20260316_130208,16-Mar-2026 13:02:08,orthonormal_rows,square,512,512,1,20260311,bsqr_full,factor_only,0.0174235,0.0176905833333333,1.35321316485798e-15,3.818332946112e-14
20260316_130208,16-Mar-2026 13:02:08,orthonormal_rows,square,512,512,1,20260311,qr_pivoted,factor_only,0.00864945833333333,0.00900814583333333,1.36659021662262e-15,3.80759943345697e-14
20260316_130208,16-Mar-2026 13:02:08,orthonormal_rows,square,512,512,1,20260311,bsqr_rinv,factor_only,0.0173068333333333,0.0174674583333333,1.35321316485798e-15,3.818332946112e-14
20260316_130208,16-Mar-2026 13:02:08,orthonormal_rows,square,512,512,1,20260311,qr_pivoted,factor_only,0.00844216666666667,0.00859125,1.36659021662262e-15,3.80759943345697e-14
20260316_130208,16-Mar-2026 13:02:08,orthonormal_rows,square,512,512,1,20260311,qr_pivoted_trsm,factor_only,0.00874975,0.00882847916666667,1.36659021662262e-15,3.80759943345697e-14
20260316_130208,16-Mar-2026 13:02:08,orthonormal_rows,short_wide,32,64,2,20260311,bsqr_full,factor_only,2.19166666666667e-05,2.20625e-05,5.35536827898827e-16,3.23976250477905e-15
20260316_130208,16-Mar-2026 13:02:08,orthonormal_rows,short_wide,32,64,2,20260311,qr_pivoted,factor_only,1.64166666666667e-05,1.65e-05,5.37535541196521e-16,3.16361773690395e-15
20260316_130208,16-Mar-2026 13:02:08,orthonormal_rows,short_wide,32,64,2,20260311,bsqr_rinv,factor_only,2.18333333333333e-05,2.20833333333333e-05,5.35536827898827e-16,3.23976250477905e-15
20260316_130208,16-Mar-2026 13:02:08,orthonormal_rows,short_wide,32,64,2,20260311,qr_pivoted,factor_only,1.6375e-05,1.64583333333333e-05,5.37535541196521e-16,3.16361773690395e-15
20260316_130208,16-Mar-2026 13:02:08,orthonormal_rows,short_wide,32,64,2,20260311,qr_pivoted_trsm,factor_only,2.10416666666667e-05,2.39166666666667e-05,5.37535541196521e-16,3.16361773690395e-15
20260316_130208,16-Mar-2026 13:02:08,orthonormal_rows,short_wide,32,128,4,20260311,bsqr_full,factor_only,4.27916666666667e-05,4.325e-05,6.40688654185965e-16,3.71401368676997e-15
20260316_130208,16-Mar-2026 13:02:08,orthonormal_rows,short_wide,32,128,4,20260311,qr_pivoted,factor_only,2.72083333333333e-05,2.7375e-05,5.83601074125021e-16,3.24830840693331e-15
20260316_130208,16-Mar-2026 13:02:08,orthonormal_rows,short_wide,32,128,4,20260311,bsqr_rinv,factor_only,4.3125e-05,4.34583333333333e-05,6.40688654185965e-16,3.71401368676997e-15
20260316_130208,16-Mar-2026 13:02:08,orthonormal_rows,short_wide,32,128,4,20260311,qr_pivoted,factor_only,2.725e-05,2.73541666666667e-05,5.83601074125021e-16,3.24830840693331e-15
20260316_130208,16-Mar-2026 13:02:08,orthonormal_rows,short_wide,32,128,4,20260311,qr_pivoted_trsm,factor_only,3.775e-05,3.82291666666667e-05,5.83601074125021e-16,3.24830840693331e-15
20260316_130208,16-Mar-2026 13:02:08,orthonormal_rows,short_wide,32,256,8,20260311,bsqr_full,factor_only,8.6875e-05,8.77291666666667e-05,5.87766301548505e-16,3.22296054132772e-15
20260316_130208,16-Mar-2026 13:02:08,orthonormal_rows,short_wide,32,256,8,20260311,qr_pivoted,factor_only,4.8875e-05,4.9125e-05,5.8288293838577e-16,3.047415970365e-15
20260316_130208,16-Mar-2026 13:02:08,orthonormal_rows,short_wide,32,256,8,20260311,bsqr_rinv,factor_only,8.69583333333333e-05,8.77708333333333e-05,5.87766301548505e-16,3.22296054132772e-15
20260316_130208,16-Mar-2026 13:02:08,orthonormal_rows,short_wide,32,256,8,20260311,qr_pivoted,factor_only,4.8875e-05,4.9125e-05,5.8288293838577e-16,3.047415970365e-15
20260316_130208,16-Mar-2026 13:02:08,orthonormal_rows,short_wide,32,256,8,20260311,qr_pivoted_trsm,factor_only,6.49583333333333e-05,6.53958333333333e-05,5.8288293838577e-16,3.047415970365e-15
20260316_130208,16-Mar-2026 13:02:08,orthonormal_rows,short_wide,32,320,10,20260311,bsqr_full,factor_only,0.000117875,0.000118375,5.97982510038204e-16,3.25911126125868e-15
20260316_130208,16-Mar-2026 13:02:08,orthonormal_rows,short_wide,32,320,10,20260311,qr_pivoted,factor_only,5.97083333333333e-05,5.99166666666667e-05,5.66184854573583e-16,3.06607953461634e-15
20260316_130208,16-Mar-2026 13:02:08,orthonormal_rows,short_wide,32,320,10,20260311,bsqr_rinv,factor_only,0.000117583333333333,0.000118125,5.97982510038204e-16,3.25911126125868e-15
20260316_130208,16-Mar-2026 13:02:08,orthonormal_rows,short_wide,32,320,10,20260311,qr_pivoted,factor_only,5.95e-05,5.98333333333333e-05,5.66184854573583e-16,3.06607953461634e-15
20260316_130208,16-Mar-2026 13:02:08,orthonormal_rows,short_wide,32,320,10,20260311,qr_pivoted_trsm,factor_only,7.85416666666667e-05,7.90208333333333e-05,5.66184854573583e-16,3.06607953461634e-15
20260316_130208,16-Mar-2026 13:02:08,orthonormal_rows,short_wide,64,128,2,20260311,bsqr_full,factor_only,0.000111333333333333,0.000112020833333333,7.52825061648266e-16,6.70752308422175e-15
20260316_130208,16-Mar-2026 13:02:08,orthonormal_rows,short_wide,64,128,2,20260311,qr_pivoted,factor_only,8.275e-05,8.29166666666667e-05,6.85906780424052e-16,5.6727620870821e-15
20260316_130208,16-Mar-2026 13:02:08,orthonormal_rows,short_wide,64,128,2,20260311,bsqr_rinv,factor_only,0.000111458333333333,0.0001120625,7.52825061648266e-16,6.70752308422175e-15
20260316_130208,16-Mar-2026 13:02:08,orthonormal_rows,short_wide,64,128,2,20260311,qr_pivoted,factor_only,8.25833333333333e-05,8.275e-05,6.85906780424052e-16,5.6727620870821e-15
20260316_130208,16-Mar-2026 13:02:08,orthonormal_rows,short_wide,64,128,2,20260311,qr_pivoted_trsm,factor_only,9.74583333333333e-05,9.775e-05,6.85906780424052e-16,5.6727620870821e-15
20260316_130208,16-Mar-2026 13:02:08,orthonormal_rows,short_wide,64,256,4,20260311,bsqr_full,factor_only,0.000285083333333333,0.000289291666666667,7.83301188167462e-16,6.43815303795717e-15
20260316_130208,16-Mar-2026 13:02:08,orthonormal_rows,short_wide,64,256,4,20260311,qr_pivoted,factor_only,0.000150541666666667,0.000150875,7.07097676553156e-16,5.47451155943184e-15
20260316_130208,16-Mar-2026 13:02:08,orthonormal_rows,short_wide,64,256,4,20260311,bsqr_rinv,factor_only,0.000282416666666667,0.0002876875,7.83301188167462e-16,6.43815303795717e-15
20260316_130208,16-Mar-2026 13:02:08,orthonormal_rows,short_wide,64,256,4,20260311,qr_pivoted,factor_only,0.000151958333333333,0.000152354166666667,7.07097676553156e-16,5.47451155943184e-15
20260316_130208,16-Mar-2026 13:02:08,orthonormal_rows,short_wide,64,256,4,20260311,qr_pivoted_trsm,factor_only,0.000175416666666667,0.000176,7.07097676553156e-16,5.47451155943184e-15
20260316_130208,16-Mar-2026 13:02:08,orthonormal_rows,short_wide,64,512,8,20260311,bsqr_full,factor_only,0.00073925,0.000742541666666667,7.71536946907625e-16,6.26246996714851e-15
20260316_130208,16-Mar-2026 13:02:08,orthonormal_rows,short_wide,64,512,8,20260311,qr_pivoted,factor_only,0.000406916666666667,0.0004216875,7.42649774256986e-16,5.50665375625697e-15
20260316_130208,16-Mar-2026 13:02:08,orthonormal_rows,short_wide,64,512,8,20260311,bsqr_rinv,factor_only,0.000765958333333333,0.000767708333333333,7.71536946907625e-16,6.26246996714851e-15
20260316_130208,16-Mar-2026 13:02:08,orthonormal_rows,short_wide,64,512,8,20260311,qr_pivoted,factor_only,0.0004175,0.000420020833333333,7.42649774256986e-16,5.50665375625697e-15
20260316_130208,16-Mar-2026 13:02:08,orthonormal_rows,short_wide,64,512,8,20260311,qr_pivoted_trsm,factor_only,0.000449625,0.000466375,7.42649774256986e-16,5.50665375625697e-15
20260316_130208,16-Mar-2026 13:02:08,orthonormal_rows,short_wide,64,640,10,20260311,bsqr_full,factor_only,0.000955458333333333,0.000966895833333333,8.38860198003289e-16,6.88176727965545e-15
20260316_130208,16-Mar-2026 13:02:08,orthonormal_rows,short_wide,64,640,10,20260311,qr_pivoted,factor_only,0.000547375,0.000563770833333333,7.02521383113427e-16,5.41671651133222e-15
20260316_130208,16-Mar-2026 13:02:08,orthonormal_rows,short_wide,64,640,10,20260311,bsqr_rinv,factor_only,0.000986541666666667,0.000999479166666667,8.38860198003289e-16,6.88176727965545e-15
20260316_130208,16-Mar-2026 13:02:08,orthonormal_rows,short_wide,64,640,10,20260311,qr_pivoted,factor_only,0.000562666666666667,0.000575625,7.02521383113427e-16,5.41671651133222e-15
20260316_130208,16-Mar-2026 13:02:08,orthonormal_rows,short_wide,64,640,10,20260311,qr_pivoted_trsm,factor_only,0.000622208333333333,0.000728979166666667,7.02521383113427e-16,5.41671651133222e-15
20260316_130208,16-Mar-2026 13:02:08,orthonormal_rows,short_wide,128,256,2,20260311,bsqr_full,factor_only,0.001087125,0.00110814583333333,9.48949845755717e-16,1.10795797980274e-14
20260316_130208,16-Mar-2026 13:02:08,orthonormal_rows,short_wide,128,256,2,20260311,qr_pivoted,factor_only,0.000739583333333333,0.000799645833333333,9.02040621592427e-16,1.03893458358821e-14
20260316_130208,16-Mar-2026 13:02:08,orthonormal_rows,short_wide,128,256,2,20260311,bsqr_rinv,factor_only,0.00112645833333333,0.001131375,9.48949845755717e-16,1.10795797980274e-14
20260316_130208,16-Mar-2026 13:02:08,orthonormal_rows,short_wide,128,256,2,20260311,qr_pivoted,factor_only,0.000741416666666667,0.0007873125,9.02040621592427e-16,1.03893458358821e-14
20260316_130208,16-Mar-2026 13:02:08,orthonormal_rows,short_wide,128,256,2,20260311,qr_pivoted_trsm,factor_only,0.000799583333333333,0.000878083333333333,9.02040621592427e-16,1.03893458358821e-14
20260316_130208,16-Mar-2026 13:02:08,orthonormal_rows,short_wide,128,512,4,20260311,bsqr_full,factor_only,0.00253241666666667,0.0026165625,9.93613492169378e-16,1.12712571823104e-14
20260316_130208,16-Mar-2026 13:02:08,orthonormal_rows,short_wide,128,512,4,20260311,qr_pivoted,factor_only,0.00155883333333333,0.00165508333333333,9.34621943800877e-16,9.98147815601372e-15
20260316_130208,16-Mar-2026 13:02:08,orthonormal_rows,short_wide,128,512,4,20260311,bsqr_rinv,factor_only,0.00260675,0.00261489583333333,9.93613492169378e-16,1.12712571823104e-14
20260316_130208,16-Mar-2026 13:02:08,orthonormal_rows,short_wide,128,512,4,20260311,qr_pivoted,factor_only,0.001600875,0.00165514583333333,9.34621943800877e-16,9.98147815601372e-15
20260316_130208,16-Mar-2026 13:02:08,orthonormal_rows,short_wide,128,512,4,20260311,qr_pivoted_trsm,factor_only,0.00176933333333333,0.00184385416666667,9.34621943800877e-16,9.98147815601372e-15
20260316_130208,16-Mar-2026 13:02:08,orthonormal_rows,short_wide,128,1024,8,20260311,bsqr_full,factor_only,0.00528379166666667,0.00540554166666667,9.6461603992264e-16,1.03073183398633e-14
20260316_130208,16-Mar-2026 13:02:08,orthonormal_rows,short_wide,128,1024,8,20260311,qr_pivoted,factor_only,0.00256675,0.00268602083333333,8.84790123833525e-16,9.98724057954508e-15
20260316_130208,16-Mar-2026 13:02:08,orthonormal_rows,short_wide,128,1024,8,20260311,bsqr_rinv,factor_only,0.00530608333333333,0.00543597916666667,9.6461603992264e-16,1.03073183398633e-14
20260316_130208,16-Mar-2026 13:02:08,orthonormal_rows,short_wide,128,1024,8,20260311,qr_pivoted,factor_only,0.00254754166666667,0.00264920833333333,8.84790123833525e-16,9.98724057954508e-15
20260316_130208,16-Mar-2026 13:02:08,orthonormal_rows,short_wide,128,1024,8,20260311,qr_pivoted_trsm,factor_only,0.002817375,0.00290239583333333,8.84790123833525e-16,9.98724057954508e-15
20260316_130208,16-Mar-2026 13:02:08,orthonormal_rows,short_wide,128,1280,10,20260311,bsqr_full,factor_only,0.00660633333333333,0.00683652083333333,1.01938931077451e-15,1.1123459836613e-14
20260316_130208,16-Mar-2026 13:02:08,orthonormal_rows,short_wide,128,1280,10,20260311,qr_pivoted,factor_only,0.00302429166666667,0.00313352083333333,8.74905198448588e-16,9.67541883664914e-15
20260316_130208,16-Mar-2026 13:02:08,orthonormal_rows,short_wide,128,1280,10,20260311,bsqr_rinv,factor_only,0.00660079166666667,0.0066936875,1.01938931077451e-15,1.1123459836613e-14
20260316_130208,16-Mar-2026 13:02:08,orthonormal_rows,short_wide,128,1280,10,20260311,qr_pivoted,factor_only,0.00302304166666667,0.00319477083333333,8.74905198448588e-16,9.67541883664914e-15
20260316_130208,16-Mar-2026 13:02:08,orthonormal_rows,short_wide,128,1280,10,20260311,qr_pivoted_trsm,factor_only,0.00332804166666667,0.003495125,8.74905198448588e-16,9.67541883664914e-15
20260316_130208,16-Mar-2026 13:02:08,orthonormal_rows,short_wide,256,512,2,20260311,bsqr_full,factor_only,0.007737875,0.00781958333333333,1.14971995615368e-15,2.01575038971575e-14
20260316_130208,16-Mar-2026 13:02:08,orthonormal_rows,short_wide,256,512,2,20260311,qr_pivoted,factor_only,0.00342254166666667,0.00347858333333333,1.17840587749096e-15,2.01976441190826e-14
20260316_130208,16-Mar-2026 13:02:08,orthonormal_rows,short_wide,256,512,2,20260311,bsqr_rinv,factor_only,0.00757454166666667,0.00760889583333333,1.14971995615368e-15,2.01575038971575e-14
20260316_130208,16-Mar-2026 13:02:08,orthonormal_rows,short_wide,256,512,2,20260311,qr_pivoted,factor_only,0.00344445833333333,0.00349670833333333,1.17840587749096e-15,2.01976441190826e-14
20260316_130208,16-Mar-2026 13:02:08,orthonormal_rows,short_wide,256,512,2,20260311,qr_pivoted_trsm,factor_only,0.00353454166666667,0.0035840625,1.17840587749096e-15,2.01976441190826e-14
20260316_130208,16-Mar-2026 13:02:08,orthonormal_rows,short_wide,256,1024,4,20260311,bsqr_full,factor_only,0.0163680833333333,0.0166690208333333,1.19860246714782e-15,2.0478267200197e-14
20260316_130208,16-Mar-2026 13:02:08,orthonormal_rows,short_wide,256,1024,4,20260311,qr_pivoted,factor_only,0.00598958333333333,0.00619295833333333,1.18899794555903e-15,1.99296822844693e-14
20260316_130208,16-Mar-2026 13:02:08,orthonormal_rows,short_wide,256,1024,4,20260311,bsqr_rinv,factor_only,0.0158542083333333,0.0164059583333333,1.19860246714782e-15,2.0478267200197e-14
20260316_130208,16-Mar-2026 13:02:08,orthonormal_rows,short_wide,256,1024,4,20260311,qr_pivoted,factor_only,0.00598254166666667,0.00620664583333333,1.18899794555903e-15,1.99296822844693e-14
20260316_130208,16-Mar-2026 13:02:08,orthonormal_rows,short_wide,256,1024,4,20260311,qr_pivoted_trsm,factor_only,0.00642166666666667,0.00664579166666667,1.18899794555903e-15,1.99296822844693e-14
20260316_130208,16-Mar-2026 13:02:08,orthonormal_rows,short_wide,256,2048,8,20260311,bsqr_full,factor_only,0.03147825,0.031948625,1.21103527955045e-15,2.04210772667037e-14
20260316_130208,16-Mar-2026 13:02:08,orthonormal_rows,short_wide,256,2048,8,20260311,qr_pivoted,factor_only,0.0106586666666667,0.0108677291666667,1.21209101388628e-15,2.00734100501877e-14
20260316_130208,16-Mar-2026 13:02:08,orthonormal_rows,short_wide,256,2048,8,20260311,bsqr_rinv,factor_only,0.0316235416666667,0.0319145,1.21103527955045e-15,2.04210772667037e-14
20260316_130208,16-Mar-2026 13:02:08,orthonormal_rows,short_wide,256,2048,8,20260311,qr_pivoted,factor_only,0.0106516666666667,0.0110031875,1.21209101388628e-15,2.00734100501877e-14
20260316_130208,16-Mar-2026 13:02:08,orthonormal_rows,short_wide,256,2048,8,20260311,qr_pivoted_trsm,factor_only,0.011909375,0.0121328958333333,1.21209101388628e-15,2.00734100501877e-14
20260316_130208,16-Mar-2026 13:02:08,orthonormal_rows,short_wide,256,2560,10,20260311,bsqr_full,factor_only,0.0392132083333333,0.0396209375,1.2307919785508e-15,2.01274426101211e-14
20260316_130208,16-Mar-2026 13:02:08,orthonormal_rows,short_wide,256,2560,10,20260311,qr_pivoted,factor_only,0.01290925,0.013196,1.22358358169537e-15,2.01054040678893e-14
20260316_130208,16-Mar-2026 13:02:08,orthonormal_rows,short_wide,256,2560,10,20260311,bsqr_rinv,factor_only,0.0395675416666667,0.0397186666666667,1.2307919785508e-15,2.01274426101211e-14
20260316_130208,16-Mar-2026 13:02:08,orthonormal_rows,short_wide,256,2560,10,20260311,qr_pivoted,factor_only,0.0128551666666667,0.0133270208333333,1.22358358169537e-15,2.01054040678893e-14
20260316_130208,16-Mar-2026 13:02:08,orthonormal_rows,short_wide,256,2560,10,20260311,qr_pivoted_trsm,factor_only,0.0153100416666667,0.0159079375,1.22358358169537e-15,2.01054040678893e-14
20260316_130208,16-Mar-2026 13:02:08,orthonormal_rows,short_wide,512,1024,2,20260311,bsqr_full,factor_only,0.044244125,0.044873375,1.5224456324934e-15,3.87011263610426e-14
20260316_130208,16-Mar-2026 13:02:08,orthonormal_rows,short_wide,512,1024,2,20260311,qr_pivoted,factor_only,0.0155011666666667,0.0163729166666667,1.55043302587844e-15,3.87656964199413e-14
20260316_130208,16-Mar-2026 13:02:08,orthonormal_rows,short_wide,512,1024,2,20260311,bsqr_rinv,factor_only,0.0444199166666667,0.0447223125,1.5224456324934e-15,3.87011263610426e-14
20260316_130208,16-Mar-2026 13:02:08,orthonormal_rows,short_wide,512,1024,2,20260311,qr_pivoted,factor_only,0.0155146666666667,0.0161440416666667,1.55043302587844e-15,3.87656964199413e-14
20260316_130208,16-Mar-2026 13:02:08,orthonormal_rows,short_wide,512,1024,2,20260311,qr_pivoted_trsm,factor_only,0.0169967083333333,0.0173765625,1.55043302587844e-15,3.87656964199413e-14
20260316_130208,16-Mar-2026 13:02:08,orthonormal_rows,short_wide,512,2048,4,20260311,bsqr_full,factor_only,0.0940448333333333,0.0960134166666667,1.57503622919116e-15,3.85664400975582e-14
20260316_130208,16-Mar-2026 13:02:08,orthonormal_rows,short_wide,512,2048,4,20260311,qr_pivoted,factor_only,0.0285573333333333,0.0300632708333333,1.58571856548402e-15,3.80152179012612e-14
20260316_130208,16-Mar-2026 13:02:08,orthonormal_rows,short_wide,512,2048,4,20260311,bsqr_rinv,factor_only,0.0945131666666667,0.0960841458333333,1.57503622919116e-15,3.85664400975582e-14
20260316_130208,16-Mar-2026 13:02:08,orthonormal_rows,short_wide,512,2048,4,20260311,qr_pivoted,factor_only,0.0288764166666667,0.0299913958333333,1.58571856548402e-15,3.80152179012612e-14
20260316_130208,16-Mar-2026 13:02:08,orthonormal_rows,short_wide,512,2048,4,20260311,qr_pivoted_trsm,factor_only,0.0328617083333333,0.0330723125,1.58571856548402e-15,3.80152179012612e-14
20260316_130208,16-Mar-2026 13:02:08,orthonormal_rows,short_wide,512,4096,8,20260311,bsqr_full,factor_only,0.304211583333333,0.317540958333333,1.60579652251331e-15,3.84427123774788e-14
20260316_130208,16-Mar-2026 13:02:08,orthonormal_rows,short_wide,512,4096,8,20260311,qr_pivoted,factor_only,0.0740913333333333,0.0789305416666667,1.62743770076656e-15,3.83037884539713e-14
20260316_130208,16-Mar-2026 13:02:08,orthonormal_rows,short_wide,512,4096,8,20260311,bsqr_rinv,factor_only,0.301724916666667,0.31544025,1.60579652251331e-15,3.84427123774788e-14
20260316_130208,16-Mar-2026 13:02:08,orthonormal_rows,short_wide,512,4096,8,20260311,qr_pivoted,factor_only,0.0770214583333333,0.0825820833333333,1.62743770076656e-15,3.83037884539713e-14
20260316_130208,16-Mar-2026 13:02:08,orthonormal_rows,short_wide,512,4096,8,20260311,qr_pivoted_trsm,factor_only,0.0781493333333333,0.080846375,1.62743770076656e-15,3.83037884539713e-14
20260316_130208,16-Mar-2026 13:02:08,orthonormal_rows,short_wide,512,5120,10,20260311,bsqr_full,factor_only,0.474590166666667,0.5024991875,1.602190319704e-15,3.84799268770845e-14
20260316_130208,16-Mar-2026 13:02:08,orthonormal_rows,short_wide,512,5120,10,20260311,qr_pivoted,factor_only,0.130452958333333,0.132281729166667,1.62546448718754e-15,3.82176382097238e-14
20260316_130208,16-Mar-2026 13:02:08,orthonormal_rows,short_wide,512,5120,10,20260311,bsqr_rinv,factor_only,0.478079458333333,0.4995443125,1.602190319704e-15,3.84799268770845e-14
20260316_130208,16-Mar-2026 13:02:08,orthonormal_rows,short_wide,512,5120,10,20260311,qr_pivoted,factor_only,0.129801666666667,0.134268895833333,1.62546448718754e-15,3.82176382097238e-14
20260316_130208,16-Mar-2026 13:02:08,orthonormal_rows,short_wide,512,5120,10,20260311,qr_pivoted_trsm,factor_only,0.148811166666667,0.150383208333333,1.62546448718754e-15,3.82176382097238e-14
