run_id,timestamp,family,regime,m,n,aspect,seed,blas_threads,method,tmin_s,tmed_s,tci_low_s,tci_high_s,alloc_bytes,residual,orthogonality
20260622_161419,2026-06-22T16:14:19.121,gaussian,square,64,64,1.000000,20260310,1,bsqr_full,6.725000000000001e-5,6.975e-5,6.7521875e-5,8.751672499999998e-5,154336,5.580071206426826e-16,5.781020470481458e-15
20260622_161419,2026-06-22T16:14:19.121,gaussian,square,64,64,1.000000,20260310,1,dgeqp3,5.6625e-5,6.050000000000001e-5,5.6746075e-5,7.924687499999997e-5,249648,5.884699445236682e-16,6.885819648643135e-15
20260622_161419,2026-06-22T16:14:19.121,gaussian,square,64,64,1.000000,20260310,1,bsqr_rinv,6.612500000000001e-5,7.3687e-5,6.63367e-5,8.415609999999996e-5,154384,5.580071206426826e-16,5.781020470481458e-15
20260622_161419,2026-06-22T16:14:19.121,gaussian,square,64,64,1.000000,20260310,1,dgeqp3_trsm,5.7292000000000006e-5,6.6208e-5,5.7502975e-5,0.00011214279999999997,249648,5.884699445236682e-16,6.885819648643135e-15
20260622_161419,2026-06-22T16:14:19.121,gaussian,square,128,128,1.000000,20260310,1,bsqr_full,0.000444792,0.0004522495,0.000444792,0.0005146373499999998,569920,7.231503437394085e-16,9.696634437642638e-15
20260622_161419,2026-06-22T16:14:19.121,gaussian,square,128,128,1.000000,20260310,1,dgeqp3,0.000280583,0.000311729,0.0002823056,0.0003664859,823184,7.410311847957666e-16,1.1040087235281498e-14
20260622_161419,2026-06-22T16:14:19.121,gaussian,square,128,128,1.000000,20260310,1,bsqr_rinv,0.000425292,0.00045039600000000004,0.00042541307500000005,0.0005080515249999999,569968,7.231503437394085e-16,9.696634437642638e-15
20260622_161419,2026-06-22T16:14:19.121,gaussian,square,128,128,1.000000,20260310,1,dgeqp3_trsm,0.00027970800000000004,0.000313375,0.00028632435000000003,0.0004440339499999997,823184,7.410311847957666e-16,1.1040087235281498e-14
20260622_161419,2026-06-22T16:14:19.121,gaussian,square,256,256,1.000000,20260310,1,bsqr_full,0.002424625,0.002522771,0.00244468285,0.002874869849999999,2273616,9.18864285626739e-16,1.9791299969584656e-14
20260622_161419,2026-06-22T16:14:19.121,gaussian,square,256,256,1.000000,20260310,1,dgeqp3,0.002046125,0.0021286250000000003,0.0020603531250000004,0.0026275010999999987,2857776,9.351071928314476e-16,2.023588289338543e-14
20260622_161419,2026-06-22T16:14:19.121,gaussian,square,256,256,1.000000,20260310,1,bsqr_rinv,0.0024495420000000003,0.002526729,0.0024513537750000002,0.00307617855,2273664,9.18864285626739e-16,1.9791299969584656e-14
20260622_161419,2026-06-22T16:14:19.121,gaussian,square,256,256,1.000000,20260310,1,dgeqp3_trsm,0.001845833,0.0019697505000000003,0.0018920822000000003,0.002781275299999999,2857776,9.351071928314476e-16,2.023588289338543e-14
20260622_161419,2026-06-22T16:14:19.121,gaussian,square,384,384,1.000000,20260310,1,bsqr_full,0.005340625000000001,0.005660729000000001,0.005391888300000001,0.0068013573499999995,4982256,1.0785216505514289e-15,2.949896581084828e-14
20260622_161419,2026-06-22T16:14:19.121,gaussian,square,384,384,1.000000,20260310,1,dgeqp3,0.004447209000000001,0.004584833500000001,0.004453552025000001,0.0058120440499999995,6203184,1.0962439568698355e-15,3.014545937529705e-14
20260622_161419,2026-06-22T16:14:19.121,gaussian,square,384,384,1.000000,20260310,1,bsqr_rinv,0.005394708000000001,0.0055640625,0.0053960978250000005,0.006605644700000001,4982304,1.0785216505514289e-15,2.949896581084828e-14
20260622_161419,2026-06-22T16:14:19.121,gaussian,square,384,384,1.000000,20260310,1,dgeqp3_trsm,0.004293042,0.004566291500000001,0.00433904905,0.005516661924999999,6203184,1.0962439568698355e-15,3.014545937529705e-14
20260622_161419,2026-06-22T16:14:19.121,gaussian,square,512,512,1.000000,20260310,1,bsqr_full,0.011898041000000002,0.0126006875,0.0119742878,0.01717657282499999,8739440,1.2086348447006277e-15,3.830821164232132e-14
20260622_161419,2026-06-22T16:14:19.121,gaussian,square,512,512,1.000000,20260310,1,dgeqp3,0.009246709,0.009987708500000001,0.009375879350000001,0.015405705674999996,10859312,1.2378455379225145e-15,3.86816801933746e-14
20260622_161419,2026-06-22T16:14:19.121,gaussian,square,512,512,1.000000,20260310,1,bsqr_rinv,0.011981708,0.012522042,0.0119872064,0.015620185899999996,8739488,1.2086348447006277e-15,3.830821164232132e-14
20260622_161419,2026-06-22T16:14:19.121,gaussian,square,512,512,1.000000,20260310,1,dgeqp3_trsm,0.009292625,0.0098889375,0.00937696715,0.023965348099999964,10859312,1.2378455379225145e-15,3.86816801933746e-14
20260622_161419,2026-06-22T16:14:19.121,gaussian,short_wide,32,64,2.000000,20260310,1,bsqr_full,2.5791e-5,2.65005e-5,2.5942525000000003e-5,3.670122499999997e-5,72160,5.132244025709271e-16,3.0892741216792185e-15
20260622_161419,2026-06-22T16:14:19.121,gaussian,short_wide,32,64,2.000000,20260310,1,dgeqp3,1.95e-5,2.0084000000000003e-5,1.9529725e-5,3.53231e-5,159280,5.306665983352502e-16,3.483742306929226e-15
20260622_161419,2026-06-22T16:14:19.121,gaussian,short_wide,32,64,2.000000,20260310,1,bsqr_rinv,2.725e-5,2.8229e-5,2.7279725e-5,3.929264999999997e-5,80432,5.132244025709271e-16,3.0892741216792185e-15
20260622_161419,2026-06-22T16:14:19.121,gaussian,short_wide,32,64,2.000000,20260310,1,dgeqp3_trsm,2.6625e-5,3.0896000000000004e-5,2.6746075e-5,3.7422299999999975e-5,208752,5.306665983352502e-16,3.483742306929226e-15
20260622_161419,2026-06-22T16:14:19.121,gaussian,short_wide,32,128,4.000000,20260310,1,bsqr_full,4.4500000000000004e-5,5.07295e-5,4.483205000000001e-5,9.090122499999997e-5,126752,4.875059555435996e-16,2.5660291420989094e-15
20260622_161419,2026-06-22T16:14:19.121,gaussian,short_wide,32,128,4.000000,20260310,1,dgeqp3,3.1083e-5,3.6563e-5,3.14455e-5,4.481017499999999e-5,273520,6.072340746631066e-16,3.750578058892803e-15
20260622_161419,2026-06-22T16:14:19.121,gaussian,short_wide,32,128,4.000000,20260310,1,bsqr_rinv,4.6458e-5,4.71665e-5,4.6488450000000004e-5,7.2909375e-5,151408,4.875059555435996e-16,2.5660291420989094e-15
20260622_161419,2026-06-22T16:14:19.121,gaussian,short_wide,32,128,4.000000,20260310,1,dgeqp3_trsm,4.4667000000000004e-5,4.6771e-5,4.4757625e-5,6.7089525e-5,372144,6.072340746631066e-16,3.750578058892803e-15
20260622_161419,2026-06-22T16:14:19.121,gaussian,short_wide,32,256,8.000000,20260310,1,bsqr_full,8.4875e-5,9.30415e-5,8.689847500000002e-5,0.0001496820499999999,234976,6.075937528944801e-16,3.4866673193146325e-15
20260622_161419,2026-06-22T16:14:19.121,gaussian,short_wide,32,256,8.000000,20260310,1,dgeqp3,6.500000000000001e-5,6.67915e-5,6.5241425e-5,7.220609999999999e-5,439344,5.891996615831363e-16,3.38495843679928e-15
20260622_161419,2026-06-22T16:14:19.121,gaussian,short_wide,32,256,8.000000,20260310,1,bsqr_rinv,8.916700000000001e-5,9.954150000000001e-5,8.9770925e-5,0.00010851279999999998,300592,6.075937528944801e-16,3.4866673193146325e-15
20260622_161419,2026-06-22T16:14:19.121,gaussian,short_wide,32,256,8.000000,20260310,1,dgeqp3_trsm,7.5375e-5,9.5396e-5,8.803205000000002e-5,9.990465e-5,644464,5.891996615831363e-16,3.38495843679928e-15
20260622_161419,2026-06-22T16:14:19.121,gaussian,short_wide,32,320,10.000000,20260310,1,bsqr_full,0.000113042,0.000122854,0.00011563967500000001,0.00017679904999999993,338400,6.022942903493897e-16,3.3284256482624e-15
20260622_161419,2026-06-22T16:14:19.121,gaussian,short_wide,32,320,10.000000,20260310,1,dgeqp3,6.900000000000001e-5,8.1604e-5,7.0510175e-5,8.606715e-5,571440,5.810221680072307e-16,3.2883436227223147e-15
20260622_161419,2026-06-22T16:14:19.121,gaussian,short_wide,32,320,10.000000,20260310,1,bsqr_rinv,0.00011812500000000001,0.00013120850000000002,0.00011878982500000001,0.00017313109999999993,436784,6.022942903493897e-16,3.3284256482624e-15
20260622_161419,2026-06-22T16:14:19.121,gaussian,short_wide,32,320,10.000000,20260310,1,dgeqp3_trsm,8.7834e-5,0.000112708,8.8951225e-5,0.0003492156249999993,874864,5.810221680072307e-16,3.2883436227223147e-15
20260622_161419,2026-06-22T16:14:19.121,gaussian,short_wide,64,128,2.000000,20260310,1,bsqr_full,0.000131666,0.000134583,0.000132330825,0.00014879999999999998,258080,6.76232492205154e-16,5.790075369365144e-15
20260622_161419,2026-06-22T16:14:19.121,gaussian,short_wide,64,128,2.000000,20260310,1,dgeqp3,9.8875e-5,0.00010156250000000001,9.93883e-5,0.000131864025,429424,6.597830765051429e-16,6.112932773859395e-15
20260622_161419,2026-06-22T16:14:19.121,gaussian,short_wide,64,128,2.000000,20260310,1,bsqr_rinv,0.000128417,0.00013872950000000001,0.0001287186,0.00014969672499999997,290928,6.76232492205154e-16,5.790075369365144e-15
20260622_161419,2026-06-22T16:14:19.121,gaussian,short_wide,64,128,2.000000,20260310,1,dgeqp3_trsm,0.00010866700000000001,0.00012268750000000002,0.00011174825,0.00013047107499999998,626352,6.597830765051429e-16,6.112932773859395e-15
20260622_161419,2026-06-22T16:14:19.121,gaussian,short_wide,64,256,4.000000,20260310,1,bsqr_full,0.000308583,0.00032014550000000004,0.00030991192500000005,0.00039465667499999986,464608,6.981453001851503e-16,5.674071386161617e-15
20260622_161419,2026-06-22T16:14:19.121,gaussian,short_wide,64,256,4.000000,20260310,1,dgeqp3,0.000165667,0.0001868955,0.0001665428,0.00021330857499999992,726320,7.30698394984022e-16,6.199472761391778e-15
20260622_161419,2026-06-22T16:14:19.121,gaussian,short_wide,64,256,4.000000,20260310,1,bsqr_rinv,0.00030625000000000004,0.0003250835,0.00030658205000000003,0.00036837609999999983,562992,6.981453001851503e-16,5.674071386161617e-15
20260622_161419,2026-06-22T16:14:19.121,gaussian,short_wide,64,256,4.000000,20260310,1,dgeqp3_trsm,0.00020800000000000001,0.0002345,0.00021615625,0.00029328829999999994,1119856,7.30698394984022e-16,6.199472761391778e-15
20260622_161419,2026-06-22T16:14:19.121,gaussian,short_wide,64,512,8.000000,20260310,1,bsqr_full,0.000759834,0.0007886455000000001,0.0007626129250000001,0.000936337925,1002512,7.52417320821705e-16,5.7354360038976835e-15
20260622_161419,2026-06-22T16:14:19.121,gaussian,short_wide,64,512,8.000000,20260310,1,dgeqp3,0.000451833,0.0004915835,0.00047107595000000005,0.0005538768999999999,1320240,7.662225892798759e-16,6.2230568029369374e-15
20260622_161419,2026-06-22T16:14:19.121,gaussian,short_wide,64,512,8.000000,20260310,1,bsqr_rinv,0.0007644160000000001,0.000817688,0.0007767721750000001,0.0008807898249999999,1231968,7.52417320821705e-16,5.7354360038976835e-15
20260622_161419,2026-06-22T16:14:19.121,gaussian,short_wide,64,512,8.000000,20260310,1,dgeqp3_trsm,0.000505875,0.0005814170000000001,0.000528621875,0.0009378281249999992,2106992,7.662225892798759e-16,6.2230568029369374e-15
20260622_161419,2026-06-22T16:14:19.121,gaussian,short_wide,64,640,10.000000,20260310,1,bsqr_full,0.0009611670000000001,0.0009910420000000001,0.000969776375,0.001181402175,1309840,7.563517437798924e-16,5.711981274743511e-15
20260622_161419,2026-06-22T16:14:19.121,gaussian,short_wide,64,640,10.000000,20260310,1,dgeqp3,0.00059725,0.0006548955,0.0006099375,0.0012760703499999978,1617200,7.810874331577469e-16,6.5522527975959505e-15
20260622_161419,2026-06-22T16:14:19.121,gaussian,short_wide,64,640,10.000000,20260310,1,bsqr_rinv,0.000988125,0.001025354,0.00099374375,0.0015449437499999987,1604832,7.563517437798924e-16,5.711981274743511e-15
20260622_161419,2026-06-22T16:14:19.121,gaussian,short_wide,64,640,10.000000,20260310,1,dgeqp3_trsm,0.000689041,0.0007650415,0.0006966237750000001,0.001375825799999998,2600560,7.810874331577469e-16,6.5522527975959505e-15
20260622_161419,2026-06-22T16:14:19.121,gaussian,short_wide,128,256,2.000000,20260310,1,bsqr_full,0.001036084,0.001067646,0.0010463848,0.00117648205,1045776,8.607290526173955e-16,9.940239637939056e-15
20260622_161419,2026-06-22T16:14:19.121,gaussian,short_wide,128,256,2.000000,20260310,1,dgeqp3,0.000707334,0.0007658750000000001,0.00071890355,0.0009622290749999999,1382224,8.951435444118604e-16,1.10749713439502e-14
20260622_161419,2026-06-22T16:14:19.121,gaussian,short_wide,128,256,2.000000,20260310,1,bsqr_rinv,0.001062208,0.0010867085,0.001062298625,0.001242814675,1176928,8.607290526173955e-16,9.940239637939056e-15
20260622_161419,2026-06-22T16:14:19.121,gaussian,short_wide,128,256,2.000000,20260310,1,dgeqp3_trsm,0.0007733330000000001,0.0008551875,0.00079547595,0.001580751099999997,2168976,8.951435444118604e-16,1.10749713439502e-14
20260622_161419,2026-06-22T16:14:19.121,gaussian,short_wide,128,512,4.000000,20260310,1,bsqr_full,0.002025125,0.002126208,0.0020259710750000002,0.0028575526999999974,1912368,9.314707531026446e-16,1.0161058117921072e-14
20260622_161419,2026-06-22T16:14:19.121,gaussian,short_wide,128,512,4.000000,20260310,1,dgeqp3,0.0015859160000000001,0.001830875,0.001609992525,0.003017592524999999,2500432,9.426998103366272e-16,1.1025557048594668e-14
20260622_161419,2026-06-22T16:14:19.121,gaussian,short_wide,128,512,4.000000,20260310,1,bsqr_rinv,0.001993375,0.0021702920000000003,0.0020058210749999998,0.0029765491999999977,2305664,9.314707531026446e-16,1.0161058117921072e-14
20260622_161419,2026-06-22T16:14:19.121,gaussian,short_wide,128,512,4.000000,20260310,1,dgeqp3_trsm,0.001830292,0.0020103960000000002,0.00183467245,0.0029990671499999996,4073616,9.426998103366272e-16,1.1025557048594668e-14
20260622_161419,2026-06-22T16:14:19.121,gaussian,short_wide,128,1024,8.000000,20260310,1,bsqr_full,0.003956917,0.004054958500000001,0.00396434825,0.005903040624999999,3648112,9.340646872113954e-16,1.0538931078750874e-14
20260622_161419,2026-06-22T16:14:19.121,gaussian,short_wide,128,1024,8.000000,20260310,1,dgeqp3,0.0027496670000000003,0.002894354,0.002755376375,0.004979115775,4736848,9.586999385439055e-16,1.1640526242008219e-14
20260622_161419,2026-06-22T16:14:19.121,gaussian,short_wide,128,1024,8.000000,20260310,1,bsqr_rinv,0.003993708,0.0042657295,0.0040208056,0.005634814399999999,4565696,9.340646872113954e-16,1.0538931078750874e-14
20260622_161419,2026-06-22T16:14:19.121,gaussian,short_wide,128,1024,8.000000,20260310,1,dgeqp3_trsm,0.003059417,0.0032820835,0.0030615912750000004,0.004597033425,7882896,9.586999385439055e-16,1.1640526242008219e-14
20260622_161419,2026-06-22T16:14:19.121,gaussian,short_wide,128,1280,10.000000,20260310,1,bsqr_full,0.005097875,0.0053472915,0.005185449200000001,0.0071614454999999995,4557696,8.932221477152343e-16,9.957903868045691e-15
20260622_161419,2026-06-22T16:14:19.121,gaussian,short_wide,128,1280,10.000000,20260310,1,dgeqp3,0.003366959,0.0036118540000000003,0.0034122715000000003,0.00480902965,5855056,9.050736686012935e-16,1.072921556293721e-14
20260622_161419,2026-06-22T16:14:19.121,gaussian,short_wide,128,1280,10.000000,20260310,1,bsqr_rinv,0.00525875,0.0054805415,0.0053026125000000006,0.0074796997,5737424,8.932221477152343e-16,9.957903868045691e-15
20260622_161419,2026-06-22T16:14:19.121,gaussian,short_wide,128,1280,10.000000,20260310,1,dgeqp3_trsm,0.0037890000000000003,0.0040791665,0.0038364875,0.006028708149999999,9787536,9.050736686012935e-16,1.072921556293721e-14
20260622_161419,2026-06-22T16:14:19.121,gaussian,short_wide,256,512,2.000000,20260310,1,bsqr_full,0.004919875000000001,0.0051147915,0.0049231375,0.006940340774999999,3928592,1.0863827325684883e-15,2.0160584674668116e-14
20260622_161419,2026-06-22T16:14:19.121,gaussian,short_wide,256,512,2.000000,20260310,1,dgeqp3,0.0037395,0.0039337915000000005,0.0037740281250000004,0.005561070500000001,5024560,1.1158782236690142e-15,2.0394316049097268e-14
20260622_161419,2026-06-22T16:14:19.121,gaussian,short_wide,256,512,2.000000,20260310,1,bsqr_rinv,0.005139792000000001,0.005779125,0.0051692444,0.007734589025,4452960,1.0863827325684883e-15,2.0160584674668116e-14
20260622_161419,2026-06-22T16:14:19.121,gaussian,short_wide,256,512,2.000000,20260310,1,dgeqp3_trsm,0.004357625,0.004698854000000001,0.0043889203500000005,0.00690242325,8170608,1.1158782236690142e-15,2.0394316049097268e-14
20260622_161419,2026-06-22T16:14:19.121,gaussian,short_wide,256,1024,4.000000,20260310,1,bsqr_full,0.010428208000000001,0.0114391665,0.010506508000000001,0.014678740325000002,7237200,1.145598102772441e-15,2.0119893972423118e-14
20260622_161419,2026-06-22T16:14:19.121,gaussian,short_wide,256,1024,4.000000,20260310,1,dgeqp3,0.006653959,0.0068928955,0.006655559075,0.009663831250000001,9358128,1.1690823879598292e-15,2.0322563413181e-14
20260622_161419,2026-06-22T16:14:19.121,gaussian,short_wide,256,1024,4.000000,20260310,1,bsqr_rinv,0.010043125,0.010384979,0.010087410175,0.012631252475,8810144,1.145598102772441e-15,2.0119893972423118e-14
20260622_161419,2026-06-22T16:14:19.121,gaussian,short_wide,256,1024,4.000000,20260310,1,dgeqp3_trsm,0.0073593750000000005,0.007716729,0.007447341425,0.009399817525,15649904,1.1690823879598292e-15,2.0322563413181e-14
20260622_161419,2026-06-22T16:14:19.121,gaussian,short_wide,256,2048,8.000000,20260310,1,bsqr_full,0.019806333000000002,0.0205605625,0.01995130255,0.022451487075000002,13824560,1.1678139120637455e-15,2.00301888956886e-14
20260622_161419,2026-06-22T16:14:19.121,gaussian,short_wide,256,2048,8.000000,20260310,1,dgeqp3,0.012401042000000001,0.013007958500000001,0.012438318600000001,0.014391017525,18058032,1.2078015360129928e-15,2.0394085567114e-14
20260622_161419,2026-06-22T16:14:19.121,gaussian,short_wide,256,2048,8.000000,20260310,1,bsqr_rinv,0.020473875000000002,0.021374333500000002,0.020475234375,0.032756956249999955,17494656,1.1678139120637455e-15,2.00301888956886e-14
20260622_161419,2026-06-22T16:14:19.121,gaussian,short_wide,256,2048,8.000000,20260310,1,dgeqp3_trsm,0.014387708,0.015017708000000001,0.014389188450000001,0.025523779074999954,30641264,1.2078015360129928e-15,2.0394085567114e-14
20260622_161419,2026-06-22T16:14:19.121,gaussian,short_wide,256,2560,10.000000,20260310,1,bsqr_full,0.024640084000000003,0.025381938000000003,0.024706148900000002,0.027664096725,17151056,1.1748786688627613e-15,1.9782850803640943e-14
20260622_161419,2026-06-22T16:14:19.121,gaussian,short_wide,256,2560,10.000000,20260310,1,dgeqp3,0.015446250000000002,0.0157847295,0.01545564455,0.027378034949999956,22391600,1.2151751335088374e-15,2.0409244228624337e-14
20260622_161419,2026-06-22T16:14:19.121,gaussian,short_wide,256,2560,10.000000,20260310,1,bsqr_rinv,0.025164209,0.0261909375,0.02528235355,0.03628502187499996,21869728,1.1748786688627613e-15,1.9782850803640943e-14
20260622_161419,2026-06-22T16:14:19.121,gaussian,short_wide,256,2560,10.000000,20260310,1,dgeqp3_trsm,0.017581292000000002,0.018472146000000002,0.017769792000000003,0.048472850799999995,38120560,1.2151751335088374e-15,2.0409244228624337e-14
20260622_161419,2026-06-22T16:14:19.121,gaussian,short_wide,512,1024,2.000000,20260310,1,bsqr_full,0.025878292,0.0276516665,0.025963358425,0.04244914644999999,15187024,1.4447849267514677e-15,3.879935964396667e-14
20260622_161419,2026-06-22T16:14:19.121,gaussian,short_wide,512,1024,2.000000,20260310,1,dgeqp3,0.017219,0.018452937500000002,0.01722322965,0.03200880079999995,19387184,1.4648735822845601e-15,3.87329713268932e-14
20260622_161419,2026-06-22T16:14:19.121,gaussian,short_wide,512,1024,2.000000,20260310,1,bsqr_rinv,0.026108791000000003,0.027219958000000002,0.026167365200000004,0.037787202974999955,17284256,1.4447849267514677e-15,3.879935964396667e-14
20260622_161419,2026-06-22T16:14:19.121,gaussian,short_wide,512,1024,2.000000,20260310,1,dgeqp3_trsm,0.019015666,0.0203627915,0.019040830025000004,0.03178023749999997,31970416,1.4648735822845601e-15,3.87329713268932e-14
20260622_161419,2026-06-22T16:14:19.121,gaussian,short_wide,512,2048,4.000000,20260310,1,bsqr_full,0.053596333,0.054970271,0.0536432463,0.07488664019999998,28080720,1.5284707984090348e-15,3.832853661631359e-14
20260622_161419,2026-06-22T16:14:19.121,gaussian,short_wide,512,2048,4.000000,20260310,1,dgeqp3,0.031951917,0.033011041000000005,0.0319563569,0.0665605883,36475696,1.5596578191714302e-15,3.8350458775905766e-14
20260622_161419,2026-06-22T16:14:19.121,gaussian,short_wide,512,2048,4.000000,20260310,1,bsqr_rinv,0.053380125,0.055232562000000006,0.05369873205,0.084582926375,34372256,1.5284707984090348e-15,3.832853661631359e-14
20260622_161419,2026-06-22T16:14:19.121,gaussian,short_wide,512,2048,4.000000,20260310,1,dgeqp3_trsm,0.036239833,0.037925271,0.0362512822,0.06982323125,61641840,1.5596578191714302e-15,3.8350458775905766e-14
20260622_161419,2026-06-22T16:14:19.121,gaussian,short_wide,512,4096,8.000000,20260310,1,bsqr_full,0.156750875,0.16783466600000002,0.15707722130000001,0.20576922859999996,53871216,1.5751001990431658e-15,3.831845927143764e-14
20260622_161419,2026-06-22T16:14:19.121,gaussian,short_wide,512,4096,8.000000,20260310,1,dgeqp3,0.072825291,0.0851370835,0.07448360815,0.13311772652499998,70619952,1.6102969779176026e-15,3.859792656561285e-14
20260622_161419,2026-06-22T16:14:19.121,gaussian,short_wide,512,4096,8.000000,20260310,1,bsqr_rinv,0.16214383300000001,0.173597,0.1622008705,0.23642202914999993,70648512,1.5751001990431658e-15,3.831845927143764e-14
20260622_161419,2026-06-22T16:14:19.121,gaussian,short_wide,512,4096,8.000000,20260310,1,dgeqp3_trsm,0.08114937500000001,0.0898563545,0.08204568670000001,0.12005576605,120951920,1.6102969779176026e-15,3.859792656561285e-14
20260622_161419,2026-06-22T16:14:19.121,gaussian,short_wide,512,5120,10.000000,20260310,1,bsqr_full,0.305201542,0.313975479,0.305252557375,0.339585130125,67143312,1.5922860873384872e-15,3.859220934906015e-14
20260622_161419,2026-06-22T16:14:19.121,gaussian,short_wide,512,5120,10.000000,20260310,1,dgeqp3,0.13554425,0.145704,0.13604513437500002,0.18079178910000002,87724848,1.6211262781385581e-15,3.8540326779773534e-14
20260622_161419,2026-06-22T16:14:19.121,gaussian,short_wide,512,5120,10.000000,20260310,1,bsqr_rinv,0.313247792,0.33194041700000004,0.31330996075000006,0.36929844190000005,88114912,1.5922860873384872e-15,3.859220934906015e-14
20260622_161419,2026-06-22T16:14:19.121,gaussian,short_wide,512,5120,10.000000,20260310,1,dgeqp3_trsm,0.156401334,0.163168125,0.1577508752,0.20964654989999992,150639728,1.6211262781385581e-15,3.8540326779773534e-14
20260622_161419,2026-06-22T16:14:19.121,ill_conditioned,square,64,64,1.000000,20260310,1,bsqr_full,6.562500000000001e-5,6.62505e-5,6.568590000000001e-5,8.94766e-5,154336,6.603352136913439e-16,5.598589582317938e-15
20260622_161419,2026-06-22T16:14:19.121,ill_conditioned,square,64,64,1.000000,20260310,1,dgeqp3,5.6208e-5,5.7208000000000005e-5,5.6540775000000004e-5,8.131875e-5,249648,6.047844850861847e-16,6.537375931509517e-15
20260622_161419,2026-06-22T16:14:19.121,ill_conditioned,square,64,64,1.000000,20260310,1,bsqr_rinv,6.575e-5,6.66875e-5,6.5810175e-5,7.671112499999999e-5,154384,6.603352136913439e-16,5.598589582317938e-15
20260622_161419,2026-06-22T16:14:19.121,ill_conditioned,square,64,64,1.000000,20260310,1,dgeqp3_trsm,5.6375e-5,5.7187000000000007e-5,5.6556249999999996e-5,6.336714999999999e-5,249648,6.047844850861847e-16,6.537375931509517e-15
20260622_161419,2026-06-22T16:14:19.121,ill_conditioned,square,128,128,1.000000,20260310,1,bsqr_full,0.000419417,0.00044224950000000004,0.00042397797500000003,0.0004504883,569920,7.344600722237604e-16,1.0355175844873088e-14
20260622_161419,2026-06-22T16:14:19.121,ill_conditioned,square,128,128,1.000000,20260310,1,dgeqp3,0.00027033300000000004,0.00030243800000000003,0.00027296185,0.00032454004999999997,823184,7.167586266575395e-16,1.1287298133042172e-14
20260622_161419,2026-06-22T16:14:19.121,ill_conditioned,square,128,128,1.000000,20260310,1,bsqr_rinv,0.00041741600000000004,0.0004411875,0.00041808082500000005,0.000447366425,569968,7.344600722237604e-16,1.0355175844873088e-14
20260622_161419,2026-06-22T16:14:19.121,ill_conditioned,square,128,128,1.000000,20260310,1,dgeqp3_trsm,0.000272875,0.00029891650000000004,0.00027299607500000004,0.000309835175,823184,7.167586266575395e-16,1.1287298133042172e-14
20260622_161419,2026-06-22T16:14:19.121,ill_conditioned,square,256,256,1.000000,20260310,1,bsqr_full,0.0023796670000000002,0.0024698750000000003,0.002384227975,0.002844699199999999,2275568,7.372227049689695e-16,2.0453917732707996e-14
20260622_161419,2026-06-22T16:14:19.121,ill_conditioned,square,256,256,1.000000,20260310,1,dgeqp3,0.002116708,0.0022294165000000003,0.0021460705000000005,0.002508099349999999,2857776,8.092165188510098e-16,2.0502027308857648e-14
20260622_161419,2026-06-22T16:14:19.121,ill_conditioned,square,256,256,1.000000,20260310,1,bsqr_rinv,0.002435792,0.0024821245000000002,0.0024414107500000002,0.0027263994249999996,2275616,7.372227049689695e-16,2.0453917732707996e-14
20260622_161419,2026-06-22T16:14:19.121,ill_conditioned,square,256,256,1.000000,20260310,1,dgeqp3_trsm,0.002117625,0.0022292085,0.0021500383000000005,0.002814370349999999,2857776,8.092165188510098e-16,2.0502027308857648e-14
20260622_161419,2026-06-22T16:14:19.121,ill_conditioned,square,384,384,1.000000,20260310,1,bsqr_full,0.005322250000000001,0.005431354,0.0053266304500000005,0.006412814675,4984208,8.099443862571958e-16,2.980100413387948e-14
20260622_161419,2026-06-22T16:14:19.121,ill_conditioned,square,384,384,1.000000,20260310,1,dgeqp3,0.004621292,0.004844667,0.0046805005750000005,0.005887724049999999,6203184,8.294129572758968e-16,2.9236693747537044e-14
20260622_161419,2026-06-22T16:14:19.121,ill_conditioned,square,384,384,1.000000,20260310,1,bsqr_rinv,0.005302458,0.005404021,0.00531937515,0.006567479075,4984256,8.099443862571958e-16,2.980100413387948e-14
20260622_161419,2026-06-22T16:14:19.121,ill_conditioned,square,384,384,1.000000,20260310,1,dgeqp3_trsm,0.0048234160000000005,0.005002250000000001,0.004833898775,0.006601423099999998,6203184,8.294129572758968e-16,2.9236693747537044e-14
20260622_161419,2026-06-22T16:14:19.121,ill_conditioned,square,512,512,1.000000,20260310,1,bsqr_full,0.012105958,0.012256312,0.0121398822,0.013761181900000002,8741392,8.788872470351909e-16,3.831890176270684e-14
20260622_161419,2026-06-22T16:14:19.121,ill_conditioned,square,512,512,1.000000,20260310,1,dgeqp3,0.010543834,0.0108894795,0.01065306685,0.012259743900000002,10859312,9.01309529149875e-16,3.844225448921347e-14
20260622_161419,2026-06-22T16:14:19.121,ill_conditioned,square,512,512,1.000000,20260310,1,bsqr_rinv,0.011871167,0.012021938000000001,0.011894940475,0.014758292525,8741440,8.788872470351909e-16,3.831890176270684e-14
20260622_161419,2026-06-22T16:14:19.121,ill_conditioned,square,512,512,1.000000,20260310,1,dgeqp3_trsm,0.010621167,0.0110298335,0.010652432625000001,0.0159343205,10859312,9.01309529149875e-16,3.844225448921347e-14
20260622_161419,2026-06-22T16:14:19.121,ill_conditioned,short_wide,32,64,2.000000,20260310,1,bsqr_full,2.5958e-5,2.6604e-5,2.6018900000000003e-5,3.625609999999997e-5,72160,5.200685478578408e-16,3.663564776115806e-15
20260622_161419,2026-06-22T16:14:19.121,ill_conditioned,short_wide,32,64,2.000000,20260310,1,dgeqp3,1.9875000000000002e-5,2.0375e-5,2.00258e-5,2.5913599999999982e-5,159280,5.231063826450243e-16,3.2098676852220476e-15
20260622_161419,2026-06-22T16:14:19.121,ill_conditioned,short_wide,32,64,2.000000,20260310,1,bsqr_rinv,2.7125000000000002e-5,2.8562500000000003e-5,2.7125000000000002e-5,3.968204999999997e-5,80432,5.200685478578408e-16,3.663564776115806e-15
20260622_161419,2026-06-22T16:14:19.121,ill_conditioned,short_wide,32,64,2.000000,20260310,1,dgeqp3_trsm,2.6875000000000003e-5,3.0604e-5,2.7026525e-5,3.97205e-5,208752,5.231063826450243e-16,3.2098676852220476e-15
20260622_161419,2026-06-22T16:14:19.121,ill_conditioned,short_wide,32,128,4.000000,20260310,1,bsqr_full,4.4792e-5,4.5229500000000005e-5,4.4792e-5,5.168844999999999e-5,126752,5.659172130566087e-16,3.6532478820772415e-15
20260622_161419,2026-06-22T16:14:19.121,ill_conditioned,short_wide,32,128,4.000000,20260310,1,dgeqp3,3.2375e-5,3.3229500000000004e-5,3.255625e-5,4.8052324999999996e-5,273520,5.612399834352731e-16,3.402887607384437e-15
20260622_161419,2026-06-22T16:14:19.121,ill_conditioned,short_wide,32,128,4.000000,20260310,1,bsqr_rinv,4.7458000000000005e-5,5.4458000000000006e-5,4.7911125000000005e-5,6.931969999999997e-5,151408,5.659172130566087e-16,3.6532478820772415e-15
20260622_161419,2026-06-22T16:14:19.121,ill_conditioned,short_wide,32,128,4.000000,20260310,1,dgeqp3_trsm,4.5417e-5,4.7291500000000006e-5,4.574905e-5,6.445544999999998e-5,372144,5.612399834352731e-16,3.402887607384437e-15
20260622_161419,2026-06-22T16:14:19.121,ill_conditioned,short_wide,32,256,8.000000,20260310,1,bsqr_full,8.975e-5,9.518700000000001e-5,9.17133e-5,0.00010033734999999998,234976,3.865371173254075e-16,3.2548698462075003e-15
20260622_161419,2026-06-22T16:14:19.121,ill_conditioned,short_wide,32,256,8.000000,20260310,1,dgeqp3,5.8208e-5,6.80835e-5,5.8510324999999996e-5,8.2864675e-5,439344,3.8152024442661836e-16,3.051940516563145e-15
20260622_161419,2026-06-22T16:14:19.121,ill_conditioned,short_wide,32,256,8.000000,20260310,1,bsqr_rinv,9.1167e-5,0.00010283300000000001,9.17412e-5,0.00011794782500000001,300592,3.865371173254075e-16,3.2548698462075003e-15
20260622_161419,2026-06-22T16:14:19.121,ill_conditioned,short_wide,32,256,8.000000,20260310,1,dgeqp3_trsm,7.787500000000001e-5,9.55415e-5,8.065465000000001e-5,9.8342e-5,644464,3.8152024442661836e-16,3.051940516563145e-15
20260622_161419,2026-06-22T16:14:19.121,ill_conditioned,short_wide,32,320,10.000000,20260310,1,bsqr_full,0.00011358300000000001,0.0001229795,0.000113673625,0.00012725079999999998,338400,3.4414273688871485e-16,3.42863455337182e-15
20260622_161419,2026-06-22T16:14:19.121,ill_conditioned,short_wide,32,320,10.000000,20260310,1,dgeqp3,7.2e-5,8.324950000000001e-5,7.272499999999999e-5,9.4348625e-5,571440,3.909886250691476e-16,3.383202277478144e-15
20260622_161419,2026-06-22T16:14:19.121,ill_conditioned,short_wide,32,320,10.000000,20260310,1,bsqr_rinv,0.000119333,0.000131833,0.00012014862500000001,0.00013729687500000002,436784,3.4414273688871485e-16,3.42863455337182e-15
20260622_161419,2026-06-22T16:14:19.121,ill_conditioned,short_wide,32,320,10.000000,20260310,1,dgeqp3_trsm,9.958300000000001e-5,0.00011477150000000001,9.970407500000002e-5,0.00011650000000000001,874864,3.909886250691476e-16,3.383202277478144e-15
20260622_161419,2026-06-22T16:14:19.121,ill_conditioned,short_wide,64,128,2.000000,20260310,1,bsqr_full,0.000132833,0.0001337915,0.0001328939,0.000141968325,258080,4.496626012190278e-16,5.470056613021997e-15
20260622_161419,2026-06-22T16:14:19.121,ill_conditioned,short_wide,64,128,2.000000,20260310,1,dgeqp3,9.091600000000001e-5,0.00010191700000000001,9.146047500000001e-5,0.00010935202500000001,429424,5.102776702945381e-16,6.839713254589383e-15
20260622_161419,2026-06-22T16:14:19.121,ill_conditioned,short_wide,64,128,2.000000,20260310,1,bsqr_rinv,0.0001295,0.000136646,0.000130195275,0.000143736925,290928,4.496626012190278e-16,5.470056613021997e-15
20260622_161419,2026-06-22T16:14:19.121,ill_conditioned,short_wide,64,128,2.000000,20260310,1,dgeqp3_trsm,0.00010620800000000001,0.000122021,0.000108504075,0.000127280675,626352,5.102776702945381e-16,6.839713254589383e-15
20260622_161419,2026-06-22T16:14:19.121,ill_conditioned,short_wide,64,256,4.000000,20260310,1,bsqr_full,0.00031112500000000004,0.0003208125,0.00031221250000000003,0.000329622025,464608,4.724905916966034e-16,5.722629460511989e-15
20260622_161419,2026-06-22T16:14:19.121,ill_conditioned,short_wide,64,256,4.000000,20260310,1,dgeqp3,0.00017062500000000001,0.0001895,0.000174008575,0.000195170125,726320,5.675907250853972e-16,6.291270355300022e-15
20260622_161419,2026-06-22T16:14:19.121,ill_conditioned,short_wide,64,256,4.000000,20260310,1,bsqr_rinv,0.000308,0.00033395850000000004,0.000314615625,0.000340149425,562992,4.724905916966034e-16,5.722629460511989e-15
20260622_161419,2026-06-22T16:14:19.121,ill_conditioned,short_wide,64,256,4.000000,20260310,1,dgeqp3_trsm,0.00020616700000000002,0.00023602050000000001,0.00020819120000000003,0.00024501330000000003,1119856,5.675907250853972e-16,6.291270355300022e-15
20260622_161419,2026-06-22T16:14:19.121,ill_conditioned,short_wide,64,512,8.000000,20260310,1,bsqr_full,0.000764,0.000776146,0.00076532965,0.0008365125,1002512,4.93474301576581e-16,5.440086231185873e-15
20260622_161419,2026-06-22T16:14:19.121,ill_conditioned,short_wide,64,512,8.000000,20260310,1,dgeqp3,0.000460875,0.000492646,0.00046634222500000004,0.0005005535,1320240,4.758503831989428e-16,6.6377245412495005e-15
20260622_161419,2026-06-22T16:14:19.121,ill_conditioned,short_wide,64,512,8.000000,20260310,1,bsqr_rinv,0.0007620420000000001,0.0008134380000000001,0.00077475995,0.0008300660500000001,1231968,4.93474301576581e-16,5.440086231185873e-15
20260622_161419,2026-06-22T16:14:19.121,ill_conditioned,short_wide,64,512,8.000000,20260310,1,dgeqp3_trsm,0.000539,0.0006114375,0.0005709,0.0010051241999999982,2106992,4.758503831989428e-16,6.6377245412495005e-15
20260622_161419,2026-06-22T16:14:19.121,ill_conditioned,short_wide,64,640,10.000000,20260310,1,bsqr_full,0.0009549580000000001,0.0009957295,0.0009658025500000002,0.001044754075,1309840,5.5341445176862195e-16,5.707134766631919e-15
20260622_161419,2026-06-22T16:14:19.121,ill_conditioned,short_wide,64,640,10.000000,20260310,1,dgeqp3,0.000633792,0.0006704375,0.0006405888750000001,0.001691800649999995,1617200,5.130868727960114e-16,6.5264656578262446e-15
20260622_161419,2026-06-22T16:14:19.121,ill_conditioned,short_wide,64,640,10.000000,20260310,1,bsqr_rinv,0.0009705410000000001,0.0010400205,0.0009866120750000001,0.0021932662749999943,1604832,5.5341445176862195e-16,5.707134766631919e-15
20260622_161419,2026-06-22T16:14:19.121,ill_conditioned,short_wide,64,640,10.000000,20260310,1,dgeqp3_trsm,0.000688875,0.0007763955000000001,0.0007102625,0.001438121449999997,2600560,5.130868727960114e-16,6.5264656578262446e-15
20260622_161419,2026-06-22T16:14:19.121,ill_conditioned,short_wide,128,256,2.000000,20260310,1,bsqr_full,0.0010130410000000001,0.001064958,0.0010294745750000001,0.0010860351750000001,1045776,7.794010580732463e-16,1.026912532865414e-14
20260622_161419,2026-06-22T16:14:19.121,ill_conditioned,short_wide,128,256,2.000000,20260310,1,dgeqp3,0.0007448330000000001,0.000773708,0.0007575814,0.0007942914250000001,1382224,7.728267049961769e-16,1.1207155889024912e-14
20260622_161419,2026-06-22T16:14:19.121,ill_conditioned,short_wide,128,256,2.000000,20260310,1,bsqr_rinv,0.00105125,0.001074833,0.0010517031250000001,0.001118947025,1176928,7.794010580732463e-16,1.026912532865414e-14
20260622_161419,2026-06-22T16:14:19.121,ill_conditioned,short_wide,128,256,2.000000,20260310,1,dgeqp3_trsm,0.00084325,0.0008805000000000001,0.0008433101750000001,0.0017927968749999958,2168976,7.728267049961769e-16,1.1207155889024912e-14
20260622_161419,2026-06-22T16:14:19.121,ill_conditioned,short_wide,128,512,4.000000,20260310,1,bsqr_full,0.001992542,0.0021248335,0.0020154396750000003,0.0032430004249999955,1912368,7.532713401215632e-16,1.0349962721136353e-14
20260622_161419,2026-06-22T16:14:19.121,ill_conditioned,short_wide,128,512,4.000000,20260310,1,dgeqp3,0.0015712500000000002,0.0018399375000000002,0.001610702325,0.0024891446999999976,2500432,6.57800004400735e-16,1.1175154302016705e-14
20260622_161419,2026-06-22T16:14:19.121,ill_conditioned,short_wide,128,512,4.000000,20260310,1,bsqr_rinv,0.0020210000000000002,0.002154729,0.0020487312500000006,0.0035268592249999937,2305664,7.532713401215632e-16,1.0349962721136353e-14
20260622_161419,2026-06-22T16:14:19.121,ill_conditioned,short_wide,128,512,4.000000,20260310,1,dgeqp3_trsm,0.0018516250000000002,0.0021101040000000002,0.001859570275,0.003046744549999999,4073616,6.57800004400735e-16,1.1175154302016705e-14
20260622_161419,2026-06-22T16:14:19.121,ill_conditioned,short_wide,128,1024,8.000000,20260310,1,bsqr_full,0.0038583330000000002,0.004061229,0.0038953384500000007,0.008502964025,3648112,7.527951876569307e-16,1.0206987559367664e-14
20260622_161419,2026-06-22T16:14:19.121,ill_conditioned,short_wide,128,1024,8.000000,20260310,1,dgeqp3,0.0027770000000000004,0.002931,0.0027810179500000008,0.005439387499999998,4736848,7.423490604886907e-16,1.114529406348633e-14
20260622_161419,2026-06-22T16:14:19.121,ill_conditioned,short_wide,128,1024,8.000000,20260310,1,bsqr_rinv,0.0040120830000000005,0.0041856665,0.00403277595,0.00747782965,4565696,7.527951876569307e-16,1.0206987559367664e-14
20260622_161419,2026-06-22T16:14:19.121,ill_conditioned,short_wide,128,1024,8.000000,20260310,1,dgeqp3_trsm,0.003197708,0.0035391875000000002,0.0032066494250000003,0.007414291424999999,7882896,7.423490604886907e-16,1.114529406348633e-14
20260622_161419,2026-06-22T16:14:19.121,ill_conditioned,short_wide,128,1280,10.000000,20260310,1,bsqr_full,0.0051018750000000005,0.0053248125000000006,0.005125709375000001,0.008268662074999995,4557696,6.372460710526067e-16,1.0207757983984476e-14
20260622_161419,2026-06-22T16:14:19.121,ill_conditioned,short_wide,128,1280,10.000000,20260310,1,dgeqp3,0.0033665830000000002,0.003606417,0.0033798447000000006,0.0056002714499999995,5855056,6.244051706841253e-16,1.1065379616079933e-14
20260622_161419,2026-06-22T16:14:19.121,ill_conditioned,short_wide,128,1280,10.000000,20260310,1,bsqr_rinv,0.005332333000000001,0.005548625000000001,0.005341154075,0.00947632325,5737424,6.372460710526067e-16,1.0207757983984476e-14
20260622_161419,2026-06-22T16:14:19.121,ill_conditioned,short_wide,128,1280,10.000000,20260310,1,dgeqp3_trsm,0.003893,0.004109271,0.0039098562500000005,0.006939130149999999,9787536,6.244051706841253e-16,1.1065379616079933e-14
20260622_161419,2026-06-22T16:14:19.121,ill_conditioned,short_wide,256,512,2.000000,20260310,1,bsqr_full,0.0049235830000000005,0.0051257080000000005,0.004932524425,0.008659315475,3928592,8.07292893240551e-16,1.9954624966066703e-14
20260622_161419,2026-06-22T16:14:19.121,ill_conditioned,short_wide,256,512,2.000000,20260310,1,dgeqp3,0.004256791,0.0044172495,0.004257787875,0.006205557049999998,5024560,8.087085214230534e-16,2.0534159523912726e-14
20260622_161419,2026-06-22T16:14:19.121,ill_conditioned,short_wide,256,512,2.000000,20260310,1,bsqr_rinv,0.004953916,0.005117646,0.004963673775,0.009094292799999999,4452960,8.07292893240551e-16,1.9954624966066703e-14
20260622_161419,2026-06-22T16:14:19.121,ill_conditioned,short_wide,256,512,2.000000,20260310,1,dgeqp3_trsm,0.004490583,0.004744458500000001,0.0045577963,0.0081173553,8170608,8.087085214230534e-16,2.0534159523912726e-14
20260622_161419,2026-06-22T16:14:19.121,ill_conditioned,short_wide,256,1024,4.000000,20260310,1,bsqr_full,0.009975167,0.01032675,0.009994742000000001,0.014911478275,7237200,8.270480515330603e-16,1.979380235825127e-14
20260622_161419,2026-06-22T16:14:19.121,ill_conditioned,short_wide,256,1024,4.000000,20260310,1,dgeqp3,0.007773833000000001,0.008127104000000001,0.007869593175000002,0.01327163575,9358128,8.794730492567993e-16,2.0706630208038838e-14
20260622_161419,2026-06-22T16:14:19.121,ill_conditioned,short_wide,256,1024,4.000000,20260310,1,bsqr_rinv,0.010074875,0.010534646,0.010122121075,0.01578635465,8810144,8.270480515330603e-16,1.979380235825127e-14
20260622_161419,2026-06-22T16:14:19.121,ill_conditioned,short_wide,256,1024,4.000000,20260310,1,dgeqp3_trsm,0.008544042,0.0099039165,0.008624758425,0.0133903875,15649904,8.794730492567993e-16,2.0706630208038838e-14
20260622_161419,2026-06-22T16:14:19.121,ill_conditioned,short_wide,256,2048,8.000000,20260310,1,bsqr_full,0.020279375000000002,0.023733687500000003,0.020348763300000003,0.07780179622499986,13824560,8.815523438455041e-16,2.018594669677336e-14
20260622_161419,2026-06-22T16:14:19.121,ill_conditioned,short_wide,256,2048,8.000000,20260310,1,dgeqp3,0.015906125,0.0172853335,0.01595575705,0.021685889825,18058032,9.224287173368434e-16,2.0314335885602174e-14
20260622_161419,2026-06-22T16:14:19.121,ill_conditioned,short_wide,256,2048,8.000000,20260310,1,bsqr_rinv,0.020978375,0.021850500000000002,0.020983178125,0.029278842799999996,17494656,8.815523438455041e-16,2.018594669677336e-14
20260622_161419,2026-06-22T16:14:19.121,ill_conditioned,short_wide,256,2048,8.000000,20260310,1,dgeqp3_trsm,0.0177945,0.0205022085,0.01782730625,0.03955567462499994,30641264,9.224287173368434e-16,2.0314335885602174e-14
20260622_161419,2026-06-22T16:14:19.121,ill_conditioned,short_wide,256,2560,10.000000,20260310,1,bsqr_full,0.025492208000000002,0.026821354000000002,0.025540179075000002,0.03494962774999999,17151056,8.966257449823805e-16,2.0058959365208384e-14
20260622_161419,2026-06-22T16:14:19.121,ill_conditioned,short_wide,256,2560,10.000000,20260310,1,dgeqp3,0.01944475,0.020580167,0.019560054725,0.02306408815,22391600,9.311649239473855e-16,2.0534156442672463e-14
20260622_161419,2026-06-22T16:14:19.121,ill_conditioned,short_wide,256,2560,10.000000,20260310,1,bsqr_rinv,0.025907834,0.027125812500000002,0.025985770775000003,0.03924580472499996,21869728,8.966257449823805e-16,2.0058959365208384e-14
20260622_161419,2026-06-22T16:14:19.121,ill_conditioned,short_wide,256,2560,10.000000,20260310,1,dgeqp3_trsm,0.021799458,0.0237889165,0.0218802955,0.05411752675,38120560,9.311649239473855e-16,2.0534156442672463e-14
20260622_161419,2026-06-22T16:14:19.121,ill_conditioned,short_wide,512,1024,2.000000,20260310,1,bsqr_full,0.026145917,0.0276821875,0.0262643936,0.032080158575,15187024,1.0514478722438937e-15,3.822896326000659e-14
20260622_161419,2026-06-22T16:14:19.121,ill_conditioned,short_wide,512,1024,2.000000,20260310,1,dgeqp3,0.021193083,0.023029062500000003,0.021345484525,0.03586434999999996,19387184,1.0692086357841354e-15,3.824848857089762e-14
20260622_161419,2026-06-22T16:14:19.121,ill_conditioned,short_wide,512,1024,2.000000,20260310,1,bsqr_rinv,0.026399875000000003,0.028226938,0.02687311875,0.032801206250000006,17284256,1.0514478722438937e-15,3.822896326000659e-14
20260622_161419,2026-06-22T16:14:19.121,ill_conditioned,short_wide,512,1024,2.000000,20260310,1,dgeqp3_trsm,0.023571875000000003,0.025197583500000002,0.023589093750000005,0.03727179999999995,31970416,1.0692086357841354e-15,3.824848857089762e-14
20260622_161419,2026-06-22T16:14:19.121,ill_conditioned,short_wide,512,2048,4.000000,20260310,1,bsqr_full,0.055373042000000004,0.056893187500000005,0.05537669672500001,0.0898262697,28080720,1.094601280427802e-15,3.866822246947569e-14
20260622_161419,2026-06-22T16:14:19.121,ill_conditioned,short_wide,512,2048,4.000000,20260310,1,dgeqp3,0.042564916,0.044246771000000004,0.042574704225,0.080184152975,36475696,1.131088822472298e-15,3.849374920167758e-14
20260622_161419,2026-06-22T16:14:19.121,ill_conditioned,short_wide,512,2048,4.000000,20260310,1,bsqr_rinv,0.055828584,0.057975833500000004,0.055953404350000006,0.09003295735,34372256,1.094601280427802e-15,3.866822246947569e-14
20260622_161419,2026-06-22T16:14:19.121,ill_conditioned,short_wide,512,2048,4.000000,20260310,1,dgeqp3_trsm,0.046811833000000004,0.050065521,0.04708691032500001,0.08498132595,61641840,1.131088822472298e-15,3.849374920167758e-14
20260622_161419,2026-06-22T16:14:19.121,ill_conditioned,short_wide,512,4096,8.000000,20260310,1,bsqr_full,0.1783935,0.188537208,0.17839695,0.2588997746,62259824,1.1544078665262744e-15,3.845716919776305e-14
20260622_161419,2026-06-22T16:14:19.121,ill_conditioned,short_wide,512,4096,8.000000,20260310,1,dgeqp3,0.097511042,0.11607347900000001,0.09909317325,0.193601294975,87397168,1.182467514165501e-15,3.825223810613039e-14
20260622_161419,2026-06-22T16:14:19.121,ill_conditioned,short_wide,512,4096,8.000000,20260310,1,bsqr_rinv,0.168207125,0.19435391700000001,0.16856954687500003,0.256530265875,85328576,1.1544078665262744e-15,3.845716919776305e-14
20260622_161419,2026-06-22T16:14:19.121,ill_conditioned,short_wide,512,4096,8.000000,20260310,1,dgeqp3_trsm,0.103967875,0.11152141650000001,0.10538633750000001,0.1755566439,141923440,1.182467514165501e-15,3.825223810613039e-14
20260622_161419,2026-06-22T16:14:19.121,ill_conditioned,short_wide,512,5120,10.000000,20260310,1,bsqr_full,0.307152709,0.3195884165,0.308027661625,0.361565765625,67143312,1.1501542678745186e-15,3.84952489764601e-14
20260622_161419,2026-06-22T16:14:19.121,ill_conditioned,short_wide,512,5120,10.000000,20260310,1,dgeqp3,0.16203,0.180061291,0.1679837023,0.21977412895,87724848,1.1635901042356727e-15,3.852810502524772e-14
20260622_161419,2026-06-22T16:14:19.121,ill_conditioned,short_wide,512,5120,10.000000,20260310,1,bsqr_rinv,0.307458292,0.32432558300000003,0.31129444787500005,0.34848764050000003,86017760,1.1501542678745186e-15,3.84952489764601e-14
20260622_161419,2026-06-22T16:14:19.121,ill_conditioned,short_wide,512,5120,10.000000,20260310,1,dgeqp3_trsm,0.194447584,0.230006291,0.19470804962500002,0.3420110812499998,150639728,1.1635901042356727e-15,3.852810502524772e-14
20260622_161419,2026-06-22T16:14:19.121,orthonormal_rows,square,64,64,1.000000,20260310,1,bsqr_full,6.55e-5,6.5875e-5,6.553045000000001e-5,7.479512499999998e-5,154336,5.805645724592259e-16,5.467527682704648e-15
20260622_161419,2026-06-22T16:14:19.121,orthonormal_rows,square,64,64,1.000000,20260310,1,dgeqp3,5.6125e-5,5.66875e-5,5.6154725e-5,6.458314999999998e-5,249648,6.731638259107574e-16,6.370055107280079e-15
20260622_161419,2026-06-22T16:14:19.121,orthonormal_rows,square,64,64,1.000000,20260310,1,bsqr_rinv,6.625e-5,6.7e-5,6.6340625e-5,7.465094999999998e-5,154384,5.805645724592259e-16,5.467527682704648e-15
20260622_161419,2026-06-22T16:14:19.121,orthonormal_rows,square,64,64,1.000000,20260310,1,dgeqp3_trsm,5.6667000000000005e-5,6.60205e-5,5.6727175000000006e-5,8.195217499999997e-5,249648,6.731638259107574e-16,6.370055107280079e-15
20260622_161419,2026-06-22T16:14:19.121,orthonormal_rows,square,128,128,1.000000,20260310,1,bsqr_full,0.000435958,0.000446125,0.000436954875,0.000465522975,569920,7.423355418742472e-16,9.356220490221067e-15
20260622_161419,2026-06-22T16:14:19.121,orthonormal_rows,square,128,128,1.000000,20260310,1,dgeqp3,0.00027312500000000004,0.00030325,0.000281703925,0.00032683952499999995,823184,8.400139388077895e-16,1.0736148595612819e-14
20260622_161419,2026-06-22T16:14:19.121,orthonormal_rows,square,128,128,1.000000,20260310,1,bsqr_rinv,0.00042920800000000004,0.00044395800000000005,0.00043570327500000005,0.00045121090000000005,569968,7.423355418742472e-16,9.356220490221067e-15
20260622_161419,2026-06-22T16:14:19.121,orthonormal_rows,square,128,128,1.000000,20260310,1,dgeqp3_trsm,0.000270292,0.000307625,0.00027062405,0.000331946575,823184,8.400139388077895e-16,1.0736148595612819e-14
20260622_161419,2026-06-22T16:14:19.121,orthonormal_rows,square,256,256,1.000000,20260310,1,bsqr_full,0.002453208,0.0025639585,0.0024545978250000004,0.0030956256499999994,2273616,9.832478013858321e-16,1.9498820422599846e-14
20260622_161419,2026-06-22T16:14:19.121,orthonormal_rows,square,256,256,1.000000,20260310,1,dgeqp3,0.001919083,0.002140959,0.001959079075,0.0025014419999999987,2857776,1.0414191080853932e-15,2.0230496031497135e-14
20260622_161419,2026-06-22T16:14:19.121,orthonormal_rows,square,256,256,1.000000,20260310,1,bsqr_rinv,0.002477542,0.0025087295,0.00247838735,0.002883817949999999,2273664,9.832478013858321e-16,1.9498820422599846e-14
20260622_161419,2026-06-22T16:14:19.121,orthonormal_rows,square,256,256,1.000000,20260310,1,dgeqp3_trsm,0.0020423330000000003,0.002131729,0.0020542048750000004,0.0026278437499999995,2857776,1.0414191080853932e-15,2.0230496031497135e-14
20260622_161419,2026-06-22T16:14:19.121,orthonormal_rows,square,384,384,1.000000,20260310,1,bsqr_full,0.0053690000000000005,0.005548771,0.005428148400000001,0.00659295,4982256,1.1628994620818445e-15,2.9553554566150826e-14
20260622_161419,2026-06-22T16:14:19.121,orthonormal_rows,square,384,384,1.000000,20260310,1,dgeqp3,0.004441666,0.004606166,0.0044458347500000005,0.005510938299999999,6203184,1.196681628681297e-15,2.9860825527189964e-14
20260622_161419,2026-06-22T16:14:19.121,orthonormal_rows,square,384,384,1.000000,20260310,1,bsqr_rinv,0.005434250000000001,0.0055045205,0.0054543992000000005,0.0066436785500000005,4982304,1.1628994620818445e-15,2.9553554566150826e-14
20260622_161419,2026-06-22T16:14:19.121,orthonormal_rows,square,384,384,1.000000,20260310,1,dgeqp3_trsm,0.004381542,0.0045948545,0.00442588735,0.0055015902,6203184,1.196681628681297e-15,2.9860825527189964e-14
20260622_161419,2026-06-22T16:14:19.121,orthonormal_rows,square,512,512,1.000000,20260310,1,bsqr_full,0.012060000000000001,0.012240229,0.012089514025000001,0.0135923992,8739440,1.3206529769859166e-15,3.8461297599797365e-14
20260622_161419,2026-06-22T16:14:19.121,orthonormal_rows,square,512,512,1.000000,20260310,1,dgeqp3,0.009244750000000001,0.0094947715,0.00930691875,0.0106774125,10859312,1.3306297476321328e-15,3.804271009240442e-14
20260622_161419,2026-06-22T16:14:19.121,orthonormal_rows,square,512,512,1.000000,20260310,1,bsqr_rinv,0.012086625,0.012297291500000002,0.012096805450000001,0.01366934005,8739488,1.3206529769859166e-15,3.8461297599797365e-14
20260622_161419,2026-06-22T16:14:19.121,orthonormal_rows,square,512,512,1.000000,20260310,1,dgeqp3_trsm,0.009335583,0.0095402295,0.00933706345,0.010793986925,10859312,1.3306297476321328e-15,3.804271009240442e-14
20260622_161419,2026-06-22T16:14:19.121,orthonormal_rows,short_wide,32,64,2.000000,20260310,1,bsqr_full,2.5584e-5,2.6188e-5,2.5644175e-5,3.243437499999999e-5,72160,5.729545342496716e-16,3.664004097781827e-15
20260622_161419,2026-06-22T16:14:19.121,orthonormal_rows,short_wide,32,64,2.000000,20260310,1,dgeqp3,1.8709e-5,1.9188e-5,1.876845e-5,2.336112499999999e-5,159280,5.755785581479111e-16,3.533805047401359e-15
20260622_161419,2026-06-22T16:14:19.121,orthonormal_rows,short_wide,32,64,2.000000,20260310,1,bsqr_rinv,2.65e-5,2.7041500000000002e-5,2.6529725000000003e-5,3.330232499999999e-5,80432,5.729545342496716e-16,3.664004097781827e-15
20260622_161419,2026-06-22T16:14:19.121,orthonormal_rows,short_wide,32,64,2.000000,20260310,1,dgeqp3_trsm,2.375e-5,2.7000000000000002e-5,2.3810175000000003e-5,3.2005674999999996e-5,208752,5.755785581479111e-16,3.533805047401359e-15
20260622_161419,2026-06-22T16:14:19.121,orthonormal_rows,short_wide,32,128,4.000000,20260310,1,bsqr_full,4.3708e-5,4.4375e-5,4.37689e-5,4.929024999999999e-5,126752,5.497127274375208e-16,3.091473688965227e-15
20260622_161419,2026-06-22T16:14:19.121,orthonormal_rows,short_wide,32,128,4.000000,20260310,1,dgeqp3,3.0458000000000002e-5,3.1458500000000004e-5,3.0458000000000002e-5,3.49258e-5,273520,6.468441556836548e-16,3.715574755863367e-15
20260622_161419,2026-06-22T16:14:19.121,orthonormal_rows,short_wide,32,128,4.000000,20260310,1,bsqr_rinv,4.575e-5,4.6354500000000005e-5,4.5871075e-5,5.1050574999999994e-5,151408,5.497127274375208e-16,3.091473688965227e-15
20260622_161419,2026-06-22T16:14:19.121,orthonormal_rows,short_wide,32,128,4.000000,20260310,1,dgeqp3_trsm,4.3542000000000004e-5,4.4313e-5,4.3602175e-5,6.18008e-5,372144,6.468441556836548e-16,3.715574755863367e-15
20260622_161419,2026-06-22T16:14:19.121,orthonormal_rows,short_wide,32,256,8.000000,20260310,1,bsqr_full,9.0375e-5,9.375e-5,9.052652500000001e-5,0.00010836737499999997,234976,6.435621593648533e-16,3.3086386006041396e-15
20260622_161419,2026-06-22T16:14:19.121,orthonormal_rows,short_wide,32,256,8.000000,20260310,1,dgeqp3,5.4333e-5,6.570850000000001e-5,5.478612500000001e-5,7.914375e-5,439344,5.606373906538638e-16,3.1290074232331894e-15
20260622_161419,2026-06-22T16:14:19.121,orthonormal_rows,short_wide,32,256,8.000000,20260310,1,bsqr_rinv,8.9917e-5,9.949950000000001e-5,9.0097525e-5,0.000105777175,300592,6.435621593648533e-16,3.3086386006041396e-15
20260622_161419,2026-06-22T16:14:19.121,orthonormal_rows,short_wide,32,256,8.000000,20260310,1,dgeqp3_trsm,7.5917e-5,9.256250000000001e-5,7.827325e-5,0.00011350122499999999,644464,5.606373906538638e-16,3.1290074232331894e-15
20260622_161419,2026-06-22T16:14:19.121,orthonormal_rows,short_wide,32,320,10.000000,20260310,1,bsqr_full,0.000111583,0.00012083300000000001,0.0001132447,0.000124600375,338400,5.991301476546634e-16,3.161021273377617e-15
20260622_161419,2026-06-22T16:14:19.121,orthonormal_rows,short_wide,32,320,10.000000,20260310,1,dgeqp3,6.529100000000001e-5,7.93335e-5,6.640895e-5,8.3049575e-5,571440,5.646604909014385e-16,3.1088803670395084e-15
20260622_161419,2026-06-22T16:14:19.121,orthonormal_rows,short_wide,32,320,10.000000,20260310,1,bsqr_rinv,0.000116,0.00012931300000000001,0.00011654375,0.0001361705,436784,5.991301476546634e-16,3.161021273377617e-15
20260622_161419,2026-06-22T16:14:19.121,orthonormal_rows,short_wide,32,320,10.000000,20260310,1,dgeqp3_trsm,9.2083e-5,0.000110729,9.401657500000001e-5,0.00014137637499999996,874864,5.646604909014385e-16,3.1088803670395084e-15
20260622_161419,2026-06-22T16:14:19.121,orthonormal_rows,short_wide,64,128,2.000000,20260310,1,bsqr_full,0.00012525,0.000132292,0.00012594527500000001,0.00014505922499999998,258080,6.846720994765477e-16,6.232662234347463e-15
20260622_161419,2026-06-22T16:14:19.121,orthonormal_rows,short_wide,64,128,2.000000,20260310,1,dgeqp3,9.8375e-5,0.00010475000000000001,9.86766e-5,0.00012606345,429424,7.811092051502277e-16,6.917901098806196e-15
20260622_161419,2026-06-22T16:14:19.121,orthonormal_rows,short_wide,64,128,2.000000,20260310,1,bsqr_rinv,0.000130709,0.000136875,0.0001307989,0.00015285842499999997,290928,6.846720994765477e-16,6.232662234347463e-15
20260622_161419,2026-06-22T16:14:19.121,orthonormal_rows,short_wide,64,128,2.000000,20260310,1,dgeqp3_trsm,0.00010637500000000001,0.00012072950000000001,0.00011308125000000001,0.00012963082499999997,626352,7.811092051502277e-16,6.917901098806196e-15
20260622_161419,2026-06-22T16:14:19.121,orthonormal_rows,short_wide,64,256,4.000000,20260310,1,bsqr_full,0.000306709,0.000318271,0.000306738725,0.000326663725,464608,6.902692865401119e-16,5.407191067874891e-15
20260622_161419,2026-06-22T16:14:19.121,orthonormal_rows,short_wide,64,256,4.000000,20260310,1,dgeqp3,0.000163458,0.000186438,0.000163911125,0.00019081672500000001,726320,7.80295872755044e-16,6.3880610985129725e-15
20260622_161419,2026-06-22T16:14:19.121,orthonormal_rows,short_wide,64,256,4.000000,20260310,1,bsqr_rinv,0.000306792,0.00033108350000000004,0.00030691235,0.00034169687500000003,562992,6.902692865401119e-16,5.407191067874891e-15
20260622_161419,2026-06-22T16:14:19.121,orthonormal_rows,short_wide,64,256,4.000000,20260310,1,dgeqp3_trsm,0.000198125,0.00023362450000000002,0.00020368285,0.00026526954999999997,1119856,7.80295872755044e-16,6.3880610985129725e-15
20260622_161419,2026-06-22T16:14:19.121,orthonormal_rows,short_wide,64,512,8.000000,20260310,1,bsqr_full,0.00075925,0.0007786245000000001,0.000760578925,0.0008103868499999999,1002512,7.436316287555482e-16,5.574204984294624e-15
20260622_161419,2026-06-22T16:14:19.121,orthonormal_rows,short_wide,64,512,8.000000,20260310,1,dgeqp3,0.00045016600000000005,0.000496083,0.0004550003,0.0005069689000000001,1320240,8.155271876144694e-16,6.788269969205867e-15
20260622_161419,2026-06-22T16:14:19.121,orthonormal_rows,short_wide,64,512,8.000000,20260310,1,bsqr_rinv,0.0007717500000000001,0.0007943335000000001,0.0007783054500000001,0.000834203775,1231968,7.436316287555482e-16,5.574204984294624e-15
20260622_161419,2026-06-22T16:14:19.121,orthonormal_rows,short_wide,64,512,8.000000,20260310,1,dgeqp3_trsm,0.000515833,0.000576771,0.000519911125,0.0008669308749999986,2106992,8.155271876144694e-16,6.788269969205867e-15
20260622_161419,2026-06-22T16:14:19.121,orthonormal_rows,short_wide,64,640,10.000000,20260310,1,bsqr_full,0.000943,0.000986354,0.00095544535,0.001022418325,1309840,7.728505046984001e-16,5.610249717286733e-15
20260622_161419,2026-06-22T16:14:19.121,orthonormal_rows,short_wide,64,640,10.000000,20260310,1,dgeqp3,0.000582,0.0006601245000000001,0.0006064383,0.0013717733999999966,1617200,7.925235915297731e-16,6.1985162469237914e-15
20260622_161419,2026-06-22T16:14:19.121,orthonormal_rows,short_wide,64,640,10.000000,20260310,1,bsqr_rinv,0.000994875,0.0010195215,0.0009967781250000002,0.0016457722999999973,1604832,7.728505046984001e-16,5.610249717286733e-15
20260622_161419,2026-06-22T16:14:19.121,orthonormal_rows,short_wide,64,640,10.000000,20260310,1,dgeqp3_trsm,0.0006857090000000001,0.0007429170000000001,0.0006927473000000001,0.0012953116999999974,2600560,7.925235915297731e-16,6.1985162469237914e-15
20260622_161419,2026-06-22T16:14:19.121,orthonormal_rows,short_wide,128,256,2.000000,20260310,1,bsqr_full,0.0010164170000000001,0.0010631245,0.0010291349500000002,0.001091734225,1045776,9.050404906519002e-16,9.886434182254486e-15
20260622_161419,2026-06-22T16:14:19.121,orthonormal_rows,short_wide,128,256,2.000000,20260310,1,dgeqp3,0.0007242080000000001,0.0007708540000000001,0.0007381947,0.00078499485,1382224,9.681429219979343e-16,1.130240611318869e-14
20260622_161419,2026-06-22T16:14:19.121,orthonormal_rows,short_wide,128,256,2.000000,20260310,1,bsqr_rinv,0.001028333,0.0010726875,0.0010407189,0.00112312065,1176928,9.050404906519002e-16,9.886434182254486e-15
20260622_161419,2026-06-22T16:14:19.121,orthonormal_rows,short_wide,128,256,2.000000,20260310,1,dgeqp3_trsm,0.000809916,0.0008561875000000001,0.000816199575,0.0014739222999999976,2168976,9.681429219979343e-16,1.130240611318869e-14
20260622_161419,2026-06-22T16:14:19.121,orthonormal_rows,short_wide,128,512,4.000000,20260310,1,bsqr_full,0.001979708,0.0021085415,0.0019936345250000003,0.0031785757999999954,1912368,9.266442727317295e-16,9.888653447557141e-15
20260622_161419,2026-06-22T16:14:19.121,orthonormal_rows,short_wide,128,512,4.000000,20260310,1,dgeqp3,0.0015220420000000001,0.0018071250000000001,0.0015646053000000003,0.0036231103249999954,2500432,9.607500800446622e-16,1.0737213437744801e-14
20260622_161419,2026-06-22T16:14:19.121,orthonormal_rows,short_wide,128,512,4.000000,20260310,1,bsqr_rinv,0.001990125,0.0021534790000000002,0.0020126,0.0029857259499999965,2305664,9.266442727317295e-16,9.888653447557141e-15
20260622_161419,2026-06-22T16:14:19.121,orthonormal_rows,short_wide,128,512,4.000000,20260310,1,dgeqp3_trsm,0.001672667,0.0019960835000000002,0.001701757625,0.004193547674999997,4073616,9.607500800446622e-16,1.0737213437744801e-14
20260622_161419,2026-06-22T16:14:19.121,orthonormal_rows,short_wide,128,1024,8.000000,20260310,1,bsqr_full,0.003877291,0.004034292,0.0038811886000000005,0.007034862650000001,3648112,9.392356639609949e-16,1.0159500918412603e-14
20260622_161419,2026-06-22T16:14:19.121,orthonormal_rows,short_wide,128,1024,8.000000,20260310,1,dgeqp3,0.002701333,0.002867187,0.0027022697000000004,0.00417819025,4736848,9.29922059984131e-16,1.0604992526402167e-14
20260622_161419,2026-06-22T16:14:19.121,orthonormal_rows,short_wide,128,1024,8.000000,20260310,1,bsqr_rinv,0.00397075,0.004092646,0.003983951525,0.006146390925000001,4565696,9.392356639609949e-16,1.0159500918412603e-14
20260622_161419,2026-06-22T16:14:19.121,orthonormal_rows,short_wide,128,1024,8.000000,20260310,1,dgeqp3_trsm,0.0030388330000000003,0.0032408330000000003,0.0030479259500000005,0.0052711792249999995,7882896,9.29922059984131e-16,1.0604992526402167e-14
20260622_161419,2026-06-22T16:14:19.121,orthonormal_rows,short_wide,128,1280,10.000000,20260310,1,bsqr_full,0.005073541,0.005249979,0.0050967112750000005,0.007963995500000001,4557696,8.931860459191752e-16,1.009488080156492e-14
20260622_161419,2026-06-22T16:14:19.121,orthonormal_rows,short_wide,128,1280,10.000000,20260310,1,dgeqp3,0.003234541,0.0035532505,0.003321299575,0.006047921075,5855056,9.381731460693726e-16,1.1147752317405977e-14
20260622_161419,2026-06-22T16:14:19.121,orthonormal_rows,short_wide,128,1280,10.000000,20260310,1,bsqr_rinv,0.005246542000000001,0.005412666500000001,0.0053043600250000005,0.0070533242,5737424,8.931860459191752e-16,1.009488080156492e-14
20260622_161419,2026-06-22T16:14:19.121,orthonormal_rows,short_wide,128,1280,10.000000,20260310,1,dgeqp3_trsm,0.003719375,0.003972542,0.0037545976749999996,0.006186379075,9787536,9.381731460693726e-16,1.1147752317405977e-14
20260622_161419,2026-06-22T16:14:19.121,orthonormal_rows,short_wide,256,512,2.000000,20260310,1,bsqr_full,0.0048815,0.0051194165000000005,0.0049043375000000005,0.007559346724999999,3928592,1.1505311603645736e-15,2.0074687182994082e-14
20260622_161419,2026-06-22T16:14:19.121,orthonormal_rows,short_wide,256,512,2.000000,20260310,1,dgeqp3,0.0037110830000000004,0.0038945625000000005,0.0037394486250000004,0.005976651224999997,5024560,1.1856115187132112e-15,2.0515495729205452e-14
20260622_161419,2026-06-22T16:14:19.121,orthonormal_rows,short_wide,256,512,2.000000,20260310,1,bsqr_rinv,0.004914334,0.005061645500000001,0.004923275425,0.007426977174999998,4452960,1.1505311603645736e-15,2.0074687182994082e-14
20260622_161419,2026-06-22T16:14:19.121,orthonormal_rows,short_wide,256,512,2.000000,20260310,1,dgeqp3_trsm,0.0041257920000000005,0.0042505205,0.0041384490500000004,0.00589981075,8170608,1.1856115187132112e-15,2.0515495729205452e-14
20260622_161419,2026-06-22T16:14:19.121,orthonormal_rows,short_wide,256,1024,4.000000,20260310,1,bsqr_full,0.009982459,0.0102432085,0.0099858114,0.013884472024999997,7237200,1.1924224002741384e-15,2.0534312222068468e-14
20260622_161419,2026-06-22T16:14:19.121,orthonormal_rows,short_wide,256,1024,4.000000,20260310,1,dgeqp3,0.006545416,0.006766042000000001,0.006608642525000001,0.0087835064,9358128,1.2225217992941622e-15,2.075426169560514e-14
20260622_161419,2026-06-22T16:14:19.121,orthonormal_rows,short_wide,256,1024,4.000000,20260310,1,bsqr_rinv,0.010052792000000001,0.0104273125,0.010057866275,0.014027516049999997,8810144,1.1924224002741384e-15,2.0534312222068468e-14
20260622_161419,2026-06-22T16:14:19.121,orthonormal_rows,short_wide,256,1024,4.000000,20260310,1,dgeqp3_trsm,0.0073317090000000005,0.0077598960000000005,0.007345241850000001,0.009839960325,15649904,1.2225217992941622e-15,2.075426169560514e-14
20260622_161419,2026-06-22T16:14:19.121,orthonormal_rows,short_wide,256,2048,8.000000,20260310,1,bsqr_full,0.020030625,0.020630146000000002,0.02004044295,0.023829020125,13824560,1.2020008088840116e-15,2.012629628898382e-14
20260622_161419,2026-06-22T16:14:19.121,orthonormal_rows,short_wide,256,2048,8.000000,20260310,1,dgeqp3,0.012554459,0.013207271000000001,0.01256022855,0.016560433275,18058032,1.2407335837578731e-15,2.0523011456636368e-14
20260622_161419,2026-06-22T16:14:19.121,orthonormal_rows,short_wide,256,2048,8.000000,20260310,1,bsqr_rinv,0.020388333,0.0214086455,0.020545869700000004,0.03212771657499996,17494656,1.2020008088840116e-15,2.012629628898382e-14
20260622_161419,2026-06-22T16:14:19.121,orthonormal_rows,short_wide,256,2048,8.000000,20260310,1,dgeqp3_trsm,0.014305333000000002,0.0151135625,0.014389856400000001,0.02653277484999995,30641264,1.2407335837578731e-15,2.0523011456636368e-14
20260622_161419,2026-06-22T16:14:19.121,orthonormal_rows,short_wide,256,2560,10.000000,20260310,1,bsqr_full,0.024617083,0.025999104500000002,0.024658740775,0.028045897975,17151056,1.1973626636483088e-15,1.999908093325647e-14
20260622_161419,2026-06-22T16:14:19.121,orthonormal_rows,short_wide,256,2560,10.000000,20260310,1,dgeqp3,0.015326916000000001,0.0157990205,0.015382379225,0.02779775937499996,22391600,1.2333774156748603e-15,2.0722294034546068e-14
20260622_161419,2026-06-22T16:14:19.121,orthonormal_rows,short_wide,256,2560,10.000000,20260310,1,bsqr_rinv,0.025207167000000003,0.026359708500000002,0.025265469325,0.03725821032499996,21869728,1.1973626636483088e-15,1.999908093325647e-14
20260622_161419,2026-06-22T16:14:19.121,orthonormal_rows,short_wide,256,2560,10.000000,20260310,1,dgeqp3_trsm,0.017604958,0.0188196875,0.017679361850000002,0.049165718324999996,38120560,1.2333774156748603e-15,2.0722294034546068e-14
20260622_161419,2026-06-22T16:14:19.121,orthonormal_rows,short_wide,512,1024,2.000000,20260310,1,bsqr_full,0.025606166000000003,0.027379083000000002,0.025709811275,0.04859172877499999,15187024,1.5233677967415362e-15,3.8408762042269085e-14
20260622_161419,2026-06-22T16:14:19.121,orthonormal_rows,short_wide,512,1024,2.000000,20260310,1,dgeqp3,0.018616709000000002,0.021985583500000003,0.018685432475000003,0.050574414025,19387184,1.5547769405692144e-15,3.8638687218042306e-14
20260622_161419,2026-06-22T16:14:19.121,orthonormal_rows,short_wide,512,1024,2.000000,20260310,1,bsqr_rinv,0.026411875,0.028347979500000002,0.02642018205,0.042680488449999957,17284256,1.5233677967415362e-15,3.8408762042269085e-14
20260622_161419,2026-06-22T16:14:19.121,orthonormal_rows,short_wide,512,1024,2.000000,20260310,1,dgeqp3_trsm,0.019491500000000002,0.0206363125,0.019695950000000004,0.032609639099999956,31970416,1.5547769405692144e-15,3.8638687218042306e-14
20260622_161419,2026-06-22T16:14:19.121,orthonormal_rows,short_wide,512,2048,4.000000,20260310,1,bsqr_full,0.053598542000000006,0.0558763545,0.053875189675000004,0.06780312442499996,28080720,1.5649900434596509e-15,3.8059802952080425e-14
20260622_161419,2026-06-22T16:14:19.121,orthonormal_rows,short_wide,512,2048,4.000000,20260310,1,dgeqp3,0.032262458,0.034518292,0.032451864250000004,0.045513160174999956,36475696,1.5958458993632142e-15,3.797307428464864e-14
20260622_161419,2026-06-22T16:14:19.121,orthonormal_rows,short_wide,512,2048,4.000000,20260310,1,bsqr_rinv,0.054467625000000006,0.0570105205,0.054655309375,0.089159411125,34372256,1.5649900434596509e-15,3.8059802952080425e-14
20260622_161419,2026-06-22T16:14:19.121,orthonormal_rows,short_wide,512,2048,4.000000,20260310,1,dgeqp3_trsm,0.036777333,0.038736146500000006,0.036824155675000005,0.07269621875,61641840,1.5958458993632142e-15,3.797307428464864e-14
20260622_161419,2026-06-22T16:14:19.121,orthonormal_rows,short_wide,512,4096,8.000000,20260310,1,bsqr_full,0.17266375,0.189626667,0.17293780000000003,0.307764267,60162672,1.5883001606610402e-15,3.8250360646561523e-14
20260622_161419,2026-06-22T16:14:19.121,orthonormal_rows,short_wide,512,4096,8.000000,20260310,1,dgeqp3,0.072266042,0.07921610400000001,0.07391133887500001,0.11239475297500001,87397168,1.6300347024145253e-15,3.878877142761363e-14
20260622_161419,2026-06-22T16:14:19.121,orthonormal_rows,short_wide,512,4096,8.000000,20260310,1,bsqr_rinv,0.159042167,0.1781394795,0.16073470115,0.204140513325,76939968,1.5883001606610402e-15,3.8250360646561523e-14
20260622_161419,2026-06-22T16:14:19.121,orthonormal_rows,short_wide,512,4096,8.000000,20260310,1,dgeqp3_trsm,0.08285916700000001,0.0885005415,0.08366627325,0.1255943636,144020592,1.6300347024145253e-15,3.878877142761363e-14
20260622_161419,2026-06-22T16:14:19.121,orthonormal_rows,short_wide,512,5120,10.000000,20260310,1,bsqr_full,0.309850458,0.32380735400000005,0.31094134875,0.35890318775,67143312,1.6136283955253215e-15,3.872295798643893e-14
20260622_161419,2026-06-22T16:14:19.121,orthonormal_rows,short_wide,512,5120,10.000000,20260310,1,dgeqp3,0.142812875,0.155704958,0.146226990625,0.1924988894,87724848,1.6408603405515636e-15,3.869831045441037e-14
20260622_161419,2026-06-22T16:14:19.121,orthonormal_rows,short_wide,512,5120,10.000000,20260310,1,bsqr_rinv,0.30780175000000004,0.321948854,0.3086163591250001,0.37822972350000006,86017760,1.6136283955253215e-15,3.872295798643893e-14
20260622_161419,2026-06-22T16:14:19.121,orthonormal_rows,short_wide,512,5120,10.000000,20260310,1,dgeqp3_trsm,0.160615584,0.167377458,0.1606439627,0.20505092060000002,150639728,1.6408603405515636e-15,3.869831045441037e-14
20260622_161419,2026-06-22T16:14:19.121,gaussian,square,64,64,1.000000,20260311,1,bsqr_full,6.5667e-5,6.625e-5,6.5727175e-5,7.617282499999997e-5,154336,5.78838482754077e-16,5.696846977782007e-15
20260622_161419,2026-06-22T16:14:19.121,gaussian,square,64,64,1.000000,20260311,1,dgeqp3,5.6416e-5,5.7062500000000005e-5,5.644645e-5,6.3571725e-5,249648,5.885052819619953e-16,6.632531056365504e-15
20260622_161419,2026-06-22T16:14:19.121,gaussian,square,64,64,1.000000,20260311,1,bsqr_rinv,6.608300000000001e-5,6.658300000000001e-5,6.614390000000002e-5,8.057499999999997e-5,154384,5.78838482754077e-16,5.696846977782007e-15
20260622_161419,2026-06-22T16:14:19.121,gaussian,square,64,64,1.000000,20260311,1,dgeqp3_trsm,6.2125e-5,6.374950000000001e-5,6.2366425e-5,6.901657499999998e-5,249648,5.885052819619953e-16,6.632531056365504e-15
20260622_161419,2026-06-22T16:14:19.121,gaussian,square,128,128,1.000000,20260311,1,bsqr_full,0.00043691600000000003,0.00044272900000000005,0.00043767145000000004,0.000460475,569920,7.199939091901365e-16,9.841340681406303e-15
20260622_161419,2026-06-22T16:14:19.121,gaussian,square,128,128,1.000000,20260311,1,dgeqp3,0.000270458,0.00030206250000000003,0.000274415775,0.00031217282500000006,823184,7.403183600797456e-16,1.0816608931277344e-14
20260622_161419,2026-06-22T16:14:19.121,gaussian,square,128,128,1.000000,20260311,1,bsqr_rinv,0.000425791,0.00044256250000000003,0.00042796672500000003,0.000456379875,569968,7.199939091901365e-16,9.841340681406303e-15
20260622_161419,2026-06-22T16:14:19.121,gaussian,square,128,128,1.000000,20260311,1,dgeqp3_trsm,0.00027,0.000300688,0.000273896875,0.00032555094999999997,823184,7.403183600797456e-16,1.0816608931277344e-14
20260622_161419,2026-06-22T16:14:19.121,gaussian,square,256,256,1.000000,20260311,1,bsqr_full,0.002455292,0.0025156460000000003,0.0024556537750000003,0.0029346725249999994,2273616,9.06835884963818e-16,1.99763781487066e-14
20260622_161419,2026-06-22T16:14:19.121,gaussian,square,256,256,1.000000,20260311,1,dgeqp3,0.002040375,0.0020813340000000002,0.002046175,0.0025994975249999993,2857776,9.332232856703336e-16,2.0285216125112807e-14
20260622_161419,2026-06-22T16:14:19.121,gaussian,square,256,256,1.000000,20260311,1,bsqr_rinv,0.002460667,0.0024975625,0.00246157325,0.0032624392499999997,2273664,9.06835884963818e-16,1.99763781487066e-14
20260622_161419,2026-06-22T16:14:19.121,gaussian,square,256,256,1.000000,20260311,1,dgeqp3_trsm,0.0020214580000000003,0.0020891875000000003,0.002026140775,0.0023861650499999994,2857776,9.332232856703336e-16,2.0285216125112807e-14
20260622_161419,2026-06-22T16:14:19.121,gaussian,square,384,384,1.000000,20260311,1,bsqr_full,0.005158458,0.005414228500000001,0.0052201439,0.006307826525,4982256,1.0775932862711013e-15,2.965861613103469e-14
20260622_161419,2026-06-22T16:14:19.121,gaussian,square,384,384,1.000000,20260311,1,dgeqp3,0.0042832090000000005,0.0044833545,0.004354409075,0.00553448475,6203184,1.101243593241098e-15,3.004114827949069e-14
20260622_161419,2026-06-22T16:14:19.121,gaussian,square,384,384,1.000000,20260311,1,bsqr_rinv,0.005317833,0.0054051875,0.0053436314,0.006269201899999999,4982304,1.0775932862711013e-15,2.965861613103469e-14
20260622_161419,2026-06-22T16:14:19.121,gaussian,square,384,384,1.000000,20260311,1,dgeqp3_trsm,0.004388958,0.0045022915,0.004397447025000001,0.0051714234,6203184,1.101243593241098e-15,3.004114827949069e-14
20260622_161419,2026-06-22T16:14:19.121,gaussian,square,512,512,1.000000,20260311,1,bsqr_full,0.011815792,0.0119290625,0.011822407625000001,0.013566020500000001,8739440,1.2254624872956605e-15,3.8278679907549206e-14
20260622_161419,2026-06-22T16:14:19.121,gaussian,square,512,512,1.000000,20260311,1,dgeqp3,0.009182208,0.009441104,0.009237399350000002,0.011021140625,10859312,1.2360573297764559e-15,3.827292778088262e-14
20260622_161419,2026-06-22T16:14:19.121,gaussian,square,512,512,1.000000,20260311,1,bsqr_rinv,0.011817042000000002,0.0119470205,0.011851509950000002,0.013719874200000001,8739488,1.2254624872956605e-15,3.8278679907549206e-14
20260622_161419,2026-06-22T16:14:19.121,gaussian,square,512,512,1.000000,20260311,1,dgeqp3_trsm,0.009227417,0.0093015835,0.009233820925,0.010522138299999999,10859312,1.2360573297764559e-15,3.827292778088262e-14
20260622_161419,2026-06-22T16:14:19.121,gaussian,short_wide,32,64,2.000000,20260311,1,bsqr_full,2.5792000000000003e-5,2.625e-5,2.5821725000000002e-5,3.2595924999999986e-5,72160,5.155269658497606e-16,3.240686477758703e-15
20260622_161419,2026-06-22T16:14:19.121,gaussian,short_wide,32,64,2.000000,20260311,1,dgeqp3,1.9417e-5,1.9833e-5,1.9417e-5,2.378452499999999e-5,159280,5.338460553594697e-16,3.555320302841277e-15
20260622_161419,2026-06-22T16:14:19.121,gaussian,short_wide,32,64,2.000000,20260311,1,bsqr_rinv,2.6625e-5,2.7083e-5,2.6625e-5,3.298327499999999e-5,80432,5.155269658497606e-16,3.240686477758703e-15
20260622_161419,2026-06-22T16:14:19.121,gaussian,short_wide,32,64,2.000000,20260311,1,dgeqp3_trsm,2.6042000000000002e-5,2.9604000000000003e-5,2.6343600000000003e-5,3.4331249999999984e-5,208752,5.338460553594697e-16,3.555320302841277e-15
20260622_161419,2026-06-22T16:14:19.121,gaussian,short_wide,32,128,4.000000,20260311,1,bsqr_full,4.4333000000000004e-5,4.4896000000000005e-5,4.448380000000001e-5,5.212514999999999e-5,126752,6.239308022516702e-16,3.601900021528425e-15
20260622_161419,2026-06-22T16:14:19.121,gaussian,short_wide,32,128,4.000000,20260311,1,dgeqp3,3.2083000000000004e-5,3.25625e-5,3.2083000000000004e-5,3.680667499999999e-5,273520,5.347040818163381e-16,3.1230905904392464e-15
20260622_161419,2026-06-22T16:14:19.121,gaussian,short_wide,32,128,4.000000,20260311,1,bsqr_rinv,4.6375e-5,4.6750000000000005e-5,4.6375e-5,5.232499999999999e-5,151408,6.239308022516702e-16,3.601900021528425e-15
20260622_161419,2026-06-22T16:14:19.121,gaussian,short_wide,32,128,4.000000,20260311,1,dgeqp3_trsm,4.4000000000000006e-5,4.6416500000000005e-5,4.4210975e-5,5.713357499999999e-5,372144,5.347040818163381e-16,3.1230905904392464e-15
20260622_161419,2026-06-22T16:14:19.121,gaussian,short_wide,32,256,8.000000,20260311,1,bsqr_full,8.825e-5,9.2458e-5,8.84617e-5,9.728627499999999e-5,234976,5.876084866766303e-16,3.4347305355519762e-15
20260622_161419,2026-06-22T16:14:19.121,gaussian,short_wide,32,256,8.000000,20260311,1,dgeqp3,5.4875000000000006e-5,6.670850000000001e-5,5.5298400000000006e-5,7.20811e-5,439344,5.750381203399579e-16,3.2947650497269526e-15
20260622_161419,2026-06-22T16:14:19.121,gaussian,short_wide,32,256,8.000000,20260311,1,bsqr_rinv,9.0334e-5,9.95205e-5,9.051452500000001e-5,0.0001092572,300592,5.876084866766303e-16,3.4347305355519762e-15
20260622_161419,2026-06-22T16:14:19.121,gaussian,short_wide,32,256,8.000000,20260311,1,dgeqp3_trsm,7.4792e-5,9.19375e-5,7.911155e-5,0.00010625275000000001,644464,5.750381203399579e-16,3.2947650497269526e-15
20260622_161419,2026-06-22T16:14:19.121,gaussian,short_wide,32,320,10.000000,20260311,1,bsqr_full,0.00011125000000000001,0.00011995850000000001,0.00011125000000000001,0.00012658627500000002,338400,5.761236951752042e-16,3.3013461342901074e-15
20260622_161419,2026-06-22T16:14:19.121,gaussian,short_wide,32,320,10.000000,20260311,1,dgeqp3,6.5583e-5,7.94375e-5,6.645952500000001e-5,8.4659375e-5,571440,6.02395212898631e-16,3.4120134306064398e-15
20260622_161419,2026-06-22T16:14:19.121,gaussian,short_wide,32,320,10.000000,20260311,1,bsqr_rinv,0.00011604100000000001,0.0001274165,0.00011640422500000001,0.00013786985,436784,5.761236951752042e-16,3.3013461342901074e-15
20260622_161419,2026-06-22T16:14:19.121,gaussian,short_wide,32,320,10.000000,20260311,1,dgeqp3_trsm,8.9209e-5,0.0001100215,9.17465e-5,0.000124097675,874864,6.02395212898631e-16,3.4120134306064398e-15
20260622_161419,2026-06-22T16:14:19.121,gaussian,short_wide,64,128,2.000000,20260311,1,bsqr_full,0.00012479100000000002,0.00013029100000000002,0.00012488235,0.00014182035,258080,6.92809265785756e-16,6.174844661854239e-15
20260622_161419,2026-06-22T16:14:19.121,gaussian,short_wide,64,128,2.000000,20260311,1,dgeqp3,9.05e-5,0.000100667,9.083205e-5,0.00010513655000000002,429424,6.708568597511681e-16,6.234265738086532e-15
20260622_161419,2026-06-22T16:14:19.121,gaussian,short_wide,64,128,2.000000,20260311,1,bsqr_rinv,0.000127792,0.0001330205,0.00012794280000000003,0.000144732625,290928,6.92809265785756e-16,6.174844661854239e-15
20260622_161419,2026-06-22T16:14:19.121,gaussian,short_wide,64,128,2.000000,20260311,1,dgeqp3_trsm,0.000102917,0.00011975000000000001,0.00010321860000000001,0.00012141642500000001,626352,6.708568597511681e-16,6.234265738086532e-15
20260622_161419,2026-06-22T16:14:19.121,gaussian,short_wide,64,256,4.000000,20260311,1,bsqr_full,0.000299542,0.00031441650000000004,0.000299783425,0.0003224705,464608,7.01461783479772e-16,5.404604195861883e-15
20260622_161419,2026-06-22T16:14:19.121,gaussian,short_wide,64,256,4.000000,20260311,1,dgeqp3,0.000162583,0.00018591700000000002,0.000164123625,0.000190383425,726320,7.636253443350295e-16,6.419349457173959e-15
20260622_161419,2026-06-22T16:14:19.121,gaussian,short_wide,64,256,4.000000,20260311,1,bsqr_rinv,0.00031058400000000003,0.000326,0.00031097622500000005,0.00033933095,562992,7.01461783479772e-16,5.404604195861883e-15
20260622_161419,2026-06-22T16:14:19.121,gaussian,short_wide,64,256,4.000000,20260311,1,dgeqp3_trsm,0.00019787500000000003,0.00023264550000000003,0.00020110705,0.0002391311,1119856,7.636253443350295e-16,6.419349457173959e-15
20260622_161419,2026-06-22T16:14:19.121,gaussian,short_wide,64,512,8.000000,20260311,1,bsqr_full,0.000742583,0.000783542,0.00074333845,0.00081271795,1002512,7.324201062616805e-16,5.617060177124377e-15
20260622_161419,2026-06-22T16:14:19.121,gaussian,short_wide,64,512,8.000000,20260311,1,dgeqp3,0.000451458,0.000490438,0.000452304075,0.000504953275,1320240,7.740919658355252e-16,6.362785736260132e-15
20260622_161419,2026-06-22T16:14:19.121,gaussian,short_wide,64,512,8.000000,20260311,1,bsqr_rinv,0.000784583,0.0008166040000000001,0.0007900212250000001,0.0008303731000000001,1231968,7.324201062616805e-16,5.617060177124377e-15
20260622_161419,2026-06-22T16:14:19.121,gaussian,short_wide,64,512,8.000000,20260311,1,dgeqp3_trsm,0.000510583,0.000584291,0.000531547825,0.0009226437499999984,2106992,7.740919658355252e-16,6.362785736260132e-15
20260622_161419,2026-06-22T16:14:19.121,gaussian,short_wide,64,640,10.000000,20260311,1,bsqr_full,0.000950375,0.0009819170000000001,0.0009512812500000001,0.001013046875,1309840,7.569574935550723e-16,5.371774875827194e-15
20260622_161419,2026-06-22T16:14:19.121,gaussian,short_wide,64,640,10.000000,20260311,1,dgeqp3,0.0006040420000000001,0.0006425000000000001,0.0006138294999999999,0.002050492949999993,1617200,7.701678375852386e-16,6.23167555565943e-15
20260622_161419,2026-06-22T16:14:19.121,gaussian,short_wide,64,640,10.000000,20260311,1,bsqr_rinv,0.001068666,0.0012068335,0.0010722011,0.004747209374999992,1604832,7.569574935550723e-16,5.371774875827194e-15
20260622_161419,2026-06-22T16:14:19.121,gaussian,short_wide,64,640,10.000000,20260311,1,dgeqp3_trsm,0.000729584,0.0008560205,0.0007773426500000001,0.002251334949999995,2600560,7.701678375852386e-16,6.23167555565943e-15
20260622_161419,2026-06-22T16:14:19.121,gaussian,short_wide,128,256,2.000000,20260311,1,bsqr_full,0.0010720830000000002,0.0011427295,0.0010726572000000001,0.00166149375,1045776,8.923555355516226e-16,1.0036721623271175e-14
20260622_161419,2026-06-22T16:14:19.121,gaussian,short_wide,128,256,2.000000,20260311,1,dgeqp3,0.0008207920000000001,0.0008475830000000001,0.0008212444,0.0011703134499999998,1382224,8.89937151882439e-16,1.1172928617052627e-14
20260622_161419,2026-06-22T16:14:19.121,gaussian,short_wide,128,256,2.000000,20260311,1,bsqr_rinv,0.0010917910000000002,0.0011485205,0.001111880025,0.001624919125,1176928,8.923555355516226e-16,1.0036721623271175e-14
20260622_161419,2026-06-22T16:14:19.121,gaussian,short_wide,128,256,2.000000,20260311,1,dgeqp3_trsm,0.0008222920000000001,0.0008681665,0.0008249803,0.0019048142499999954,2168976,8.89937151882439e-16,1.1172928617052627e-14
20260622_161419,2026-06-22T16:14:19.121,gaussian,short_wide,128,512,4.000000,20260311,1,bsqr_full,0.0019842500000000003,0.0021678125,0.0020073891,0.00462587309999999,1912368,9.21501873507776e-16,1.0138892431481593e-14
20260622_161419,2026-06-22T16:14:19.121,gaussian,short_wide,128,512,4.000000,20260311,1,dgeqp3,0.001625375,0.001845875,0.001628970275,0.003435504349999996,2500432,9.24859990331129e-16,1.0643679655387061e-14
20260622_161419,2026-06-22T16:14:19.121,gaussian,short_wide,128,512,4.000000,20260311,1,bsqr_rinv,0.0020032500000000003,0.002171937,0.0020243351750000005,0.003572851749999995,2305664,9.21501873507776e-16,1.0138892431481593e-14
20260622_161419,2026-06-22T16:14:19.121,gaussian,short_wide,128,512,4.000000,20260311,1,dgeqp3_trsm,0.0017179580000000001,0.001993271,0.00177381345,0.00698423815,4073616,9.24859990331129e-16,1.0643679655387061e-14
20260622_161419,2026-06-22T16:14:19.121,gaussian,short_wide,128,1024,8.000000,20260311,1,bsqr_full,0.003918417,0.0041016255,0.003919352975,0.0078001554499999995,3648112,9.186913728315712e-16,1.0023387873288056e-14
20260622_161419,2026-06-22T16:14:19.121,gaussian,short_wide,128,1024,8.000000,20260311,1,dgeqp3,0.002673959,0.0029352085,0.0027153739,0.006820433424999999,4736848,8.995642645397801e-16,1.074754061118985e-14
20260622_161419,2026-06-22T16:14:19.121,gaussian,short_wide,128,1024,8.000000,20260311,1,bsqr_rinv,0.004068083,0.0042166455,0.0040695032750000006,0.006847655299999998,4565696,9.186913728315712e-16,1.0023387873288056e-14
20260622_161419,2026-06-22T16:14:19.121,gaussian,short_wide,128,1024,8.000000,20260311,1,dgeqp3_trsm,0.003147041,0.0035278125,0.0031551675250000005,0.007622379225,7882896,8.995642645397801e-16,1.074754061118985e-14
20260622_161419,2026-06-22T16:14:19.121,gaussian,short_wide,128,1280,10.000000,20260311,1,bsqr_full,0.0051699580000000005,0.005440729,0.005186210325,0.009016798774999998,4557696,9.08920285483988e-16,1.0105331996343439e-14
20260622_161419,2026-06-22T16:14:19.121,gaussian,short_wide,128,1280,10.000000,20260311,1,dgeqp3,0.0033518750000000003,0.003617625,0.0034046492,0.007071623475,5855056,9.23952382726941e-16,1.109164750803374e-14
20260622_161419,2026-06-22T16:14:19.121,gaussian,short_wide,128,1280,10.000000,20260311,1,bsqr_rinv,0.005302917000000001,0.0055664585,0.005311888875,0.0101505269,5737424,9.08920285483988e-16,1.0105331996343439e-14
20260622_161419,2026-06-22T16:14:19.121,gaussian,short_wide,128,1280,10.000000,20260311,1,dgeqp3_trsm,0.003843042,0.004164396,0.0038665436000000003,0.007312403275,9787536,9.23952382726941e-16,1.109164750803374e-14
20260622_161419,2026-06-22T16:14:19.121,gaussian,short_wide,256,512,2.000000,20260311,1,bsqr_full,0.004837833000000001,0.005049146,0.004892208,0.009245704075,3928592,1.0690710148192158e-15,1.9666325897952056e-14
20260622_161419,2026-06-22T16:14:19.121,gaussian,short_wide,256,512,2.000000,20260311,1,dgeqp3,0.0037756670000000003,0.0039500415,0.003796782625000001,0.00749198125,5024560,1.0839991521313582e-15,1.97903793023808e-14
20260622_161419,2026-06-22T16:14:19.121,gaussian,short_wide,256,512,2.000000,20260311,1,bsqr_rinv,0.004921916,0.005145771,0.0049498894,0.008154496725,4452960,1.0690710148192158e-15,1.9666325897952056e-14
20260622_161419,2026-06-22T16:14:19.121,gaussian,short_wide,256,512,2.000000,20260311,1,dgeqp3_trsm,0.00411875,0.0044967085,0.00413031955,0.008800945649999996,8170608,1.0839991521313582e-15,1.97903793023808e-14
20260622_161419,2026-06-22T16:14:19.121,gaussian,short_wide,256,1024,4.000000,20260311,1,bsqr_full,0.010103000000000001,0.0104869165,0.010107078125000002,0.015462581399999998,7237200,1.1371620981642402e-15,1.9643316402006037e-14
20260622_161419,2026-06-22T16:14:19.121,gaussian,short_wide,256,1024,4.000000,20260311,1,dgeqp3,0.006620750000000001,0.0070044585000000005,0.006661863300000001,0.012088089824999997,9358128,1.1689734483403977e-15,2.024079722842575e-14
20260622_161419,2026-06-22T16:14:19.121,gaussian,short_wide,256,1024,4.000000,20260311,1,bsqr_rinv,0.010125083,0.0104176875,0.01012967515,0.015280953275000002,8810144,1.1371620981642402e-15,1.9643316402006037e-14
20260622_161419,2026-06-22T16:14:19.121,gaussian,short_wide,256,1024,4.000000,20260311,1,dgeqp3_trsm,0.007484375000000001,0.0079776255,0.007488966425000001,0.011702652025,15649904,1.1689734483403977e-15,2.024079722842575e-14
20260622_161419,2026-06-22T16:14:19.121,gaussian,short_wide,256,2048,8.000000,20260311,1,bsqr_full,0.020383625000000002,0.0207611875,0.020390875000000003,0.024794856250000004,13824560,1.1851153474283413e-15,2.0338930218813104e-14
20260622_161419,2026-06-22T16:14:19.121,gaussian,short_wide,256,2048,8.000000,20260311,1,dgeqp3,0.012652167,0.0140674375,0.0127111037,0.017134280875,18058032,1.214223186816077e-15,2.0126004511151377e-14
20260622_161419,2026-06-22T16:14:19.121,gaussian,short_wide,256,2048,8.000000,20260311,1,bsqr_rinv,0.020808959000000002,0.0222487705,0.02091172775,0.0263525936,17494656,1.1851153474283413e-15,2.0338930218813104e-14
20260622_161419,2026-06-22T16:14:19.121,gaussian,short_wide,256,2048,8.000000,20260311,1,dgeqp3_trsm,0.014617625,0.015939084000000003,0.014711210175,0.02742913044999995,30641264,1.214223186816077e-15,2.0126004511151377e-14
20260622_161419,2026-06-22T16:14:19.121,gaussian,short_wide,256,2560,10.000000,20260311,1,bsqr_full,0.025060167,0.026132521500000002,0.025149643600000004,0.030298437650000003,17151056,1.1865301762858138e-15,2.016237623021043e-14
20260622_161419,2026-06-22T16:14:19.121,gaussian,short_wide,256,2560,10.000000,20260311,1,dgeqp3,0.015645042,0.016934021,0.01573004825,0.018941145275,22391600,1.221401778677302e-15,2.054044866849129e-14
20260622_161419,2026-06-22T16:14:19.121,gaussian,short_wide,256,2560,10.000000,20260311,1,bsqr_rinv,0.025777125,0.027020313,0.025781958575000003,0.039576894549999964,21869728,1.1865301762858138e-15,2.016237623021043e-14
20260622_161419,2026-06-22T16:14:19.121,gaussian,short_wide,256,2560,10.000000,20260311,1,dgeqp3_trsm,0.0180505,0.0197888955,0.01806065,0.03267196642499996,38120560,1.221401778677302e-15,2.054044866849129e-14
20260622_161419,2026-06-22T16:14:19.121,gaussian,short_wide,512,1024,2.000000,20260311,1,bsqr_full,0.026066417,0.027516521000000002,0.026109070925000002,0.030797718375000005,15187024,1.4341967727484524e-15,3.820697823486296e-14
20260622_161419,2026-06-22T16:14:19.121,gaussian,short_wide,512,1024,2.000000,20260311,1,dgeqp3,0.017302750000000002,0.0188151875,0.01747164455,0.031110592949999953,19387184,1.4462713117372116e-15,3.8011674554295584e-14
20260622_161419,2026-06-22T16:14:19.121,gaussian,short_wide,512,1024,2.000000,20260311,1,bsqr_rinv,0.026367334000000003,0.027981729,0.026463034000000003,0.032082184675,17284256,1.4341967727484524e-15,3.820697823486296e-14
20260622_161419,2026-06-22T16:14:19.121,gaussian,short_wide,512,1024,2.000000,20260311,1,dgeqp3_trsm,0.019530250000000002,0.021210875,0.019600756250000004,0.03426867674999995,31970416,1.4462713117372116e-15,3.8011674554295584e-14
20260622_161419,2026-06-22T16:14:19.121,gaussian,short_wide,512,2048,4.000000,20260311,1,bsqr_full,0.054798292000000005,0.0573071875,0.054900697525,0.06992599374999996,28080720,1.5322537277020964e-15,3.850156114699609e-14
20260622_161419,2026-06-22T16:14:19.121,gaussian,short_wide,512,2048,4.000000,20260311,1,dgeqp3,0.032172709,0.034403937,0.032300670775000005,0.0556515593749999,36475696,1.556721816975698e-15,3.810599109905824e-14
20260622_161419,2026-06-22T16:14:19.121,gaussian,short_wide,512,2048,4.000000,20260311,1,bsqr_rinv,0.054519417,0.057527083500000006,0.054934902175,0.08997180899999999,34372256,1.5322537277020964e-15,3.850156114699609e-14
20260622_161419,2026-06-22T16:14:19.121,gaussian,short_wide,512,2048,4.000000,20260311,1,dgeqp3_trsm,0.036272125,0.0390913125,0.03678104455,0.07194818765,61641840,1.556721816975698e-15,3.810599109905824e-14
20260622_161419,2026-06-22T16:14:19.121,gaussian,short_wide,512,4096,8.000000,20260311,1,bsqr_full,0.178791833,0.187371375,0.17979167675000002,0.22414400025,64356976,1.5752798499433648e-15,3.8473570361751776e-14
20260622_161419,2026-06-22T16:14:19.121,gaussian,short_wide,512,4096,8.000000,20260311,1,dgeqp3,0.08066954100000001,0.08819375,0.08098712217500001,0.15423343315,87397168,1.6163459858579691e-15,3.897531908264375e-14
20260622_161419,2026-06-22T16:14:19.121,gaussian,short_wide,512,4096,8.000000,20260311,1,bsqr_rinv,0.18031766600000002,0.18776683300000002,0.18131036660000002,0.27439775019999996,85328576,1.5752798499433648e-15,3.8473570361751776e-14
20260622_161419,2026-06-22T16:14:19.121,gaussian,short_wide,512,4096,8.000000,20260311,1,dgeqp3_trsm,0.090169209,0.0961221455,0.09121320827500001,0.14194227267499998,144020592,1.6163459858579691e-15,3.897531908264375e-14
20260622_161419,2026-06-22T16:14:19.121,gaussian,short_wide,512,5120,10.000000,20260311,1,bsqr_full,0.334791416,0.33868037500000003,0.33527482445,0.37230482545,67143312,1.5930906731245533e-15,3.829780753998422e-14
20260622_161419,2026-06-22T16:14:19.121,gaussian,short_wide,512,5120,10.000000,20260311,1,dgeqp3,0.1590185,0.1685289375,0.160443608575,0.20072136017500003,87724848,1.6249553290565272e-15,3.8777671829848555e-14
20260622_161419,2026-06-22T16:14:19.121,gaussian,short_wide,512,5120,10.000000,20260311,1,bsqr_rinv,0.33545425,0.34437420900000004,0.33629352095000004,0.38019593970000004,86017760,1.5930906731245533e-15,3.829780753998422e-14
20260622_161419,2026-06-22T16:14:19.121,gaussian,short_wide,512,5120,10.000000,20260311,1,dgeqp3_trsm,0.16535016700000002,0.200441,0.16757834200000002,0.24025629180000002,150639728,1.6249553290565272e-15,3.8777671829848555e-14
20260622_161419,2026-06-22T16:14:19.121,ill_conditioned,square,64,64,1.000000,20260311,1,bsqr_full,6.5708e-5,6.6729e-5,6.5829075e-5,8.043749999999997e-5,154336,4.532717434956971e-16,5.006690603054263e-15
20260622_161419,2026-06-22T16:14:19.121,ill_conditioned,square,64,64,1.000000,20260311,1,dgeqp3,5.3791e-5,5.73955e-5,5.5422975000000006e-5,6.662949999999998e-5,249648,4.428888529104967e-16,6.563192800494753e-15
20260622_161419,2026-06-22T16:14:19.121,ill_conditioned,square,64,64,1.000000,20260311,1,bsqr_rinv,6.579200000000001e-5,6.6333e-5,6.588190000000001e-5,8.524904999999997e-5,154384,4.532717434956971e-16,5.006690603054263e-15
20260622_161419,2026-06-22T16:14:19.121,ill_conditioned,square,64,64,1.000000,20260311,1,dgeqp3_trsm,5.8250000000000006e-5,6.38955e-5,5.8703125e-5,7.06955e-5,249648,4.428888529104967e-16,6.563192800494753e-15
20260622_161419,2026-06-22T16:14:19.121,ill_conditioned,square,128,128,1.000000,20260311,1,bsqr_full,0.00043658300000000004,0.00044837500000000004,0.000439060325,0.00046932187499999995,569920,5.70478907989546e-16,1.0133361247529225e-14
20260622_161419,2026-06-22T16:14:19.121,ill_conditioned,square,128,128,1.000000,20260311,1,dgeqp3,0.00027104200000000004,0.0003020415,0.00027669047500000006,0.00033207922499999996,823184,5.125113262150521e-16,1.0735373650745837e-14
20260622_161419,2026-06-22T16:14:19.121,ill_conditioned,square,128,128,1.000000,20260311,1,bsqr_rinv,0.00041887500000000003,0.00044681250000000005,0.00042159375000000004,0.00045454672500000004,569968,5.70478907989546e-16,1.0133361247529225e-14
20260622_161419,2026-06-22T16:14:19.121,ill_conditioned,square,128,128,1.000000,20260311,1,dgeqp3_trsm,0.000271375,0.0003009585,0.00027708437500000005,0.000314708275,823184,5.125113262150521e-16,1.0735373650745837e-14
20260622_161419,2026-06-22T16:14:19.121,ill_conditioned,square,256,256,1.000000,20260311,1,bsqr_full,0.002484416,0.0027546880000000004,0.0024943550250000005,0.004748560899999998,2275568,6.936093441396261e-16,2.0301730971420592e-14
20260622_161419,2026-06-22T16:14:19.121,ill_conditioned,square,256,256,1.000000,20260311,1,dgeqp3,0.002099708,0.0021876875,0.002115355675,0.0037080524749999993,2857776,7.410880816862273e-16,2.028573525480711e-14
20260622_161419,2026-06-22T16:14:19.121,ill_conditioned,square,256,256,1.000000,20260311,1,bsqr_rinv,0.002422542,0.00267775,0.0024263482500000003,0.004367903924999996,2275616,6.936093441396261e-16,2.0301730971420592e-14
20260622_161419,2026-06-22T16:14:19.121,ill_conditioned,square,256,256,1.000000,20260311,1,dgeqp3_trsm,0.002099,0.0022529795,0.0021535258,0.003495818324999998,2857776,7.410880816862273e-16,2.028573525480711e-14
20260622_161419,2026-06-22T16:14:19.121,ill_conditioned,square,384,384,1.000000,20260311,1,bsqr_full,0.005408334000000001,0.0056042290000000005,0.005408393450000001,0.0073862749999999994,4984208,7.734785128207812e-16,2.973697814067244e-14
20260622_161419,2026-06-22T16:14:19.121,ill_conditioned,square,384,384,1.000000,20260311,1,dgeqp3,0.004684792,0.004979771,0.0047179904749999994,0.007530855449999997,6203184,8.265249541915345e-16,2.997047590476461e-14
20260622_161419,2026-06-22T16:14:19.121,ill_conditioned,square,384,384,1.000000,20260311,1,bsqr_rinv,0.005116875,0.005614396000000001,0.0051526117,0.008276147674999998,4984256,7.734785128207812e-16,2.973697814067244e-14
20260622_161419,2026-06-22T16:14:19.121,ill_conditioned,square,384,384,1.000000,20260311,1,dgeqp3_trsm,0.0045575830000000005,0.0048453545,0.004565014250000001,0.007727498774999997,6203184,8.265249541915345e-16,2.997047590476461e-14
20260622_161419,2026-06-22T16:14:19.121,ill_conditioned,square,512,512,1.000000,20260311,1,bsqr_full,0.011977916,0.0126264375,0.0120093027,0.01650383765,8741392,8.97081173425192e-16,3.86844307956616e-14
20260622_161419,2026-06-22T16:14:19.121,ill_conditioned,square,512,512,1.000000,20260311,1,dgeqp3,0.010355625,0.010873021,0.010413896875000002,0.0137375473,10859312,8.959381854643325e-16,3.856937118466982e-14
20260622_161419,2026-06-22T16:14:19.121,ill_conditioned,square,512,512,1.000000,20260311,1,bsqr_rinv,0.012106125,0.012451187,0.01212334375,0.015380328699999998,8741440,8.97081173425192e-16,3.86844307956616e-14
20260622_161419,2026-06-22T16:14:19.121,ill_conditioned,square,512,512,1.000000,20260311,1,dgeqp3_trsm,0.010417125000000001,0.010919999500000001,0.0104464875,0.0141748644,10859312,8.959381854643325e-16,3.856937118466982e-14
20260622_161419,2026-06-22T16:14:19.121,ill_conditioned,short_wide,32,64,2.000000,20260311,1,bsqr_full,2.625e-5,2.80005e-5,2.6280450000000003e-5,5.0468175e-5,72160,5.086435943554102e-16,3.3421144647594366e-15
20260622_161419,2026-06-22T16:14:19.121,ill_conditioned,short_wide,32,64,2.000000,20260311,1,dgeqp3,1.9125e-5,1.9604e-5,1.9185175e-5,2.7361399999999975e-5,159280,4.943271610476642e-16,3.242597670338175e-15
20260622_161419,2026-06-22T16:14:19.121,ill_conditioned,short_wide,32,64,2.000000,20260311,1,bsqr_rinv,2.6625e-5,2.71875e-5,2.6715625e-5,3.564004999999998e-5,80432,5.086435943554102e-16,3.3421144647594366e-15
20260622_161419,2026-06-22T16:14:19.121,ill_conditioned,short_wide,32,64,2.000000,20260311,1,dgeqp3_trsm,2.4292e-5,2.7729e-5,2.45037e-5,3.582267499999998e-5,208752,4.943271610476642e-16,3.242597670338175e-15
20260622_161419,2026-06-22T16:14:19.121,ill_conditioned,short_wide,32,128,4.000000,20260311,1,bsqr_full,4.4666e-5,4.5208000000000005e-5,4.4666e-5,5.2514824999999975e-5,126752,4.3311962955263076e-16,3.665870901959192e-15
20260622_161419,2026-06-22T16:14:19.121,ill_conditioned,short_wide,32,128,4.000000,20260311,1,dgeqp3,3.175e-5,3.3271e-5,3.19008e-5,5.1389824999999995e-5,273520,4.3836687714504196e-16,3.971170841476136e-15
20260622_161419,2026-06-22T16:14:19.121,ill_conditioned,short_wide,32,128,4.000000,20260311,1,bsqr_rinv,4.6750000000000005e-5,4.7396000000000005e-5,4.68109e-5,6.267187499999996e-5,151408,4.3311962955263076e-16,3.665870901959192e-15
20260622_161419,2026-06-22T16:14:19.121,ill_conditioned,short_wide,32,128,4.000000,20260311,1,dgeqp3_trsm,4.7000000000000004e-5,5.3750000000000005e-5,4.72117e-5,8.063372499999999e-5,372144,4.3836687714504196e-16,3.971170841476136e-15
20260622_161419,2026-06-22T16:14:19.121,ill_conditioned,short_wide,32,256,8.000000,20260311,1,bsqr_full,8.6375e-5,9.431250000000001e-5,8.6646875e-5,0.00010238357499999998,234976,3.3029994827202077e-16,3.4657306059986446e-15
20260622_161419,2026-06-22T16:14:19.121,ill_conditioned,short_wide,32,256,8.000000,20260311,1,dgeqp3,6.691700000000001e-5,6.98955e-5,6.7581825e-5,7.842362499999999e-5,439344,3.688294832559934e-16,3.2799453150389027e-15
20260622_161419,2026-06-22T16:14:19.121,ill_conditioned,short_wide,32,256,8.000000,20260311,1,bsqr_rinv,9.1792e-5,0.00010208350000000001,9.2607625e-5,0.00010859375,300592,3.3029994827202077e-16,3.4657306059986446e-15
20260622_161419,2026-06-22T16:14:19.121,ill_conditioned,short_wide,32,256,8.000000,20260311,1,dgeqp3_trsm,7.979100000000001e-5,9.481250000000001e-5,8.181592500000002e-5,9.901722499999999e-5,644464,3.688294832559934e-16,3.2799453150389027e-15
20260622_161419,2026-06-22T16:14:19.121,ill_conditioned,short_wide,32,320,10.000000,20260311,1,bsqr_full,0.00012100000000000001,0.000122333,0.00012106017500000002,0.00013353684999999998,338400,4.217012517270149e-16,3.840139756594621e-15
20260622_161419,2026-06-22T16:14:19.121,ill_conditioned,short_wide,32,320,10.000000,20260311,1,dgeqp3,7.5042e-5,8.389600000000001e-5,7.809280000000001e-5,0.00010663532499999999,571440,4.161616829686562e-16,2.8736999953073265e-15
20260622_161419,2026-06-22T16:14:19.121,ill_conditioned,short_wide,32,320,10.000000,20260311,1,bsqr_rinv,0.000126542,0.000132292,0.000127327175,0.00015635545000000002,436784,4.217012517270149e-16,3.840139756594621e-15
20260622_161419,2026-06-22T16:14:19.121,ill_conditioned,short_wide,32,320,10.000000,20260311,1,dgeqp3_trsm,0.000105458,0.000115854,0.00010554862500000001,0.0001283473,874864,4.161616829686562e-16,2.8736999953073265e-15
20260622_161419,2026-06-22T16:14:19.121,ill_conditioned,short_wide,64,128,2.000000,20260311,1,bsqr_full,0.000125625,0.0001337915,0.000125896875,0.00017013205,258080,5.041302035975727e-16,5.853865068254445e-15
20260622_161419,2026-06-22T16:14:19.121,ill_conditioned,short_wide,64,128,2.000000,20260311,1,dgeqp3,9.4042e-5,0.00010145850000000001,9.49178e-5,0.00011561329999999997,429424,5.024565809916887e-16,6.5415561425169795e-15
20260622_161419,2026-06-22T16:14:19.121,ill_conditioned,short_wide,64,128,2.000000,20260311,1,bsqr_rinv,0.00012937500000000001,0.000136,0.00013016017500000002,0.0001606231,290928,5.041302035975727e-16,5.853865068254445e-15
20260622_161419,2026-06-22T16:14:19.121,ill_conditioned,short_wide,64,128,2.000000,20260311,1,dgeqp3_trsm,0.000120667,0.00012431250000000002,0.0001212412,0.00014064389999999996,626352,5.024565809916887e-16,6.5415561425169795e-15
20260622_161419,2026-06-22T16:14:19.121,ill_conditioned,short_wide,64,256,4.000000,20260311,1,bsqr_full,0.000300791,0.0003190835,0.00030668235,0.00034153452499999996,464608,5.92170162528758e-16,5.675636641375248e-15
20260622_161419,2026-06-22T16:14:19.121,ill_conditioned,short_wide,64,256,4.000000,20260311,1,dgeqp3,0.00017108300000000002,0.000190229,0.00017371112500000002,0.00021979607499999997,726320,5.7963641836048005e-16,6.3813975591795756e-15
20260622_161419,2026-06-22T16:14:19.121,ill_conditioned,short_wide,64,256,4.000000,20260311,1,bsqr_rinv,0.00031033300000000004,0.00033404150000000004,0.0003138072,0.00034896170000000003,562992,5.92170162528758e-16,5.675636641375248e-15
20260622_161419,2026-06-22T16:14:19.121,ill_conditioned,short_wide,64,256,4.000000,20260311,1,dgeqp3_trsm,0.00021629100000000002,0.00024029150000000002,0.00022514252500000002,0.0002659822,1119856,5.7963641836048005e-16,6.3813975591795756e-15
20260622_161419,2026-06-22T16:14:19.121,ill_conditioned,short_wide,64,512,8.000000,20260311,1,bsqr_full,0.0007601250000000001,0.000795833,0.0007695500000000001,0.00084890545,1002512,4.945397697887441e-16,5.765227276759079e-15
20260622_161419,2026-06-22T16:14:19.121,ill_conditioned,short_wide,64,512,8.000000,20260311,1,dgeqp3,0.000470208,0.000494875,0.0004793314,0.0005201798749999999,1320240,4.2450914807806877e-16,5.985287941864241e-15
20260622_161419,2026-06-22T16:14:19.121,ill_conditioned,short_wide,64,512,8.000000,20260311,1,bsqr_rinv,0.000799958,0.000822563,0.0008026463000000001,0.00084765785,1231968,4.945397697887441e-16,5.765227276759079e-15
20260622_161419,2026-06-22T16:14:19.121,ill_conditioned,short_wide,64,512,8.000000,20260311,1,dgeqp3_trsm,0.0005322090000000001,0.000595021,0.0005596981,0.0008861826249999988,2106992,4.2450914807806877e-16,5.985287941864241e-15
20260622_161419,2026-06-22T16:14:19.121,ill_conditioned,short_wide,64,640,10.000000,20260311,1,bsqr_full,0.0009537500000000001,0.0009947085000000001,0.0009642625000000001,0.0010635109,1309840,6.184366906541285e-16,5.962734630194194e-15
20260622_161419,2026-06-22T16:14:19.121,ill_conditioned,short_wide,64,640,10.000000,20260311,1,dgeqp3,0.0006424590000000001,0.0006747085,0.0006472918500000001,0.001695706249999995,1617200,5.284340041854158e-16,6.360378574335651e-15
20260622_161419,2026-06-22T16:14:19.121,ill_conditioned,short_wide,64,640,10.000000,20260311,1,bsqr_rinv,0.0009986250000000002,0.0010368340000000001,0.0010095,0.0022960233999999944,1604832,6.184366906541285e-16,5.962734630194194e-15
20260622_161419,2026-06-22T16:14:19.121,ill_conditioned,short_wide,64,640,10.000000,20260311,1,dgeqp3_trsm,0.000713958,0.0007619795,0.00071528765,0.0016615039249999958,2600560,5.284340041854158e-16,6.360378574335651e-15
20260622_161419,2026-06-22T16:14:19.121,ill_conditioned,short_wide,128,256,2.000000,20260311,1,bsqr_full,0.001038417,0.0010648125,0.0010385678,0.0011316171500000002,1045776,6.602759763351215e-16,1.0186977934804081e-14
20260622_161419,2026-06-22T16:14:19.121,ill_conditioned,short_wide,128,256,2.000000,20260311,1,dgeqp3,0.000736916,0.000776166,0.0007387285000000001,0.0008019484750000001,1382224,6.124921327206481e-16,1.1061959200416122e-14
20260622_161419,2026-06-22T16:14:19.121,ill_conditioned,short_wide,128,256,2.000000,20260311,1,bsqr_rinv,0.001039458,0.0010813745000000001,0.00103948845,0.00112035,1176928,6.602759763351215e-16,1.0186977934804081e-14
20260622_161419,2026-06-22T16:14:19.121,ill_conditioned,short_wide,128,256,2.000000,20260311,1,dgeqp3_trsm,0.000799208,0.0008591455,0.0008240095250000001,0.0014949612749999975,2168976,6.124921327206481e-16,1.1061959200416122e-14
20260622_161419,2026-06-22T16:14:19.121,ill_conditioned,short_wide,128,512,4.000000,20260311,1,bsqr_full,0.0019890000000000003,0.0021863335,0.0020030171500000004,0.003517785599999995,1912368,7.696109396991504e-16,9.834150061142932e-15
20260622_161419,2026-06-22T16:14:19.121,ill_conditioned,short_wide,128,512,4.000000,20260311,1,dgeqp3,0.001539833,0.001824,0.0015605868500000002,0.003298738874999996,2500432,7.439458160817571e-16,1.1215249248152174e-14
20260622_161419,2026-06-22T16:14:19.121,ill_conditioned,short_wide,128,512,4.000000,20260311,1,bsqr_rinv,0.002050708,0.002186354,0.0020512822,0.003365215624999995,2305664,7.696109396991504e-16,9.834150061142932e-15
20260622_161419,2026-06-22T16:14:19.121,ill_conditioned,short_wide,128,512,4.000000,20260311,1,dgeqp3_trsm,0.001735542,0.0019934585,0.0017594061000000003,0.0036584460750000002,4073616,7.439458160817571e-16,1.1215249248152174e-14
20260622_161419,2026-06-22T16:14:19.121,ill_conditioned,short_wide,128,1024,8.000000,20260311,1,bsqr_full,0.003942333,0.0041226035000000005,0.003954748625,0.007289139025,3648112,6.09828635699034e-16,1.0162753217078393e-14
20260622_161419,2026-06-22T16:14:19.121,ill_conditioned,short_wide,128,1024,8.000000,20260311,1,dgeqp3,0.0027439170000000002,0.0029726875,0.0027548521750000005,0.005783422524999999,4736848,5.936335764595401e-16,1.0914827874351718e-14
20260622_161419,2026-06-22T16:14:19.121,ill_conditioned,short_wide,128,1024,8.000000,20260311,1,bsqr_rinv,0.0040667920000000005,0.0042195,0.004076156825,0.0070267231,4565696,6.09828635699034e-16,1.0162753217078393e-14
20260622_161419,2026-06-22T16:14:19.121,ill_conditioned,short_wide,128,1024,8.000000,20260311,1,dgeqp3_trsm,0.003131875,0.0034077915,0.0031554375,0.0067949883,7882896,5.936335764595401e-16,1.0914827874351718e-14
20260622_161419,2026-06-22T16:14:19.121,ill_conditioned,short_wide,128,1280,10.000000,20260311,1,bsqr_full,0.005229834,0.005410270500000001,0.0052301356000000005,0.0081201356,4557696,6.538490979120207e-16,9.710557321099441e-15
20260622_161419,2026-06-22T16:14:19.121,ill_conditioned,short_wide,128,1280,10.000000,20260311,1,dgeqp3,0.003388208,0.0036971875000000004,0.003419021225,0.005631681250000001,5855056,5.918939903345719e-16,1.0514395569521567e-14
20260622_161419,2026-06-22T16:14:19.121,ill_conditioned,short_wide,128,1280,10.000000,20260311,1,bsqr_rinv,0.005314917000000001,0.005514229000000001,0.005340714675,0.007808108000000001,5737424,6.538490979120207e-16,9.710557321099441e-15
20260622_161419,2026-06-22T16:14:19.121,ill_conditioned,short_wide,128,1280,10.000000,20260311,1,dgeqp3_trsm,0.003776292,0.004113187,0.003827313875,0.0055121447,9787536,5.918939903345719e-16,1.0514395569521567e-14
20260622_161419,2026-06-22T16:14:19.121,ill_conditioned,short_wide,256,512,2.000000,20260311,1,bsqr_full,0.004898917,0.005071145500000001,0.00491048655,0.007183743749999999,3928592,8.026780709947812e-16,1.9924700551700872e-14
20260622_161419,2026-06-22T16:14:19.121,ill_conditioned,short_wide,256,512,2.000000,20260311,1,dgeqp3,0.0043477080000000005,0.0044696045,0.004357314975,0.006678996499999999,5024560,8.375334724949686e-16,2.048991951898119e-14
20260622_161419,2026-06-22T16:14:19.121,ill_conditioned,short_wide,256,512,2.000000,20260311,1,bsqr_rinv,0.0049595,0.0051179170000000005,0.0049821867,0.00847761345,4452960,8.026780709947812e-16,1.9924700551700872e-14
20260622_161419,2026-06-22T16:14:19.121,ill_conditioned,short_wide,256,512,2.000000,20260311,1,dgeqp3_trsm,0.00473375,0.005000229,0.0047361664250000005,0.007771620274999999,8170608,8.375334724949686e-16,2.048991951898119e-14
20260622_161419,2026-06-22T16:14:19.121,ill_conditioned,short_wide,256,1024,4.000000,20260311,1,bsqr_full,0.010027250000000001,0.0103147915,0.010052171875000002,0.01430708655,7237200,8.367761654992592e-16,1.958224498709816e-14
20260622_161419,2026-06-22T16:14:19.121,ill_conditioned,short_wide,256,1024,4.000000,20260311,1,dgeqp3,0.007697209000000001,0.007944729000000001,0.007706029350000001,0.011628832475000002,9358128,9.117226706295229e-16,2.0779890736081367e-14
20260622_161419,2026-06-22T16:14:19.121,ill_conditioned,short_wide,256,1024,4.000000,20260311,1,bsqr_rinv,0.010106291,0.011121479,0.01016997065,0.017358392949999992,8810144,8.367761654992592e-16,1.958224498709816e-14
20260622_161419,2026-06-22T16:14:19.121,ill_conditioned,short_wide,256,1024,4.000000,20260311,1,dgeqp3_trsm,0.009780875000000001,0.012192063000000001,0.009781660175,0.023098368899999985,15649904,9.117226706295229e-16,2.0779890736081367e-14
20260622_161419,2026-06-22T16:14:19.121,ill_conditioned,short_wide,256,2048,8.000000,20260311,1,bsqr_full,0.020377958,0.021118854500000003,0.02041873925,0.023980521225000002,13824560,9.062865474521118e-16,2.0172753494545822e-14
20260622_161419,2026-06-22T16:14:19.121,ill_conditioned,short_wide,256,2048,8.000000,20260311,1,dgeqp3,0.015298042000000001,0.015923292000000002,0.015315049050000001,0.023122389524999988,18058032,9.488925452541894e-16,2.0719502643700417e-14
20260622_161419,2026-06-22T16:14:19.121,ill_conditioned,short_wide,256,2048,8.000000,20260311,1,bsqr_rinv,0.020774334000000002,0.021946833000000002,0.02094969265,0.029773341425000002,17494656,9.062865474521118e-16,2.0172753494545822e-14
20260622_161419,2026-06-22T16:14:19.121,ill_conditioned,short_wide,256,2048,8.000000,20260311,1,dgeqp3_trsm,0.017167541,0.0179718125,0.017201737075,0.02916846097499997,30641264,9.488925452541894e-16,2.0719502643700417e-14
20260622_161419,2026-06-22T16:14:19.121,ill_conditioned,short_wide,256,2560,10.000000,20260311,1,bsqr_full,0.025079042000000003,0.026093583,0.025087288875,0.028243946300000003,17151056,8.668189565212541e-16,1.9901688683943353e-14
20260622_161419,2026-06-22T16:14:19.121,ill_conditioned,short_wide,256,2560,10.000000,20260311,1,dgeqp3,0.019395333,0.020257958500000003,0.019397961125,0.031141003274999957,22391600,8.93519688010301e-16,2.0358498835576664e-14
20260622_161419,2026-06-22T16:14:19.121,ill_conditioned,short_wide,256,2560,10.000000,20260311,1,bsqr_rinv,0.025668083,0.0269203335,0.025677871225000003,0.04033438749999996,21869728,8.668189565212541e-16,1.9901688683943353e-14
20260622_161419,2026-06-22T16:14:19.121,ill_conditioned,short_wide,256,2560,10.000000,20260311,1,dgeqp3_trsm,0.021585458000000002,0.023420312500000002,0.021652702475,0.0547891125,38120560,8.93519688010301e-16,2.0358498835576664e-14
20260622_161419,2026-06-22T16:14:19.121,ill_conditioned,short_wide,512,1024,2.000000,20260311,1,bsqr_full,0.026216125000000003,0.0278665415,0.026345205450000006,0.033616464400000004,15187024,1.0644618995931053e-15,3.845486815165936e-14
20260622_161419,2026-06-22T16:14:19.121,ill_conditioned,short_wide,512,1024,2.000000,20260311,1,dgeqp3,0.021587042,0.022663063,0.021612839675000002,0.03838643357499997,19387184,1.0514116480075422e-15,3.8554558510551614e-14
20260622_161419,2026-06-22T16:14:19.121,ill_conditioned,short_wide,512,1024,2.000000,20260311,1,bsqr_rinv,0.026184042,0.027475000500000003,0.026201834950000003,0.03999698219999996,17284256,1.0644618995931053e-15,3.845486815165936e-14
20260622_161419,2026-06-22T16:14:19.121,ill_conditioned,short_wide,512,1024,2.000000,20260311,1,dgeqp3_trsm,0.023010625,0.0244494165,0.023032828125,0.03535380799999996,31970416,1.0514116480075422e-15,3.8554558510551614e-14
20260622_161419,2026-06-22T16:14:19.121,ill_conditioned,short_wide,512,2048,4.000000,20260311,1,bsqr_full,0.053852833,0.056095000000000006,0.053907903275,0.06748881424999996,28080720,1.1096686446128129e-15,3.863642533366393e-14
20260622_161419,2026-06-22T16:14:19.121,ill_conditioned,short_wide,512,2048,4.000000,20260311,1,dgeqp3,0.041381,0.044154417,0.04203803125,0.079581455025,36475696,1.1212462343439885e-15,3.85068933022288e-14
20260622_161419,2026-06-22T16:14:19.121,ill_conditioned,short_wide,512,2048,4.000000,20260311,1,bsqr_rinv,0.054368958,0.056852791500000006,0.054582923625,0.08922394752499999,34372256,1.1096686446128129e-15,3.863642533366393e-14
20260622_161419,2026-06-22T16:14:19.121,ill_conditioned,short_wide,512,2048,4.000000,20260311,1,dgeqp3_trsm,0.045951042000000004,0.048355062500000004,0.046093142000000004,0.0806765162,61641840,1.1212462343439885e-15,3.85068933022288e-14
20260622_161419,2026-06-22T16:14:19.121,ill_conditioned,short_wide,512,4096,8.000000,20260311,1,bsqr_full,0.159537,0.1733771255,0.16133354085,0.21291942095,62259824,1.1409946256684937e-15,3.867408632691338e-14
20260622_161419,2026-06-22T16:14:19.121,ill_conditioned,short_wide,512,4096,8.000000,20260311,1,dgeqp3,0.09641275,0.10325943700000001,0.09694230232500001,0.13413080559999999,85300016,1.1772011310357963e-15,3.833494285734908e-14
20260622_161419,2026-06-22T16:14:19.121,ill_conditioned,short_wide,512,4096,8.000000,20260311,1,bsqr_rinv,0.1594395,0.1679299585,0.15953873437500002,0.198006233575,81134272,1.1409946256684937e-15,3.867408632691338e-14
20260622_161419,2026-06-22T16:14:19.121,ill_conditioned,short_wide,512,4096,8.000000,20260311,1,dgeqp3_trsm,0.104989917,0.11923312500000001,0.10705794905,0.16282709215,141923440,1.1772011310357963e-15,3.833494285734908e-14
20260622_161419,2026-06-22T16:14:19.121,ill_conditioned,short_wide,512,5120,10.000000,20260311,1,bsqr_full,0.30456479200000003,0.316756625,0.30543118225000004,0.35240662,67143312,1.1596527179781613e-15,3.873260205095684e-14
20260622_161419,2026-06-22T16:14:19.121,ill_conditioned,short_wide,512,5120,10.000000,20260311,1,dgeqp3,0.172957792,0.187876583,0.17512131635,0.22421111875,87724848,1.1771129262017436e-15,3.836705133566732e-14
20260622_161419,2026-06-22T16:14:19.121,ill_conditioned,short_wide,512,5120,10.000000,20260311,1,bsqr_rinv,0.312131708,0.319668667,0.3126417395,0.35132251562500005,86017760,1.1596527179781613e-15,3.873260205095684e-14
20260622_161419,2026-06-22T16:14:19.121,ill_conditioned,short_wide,512,5120,10.000000,20260311,1,dgeqp3_trsm,0.188135292,0.209974229,0.18981196784999999,0.25664898839999994,150639728,1.1771129262017436e-15,3.836705133566732e-14
20260622_161419,2026-06-22T16:14:19.121,orthonormal_rows,square,64,64,1.000000,20260311,1,bsqr_full,6.629200000000001e-5,6.79785e-5,6.662405000000001e-5,0.00011076002499999998,154336,5.991270338808378e-16,5.3326949885784294e-15
20260622_161419,2026-06-22T16:14:19.121,orthonormal_rows,square,64,64,1.000000,20260311,1,dgeqp3,5.7584e-5,5.8250000000000006e-5,5.7613725e-5,6.940269999999996e-5,249648,6.827615026093719e-16,6.357178775128149e-15
20260622_161419,2026-06-22T16:14:19.121,orthonormal_rows,square,64,64,1.000000,20260311,1,bsqr_rinv,6.5708e-5,6.6604e-5,6.5798625e-5,8.767034999999998e-5,154384,5.991270338808378e-16,5.3326949885784294e-15
20260622_161419,2026-06-22T16:14:19.121,orthonormal_rows,square,64,64,1.000000,20260311,1,dgeqp3_trsm,5.6583000000000004e-5,5.8333000000000005e-5,5.661345e-5,7.169264999999997e-5,249648,6.827615026093719e-16,6.357178775128149e-15
20260622_161419,2026-06-22T16:14:19.121,orthonormal_rows,square,128,128,1.000000,20260311,1,bsqr_full,0.00041704100000000005,0.00044397900000000005,0.0004202136,0.00045593597500000004,569920,7.718147950270114e-16,1.0103626487961013e-14
20260622_161419,2026-06-22T16:14:19.121,orthonormal_rows,square,128,128,1.000000,20260311,1,dgeqp3,0.000262167,0.00029810400000000004,0.00026775530000000005,0.00031988205000000003,823184,8.576539599550105e-16,1.1009621390099485e-14
20260622_161419,2026-06-22T16:14:19.121,orthonormal_rows,square,128,128,1.000000,20260311,1,bsqr_rinv,0.00041654100000000004,0.00044262500000000004,0.000420861275,0.00044974360000000005,569968,7.718147950270114e-16,1.0103626487961013e-14
20260622_161419,2026-06-22T16:14:19.121,orthonormal_rows,square,128,128,1.000000,20260311,1,dgeqp3_trsm,0.00026858400000000004,0.0003047915,0.00026936917500000005,0.00032545975000000004,823184,8.576539599550105e-16,1.1009621390099485e-14
20260622_161419,2026-06-22T16:14:19.121,orthonormal_rows,square,256,256,1.000000,20260311,1,bsqr_full,0.0024182500000000003,0.0025393545000000003,0.0024541375,0.003080132049999999,2273616,9.941948790476737e-16,1.9736945804669133e-14
20260622_161419,2026-06-22T16:14:19.121,orthonormal_rows,square,256,256,1.000000,20260311,1,dgeqp3,0.002033458,0.002133354,0.002064633,0.0024652313999999984,2857776,1.0432080293944526e-15,2.0570821147944165e-14
20260622_161419,2026-06-22T16:14:19.121,orthonormal_rows,square,256,256,1.000000,20260311,1,bsqr_rinv,0.00247225,0.0025179585,0.0024785633,0.0028352281249999995,2273664,9.941948790476737e-16,1.9736945804669133e-14
20260622_161419,2026-06-22T16:14:19.121,orthonormal_rows,square,256,256,1.000000,20260311,1,dgeqp3_trsm,0.002067292,0.0021413120000000002,0.002076414675,0.0032510456499999997,2857776,1.0432080293944526e-15,2.0570821147944165e-14
20260622_161419,2026-06-22T16:14:19.121,orthonormal_rows,square,384,384,1.000000,20260311,1,bsqr_full,0.005339,0.00553525,0.0054156992,0.0064389909250000005,4982256,1.1777465317539442e-15,2.9702482923811325e-14
20260622_161419,2026-06-22T16:14:19.121,orthonormal_rows,square,384,384,1.000000,20260311,1,dgeqp3,0.0043552090000000005,0.0046547705000000005,0.004481993375,0.005684716999999999,6203184,1.1979445679741727e-15,2.964461810303838e-14
20260622_161419,2026-06-22T16:14:19.121,orthonormal_rows,square,384,384,1.000000,20260311,1,bsqr_rinv,0.005450084,0.005519604,0.0054714106000000005,0.006743178125,4982304,1.1777465317539442e-15,2.9702482923811325e-14
20260622_161419,2026-06-22T16:14:19.121,orthonormal_rows,square,384,384,1.000000,20260311,1,dgeqp3_trsm,0.004460083,0.004551646,0.0044602337999999995,0.005382655674999999,6203184,1.1979445679741727e-15,2.964461810303838e-14
20260622_161419,2026-06-22T16:14:19.121,orthonormal_rows,square,512,512,1.000000,20260311,1,bsqr_full,0.011780750000000001,0.011968188000000001,0.011789993750000002,0.014161084225,8739440,1.326362650620313e-15,3.861886024527299e-14
20260622_161419,2026-06-22T16:14:19.121,orthonormal_rows,square,512,512,1.000000,20260311,1,dgeqp3,0.008947375,0.009654917,0.008987521875000001,0.015090239399999992,10859312,1.3433990879958013e-15,3.846504948833939e-14
20260622_161419,2026-06-22T16:14:19.121,orthonormal_rows,square,512,512,1.000000,20260311,1,bsqr_rinv,0.012014083,0.012333396,0.012034474350000001,0.015065829224999997,8739488,1.326362650620313e-15,3.861886024527299e-14
20260622_161419,2026-06-22T16:14:19.121,orthonormal_rows,square,512,512,1.000000,20260311,1,dgeqp3_trsm,0.009327333,0.0098954165,0.009402279875,0.011478210175,10859312,1.3433990879958013e-15,3.846504948833939e-14
20260622_161419,2026-06-22T16:14:19.121,orthonormal_rows,short_wide,32,64,2.000000,20260311,1,bsqr_full,2.5625000000000003e-5,2.625e-5,2.5715625000000003e-5,3.332609999999998e-5,72160,5.410200090206288e-16,3.110299116335437e-15
20260622_161419,2026-06-22T16:14:19.121,orthonormal_rows,short_wide,32,64,2.000000,20260311,1,dgeqp3,1.8666e-5,1.9167e-5,1.8666725000000004e-5,2.5520124999999995e-5,159280,5.635001504903682e-16,3.3073679938691926e-15
20260622_161419,2026-06-22T16:14:19.121,orthonormal_rows,short_wide,32,64,2.000000,20260311,1,bsqr_rinv,2.6209000000000003e-5,2.6896e-5,2.6359800000000005e-5,3.294999999999999e-5,80432,5.410200090206288e-16,3.110299116335437e-15
20260622_161419,2026-06-22T16:14:19.121,orthonormal_rows,short_wide,32,64,2.000000,20260311,1,dgeqp3_trsm,2.5083e-5,2.8792e-5,2.6049425000000003e-5,0.00033651794999999847,208752,5.635001504903682e-16,3.3073679938691926e-15
20260622_161419,2026-06-22T16:14:19.121,orthonormal_rows,short_wide,32,128,4.000000,20260311,1,bsqr_full,4.3917e-5,4.4417000000000005e-5,4.4007625000000004e-5,5.412282499999997e-5,126752,6.032900020049728e-16,3.5206941814417794e-15
20260622_161419,2026-06-22T16:14:19.121,orthonormal_rows,short_wide,32,128,4.000000,20260311,1,dgeqp3,3.1292000000000005e-5,3.2104e-5,3.1382625e-5,3.5817949999999985e-5,273520,6.540903768178375e-16,3.8260518191178164e-15
20260622_161419,2026-06-22T16:14:19.121,orthonormal_rows,short_wide,32,128,4.000000,20260311,1,bsqr_rinv,4.5833e-5,4.6416500000000005e-5,4.5893175e-5,5.731984999999996e-5,151408,6.032900020049728e-16,3.5206941814417794e-15
20260622_161419,2026-06-22T16:14:19.121,orthonormal_rows,short_wide,32,128,4.000000,20260311,1,dgeqp3_trsm,4.3375000000000004e-5,4.40625e-5,4.340545e-5,6.0769325e-5,372144,6.540903768178375e-16,3.8260518191178164e-15
20260622_161419,2026-06-22T16:14:19.121,orthonormal_rows,short_wide,32,256,8.000000,20260311,1,bsqr_full,8.4417e-5,9.1459e-5,8.47186e-5,9.5634225e-5,234976,5.629827641235276e-16,2.9329893431014422e-15
20260622_161419,2026-06-22T16:14:19.121,orthonormal_rows,short_wide,32,256,8.000000,20260311,1,dgeqp3,5.325e-5,6.5271e-5,5.3340625e-5,6.924265e-5,439344,6.088436480117347e-16,3.463557080422177e-15
20260622_161419,2026-06-22T16:14:19.121,orthonormal_rows,short_wide,32,256,8.000000,20260311,1,bsqr_rinv,9.6459e-5,0.000101167,9.8301225e-5,0.00010698125,300592,5.629827641235276e-16,2.9329893431014422e-15
20260622_161419,2026-06-22T16:14:19.121,orthonormal_rows,short_wide,32,256,8.000000,20260311,1,dgeqp3_trsm,7.2959e-5,9.1209e-5,7.404577500000001e-5,9.341345000000001e-5,644464,6.088436480117347e-16,3.463557080422177e-15
20260622_161419,2026-06-22T16:14:19.121,orthonormal_rows,short_wide,32,320,10.000000,20260311,1,bsqr_full,0.000112583,0.00012100050000000001,0.00011297595000000001,0.00012996482499999997,338400,6.37862478829625e-16,3.5161736774807497e-15
20260622_161419,2026-06-22T16:14:19.121,orthonormal_rows,short_wide,32,320,10.000000,20260311,1,dgeqp3,6.4875e-5,7.9313e-5,6.50867e-5,8.2540475e-5,571440,6.284839934613921e-16,3.616765127998936e-15
20260622_161419,2026-06-22T16:14:19.121,orthonormal_rows,short_wide,32,320,10.000000,20260311,1,bsqr_rinv,0.00011654200000000001,0.00012877100000000002,0.00011660217500000001,0.000142291575,436784,6.37862478829625e-16,3.5161736774807497e-15
20260622_161419,2026-06-22T16:14:19.121,orthonormal_rows,short_wide,32,320,10.000000,20260311,1,dgeqp3_trsm,0.0001065,0.00010881250000000001,0.0001070742,0.0004004343749999985,874864,6.284839934613921e-16,3.616765127998936e-15
20260622_161419,2026-06-22T16:14:19.121,orthonormal_rows,short_wide,64,128,2.000000,20260311,1,bsqr_full,0.000125916,0.000132167,0.00012630895,0.00013735137499999999,258080,6.636494545921797e-16,5.3458059707419236e-15
20260622_161419,2026-06-22T16:14:19.121,orthonormal_rows,short_wide,64,128,2.000000,20260311,1,dgeqp3,8.995800000000001e-5,0.0001008125,9.026032500000001e-5,0.000105210175,429424,7.395056277123489e-16,6.257293394323148e-15
20260622_161419,2026-06-22T16:14:19.121,orthonormal_rows,short_wide,64,128,2.000000,20260311,1,bsqr_rinv,0.000126708,0.000134771,0.000127161125,0.00014151387499999999,290928,6.636494545921797e-16,5.3458059707419236e-15
20260622_161419,2026-06-22T16:14:19.121,orthonormal_rows,short_wide,64,128,2.000000,20260311,1,dgeqp3_trsm,0.00010462500000000001,0.00011954150000000001,0.000105501525,0.000121880875,626352,7.395056277123489e-16,6.257293394323148e-15
20260622_161419,2026-06-22T16:14:19.121,orthonormal_rows,short_wide,64,256,4.000000,20260311,1,bsqr_full,0.000299375,0.0003121455,0.000301489825,0.0003279,464608,7.202261173948391e-16,5.512885708431782e-15
20260622_161419,2026-06-22T16:14:19.121,orthonormal_rows,short_wide,64,256,4.000000,20260311,1,dgeqp3,0.000161917,0.0001854375,0.000162188875,0.0001890641,726320,7.505683707396436e-16,6.238258755568025e-15
20260622_161419,2026-06-22T16:14:19.121,orthonormal_rows,short_wide,64,256,4.000000,20260311,1,bsqr_rinv,0.00029670900000000004,0.0003253125,0.00030413952500000005,0.0003355178,562992,7.202261173948391e-16,5.512885708431782e-15
20260622_161419,2026-06-22T16:14:19.121,orthonormal_rows,short_wide,64,256,4.000000,20260311,1,dgeqp3_trsm,0.000193875,0.00023127100000000002,0.00019405625000000002,0.00024347347500000002,1119856,7.505683707396436e-16,6.238258755568025e-15
20260622_161419,2026-06-22T16:14:19.121,orthonormal_rows,short_wide,64,512,8.000000,20260311,1,bsqr_full,0.000762167,0.000786125,0.000765550575,0.0007980724500000001,1002512,7.923066764578471e-16,5.943523484431683e-15
20260622_161419,2026-06-22T16:14:19.121,orthonormal_rows,short_wide,64,512,8.000000,20260311,1,dgeqp3,0.000457583,0.0004884165,0.000458278275,0.0004939319000000001,1320240,7.74290819504142e-16,6.1206161459900555e-15
20260622_161419,2026-06-22T16:14:19.121,orthonormal_rows,short_wide,64,512,8.000000,20260311,1,bsqr_rinv,0.0007620410000000001,0.0008076875,0.000764186275,0.0008268656250000001,1231968,7.923066764578471e-16,5.943523484431683e-15
20260622_161419,2026-06-22T16:14:19.121,orthonormal_rows,short_wide,64,512,8.000000,20260311,1,dgeqp3_trsm,0.0005144580000000001,0.0005774165,0.0005193517500000001,0.0008091979749999989,2106992,7.74290819504142e-16,6.1206161459900555e-15
20260622_161419,2026-06-22T16:14:19.121,orthonormal_rows,short_wide,64,640,10.000000,20260311,1,bsqr_full,0.0009818750000000001,0.0009956875,0.00098516795,0.0010086027,1309840,7.526469203699195e-16,5.410697747804546e-15
20260622_161419,2026-06-22T16:14:19.121,orthonormal_rows,short_wide,64,640,10.000000,20260311,1,dgeqp3,0.000593792,0.0006485,0.000600195925,0.0020099813999999933,1617200,8.129638950252823e-16,6.8462308351347255e-15
20260622_161419,2026-06-22T16:14:19.121,orthonormal_rows,short_wide,64,640,10.000000,20260311,1,bsqr_rinv,0.000992416,0.001011521,0.000999092525,0.0016046959249999971,1604832,7.526469203699195e-16,5.410697747804546e-15
20260622_161419,2026-06-22T16:14:19.121,orthonormal_rows,short_wide,64,640,10.000000,20260311,1,dgeqp3_trsm,0.0006933340000000001,0.0007482285,0.0006964145250000001,0.0017121584249999951,2600560,8.129638950252823e-16,6.8462308351347255e-15
20260622_161419,2026-06-22T16:14:19.121,orthonormal_rows,short_wide,128,256,2.000000,20260311,1,bsqr_full,0.0010236660000000001,0.0010495835000000002,0.00102789565,0.001080191425,1045776,9.165037661444866e-16,9.797150066182425e-15
20260622_161419,2026-06-22T16:14:19.121,orthonormal_rows,short_wide,128,256,2.000000,20260311,1,dgeqp3,0.000717917,0.0007628125,0.0007297881500000001,0.0011019812499999983,1382224,9.40548148785616e-16,1.124771932705122e-14
20260622_161419,2026-06-22T16:14:19.121,orthonormal_rows,short_wide,128,256,2.000000,20260311,1,bsqr_rinv,0.001052334,0.001069146,0.001053813725,0.0010859566750000002,1176928,9.165037661444866e-16,9.797150066182425e-15
20260622_161419,2026-06-22T16:14:19.121,orthonormal_rows,short_wide,128,256,2.000000,20260311,1,dgeqp3_trsm,0.000797333,0.0008567085,0.0008258806000000001,0.0015952062499999969,2168976,9.40548148785616e-16,1.124771932705122e-14
20260622_161419,2026-06-22T16:14:19.121,orthonormal_rows,short_wide,128,512,4.000000,20260311,1,bsqr_full,0.0019042080000000001,0.002069292,0.0019147814,0.003705870124999994,1912368,9.641813084544722e-16,1.0213399899158287e-14
20260622_161419,2026-06-22T16:14:19.121,orthonormal_rows,short_wide,128,512,4.000000,20260311,1,dgeqp3,0.0015629580000000001,0.0017878540000000002,0.0015854330000000002,0.0025446881499999988,2500432,9.904782218111183e-16,1.1198305508062186e-14
20260622_161419,2026-06-22T16:14:19.121,orthonormal_rows,short_wide,128,512,4.000000,20260311,1,bsqr_rinv,0.001999041,0.0022166670000000003,0.0020130277000000004,0.006179295499999999,2305664,9.641813084544722e-16,1.0213399899158287e-14
20260622_161419,2026-06-22T16:14:19.121,orthonormal_rows,short_wide,128,512,4.000000,20260311,1,dgeqp3_trsm,0.001707708,0.0019642705000000003,0.0017581259500000002,0.004289527324999999,4073616,9.904782218111183e-16,1.1198305508062186e-14
20260622_161419,2026-06-22T16:14:19.121,orthonormal_rows,short_wide,128,1024,8.000000,20260311,1,bsqr_full,0.00390875,0.0040593965000000004,0.003935696075,0.007487618750000001,3648112,9.036414565661723e-16,9.560926718761157e-15
20260622_161419,2026-06-22T16:14:19.121,orthonormal_rows,short_wide,128,1024,8.000000,20260311,1,dgeqp3,0.002745958,0.0029198955,0.002750791575,0.006895833149999999,4736848,9.580885158889836e-16,1.1284367786514897e-14
20260622_161419,2026-06-22T16:14:19.121,orthonormal_rows,short_wide,128,1024,8.000000,20260311,1,bsqr_rinv,0.003935875,0.0041573750000000005,0.0039656000000000005,0.006350905449999998,4565696,9.036414565661723e-16,9.560926718761157e-15
20260622_161419,2026-06-22T16:14:19.121,orthonormal_rows,short_wide,128,1024,8.000000,20260311,1,dgeqp3_trsm,0.003000542,0.0032298125,0.0030048006499999998,0.005700572675,7882896,9.580885158889836e-16,1.1284367786514897e-14
20260622_161419,2026-06-22T16:14:19.121,orthonormal_rows,short_wide,128,1280,10.000000,20260311,1,bsqr_full,0.005140083,0.005280604,0.005177028275,0.0073696782749999995,4557696,9.432501371104051e-16,1.0200030382455174e-14
20260622_161419,2026-06-22T16:14:19.121,orthonormal_rows,short_wide,128,1280,10.000000,20260311,1,dgeqp3,0.0033647910000000002,0.0035559165000000003,0.0033993800250000004,0.006286154075,5855056,9.496281694273122e-16,1.1339281150025586e-14
20260622_161419,2026-06-22T16:14:19.121,orthonormal_rows,short_wide,128,1280,10.000000,20260311,1,bsqr_rinv,0.00517075,0.0053818125,0.00519449375,0.007080680299999998,5737424,9.432501371104051e-16,1.0200030382455174e-14
20260622_161419,2026-06-22T16:14:19.121,orthonormal_rows,short_wide,128,1280,10.000000,20260311,1,dgeqp3_trsm,0.0037291250000000002,0.0039588545,0.00373540785,0.0061985087249999985,9787536,9.496281694273122e-16,1.1339281150025586e-14
20260622_161419,2026-06-22T16:14:19.121,orthonormal_rows,short_wide,256,512,2.000000,20260311,1,bsqr_full,0.0048967920000000005,0.005018604,0.004919659225,0.007451972025,3928592,1.1323911573498408e-15,1.9812059754687518e-14
20260622_161419,2026-06-22T16:14:19.121,orthonormal_rows,short_wide,256,512,2.000000,20260311,1,dgeqp3,0.0036983330000000003,0.0038679580000000003,0.003711685325,0.006362425149999998,5024560,1.1789036030609456e-15,2.051022881013409e-14
20260622_161419,2026-06-22T16:14:19.121,orthonormal_rows,short_wide,256,512,2.000000,20260311,1,bsqr_rinv,0.00491525,0.0050160205,0.004930958575000001,0.008470137075,4452960,1.1323911573498408e-15,1.9812059754687518e-14
20260622_161419,2026-06-22T16:14:19.121,orthonormal_rows,short_wide,256,512,2.000000,20260311,1,dgeqp3_trsm,0.004079667,0.0042629165,0.0041181521750000005,0.007258387499999996,8170608,1.1789036030609456e-15,2.051022881013409e-14
20260622_161419,2026-06-22T16:14:19.121,orthonormal_rows,short_wide,256,1024,4.000000,20260311,1,bsqr_full,0.009925917000000001,0.0101576665,0.009948753775000001,0.015130330300000001,7237200,1.1846005856834877e-15,2.0236085256423348e-14
20260622_161419,2026-06-22T16:14:19.121,orthonormal_rows,short_wide,256,1024,4.000000,20260311,1,dgeqp3,0.006596958,0.006785875,0.006618224425,0.009744425424999998,9358128,1.211958117887987e-15,2.0439585012845147e-14
20260622_161419,2026-06-22T16:14:19.121,orthonormal_rows,short_wide,256,1024,4.000000,20260311,1,bsqr_rinv,0.010024542000000001,0.010356125,0.01005568655,0.014421014974999999,8810144,1.1846005856834877e-15,2.0236085256423348e-14
20260622_161419,2026-06-22T16:14:19.121,orthonormal_rows,short_wide,256,1024,4.000000,20260311,1,dgeqp3_trsm,0.007378583,0.0078910205,0.007445675950000001,0.010905325425000001,15649904,1.211958117887987e-15,2.0439585012845147e-14
20260622_161419,2026-06-22T16:14:19.121,orthonormal_rows,short_wide,256,2048,8.000000,20260311,1,bsqr_full,0.019833791,0.0209740625,0.019917740925000003,0.024847698100000003,13824560,1.1935237438970435e-15,2.0030367512351843e-14
20260622_161419,2026-06-22T16:14:19.121,orthonormal_rows,short_wide,256,2048,8.000000,20260311,1,dgeqp3,0.012525625,0.013227021,0.012547918750000001,0.015984593324999997,18058032,1.2269016640462727e-15,2.0295283694506457e-14
20260622_161419,2026-06-22T16:14:19.121,orthonormal_rows,short_wide,256,2048,8.000000,20260311,1,bsqr_rinv,0.020502708,0.0214768745,0.020517147825000002,0.03357059062499995,17494656,1.1935237438970435e-15,2.0030367512351843e-14
20260622_161419,2026-06-22T16:14:19.121,orthonormal_rows,short_wide,256,2048,8.000000,20260311,1,dgeqp3_trsm,0.014318458000000001,0.015304375,0.014352804875000002,0.026169442949999958,30641264,1.2269016640462727e-15,2.0295283694506457e-14
20260622_161419,2026-06-22T16:14:19.121,orthonormal_rows,short_wide,256,2560,10.000000,20260311,1,bsqr_full,0.024595000000000002,0.025520375,0.024635056250000002,0.028447784375,17151056,1.1780489319590432e-15,1.9890088835511644e-14
20260622_161419,2026-06-22T16:14:19.121,orthonormal_rows,short_wide,256,2560,10.000000,20260311,1,dgeqp3,0.015235791,0.0163073545,0.01528787065,0.018556877475,22391600,1.2201134255060414e-15,2.0221695396395895e-14
20260622_161419,2026-06-22T16:14:19.121,orthonormal_rows,short_wide,256,2560,10.000000,20260311,1,bsqr_rinv,0.025230500000000003,0.0264055205,0.02530375545,0.03766950057499996,21869728,1.1780489319590432e-15,1.9890088835511644e-14
20260622_161419,2026-06-22T16:14:19.121,orthonormal_rows,short_wide,256,2560,10.000000,20260311,1,dgeqp3_trsm,0.017536875,0.019400312500000003,0.017547025,0.0530295572,38120560,1.2201134255060414e-15,2.0221695396395895e-14
20260622_161419,2026-06-22T16:14:19.121,orthonormal_rows,short_wide,512,1024,2.000000,20260311,1,bsqr_full,0.026222958,0.0279905,0.02635101185,0.031753259374999995,15187024,1.5230960958768484e-15,3.82500117332249e-14
20260622_161419,2026-06-22T16:14:19.121,orthonormal_rows,short_wide,512,1024,2.000000,20260311,1,dgeqp3,0.017160833,0.018597229,0.017276561125,0.032043357624999956,19387184,1.540152016952854e-15,3.818395125177994e-14
20260622_161419,2026-06-22T16:14:19.121,orthonormal_rows,short_wide,512,1024,2.000000,20260311,1,bsqr_rinv,0.027584792,0.030907875,0.027718946725000002,0.05747696439999998,17284256,1.5230960958768484e-15,3.82500117332249e-14
20260622_161419,2026-06-22T16:14:19.121,orthonormal_rows,short_wide,512,1024,2.000000,20260311,1,dgeqp3_trsm,0.019127625000000002,0.020296396,0.019319960975,0.03223096504999995,31970416,1.540152016952854e-15,3.818395125177994e-14
20260622_161419,2026-06-22T16:14:19.121,orthonormal_rows,short_wide,512,2048,4.000000,20260311,1,bsqr_full,0.053181417,0.055335520500000006,0.053358649050000005,0.06704482637499996,28080720,1.5718932011882113e-15,3.8451741956681646e-14
20260622_161419,2026-06-22T16:14:19.121,orthonormal_rows,short_wide,512,2048,4.000000,20260311,1,dgeqp3,0.031770375000000003,0.0335208955,0.032036359375,0.0674237064,36475696,1.6071497700738994e-15,3.8700041305413685e-14
20260622_161419,2026-06-22T16:14:19.121,orthonormal_rows,short_wide,512,2048,4.000000,20260311,1,bsqr_rinv,0.054316042,0.0563864165,0.054447628775,0.08633275029999998,34372256,1.5718932011882113e-15,3.8451741956681646e-14
20260622_161419,2026-06-22T16:14:19.121,orthonormal_rows,short_wide,512,2048,4.000000,20260311,1,dgeqp3_trsm,0.035796458,0.0382634165,0.035831379075,0.0717814133,61641840,1.6071497700738994e-15,3.8700041305413685e-14
20260622_161419,2026-06-22T16:14:19.121,orthonormal_rows,short_wide,512,4096,8.000000,20260311,1,bsqr_full,0.160497416,0.1740120835,0.16184851287500002,0.23124225114999997,60162672,1.6026149497281164e-15,3.828806525200966e-14
20260622_161419,2026-06-22T16:14:19.121,orthonormal_rows,short_wide,512,4096,8.000000,20260311,1,dgeqp3,0.073773166,0.0815005,0.07390118940000001,0.11569688952500001,85300016,1.6361130878243134e-15,3.8742903350013603e-14
20260622_161419,2026-06-22T16:14:19.121,orthonormal_rows,short_wide,512,4096,8.000000,20260311,1,bsqr_rinv,0.159252792,0.174911917,0.1607451038,0.2025919582,81134272,1.6026149497281164e-15,3.828806525200966e-14
20260622_161419,2026-06-22T16:14:19.121,orthonormal_rows,short_wide,512,4096,8.000000,20260311,1,dgeqp3_trsm,0.08407183400000001,0.08895583300000001,0.084832358275,0.12736917515,144020592,1.6361130878243134e-15,3.8742903350013603e-14
20260622_161419,2026-06-22T16:14:19.121,orthonormal_rows,short_wide,512,5120,10.000000,20260311,1,bsqr_full,0.30310125000000004,0.313950208,0.30400582800000003,0.34682588075000004,67143312,1.6021580001306704e-15,3.8555455185852114e-14
20260622_161419,2026-06-22T16:14:19.121,orthonormal_rows,short_wide,512,5120,10.000000,20260311,1,dgeqp3,0.139195791,0.15385162500000002,0.14072143315,0.1958697303,87724848,1.6284985366411922e-15,3.812301586658752e-14
20260622_161419,2026-06-22T16:14:19.121,orthonormal_rows,short_wide,512,5120,10.000000,20260311,1,bsqr_rinv,0.312602792,0.32786054200000003,0.31675333980000003,0.35918984835,86017760,1.6021580001306704e-15,3.8555455185852114e-14
20260622_161419,2026-06-22T16:14:19.121,orthonormal_rows,short_wide,512,5120,10.000000,20260311,1,dgeqp3_trsm,0.161029542,0.2087931255,0.17309031017499998,0.26396400805000003,150639728,1.6284985366411922e-15,3.812301586658752e-14
20260622_161419,2026-06-22T16:14:19.121,gaussian,square,64,64,1.000000,20260312,1,bsqr_full,7.3667e-5,9.2417e-5,7.37569e-5,0.00010083277499999999,154336,5.119573413063111e-16,5.473076137031571e-15
20260622_161419,2026-06-22T16:14:19.121,gaussian,square,64,64,1.000000,20260312,1,dgeqp3,5.937500000000001e-5,6.07295e-5,5.9707050000000006e-5,8.754157499999999e-5,249648,5.930047767289187e-16,6.697868533111015e-15
20260622_161419,2026-06-22T16:14:19.121,gaussian,square,64,64,1.000000,20260312,1,bsqr_rinv,7.5542e-5,9.366700000000001e-5,7.6145925e-5,0.0001535430999999999,154384,5.119573413063111e-16,5.473076137031571e-15
20260622_161419,2026-06-22T16:14:19.121,gaussian,square,64,64,1.000000,20260312,1,dgeqp3_trsm,5.8250000000000006e-5,0.00015860450000000002,5.8764025000000004e-5,0.0004948490499999998,249648,5.930047767289187e-16,6.697868533111015e-15
20260622_161419,2026-06-22T16:14:19.121,gaussian,square,128,128,1.000000,20260312,1,bsqr_full,0.000442375,0.000503604,0.00044385472500000007,0.000546165625,569920,7.209310033496952e-16,1.012614034124512e-14
20260622_161419,2026-06-22T16:14:19.121,gaussian,square,128,128,1.000000,20260312,1,dgeqp3,0.000299958,0.00032006250000000003,0.00030234470000000004,0.000335856675,823184,7.638849512414143e-16,1.1324909263536035e-14
20260622_161419,2026-06-22T16:14:19.121,gaussian,square,128,128,1.000000,20260312,1,bsqr_rinv,0.000427,0.000445771,0.000435277325,0.000470417375,569968,7.209310033496952e-16,1.012614034124512e-14
20260622_161419,2026-06-22T16:14:19.121,gaussian,square,128,128,1.000000,20260312,1,dgeqp3_trsm,0.000267083,0.000303479,0.00027508845,0.000316314825,823184,7.638849512414143e-16,1.1324909263536035e-14
20260622_161419,2026-06-22T16:14:19.121,gaussian,square,256,256,1.000000,20260312,1,bsqr_full,0.0023471250000000003,0.002390479,0.0023521398250000002,0.004953379349999992,2273616,9.247586871794003e-16,2.0196592178645955e-14
20260622_161419,2026-06-22T16:14:19.121,gaussian,square,256,256,1.000000,20260312,1,dgeqp3,0.0020513750000000002,0.002121792,0.0020530367000000005,0.0029921781249999985,2857776,9.353284998635657e-16,2.0470669120026947e-14
20260622_161419,2026-06-22T16:14:19.121,gaussian,square,256,256,1.000000,20260312,1,bsqr_rinv,0.002461042,0.0025935215000000003,0.002467989675,0.0038746292249999996,2273664,9.247586871794003e-16,2.0196592178645955e-14
20260622_161419,2026-06-22T16:14:19.121,gaussian,square,256,256,1.000000,20260312,1,dgeqp3_trsm,0.0020132920000000003,0.002099812,0.0020362194,0.0026734717249999995,2857776,9.353284998635657e-16,2.0470669120026947e-14
20260622_161419,2026-06-22T16:14:19.121,gaussian,square,384,384,1.000000,20260312,1,bsqr_full,0.005333625000000001,0.0054293965,0.005351779725,0.0062759561,4982256,1.0676576292133877e-15,2.926450411215867e-14
20260622_161419,2026-06-22T16:14:19.121,gaussian,square,384,384,1.000000,20260312,1,dgeqp3,0.004333083000000001,0.004530875,0.00436015015,0.005288880025,6203184,1.0790645939266198e-15,2.941504131000112e-14
20260622_161419,2026-06-22T16:14:19.121,gaussian,square,384,384,1.000000,20260312,1,bsqr_rinv,0.005316875,0.005420062000000001,0.00534801955,0.006139817375,4982304,1.0676576292133877e-15,2.926450411215867e-14
20260622_161419,2026-06-22T16:14:19.121,gaussian,square,384,384,1.000000,20260312,1,dgeqp3_trsm,0.004340084,0.0045195625,0.004347182475000001,0.0069353062499999995,6203184,1.0790645939266198e-15,2.941504131000112e-14
20260622_161419,2026-06-22T16:14:19.121,gaussian,square,512,512,1.000000,20260312,1,bsqr_full,0.011771791,0.0120071255,0.011854864400000002,0.013605421074999999,8739440,1.2206128905691752e-15,3.8358246228693194e-14
20260622_161419,2026-06-22T16:14:19.121,gaussian,square,512,512,1.000000,20260312,1,dgeqp3,0.009160625,0.00932525,0.009183221075000001,0.010669535975,10859312,1.2278137946030961e-15,3.857310508585194e-14
20260622_161419,2026-06-22T16:14:19.121,gaussian,square,512,512,1.000000,20260312,1,bsqr_rinv,0.011783709000000002,0.011969479,0.0117948856,0.0138079875,8739488,1.2206128905691752e-15,3.8358246228693194e-14
20260622_161419,2026-06-22T16:14:19.121,gaussian,square,512,512,1.000000,20260312,1,dgeqp3_trsm,0.009166167000000001,0.009290708500000001,0.009179277175,0.01065259825,10859312,1.2278137946030961e-15,3.857310508585194e-14
20260622_161419,2026-06-22T16:14:19.121,gaussian,short_wide,32,64,2.000000,20260312,1,bsqr_full,2.5792000000000003e-5,2.6375e-5,2.591235e-5,3.1898474999999984e-5,72160,5.014913153574854e-16,3.006516526318621e-15
20260622_161419,2026-06-22T16:14:19.121,gaussian,short_wide,32,64,2.000000,20260312,1,dgeqp3,1.8709e-5,1.93335e-5,1.87989e-5,2.547172499999999e-5,159280,4.745090690996907e-16,3.0170749589200244e-15
20260622_161419,2026-06-22T16:14:19.121,gaussian,short_wide,32,64,2.000000,20260312,1,bsqr_rinv,2.6459000000000002e-5,2.7000000000000002e-5,2.6639525000000003e-5,3.320029999999999e-5,80432,5.014913153574854e-16,3.006516526318621e-15
20260622_161419,2026-06-22T16:14:19.121,gaussian,short_wide,32,64,2.000000,20260312,1,dgeqp3_trsm,2.3791000000000003e-5,2.7145500000000003e-5,2.3822175000000002e-5,3.245137499999999e-5,208752,4.745090690996907e-16,3.0170749589200244e-15
20260622_161419,2026-06-22T16:14:19.121,gaussian,short_wide,32,128,4.000000,20260312,1,bsqr_full,4.4208e-5,4.47085e-5,4.423845000000001e-5,5.000704999999999e-5,126752,4.941655415159738e-16,2.999577442892912e-15
20260622_161419,2026-06-22T16:14:19.121,gaussian,short_wide,32,128,4.000000,20260312,1,dgeqp3,3.0166000000000002e-5,3.20625e-5,3.0347975e-5,3.461954999999999e-5,273520,4.943413410498146e-16,2.866488403377044e-15
20260622_161419,2026-06-22T16:14:19.121,gaussian,short_wide,32,128,4.000000,20260312,1,bsqr_rinv,4.6125e-5,4.7062000000000004e-5,4.615545e-5,5.5880450000000005e-5,151408,4.941655415159738e-16,2.999577442892912e-15
20260622_161419,2026-06-22T16:14:19.121,gaussian,short_wide,32,128,4.000000,20260312,1,dgeqp3_trsm,4.375e-5,4.44585e-5,4.3779725000000005e-5,8.323205000000001e-5,372144,4.943413410498146e-16,2.866488403377044e-15
20260622_161419,2026-06-22T16:14:19.121,gaussian,short_wide,32,256,8.000000,20260312,1,bsqr_full,8.4583e-5,9.275e-5,8.518765e-5,9.58609e-5,234976,5.554169638385725e-16,3.1235943766351642e-15
20260622_161419,2026-06-22T16:14:19.121,gaussian,short_wide,32,256,8.000000,20260312,1,dgeqp3,5.4208e-5,6.61875e-5,5.423845000000001e-5,6.87652e-5,439344,5.418758443649005e-16,2.7937230730308724e-15
20260622_161419,2026-06-22T16:14:19.121,gaussian,short_wide,32,256,8.000000,20260312,1,bsqr_rinv,8.995900000000001e-5,9.768750000000001e-5,8.998872500000001e-5,0.000102259525,300592,5.554169638385725e-16,3.1235943766351642e-15
20260622_161419,2026-06-22T16:14:19.121,gaussian,short_wide,32,256,8.000000,20260312,1,dgeqp3_trsm,7.354200000000001e-5,8.743700000000001e-5,7.420610000000001e-5,9.317855e-5,644464,5.418758443649005e-16,2.7937230730308724e-15
20260622_161419,2026-06-22T16:14:19.121,gaussian,short_wide,32,320,10.000000,20260312,1,bsqr_full,0.000110458,0.000113208,0.00011048845000000001,0.000123871225,338400,6.232346659370887e-16,3.543317640258236e-15
20260622_161419,2026-06-22T16:14:19.121,gaussian,short_wide,32,320,10.000000,20260312,1,dgeqp3,6.5875e-5,7.99165e-5,6.67508e-5,8.2252175e-5,571440,5.725944065461618e-16,3.2354385224516876e-15
20260622_161419,2026-06-22T16:14:19.121,gaussian,short_wide,32,320,10.000000,20260312,1,bsqr_rinv,0.000129209,0.0001307915,0.000129480875,0.00015424767499999997,436784,6.232346659370887e-16,3.543317640258236e-15
20260622_161419,2026-06-22T16:14:19.121,gaussian,short_wide,32,320,10.000000,20260312,1,dgeqp3_trsm,9.266600000000001e-5,0.00011306200000000001,9.378467500000001e-5,0.000119466575,874864,5.725944065461618e-16,3.2354385224516876e-15
20260622_161419,2026-06-22T16:14:19.121,gaussian,short_wide,64,128,2.000000,20260312,1,bsqr_full,0.00013275,0.0001336665,0.0001329008,0.000141273775,258080,6.594148967041144e-16,5.777459827407626e-15
20260622_161419,2026-06-22T16:14:19.121,gaussian,short_wide,64,128,2.000000,20260312,1,dgeqp3,9.2083e-5,0.00010133350000000001,9.471112500000001e-5,0.000106245775,429424,7.021785667611647e-16,6.448453069752737e-15
20260622_161419,2026-06-22T16:14:19.121,gaussian,short_wide,64,128,2.000000,20260312,1,bsqr_rinv,0.000130209,0.0001360625,0.000132776225,0.00014284455,290928,6.594148967041144e-16,5.777459827407626e-15
20260622_161419,2026-06-22T16:14:19.121,gaussian,short_wide,64,128,2.000000,20260312,1,dgeqp3_trsm,0.00010908300000000001,0.00012052100000000001,0.00011201345000000002,0.0001278455,626352,7.021785667611647e-16,6.448453069752737e-15
20260622_161419,2026-06-22T16:14:19.121,gaussian,short_wide,64,256,4.000000,20260312,1,bsqr_full,0.000294625,0.00031727050000000004,0.000299246875,0.000330784375,464608,7.072786012987775e-16,5.728063838446215e-15
20260622_161419,2026-06-22T16:14:19.121,gaussian,short_wide,64,256,4.000000,20260312,1,dgeqp3,0.000171167,0.000185896,0.0001737944,0.00020422434999999999,726320,7.244120023013561e-16,6.302346693862015e-15
20260622_161419,2026-06-22T16:14:19.121,gaussian,short_wide,64,256,4.000000,20260312,1,bsqr_rinv,0.000320542,0.0003301455,0.00032066235,0.0003478931000000001,562992,7.072786012987775e-16,5.728063838446215e-15
20260622_161419,2026-06-22T16:14:19.121,gaussian,short_wide,64,256,4.000000,20260312,1,dgeqp3_trsm,0.000197041,0.00023831250000000003,0.0002054394,0.00026165545,1119856,7.244120023013561e-16,6.302346693862015e-15
20260622_161419,2026-06-22T16:14:19.121,gaussian,short_wide,64,512,8.000000,20260312,1,bsqr_full,0.0007528750000000001,0.000788708,0.0007542945499999999,0.00080999215,1002512,6.874356728125157e-16,4.899575755718987e-15
20260622_161419,2026-06-22T16:14:19.121,gaussian,short_wide,64,512,8.000000,20260312,1,dgeqp3,0.000453375,0.00048925,0.00045899375,0.0005250617,1320240,7.194148755859423e-16,5.6181204916621415e-15
20260622_161419,2026-06-22T16:14:19.121,gaussian,short_wide,64,512,8.000000,20260312,1,bsqr_rinv,0.000762209,0.0007968745000000001,0.0007726004250000001,0.000817458425,1231968,6.874356728125157e-16,4.899575755718987e-15
20260622_161419,2026-06-22T16:14:19.121,gaussian,short_wide,64,512,8.000000,20260312,1,dgeqp3_trsm,0.0005339580000000001,0.0005764585,0.000535710325,0.0018004546499999939,2106992,7.194148755859423e-16,5.6181204916621415e-15
20260622_161419,2026-06-22T16:14:19.121,gaussian,short_wide,64,640,10.000000,20260312,1,bsqr_full,0.000950333,0.0009983120000000001,0.0009667064,0.00101755,1309840,7.984883864653503e-16,5.983008685405721e-15
20260622_161419,2026-06-22T16:14:19.121,gaussian,short_wide,64,640,10.000000,20260312,1,dgeqp3,0.0005918340000000001,0.0006563545,0.0006108652500000001,0.0021772859749999924,1617200,8.104885008199661e-16,6.812451491295433e-15
20260622_161419,2026-06-22T16:14:19.121,gaussian,short_wide,64,640,10.000000,20260312,1,bsqr_rinv,0.000990583,0.001015396,0.000996383,0.0023810060999999933,1604832,7.984883864653503e-16,5.983008685405721e-15
20260622_161419,2026-06-22T16:14:19.121,gaussian,short_wide,64,640,10.000000,20260312,1,dgeqp3_trsm,0.000691208,0.0007518125000000001,0.0006938970250000001,0.0019352240499999943,2600560,8.104885008199661e-16,6.812451491295433e-15
20260622_161419,2026-06-22T16:14:19.121,gaussian,short_wide,128,256,2.000000,20260312,1,bsqr_full,0.0010166250000000002,0.001054625,0.0010302789250000001,0.0010730439000000002,1045776,8.7423356701806225e-16,1.0045506365889844e-14
20260622_161419,2026-06-22T16:14:19.121,gaussian,short_wide,128,256,2.000000,20260312,1,dgeqp3,0.000756,0.0007690205000000001,0.0007565742000000002,0.0007816322,1382224,8.843711809880115e-16,1.1233662249520131e-14
20260622_161419,2026-06-22T16:14:19.121,gaussian,short_wide,128,256,2.000000,20260312,1,bsqr_rinv,0.0010424170000000001,0.0010660415000000002,0.00104694825,0.001094383,1176928,8.7423356701806225e-16,1.0045506365889844e-14
20260622_161419,2026-06-22T16:14:19.121,gaussian,short_wide,128,256,2.000000,20260312,1,dgeqp3_trsm,0.0007798330000000001,0.0008532500000000001,0.0007900736250000002,0.0016088445499999964,2168976,8.843711809880115e-16,1.1233662249520131e-14
20260622_161419,2026-06-22T16:14:19.121,gaussian,short_wide,128,512,4.000000,20260312,1,bsqr_full,0.0019385840000000001,0.0021115,0.001946588725,0.0029867377999999957,1912368,9.422504735611151e-16,1.0112077930367316e-14
20260622_161419,2026-06-22T16:14:19.121,gaussian,short_wide,128,512,4.000000,20260312,1,dgeqp3,0.001580042,0.0017738545,0.0016012177999999999,0.003161579724999996,2500432,9.363040704223829e-16,1.0775891123831597e-14
20260622_161419,2026-06-22T16:14:19.121,gaussian,short_wide,128,512,4.000000,20260312,1,bsqr_rinv,0.0019911250000000003,0.002115208,0.00202532035,0.0035039843749999936,2305664,9.422504735611151e-16,1.0112077930367316e-14
20260622_161419,2026-06-22T16:14:19.121,gaussian,short_wide,128,512,4.000000,20260312,1,dgeqp3_trsm,0.0016697910000000001,0.001931292,0.001688218325,0.004215015774999997,4073616,9.363040704223829e-16,1.0775891123831597e-14
20260622_161419,2026-06-22T16:14:19.121,gaussian,short_wide,128,1024,8.000000,20260312,1,bsqr_full,0.0038980000000000004,0.004187021,0.0039023500000000006,0.00868292515,3648112,8.906933847315164e-16,9.810920436954574e-15
20260622_161419,2026-06-22T16:14:19.121,gaussian,short_wide,128,1024,8.000000,20260312,1,dgeqp3,0.002713542,0.0029275415000000003,0.0027239943250000004,0.006472929499999998,4736848,8.858024780078524e-16,1.0755041763318772e-14
20260622_161419,2026-06-22T16:14:19.121,gaussian,short_wide,128,1024,8.000000,20260312,1,bsqr_rinv,0.003958042,0.004168084,0.0039940498500000005,0.0076944574749999994,4565696,8.906933847315164e-16,9.810920436954574e-15
20260622_161419,2026-06-22T16:14:19.121,gaussian,short_wide,128,1024,8.000000,20260312,1,dgeqp3_trsm,0.00297175,0.0033017705,0.0029870047250000003,0.0051340427999999995,7882896,8.858024780078524e-16,1.0755041763318772e-14
20260622_161419,2026-06-22T16:14:19.121,gaussian,short_wide,128,1280,10.000000,20260312,1,bsqr_full,0.005107,0.0052824585,0.0051541554500000005,0.007700451375,4557696,8.984183876867942e-16,9.929422546990317e-15
20260622_161419,2026-06-22T16:14:19.121,gaussian,short_wide,128,1280,10.000000,20260312,1,dgeqp3,0.0033626660000000003,0.003556,0.003392542525,0.005925260474999999,5855056,9.029076414010213e-16,1.0723707887750428e-14
20260622_161419,2026-06-22T16:14:19.121,gaussian,short_wide,128,1280,10.000000,20260312,1,bsqr_rinv,0.00521875,0.005445208,0.005218840625,0.0071966547249999995,5737424,8.984183876867942e-16,9.929422546990317e-15
20260622_161419,2026-06-22T16:14:19.121,gaussian,short_wide,128,1280,10.000000,20260312,1,dgeqp3_trsm,0.0037660830000000004,0.003987,0.0037734236250000002,0.005285683574999999,9787536,9.029076414010213e-16,1.0723707887750428e-14
20260622_161419,2026-06-22T16:14:19.121,gaussian,short_wide,256,512,2.000000,20260312,1,bsqr_full,0.0048255830000000005,0.004962833000000001,0.004832803275,0.008217341574999999,3928592,1.0810030289211677e-15,1.9741825407543254e-14
20260622_161419,2026-06-22T16:14:19.121,gaussian,short_wide,256,512,2.000000,20260312,1,dgeqp3,0.0037421250000000002,0.0038575415,0.0037494656250000005,0.005699965324999999,5024560,1.1131031360084655e-15,2.0275322482440852e-14
20260622_161419,2026-06-22T16:14:19.121,gaussian,short_wide,256,512,2.000000,20260312,1,bsqr_rinv,0.004916625,0.005014979,0.004931366425,0.007226461925,4452960,1.0810030289211677e-15,1.9741825407543254e-14
20260622_161419,2026-06-22T16:14:19.121,gaussian,short_wide,256,512,2.000000,20260312,1,dgeqp3_trsm,0.004086709,0.004361792000000001,0.0040988223,0.007650695925000001,8170608,1.1131031360084655e-15,2.0275322482440852e-14
20260622_161419,2026-06-22T16:14:19.121,gaussian,short_wide,256,1024,4.000000,20260312,1,bsqr_full,0.009847292,0.010177812500000001,0.0098678037,0.0135944537,7237200,1.15446840924372e-15,2.0220581319920916e-14
20260622_161419,2026-06-22T16:14:19.121,gaussian,short_wide,256,1024,4.000000,20260312,1,dgeqp3,0.006575083000000001,0.0068383955,0.006623114250000001,0.011305318750000001,9358128,1.1935441859125475e-15,2.054419473575373e-14
20260622_161419,2026-06-22T16:14:19.121,gaussian,short_wide,256,1024,4.000000,20260312,1,bsqr_rinv,0.0100175,0.0102752915,0.010028495350000001,0.013099509375,8810144,1.15446840924372e-15,2.0220581319920916e-14
20260622_161419,2026-06-22T16:14:19.121,gaussian,short_wide,256,1024,4.000000,20260312,1,dgeqp3_trsm,0.007408458000000001,0.007810562500000001,0.007431386125,0.011160321724999997,15649904,1.1935441859125475e-15,2.054419473575373e-14
20260622_161419,2026-06-22T16:14:19.121,gaussian,short_wide,256,2048,8.000000,20260312,1,bsqr_full,0.020069458000000002,0.0205976455,0.0200816322,0.022871689825,13824560,1.171813481336954e-15,2.005316984434997e-14
20260622_161419,2026-06-22T16:14:19.121,gaussian,short_wide,256,2048,8.000000,20260312,1,dgeqp3,0.012398625,0.013274833000000002,0.012479069550000001,0.016708362799999998,18058032,1.218035289159114e-15,2.0440953142495108e-14
20260622_161419,2026-06-22T16:14:19.121,gaussian,short_wide,256,2048,8.000000,20260312,1,bsqr_rinv,0.020413042000000003,0.0211998335,0.020462371725,0.03262561889999995,17494656,1.171813481336954e-15,2.005316984434997e-14
20260622_161419,2026-06-22T16:14:19.121,gaussian,short_wide,256,2048,8.000000,20260312,1,dgeqp3_trsm,0.014307875000000001,0.0151891455,0.014394391425,0.025830621074999956,30641264,1.218035289159114e-15,2.0440953142495108e-14
20260622_161419,2026-06-22T16:14:19.121,gaussian,short_wide,256,2560,10.000000,20260312,1,bsqr_full,0.024590125,0.025418396000000003,0.02459973125,0.028394189250000004,17151056,1.1963564160532654e-15,2.02503616925987e-14
20260622_161419,2026-06-22T16:14:19.121,gaussian,short_wide,256,2560,10.000000,20260312,1,dgeqp3,0.015261125,0.016139958500000003,0.015391896875,0.027481772024999955,22391600,1.2160426940941866e-15,2.054363489221794e-14
20260622_161419,2026-06-22T16:14:19.121,gaussian,short_wide,256,2560,10.000000,20260312,1,bsqr_rinv,0.025210042000000002,0.026331667000000003,0.025231670925,0.03747798654999995,21869728,1.1963564160532654e-15,2.02503616925987e-14
20260622_161419,2026-06-22T16:14:19.121,gaussian,short_wide,256,2560,10.000000,20260312,1,dgeqp3_trsm,0.017312375,0.0189587705,0.017566971075,0.047189664675,38120560,1.2160426940941866e-15,2.054363489221794e-14
20260622_161419,2026-06-22T16:14:19.121,gaussian,short_wide,512,1024,2.000000,20260312,1,bsqr_full,0.025795625000000003,0.027154521,0.025909027325000004,0.029805551525,15187024,1.4349839683290762e-15,3.835841518627555e-14
20260622_161419,2026-06-22T16:14:19.121,gaussian,short_wide,512,1024,2.000000,20260312,1,dgeqp3,0.01713575,0.018472791500000002,0.017432153925000003,0.029219266574999958,19387184,1.4684557966382574e-15,3.891298381239029e-14
20260622_161419,2026-06-22T16:14:19.121,gaussian,short_wide,512,1024,2.000000,20260312,1,bsqr_rinv,0.026212417000000002,0.027554563,0.026252231825,0.04060803044999996,17284256,1.4349839683290762e-15,3.835841518627555e-14
20260622_161419,2026-06-22T16:14:19.121,gaussian,short_wide,512,1024,2.000000,20260312,1,dgeqp3_trsm,0.019023416,0.0206149165,0.01914799565,0.031429524049999956,31970416,1.4684557966382574e-15,3.891298381239029e-14
20260622_161419,2026-06-22T16:14:19.121,gaussian,short_wide,512,2048,4.000000,20260312,1,bsqr_full,0.052671958000000005,0.05478152100000001,0.053015789975000005,0.06666998982499997,28080720,1.5394395805753806e-15,3.8926339595849097e-14
20260622_161419,2026-06-22T16:14:19.121,gaussian,short_wide,512,2048,4.000000,20260312,1,dgeqp3,0.031816625,0.033475145500000004,0.031992165625,0.06724105487500001,36475696,1.5600890750491624e-15,3.875259682572833e-14
20260622_161419,2026-06-22T16:14:19.121,gaussian,short_wide,512,2048,4.000000,20260312,1,bsqr_rinv,0.053798292000000004,0.0561691255,0.05405808342500001,0.086411078125,34372256,1.5394395805753806e-15,3.8926339595849097e-14
20260622_161419,2026-06-22T16:14:19.121,gaussian,short_wide,512,2048,4.000000,20260312,1,dgeqp3_trsm,0.036101292,0.037628917000000005,0.036220524049999994,0.0699998428,61641840,1.5600890750491624e-15,3.875259682572833e-14
20260622_161419,2026-06-22T16:14:19.121,gaussian,short_wide,512,4096,8.000000,20260312,1,bsqr_full,0.16460529200000001,0.174384166,0.16540338345,0.24820038344999995,64356976,1.5841961688013035e-15,3.866464458291473e-14
20260622_161419,2026-06-22T16:14:19.121,gaussian,short_wide,512,4096,8.000000,20260312,1,dgeqp3,0.088121667,0.12204012550000001,0.089021392,0.22032509077499987,87397168,1.6120480919142932e-15,3.845304369950879e-14
20260622_161419,2026-06-22T16:14:19.121,gaussian,short_wide,512,4096,8.000000,20260312,1,bsqr_rinv,0.18959283300000002,0.255770667,0.1990748208,0.33445158955,85328576,1.5841961688013035e-15,3.866464458291473e-14
20260622_161419,2026-06-22T16:14:19.121,gaussian,short_wide,512,4096,8.000000,20260312,1,dgeqp3_trsm,0.12107587500000001,0.149182521,0.122637222675,0.24003223764999998,137729136,1.6120480919142932e-15,3.845304369950879e-14
20260622_161419,2026-06-22T16:14:19.121,gaussian,short_wide,512,5120,10.000000,20260312,1,bsqr_full,0.416532958,0.49799368800000005,0.41918191112500003,0.7640875186000001,67143312,1.5988327821312183e-15,3.870713011614709e-14
20260622_161419,2026-06-22T16:14:19.121,gaussian,short_wide,512,5120,10.000000,20260312,1,dgeqp3,0.19258983300000002,0.236829125,0.19642483300000002,0.38043897949999994,87724848,1.6248545557489715e-15,3.8652901568562573e-14
20260622_161419,2026-06-22T16:14:19.121,gaussian,short_wide,512,5120,10.000000,20260312,1,bsqr_rinv,0.48616250000000005,0.5675184795,0.48674298235,1.1574123857500003,86017760,1.5988327821312183e-15,3.870713011614709e-14
20260622_161419,2026-06-22T16:14:19.121,gaussian,short_wide,512,5120,10.000000,20260312,1,dgeqp3_trsm,0.225186666,0.2854289585,0.227319493225,0.35317080720000005,150639728,1.6248545557489715e-15,3.8652901568562573e-14
20260622_161419,2026-06-22T16:14:19.121,ill_conditioned,square,64,64,1.000000,20260312,1,bsqr_full,9.8917e-5,0.000162,0.00010097092500000001,0.00020894172499999995,154336,3.8433334383009745e-16,5.60116692753637e-15
20260622_161419,2026-06-22T16:14:19.121,ill_conditioned,square,64,64,1.000000,20260312,1,dgeqp3,7.5875e-5,7.7625e-5,7.5965625e-5,0.000120640475,249648,3.7796381855577696e-16,6.199834169402349e-15
20260622_161419,2026-06-22T16:14:19.121,ill_conditioned,square,64,64,1.000000,20260312,1,bsqr_rinv,9.441600000000001e-5,9.566650000000001e-5,9.453707500000002e-5,0.00010832324999999998,154384,3.8433334383009745e-16,5.60116692753637e-15
20260622_161419,2026-06-22T16:14:19.121,ill_conditioned,square,64,64,1.000000,20260312,1,dgeqp3_trsm,8.450000000000001e-5,9.8354e-5,8.4590625e-5,0.001251483424999995,249648,3.7796381855577696e-16,6.199834169402349e-15
20260622_161419,2026-06-22T16:14:19.121,ill_conditioned,square,128,128,1.000000,20260312,1,bsqr_full,0.000611125,0.0006407085,0.000611396875,0.000698919975,569920,5.462202924570173e-16,1.0292919154156632e-14
20260622_161419,2026-06-22T16:14:19.121,ill_conditioned,square,128,128,1.000000,20260312,1,dgeqp3,0.00037770800000000004,0.0004166875,0.00037924935,0.00044514969999999996,823184,4.926188547132895e-16,1.1408165381788988e-14
20260622_161419,2026-06-22T16:14:19.121,ill_conditioned,square,128,128,1.000000,20260312,1,bsqr_rinv,0.000600041,0.0006713125,0.000602487875,0.000684290625,569968,5.462202924570173e-16,1.0292919154156632e-14
20260622_161419,2026-06-22T16:14:19.121,ill_conditioned,square,128,128,1.000000,20260312,1,dgeqp3_trsm,0.000511292,0.000576625,0.0005210787750000001,0.0009139414250000001,823184,4.926188547132895e-16,1.1408165381788988e-14
20260622_161419,2026-06-22T16:14:19.121,ill_conditioned,square,256,256,1.000000,20260312,1,bsqr_full,0.0032660420000000003,0.0037356045,0.003324585025,0.005612338149999997,2275568,7.479556460473174e-16,1.9805903587192864e-14
20260622_161419,2026-06-22T16:14:19.121,ill_conditioned,square,256,256,1.000000,20260312,1,dgeqp3,0.0036776250000000003,0.004723042,0.0036874125000000003,0.01091847732499999,2857776,7.691161776345498e-16,2.0389148290462044e-14
20260622_161419,2026-06-22T16:14:19.121,ill_conditioned,square,256,256,1.000000,20260312,1,bsqr_rinv,0.002939,0.0035365625,0.0030125266,0.004931077974999998,2275616,7.479556460473174e-16,1.9805903587192864e-14
20260622_161419,2026-06-22T16:14:19.121,ill_conditioned,square,256,256,1.000000,20260312,1,dgeqp3_trsm,0.00258925,0.0029508335,0.0026237484,0.005608449199999998,2857776,7.691161776345498e-16,2.0389148290462044e-14
20260622_161419,2026-06-22T16:14:19.121,ill_conditioned,square,384,384,1.000000,20260312,1,bsqr_full,0.006358125,0.0072360625,0.006376310175,0.01029263735,4984208,7.880461041358213e-16,2.942380482509906e-14
20260622_161419,2026-06-22T16:14:19.121,ill_conditioned,square,384,384,1.000000,20260312,1,dgeqp3,0.00641875,0.0074605,0.00651251715,0.010756473899999999,6203184,8.094683872429778e-16,2.959031595186766e-14
20260622_161419,2026-06-22T16:14:19.121,ill_conditioned,square,384,384,1.000000,20260312,1,bsqr_rinv,0.008546209,0.010686583000000001,0.008618285600000001,0.015432951374999997,4984256,7.880461041358213e-16,2.942380482509906e-14
20260622_161419,2026-06-22T16:14:19.121,ill_conditioned,square,384,384,1.000000,20260312,1,dgeqp3_trsm,0.0072840840000000006,0.0078570205,0.007298916050000001,0.011929187350000002,6203184,8.094683872429778e-16,2.959031595186766e-14
20260622_161419,2026-06-22T16:14:19.121,ill_conditioned,square,512,512,1.000000,20260312,1,bsqr_full,0.015737416,0.0184766245,0.016014487075,0.029854553549999996,8741392,9.062694220978341e-16,3.849314120450203e-14
20260622_161419,2026-06-22T16:14:19.121,ill_conditioned,square,512,512,1.000000,20260312,1,dgeqp3,0.013039333,0.016536083,0.013075220500000002,0.024243140474999994,10859312,9.036316170072528e-16,3.8555724147375103e-14
20260622_161419,2026-06-22T16:14:19.121,ill_conditioned,square,512,512,1.000000,20260312,1,bsqr_rinv,0.014908375000000001,0.016504208500000003,0.014938583575,0.02533697499999999,8741440,9.062694220978341e-16,3.849314120450203e-14
20260622_161419,2026-06-22T16:14:19.121,ill_conditioned,square,512,512,1.000000,20260312,1,dgeqp3_trsm,0.010814500000000001,0.012412645500000001,0.010862410175,0.01741353045,10859312,9.036316170072528e-16,3.8555724147375103e-14
20260622_161419,2026-06-22T16:14:19.121,ill_conditioned,short_wide,32,64,2.000000,20260312,1,bsqr_full,2.6709e-5,2.7916500000000003e-5,2.6859800000000003e-5,4.555894999999999e-5,72160,3.3314050724675596e-16,3.1420598541060905e-15
20260622_161419,2026-06-22T16:14:19.121,ill_conditioned,short_wide,32,64,2.000000,20260312,1,dgeqp3,1.9583000000000002e-5,2.0667e-5,1.961345e-5,3.2948249999999994e-5,159280,3.651308817869767e-16,3.3120847725786765e-15
20260622_161419,2026-06-22T16:14:19.121,ill_conditioned,short_wide,32,64,2.000000,20260312,1,bsqr_rinv,2.6542e-5,2.7208500000000002e-5,2.6542e-5,3.3545274999999984e-5,80432,3.3314050724675596e-16,3.1420598541060905e-15
20260622_161419,2026-06-22T16:14:19.121,ill_conditioned,short_wide,32,64,2.000000,20260312,1,dgeqp3_trsm,2.7042000000000003e-5,4.91255e-5,2.7132625000000004e-5,0.00027178829999999893,208752,3.651308817869767e-16,3.3120847725786765e-15
20260622_161419,2026-06-22T16:14:19.121,ill_conditioned,short_wide,32,128,4.000000,20260312,1,bsqr_full,4.4916e-5,4.5625000000000004e-5,4.50378e-5,5.723422499999997e-5,126752,5.417742998635171e-16,4.064673773221128e-15
20260622_161419,2026-06-22T16:14:19.121,ill_conditioned,short_wide,32,128,4.000000,20260312,1,dgeqp3,3.2958000000000005e-5,3.8625000000000004e-5,3.298845000000001e-5,5.519279999999999e-5,273520,5.345061577313595e-16,3.2260161683945933e-15
20260622_161419,2026-06-22T16:14:19.121,ill_conditioned,short_wide,32,128,4.000000,20260312,1,bsqr_rinv,4.6625e-5,4.9312500000000006e-5,4.6776525000000004e-5,7.76367e-5,151408,5.417742998635171e-16,4.064673773221128e-15
20260622_161419,2026-06-22T16:14:19.121,ill_conditioned,short_wide,32,128,4.000000,20260312,1,dgeqp3_trsm,4.6583000000000004e-5,4.7979e-5,4.6673625e-5,7.675625e-5,372144,5.345061577313595e-16,3.2260161683945933e-15
20260622_161419,2026-06-22T16:14:19.121,ill_conditioned,short_wide,32,256,8.000000,20260312,1,bsqr_full,8.933300000000001e-5,9.4813e-5,9.135720000000001e-5,0.00010295529999999997,234976,3.469275232649737e-16,3.245392015188605e-15
20260622_161419,2026-06-22T16:14:19.121,ill_conditioned,short_wide,32,256,8.000000,20260312,1,dgeqp3,5.7458000000000005e-5,6.8521e-5,5.7548625e-5,7.389469999999999e-5,439344,3.4285536626457944e-16,3.48150836300418e-15
20260622_161419,2026-06-22T16:14:19.121,ill_conditioned,short_wide,32,256,8.000000,20260312,1,bsqr_rinv,9.1625e-5,0.00010172950000000001,9.174535000000001e-5,0.00012414535,300592,3.469275232649737e-16,3.245392015188605e-15
20260622_161419,2026-06-22T16:14:19.121,ill_conditioned,short_wide,32,256,8.000000,20260312,1,dgeqp3_trsm,7.8583e-5,9.641700000000001e-5,7.955015e-5,0.00012054172499999997,644464,3.4285536626457944e-16,3.48150836300418e-15
20260622_161419,2026-06-22T16:14:19.121,ill_conditioned,short_wide,32,320,10.000000,20260312,1,bsqr_full,0.000134291,0.000140521,0.000134291725,0.00029903495,338400,4.262364531719095e-16,2.9495374518376087e-15
20260622_161419,2026-06-22T16:14:19.121,ill_conditioned,short_wide,32,320,10.000000,20260312,1,dgeqp3,8.012500000000001e-5,8.385450000000001e-5,8.048750000000001e-5,0.00010126874999999996,571440,4.172050200804247e-16,2.8714504122866664e-15
20260622_161419,2026-06-22T16:14:19.121,ill_conditioned,short_wide,32,320,10.000000,20260312,1,bsqr_rinv,0.00012200000000000001,0.00013164600000000002,0.00012275472500000001,0.000146608425,436784,4.262364531719095e-16,2.9495374518376087e-15
20260622_161419,2026-06-22T16:14:19.121,ill_conditioned,short_wide,32,320,10.000000,20260312,1,dgeqp3_trsm,0.000111792,0.000124854,0.00011185217500000002,0.00022632652499999958,874864,4.172050200804247e-16,2.8714504122866664e-15
20260622_161419,2026-06-22T16:14:19.121,ill_conditioned,short_wide,64,128,2.000000,20260312,1,bsqr_full,0.000147083,0.0001539585,0.000147234525,0.00016548669999999995,258080,4.83241716572597e-16,6.227393474638205e-15
20260622_161419,2026-06-22T16:14:19.121,ill_conditioned,short_wide,64,128,2.000000,20260312,1,dgeqp3,9.8375e-5,0.0001132295,9.876795e-5,0.00012331402499999997,429424,4.494038366930204e-16,6.314282084220274e-15
20260622_161419,2026-06-22T16:14:19.121,ill_conditioned,short_wide,64,128,2.000000,20260312,1,bsqr_rinv,0.00018645800000000002,0.000198104,0.00018748532500000001,0.00028485449999999987,290928,4.83241716572597e-16,6.227393474638205e-15
20260622_161419,2026-06-22T16:14:19.121,ill_conditioned,short_wide,64,128,2.000000,20260312,1,dgeqp3_trsm,0.000118375,0.00013860400000000002,0.00011943277500000001,0.00015483502499999996,626352,4.494038366930204e-16,6.314282084220274e-15
20260622_161419,2026-06-22T16:14:19.121,ill_conditioned,short_wide,64,256,4.000000,20260312,1,bsqr_full,0.00033729100000000003,0.00036502050000000003,0.00033991985000000007,0.00037549862500000004,464608,5.107622618625377e-16,5.730109803944171e-15
20260622_161419,2026-06-22T16:14:19.121,ill_conditioned,short_wide,64,256,4.000000,20260312,1,dgeqp3,0.000183541,0.00020845800000000002,0.000184537875,0.00022121657500000002,726320,4.898823255583486e-16,6.646667138347485e-15
20260622_161419,2026-06-22T16:14:19.121,ill_conditioned,short_wide,64,256,4.000000,20260312,1,bsqr_rinv,0.00033145900000000004,0.00035191650000000003,0.00033176060000000005,0.000361057475,562992,5.107622618625377e-16,5.730109803944171e-15
20260622_161419,2026-06-22T16:14:19.121,ill_conditioned,short_wide,64,256,4.000000,20260312,1,dgeqp3_trsm,0.00023483300000000002,0.00027762500000000004,0.00024075407500000003,0.00032011779999999997,1119856,4.898823255583486e-16,6.646667138347485e-15
20260622_161419,2026-06-22T16:14:19.121,ill_conditioned,short_wide,64,512,8.000000,20260312,1,bsqr_full,0.0007975,0.0008336255,0.000801335975,0.000927434525,1002512,4.864945277358348e-16,5.460814939935882e-15
20260622_161419,2026-06-22T16:14:19.121,ill_conditioned,short_wide,64,512,8.000000,20260312,1,dgeqp3,0.000514042,0.000523646,0.0005141928000000001,0.000546648475,1320240,4.2682595099260096e-16,6.410622033741514e-15
20260622_161419,2026-06-22T16:14:19.121,ill_conditioned,short_wide,64,512,8.000000,20260312,1,bsqr_rinv,0.000796666,0.0008503540000000001,0.0008068769000000001,0.0008692876500000001,1231968,4.864945277358348e-16,5.460814939935882e-15
20260622_161419,2026-06-22T16:14:19.121,ill_conditioned,short_wide,64,512,8.000000,20260312,1,dgeqp3_trsm,0.0005862920000000001,0.000659063,0.0005939944000000001,0.0019537542249999955,2106992,4.2682595099260096e-16,6.410622033741514e-15
20260622_161419,2026-06-22T16:14:19.121,ill_conditioned,short_wide,64,640,10.000000,20260312,1,bsqr_full,0.001069375,0.0011235630000000002,0.001087107775,0.001245203125,1309840,4.922369835175509e-16,5.393887837352187e-15
20260622_161419,2026-06-22T16:14:19.121,ill_conditioned,short_wide,64,640,10.000000,20260312,1,dgeqp3,0.000664042,0.0007309160000000001,0.0006700834250000001,0.001585764249999996,1617200,4.3252141653978304e-16,6.827249777003489e-15
20260622_161419,2026-06-22T16:14:19.121,ill_conditioned,short_wide,64,640,10.000000,20260312,1,bsqr_rinv,0.0010239160000000001,0.0010417915,0.00102467145,0.0021804422249999946,1604832,4.922369835175509e-16,5.393887837352187e-15
20260622_161419,2026-06-22T16:14:19.121,ill_conditioned,short_wide,64,640,10.000000,20260312,1,dgeqp3_trsm,0.0007130410000000001,0.00077525,0.0007166058250000001,0.0016903241999999955,2600560,4.3252141653978304e-16,6.827249777003489e-15
20260622_161419,2026-06-22T16:14:19.121,ill_conditioned,short_wide,128,256,2.000000,20260312,1,bsqr_full,0.001044542,0.0010932085,0.00105025065,0.0011926351749999998,1045776,6.297856078154123e-16,9.963280571478293e-15
20260622_161419,2026-06-22T16:14:19.121,ill_conditioned,short_wide,128,256,2.000000,20260312,1,dgeqp3,0.000827875,0.0008508125,0.000832435975,0.0022122355999999997,1382224,5.67642351310283e-16,1.1015417687199752e-14
20260622_161419,2026-06-22T16:14:19.121,ill_conditioned,short_wide,128,256,2.000000,20260312,1,bsqr_rinv,0.00101175,0.0010833545,0.00103585625,0.00114561235,1176928,6.297856078154123e-16,9.963280571478293e-15
20260622_161419,2026-06-22T16:14:19.121,ill_conditioned,short_wide,128,256,2.000000,20260312,1,dgeqp3_trsm,0.000766541,0.000856271,0.000773398775,0.001058236549999999,2168976,5.67642351310283e-16,1.1015417687199752e-14
20260622_161419,2026-06-22T16:14:19.121,ill_conditioned,short_wide,128,512,4.000000,20260312,1,bsqr_full,0.0019175000000000002,0.002092875,0.0019269250000000003,0.002853979874999997,1912368,6.476264148181936e-16,1.0513373622844288e-14
20260622_161419,2026-06-22T16:14:19.121,ill_conditioned,short_wide,128,512,4.000000,20260312,1,dgeqp3,0.001537125,0.001790354,0.0015630742,0.002849532849999996,2500432,5.985890899780886e-16,1.101535802478037e-14
20260622_161419,2026-06-22T16:14:19.121,ill_conditioned,short_wide,128,512,4.000000,20260312,1,bsqr_rinv,0.001977084,0.0021426045,0.0019944231,0.0031409843749999953,2305664,6.476264148181936e-16,1.0513373622844288e-14
20260622_161419,2026-06-22T16:14:19.121,ill_conditioned,short_wide,128,512,4.000000,20260312,1,dgeqp3_trsm,0.001791709,0.001963917,0.00180524185,0.0031017359749999987,4073616,5.985890899780886e-16,1.101535802478037e-14
20260622_161419,2026-06-22T16:14:19.121,ill_conditioned,short_wide,128,1024,8.000000,20260312,1,bsqr_full,0.003915,0.004158833000000001,0.003952941425,0.007795670774999999,3648112,6.757592815611904e-16,9.733349316964051e-15
20260622_161419,2026-06-22T16:14:19.121,ill_conditioned,short_wide,128,1024,8.000000,20260312,1,dgeqp3,0.002837,0.0030844375000000004,0.0028382992,0.0064901234,4736848,6.720029488149636e-16,1.1028761120524768e-14
20260622_161419,2026-06-22T16:14:19.121,ill_conditioned,short_wide,128,1024,8.000000,20260312,1,bsqr_rinv,0.004043125,0.004240687,0.0040540601750000006,0.006803934374999999,4565696,6.757592815611904e-16,9.733349316964051e-15
20260622_161419,2026-06-22T16:14:19.121,ill_conditioned,short_wide,128,1024,8.000000,20260312,1,dgeqp3_trsm,0.003263208,0.0034828335,0.003270155675,0.005162503274999996,7882896,6.720029488149636e-16,1.1028761120524768e-14
20260622_161419,2026-06-22T16:14:19.121,ill_conditioned,short_wide,128,1280,10.000000,20260312,1,bsqr_full,0.005185208,0.0054097500000000005,0.005188410325,0.009012757199999999,4557696,6.527023838453017e-16,1.0452528233785317e-14
20260622_161419,2026-06-22T16:14:19.121,ill_conditioned,short_wide,128,1280,10.000000,20260312,1,dgeqp3,0.0036047500000000003,0.0038063125000000002,0.0036069547250000005,0.005843306249999999,5855056,6.562357434140405e-16,1.1361184670168089e-14
20260622_161419,2026-06-22T16:14:19.121,ill_conditioned,short_wide,128,1280,10.000000,20260312,1,bsqr_rinv,0.005269542,0.005499625,0.005277577175,0.009560076099999999,5737424,6.527023838453017e-16,1.0452528233785317e-14
20260622_161419,2026-06-22T16:14:19.121,ill_conditioned,short_wide,128,1280,10.000000,20260312,1,dgeqp3_trsm,0.0040875830000000005,0.0043324375,0.00410718845,0.0082573356,9787536,6.562357434140405e-16,1.1361184670168089e-14
20260622_161419,2026-06-22T16:14:19.121,ill_conditioned,short_wide,256,512,2.000000,20260312,1,bsqr_full,0.004724583,0.0048511875000000005,0.004746816575,0.007675799424999999,3928592,8.131863152880913e-16,2.0080526069603976e-14
20260622_161419,2026-06-22T16:14:19.121,ill_conditioned,short_wide,256,512,2.000000,20260312,1,dgeqp3,0.004042375,0.004287229,0.0040799242,0.005746371875,5024560,8.94775723263092e-16,2.0275524913206104e-14
20260622_161419,2026-06-22T16:14:19.121,ill_conditioned,short_wide,256,512,2.000000,20260312,1,bsqr_rinv,0.004815334,0.0050321045000000005,0.00482364105,0.007949496874999998,4452960,8.131863152880913e-16,2.0080526069603976e-14
20260622_161419,2026-06-22T16:14:19.121,ill_conditioned,short_wide,256,512,2.000000,20260312,1,dgeqp3_trsm,0.004455125,0.004767250000000001,0.004470984375,0.008209114674999999,8170608,8.94775723263092e-16,2.0275524913206104e-14
20260622_161419,2026-06-22T16:14:19.121,ill_conditioned,short_wide,256,1024,4.000000,20260312,1,bsqr_full,0.00991125,0.010474500000000001,0.009931459375,0.014539307999999999,7237200,8.280050608740175e-16,2.015623706420454e-14
20260622_161419,2026-06-22T16:14:19.121,ill_conditioned,short_wide,256,1024,4.000000,20260312,1,dgeqp3,0.007724542000000001,0.008283875000000001,0.007816797525,0.013699614249999999,9358128,8.62412984833948e-16,2.012999984992383e-14
20260622_161419,2026-06-22T16:14:19.121,ill_conditioned,short_wide,256,1024,4.000000,20260312,1,bsqr_rinv,0.009948417000000001,0.010628583,0.010082451375,0.01558572675,8810144,8.280050608740175e-16,2.015623706420454e-14
20260622_161419,2026-06-22T16:14:19.121,ill_conditioned,short_wide,256,1024,4.000000,20260312,1,dgeqp3_trsm,0.009106000000000001,0.009557625,0.0091318883,0.0130891242,15649904,8.62412984833948e-16,2.012999984992383e-14
20260622_161419,2026-06-22T16:14:19.121,ill_conditioned,short_wide,256,2048,8.000000,20260312,1,bsqr_full,0.020285792,0.021097292,0.0202877553,0.0249406814,13824560,8.864003663451005e-16,2.0122296734963464e-14
20260622_161419,2026-06-22T16:14:19.121,ill_conditioned,short_wide,256,2048,8.000000,20260312,1,dgeqp3,0.015601542000000001,0.0174815205,0.0157917936,0.021603109000000002,18058032,9.161427658941039e-16,2.0558185001451143e-14
20260622_161419,2026-06-22T16:14:19.121,ill_conditioned,short_wide,256,2048,8.000000,20260312,1,bsqr_rinv,0.020503417000000003,0.0220285625,0.020645607625,0.0254358133,17494656,8.864003663451005e-16,2.0122296734963464e-14
20260622_161419,2026-06-22T16:14:19.121,ill_conditioned,short_wide,256,2048,8.000000,20260312,1,dgeqp3_trsm,0.017588292000000002,0.01925525,0.017596810025,0.033891857199999945,30641264,9.161427658941039e-16,2.0558185001451143e-14
20260622_161419,2026-06-22T16:14:19.121,ill_conditioned,short_wide,256,2560,10.000000,20260312,1,bsqr_full,0.024636416,0.025665625,0.024689341725,0.029194549200000003,17151056,8.85616447510353e-16,1.9877445110722263e-14
20260622_161419,2026-06-22T16:14:19.121,ill_conditioned,short_wide,256,2560,10.000000,20260312,1,dgeqp3,0.019529791,0.0209685205,0.01960491985,0.033904726224999945,22391600,9.631467183956657e-16,2.024069596340037e-14
20260622_161419,2026-06-22T16:14:19.121,ill_conditioned,short_wide,256,2560,10.000000,20260312,1,bsqr_rinv,0.024817875000000003,0.0262692505,0.025070235175000004,0.03929638437499995,21869728,8.85616447510353e-16,1.9877445110722263e-14
20260622_161419,2026-06-22T16:14:19.121,ill_conditioned,short_wide,256,2560,10.000000,20260312,1,dgeqp3_trsm,0.021582875,0.023309292000000002,0.02168579455,0.063333535175,38120560,9.631467183956657e-16,2.024069596340037e-14
20260622_161419,2026-06-22T16:14:19.121,ill_conditioned,short_wide,512,1024,2.000000,20260312,1,bsqr_full,0.025268791000000002,0.027161354500000002,0.025588003425,0.030119546075000003,15187024,1.0370686220306782e-15,3.836725981664789e-14
20260622_161419,2026-06-22T16:14:19.121,ill_conditioned,short_wide,512,1024,2.000000,20260312,1,dgeqp3,0.02114575,0.022421896,0.021155296075000003,0.03364710639999995,19387184,1.081698836336637e-15,3.866671569912939e-14
20260622_161419,2026-06-22T16:14:19.121,ill_conditioned,short_wide,512,1024,2.000000,20260312,1,bsqr_rinv,0.025718500000000002,0.027617166500000002,0.0257919367,0.030167065625000003,17284256,1.0370686220306782e-15,3.836725981664789e-14
20260622_161419,2026-06-22T16:14:19.121,ill_conditioned,short_wide,512,1024,2.000000,20260312,1,dgeqp3_trsm,0.022641875000000002,0.024261542,0.022648128125,0.03594092339999995,31970416,1.081698836336637e-15,3.866671569912939e-14
20260622_161419,2026-06-22T16:14:19.121,ill_conditioned,short_wide,512,2048,4.000000,20260312,1,bsqr_full,0.053319875,0.05629972900000001,0.053334072675000004,0.07072980857499997,28080720,1.1269529145014087e-15,3.871227423808855e-14
20260622_161419,2026-06-22T16:14:19.121,ill_conditioned,short_wide,512,2048,4.000000,20260312,1,dgeqp3,0.040329542,0.044464729,0.04116223422500001,0.061802881249999955,36475696,1.1456205139064905e-15,3.8718214870246603e-14
20260622_161419,2026-06-22T16:14:19.121,ill_conditioned,short_wide,512,2048,4.000000,20260312,1,bsqr_rinv,0.05477925,0.06797510450000001,0.055023424200000004,0.163138762075,34372256,1.1269529145014087e-15,3.871227423808855e-14
20260622_161419,2026-06-22T16:14:19.121,ill_conditioned,short_wide,512,2048,4.000000,20260312,1,dgeqp3_trsm,0.045969792,0.050683500500000006,0.04678689745,0.09194007229999998,61641840,1.1456205139064905e-15,3.8718214870246603e-14
20260622_161419,2026-06-22T16:14:19.121,ill_conditioned,short_wide,512,4096,8.000000,20260312,1,bsqr_full,0.230796833,0.25059497950000004,0.23309636785,0.32078778365,64356976,1.1510848609670288e-15,3.862163992589474e-14
20260622_161419,2026-06-22T16:14:19.121,ill_conditioned,short_wide,512,4096,8.000000,20260312,1,dgeqp3,0.117457666,0.15101354150000001,0.12601378467500002,0.20404171997500004,85300016,1.1703630419519057e-15,3.8441603331555594e-14
20260622_161419,2026-06-22T16:14:19.121,ill_conditioned,short_wide,512,4096,8.000000,20260312,1,bsqr_rinv,0.15590675,0.179868042,0.158169293975,0.2543477073999999,85328576,1.1510848609670288e-15,3.862163992589474e-14
20260622_161419,2026-06-22T16:14:19.121,ill_conditioned,short_wide,512,4096,8.000000,20260312,1,dgeqp3_trsm,0.134380083,0.15094724950000002,0.13570429550000002,0.19471232907500002,148214896,1.1703630419519057e-15,3.8441603331555594e-14
20260622_161419,2026-06-22T16:14:19.121,ill_conditioned,short_wide,512,5120,10.000000,20260312,1,bsqr_full,0.388410333,0.4470362915,0.38988550175,0.492977303925,67143312,1.1625540204695941e-15,3.844296577750768e-14
20260622_161419,2026-06-22T16:14:19.121,ill_conditioned,short_wide,512,5120,10.000000,20260312,1,dgeqp3,0.18827595900000002,0.2362382705,0.19703042115000002,0.286051873975,87724848,1.1874399489385883e-15,3.806722257751749e-14
20260622_161419,2026-06-22T16:14:19.121,ill_conditioned,short_wide,512,5120,10.000000,20260312,1,bsqr_rinv,0.36769537500000005,0.397181333,0.3735704001000001,0.4342661912,86017760,1.1625540204695941e-15,3.844296577750768e-14
20260622_161419,2026-06-22T16:14:19.121,ill_conditioned,short_wide,512,5120,10.000000,20260312,1,dgeqp3_trsm,0.20740291700000002,0.24454704200000002,0.2077552085,0.2891324585,150639728,1.1874399489385883e-15,3.806722257751749e-14
20260622_161419,2026-06-22T16:14:19.121,orthonormal_rows,square,64,64,1.000000,20260312,1,bsqr_full,6.6584e-5,6.7396e-5,6.66739e-5,8.060734999999997e-5,154336,6.105544827036379e-16,6.018132572798594e-15
20260622_161419,2026-06-22T16:14:19.121,orthonormal_rows,square,64,64,1.000000,20260312,1,dgeqp3,5.7583e-5,7.9437e-5,5.7885325e-5,8.901722499999999e-5,249648,6.932065975000314e-16,6.939213305570551e-15
20260622_161419,2026-06-22T16:14:19.121,orthonormal_rows,square,64,64,1.000000,20260312,1,bsqr_rinv,6.55e-5,6.602100000000001e-5,6.5529725e-5,8.171577499999998e-5,154384,6.105544827036379e-16,6.018132572798594e-15
20260622_161419,2026-06-22T16:14:19.121,orthonormal_rows,square,64,64,1.000000,20260312,1,dgeqp3_trsm,5.6416e-5,5.69585e-5,5.64769e-5,6.553589999999998e-5,249648,6.932065975000314e-16,6.939213305570551e-15
20260622_161419,2026-06-22T16:14:19.121,orthonormal_rows,square,128,128,1.000000,20260312,1,bsqr_full,0.000413541,0.000443271,0.00041502145000000005,0.000489640475,569920,7.734014774491616e-16,1.0137778852341791e-14
20260622_161419,2026-06-22T16:14:19.121,orthonormal_rows,square,128,128,1.000000,20260312,1,dgeqp3,0.000285583,0.00030075,0.000288997025,0.00033188684999999995,823184,8.667925438049398e-16,1.1154506289523932e-14
20260622_161419,2026-06-22T16:14:19.121,orthonormal_rows,square,128,128,1.000000,20260312,1,bsqr_rinv,0.00042350000000000005,0.00044714550000000004,0.00042633982500000004,0.000497575575,569968,7.734014774491616e-16,1.0137778852341791e-14
20260622_161419,2026-06-22T16:14:19.121,orthonormal_rows,square,128,128,1.000000,20260312,1,dgeqp3_trsm,0.000271625,0.00030047900000000003,0.0002737391,0.000325844975,823184,8.667925438049398e-16,1.1154506289523932e-14
20260622_161419,2026-06-22T16:14:19.121,orthonormal_rows,square,256,256,1.000000,20260312,1,bsqr_full,0.002448875,0.002683417,0.0024591758,0.004393738449999997,2273616,9.912681147833167e-16,1.9722800546620317e-14
20260622_161419,2026-06-22T16:14:19.121,orthonormal_rows,square,256,256,1.000000,20260312,1,dgeqp3,0.001944792,0.0021051875000000003,0.001965152175,0.0039050698499999963,2857776,1.0434180918644412e-15,2.0594117009092096e-14
20260622_161419,2026-06-22T16:14:19.121,orthonormal_rows,square,256,256,1.000000,20260312,1,bsqr_rinv,0.002409459,0.0026562085000000004,0.002444258275,0.004546307999999996,2273664,9.912681147833167e-16,1.9722800546620317e-14
20260622_161419,2026-06-22T16:14:19.121,orthonormal_rows,square,256,256,1.000000,20260312,1,dgeqp3_trsm,0.002017542,0.002100479,0.0020254561,0.003922706249999997,2857776,1.0434180918644412e-15,2.0594117009092096e-14
20260622_161419,2026-06-22T16:14:19.121,orthonormal_rows,square,384,384,1.000000,20260312,1,bsqr_full,0.005727292,0.0064732705,0.005833836550000001,0.01289627849999999,4982256,1.170816943873197e-15,2.907623859590244e-14
20260622_161419,2026-06-22T16:14:19.121,orthonormal_rows,square,384,384,1.000000,20260312,1,dgeqp3,0.0050055,0.0055374795,0.005016465625,0.010959295124999999,6203184,1.1949796464644909e-15,2.928675513662258e-14
20260622_161419,2026-06-22T16:14:19.121,orthonormal_rows,square,384,384,1.000000,20260312,1,bsqr_rinv,0.005640417,0.006034437500000001,0.00567642485,0.007752328124999999,4982304,1.170816943873197e-15,2.907623859590244e-14
20260622_161419,2026-06-22T16:14:19.121,orthonormal_rows,square,384,384,1.000000,20260312,1,dgeqp3_trsm,0.004311584,0.004577312,0.0043155715,0.006296422675,6203184,1.1949796464644909e-15,2.928675513662258e-14
20260622_161419,2026-06-22T16:14:19.121,orthonormal_rows,square,512,512,1.000000,20260312,1,bsqr_full,0.011850833000000002,0.011966313000000001,0.011888140775,0.014036408425,8739440,1.3208181175246813e-15,3.8879585593652686e-14
20260622_161419,2026-06-22T16:14:19.121,orthonormal_rows,square,512,512,1.000000,20260312,1,dgeqp3,0.009148542,0.009615292000000001,0.009194790475000002,0.013786265474999997,10859312,1.3330422450104396e-15,3.819731605729046e-14
20260622_161419,2026-06-22T16:14:19.121,orthonormal_rows,square,512,512,1.000000,20260312,1,bsqr_rinv,0.011958458,0.012358895500000001,0.012003558800000001,0.015222690199999998,8739488,1.3208181175246813e-15,3.8879585593652686e-14
20260622_161419,2026-06-22T16:14:19.121,orthonormal_rows,square,512,512,1.000000,20260312,1,dgeqp3_trsm,0.009226292,0.009763979,0.009234296725,0.0137127383,10859312,1.3330422450104396e-15,3.819731605729046e-14
20260622_161419,2026-06-22T16:14:19.121,orthonormal_rows,short_wide,32,64,2.000000,20260312,1,bsqr_full,2.525e-5,2.6354000000000002e-5,2.525e-5,3.638844999999997e-5,72160,5.736828860743357e-16,3.4437525878347037e-15
20260622_161419,2026-06-22T16:14:19.121,orthonormal_rows,short_wide,32,64,2.000000,20260312,1,dgeqp3,1.9167e-5,1.9625000000000003e-5,1.9167e-5,2.651387499999998e-5,159280,5.407549767830838e-16,3.212342367287265e-15
20260622_161419,2026-06-22T16:14:19.121,orthonormal_rows,short_wide,32,64,2.000000,20260312,1,bsqr_rinv,2.6292000000000002e-5,2.7187000000000002e-5,2.6382625000000002e-5,3.413474999999999e-5,80432,5.736828860743357e-16,3.4437525878347037e-15
20260622_161419,2026-06-22T16:14:19.121,orthonormal_rows,short_wide,32,64,2.000000,20260312,1,dgeqp3_trsm,2.5958e-5,2.9250000000000003e-5,2.6048625e-5,3.4210974999999986e-5,208752,5.407549767830838e-16,3.212342367287265e-15
20260622_161419,2026-06-22T16:14:19.121,orthonormal_rows,short_wide,32,128,4.000000,20260312,1,bsqr_full,4.3875e-5,4.4895500000000004e-5,4.3875e-5,5.134984999999999e-5,126752,5.887178339988646e-16,3.356194643551201e-15
20260622_161419,2026-06-22T16:14:19.121,orthonormal_rows,short_wide,32,128,4.000000,20260312,1,dgeqp3,3.1333e-5,3.1792e-5,3.1393174999999994e-5,3.595392499999999e-5,273520,6.239957276989072e-16,3.588076923940317e-15
20260622_161419,2026-06-22T16:14:19.121,orthonormal_rows,short_wide,32,128,4.000000,20260312,1,bsqr_rinv,4.5875000000000004e-5,4.6646e-5,4.590545e-5,5.359222499999999e-5,151408,5.887178339988646e-16,3.356194643551201e-15
20260622_161419,2026-06-22T16:14:19.121,orthonormal_rows,short_wide,32,128,4.000000,20260312,1,dgeqp3_trsm,4.2250000000000004e-5,4.5396000000000004e-5,4.282420000000001e-5,6.763154999999999e-5,372144,6.239957276989072e-16,3.588076923940317e-15
20260622_161419,2026-06-22T16:14:19.121,orthonormal_rows,short_wide,32,256,8.000000,20260312,1,bsqr_full,8.6709e-5,9.116650000000001e-5,8.791685000000001e-5,9.707542499999998e-5,234976,5.924625291579599e-16,3.3028274471170713e-15
20260622_161419,2026-06-22T16:14:19.121,orthonormal_rows,short_wide,32,256,8.000000,20260312,1,dgeqp3,5.3583000000000005e-5,6.497950000000001e-5,5.4519700000000006e-5,6.89e-5,439344,5.608360219389228e-16,2.994509191242784e-15
20260622_161419,2026-06-22T16:14:19.121,orthonormal_rows,short_wide,32,256,8.000000,20260312,1,bsqr_rinv,8.8959e-5,0.0001002915,8.92606e-5,0.00010939454999999999,300592,5.924625291579599e-16,3.3028274471170713e-15
20260622_161419,2026-06-22T16:14:19.121,orthonormal_rows,short_wide,32,256,8.000000,20260312,1,dgeqp3_trsm,7.2709e-5,9.1e-5,7.30106e-5,9.8884375e-5,644464,5.608360219389228e-16,2.994509191242784e-15
20260622_161419,2026-06-22T16:14:19.121,orthonormal_rows,short_wide,32,320,10.000000,20260312,1,bsqr_full,0.000110167,0.0001187295,0.00011034825,0.000127559375,338400,6.255938022791229e-16,3.8064669151339055e-15
20260622_161419,2026-06-22T16:14:19.121,orthonormal_rows,short_wide,32,320,10.000000,20260312,1,dgeqp3,6.4167e-5,7.59165e-5,6.501235e-5,8.350392500000001e-5,571440,6.440477150151792e-16,3.735987708048299e-15
20260622_161419,2026-06-22T16:14:19.121,orthonormal_rows,short_wide,32,320,10.000000,20260312,1,bsqr_rinv,0.00011554200000000001,0.000128167,0.00011584432500000001,0.000134803275,436784,6.255938022791229e-16,3.8064669151339055e-15
20260622_161419,2026-06-22T16:14:19.121,orthonormal_rows,short_wide,32,320,10.000000,20260312,1,dgeqp3_trsm,0.00010412500000000001,0.0001064795,0.00010439687500000001,0.00041200064999999847,874864,6.440477150151792e-16,3.735987708048299e-15
20260622_161419,2026-06-22T16:14:19.121,orthonormal_rows,short_wide,64,128,2.000000,20260312,1,bsqr_full,0.000131333,0.0001356255,0.000132058,0.00014787049999999999,258080,6.664182224581597e-16,4.945129875299267e-15
20260622_161419,2026-06-22T16:14:19.121,orthonormal_rows,short_wide,64,128,2.000000,20260312,1,dgeqp3,9.0542e-5,9.939600000000001e-5,9.108502500000001e-5,0.00010424455,429424,7.013484506801139e-16,5.9513186685896746e-15
20260622_161419,2026-06-22T16:14:19.121,orthonormal_rows,short_wide,64,128,2.000000,20260312,1,bsqr_rinv,0.000133917,0.000138292,0.00013443030000000002,0.000145178125,290928,6.664182224581597e-16,4.945129875299267e-15
20260622_161419,2026-06-22T16:14:19.121,orthonormal_rows,short_wide,64,128,2.000000,20260312,1,dgeqp3_trsm,0.000102959,0.0001207705,0.000104619975,0.00012717530000000004,626352,7.013484506801139e-16,5.9513186685896746e-15
20260622_161419,2026-06-22T16:14:19.121,orthonormal_rows,short_wide,64,256,4.000000,20260312,1,bsqr_full,0.000308042,0.00032091650000000004,0.00030988422500000004,0.000338641575,464608,7.183850361845683e-16,5.518675129988385e-15
20260622_161419,2026-06-22T16:14:19.121,orthonormal_rows,short_wide,64,256,4.000000,20260312,1,dgeqp3,0.000164083,0.00018277050000000002,0.00016474782499999998,0.0001873322,726320,7.850575812363346e-16,6.583562354428314e-15
20260622_161419,2026-06-22T16:14:19.121,orthonormal_rows,short_wide,64,256,4.000000,20260312,1,bsqr_rinv,0.00032079200000000003,0.0003336665,0.000322815475,0.0003461186,562992,7.183850361845683e-16,5.518675129988385e-15
20260622_161419,2026-06-22T16:14:19.121,orthonormal_rows,short_wide,64,256,4.000000,20260312,1,dgeqp3_trsm,0.00020275000000000002,0.00023485400000000003,0.00020317340000000002,0.000246485025,1119856,7.850575812363346e-16,6.583562354428314e-15
20260622_161419,2026-06-22T16:14:19.121,orthonormal_rows,short_wide,64,512,8.000000,20260312,1,bsqr_full,0.0007375830000000001,0.000777,0.0007388524750000001,0.000802847825,1002512,7.505718055405185e-16,5.542533306157011e-15
20260622_161419,2026-06-22T16:14:19.121,orthonormal_rows,short_wide,64,512,8.000000,20260312,1,dgeqp3,0.000441625,0.0004873125,0.0004587234,0.0005227012250000001,1320240,8.330803788223376e-16,6.5192553663145864e-15
20260622_161419,2026-06-22T16:14:19.121,orthonormal_rows,short_wide,64,512,8.000000,20260312,1,bsqr_rinv,0.0007587090000000001,0.0007997495,0.0007592824750000001,0.0008178665750000001,1231968,7.505718055405185e-16,5.542533306157011e-15
20260622_161419,2026-06-22T16:14:19.121,orthonormal_rows,short_wide,64,512,8.000000,20260312,1,dgeqp3_trsm,0.000543917,0.0005772500000000001,0.000545306825,0.0021570422249999922,2106992,8.330803788223376e-16,6.5192553663145864e-15
20260622_161419,2026-06-22T16:14:19.121,orthonormal_rows,short_wide,64,640,10.000000,20260312,1,bsqr_full,0.0009419160000000001,0.0009869165,0.00094687065,0.00102660095,1309840,7.527347224782683e-16,5.543900195061761e-15
20260622_161419,2026-06-22T16:14:19.121,orthonormal_rows,short_wide,64,640,10.000000,20260312,1,dgeqp3,0.000599542,0.0006529165000000001,0.000616790475,0.002231111699999992,1617200,8.192853067361855e-16,6.605757129910853e-15
20260622_161419,2026-06-22T16:14:19.121,orthonormal_rows,short_wide,64,640,10.000000,20260312,1,bsqr_rinv,0.000957458,0.0010241455000000001,0.0009626243500000002,0.0026010956499999925,1604832,7.527347224782683e-16,5.543900195061761e-15
20260622_161419,2026-06-22T16:14:19.121,orthonormal_rows,short_wide,64,640,10.000000,20260312,1,dgeqp3_trsm,0.000680708,0.0007675415,0.0006875955,0.0025058076249999924,2600560,8.192853067361855e-16,6.605757129910853e-15
20260622_161419,2026-06-22T16:14:19.121,orthonormal_rows,short_wide,128,256,2.000000,20260312,1,bsqr_full,0.0010311250000000001,0.0010612710000000001,0.0010362,0.0011000670000000001,1045776,9.330271491424074e-16,1.0193541418452588e-14
20260622_161419,2026-06-22T16:14:19.121,orthonormal_rows,short_wide,128,256,2.000000,20260312,1,dgeqp3,0.000740209,0.000768667,0.0007443168499999999,0.000784564975,1382224,9.62521301344074e-16,1.1130567972055115e-14
20260622_161419,2026-06-22T16:14:19.121,orthonormal_rows,short_wide,128,256,2.000000,20260312,1,bsqr_rinv,0.0010378330000000002,0.0010686250000000001,0.001040310325,0.0010982306,1176928,9.330271491424074e-16,1.0193541418452588e-14
20260622_161419,2026-06-22T16:14:19.121,orthonormal_rows,short_wide,128,256,2.000000,20260312,1,dgeqp3_trsm,0.0007846250000000001,0.0008685835000000001,0.0008090633000000002,0.002217032849999994,2168976,9.62521301344074e-16,1.1130567972055115e-14
20260622_161419,2026-06-22T16:14:19.121,orthonormal_rows,short_wide,128,512,4.000000,20260312,1,bsqr_full,0.0019445410000000002,0.0021130625,0.0019506136000000001,0.0035200187499999933,1912368,9.57891861295381e-16,1.0084089934214053e-14
20260622_161419,2026-06-22T16:14:19.121,orthonormal_rows,short_wide,128,512,4.000000,20260312,1,dgeqp3,0.001555292,0.0018253960000000002,0.00158048575,0.004112661124999993,2500432,9.892547957861977e-16,1.1074899656400919e-14
20260622_161419,2026-06-22T16:14:19.121,orthonormal_rows,short_wide,128,512,4.000000,20260312,1,bsqr_rinv,0.002050875,0.0021567085,0.002061871075,0.003597996574999993,2305664,9.57891861295381e-16,1.0084089934214053e-14
20260622_161419,2026-06-22T16:14:19.121,orthonormal_rows,short_wide,128,512,4.000000,20260312,1,dgeqp3_trsm,0.001652875,0.0019443125,0.001683053125,0.005479047524999997,4073616,9.892547957861977e-16,1.1074899656400919e-14
20260622_161419,2026-06-22T16:14:19.121,orthonormal_rows,short_wide,128,1024,8.000000,20260312,1,bsqr_full,0.003873458,0.0040730205,0.0039091947,0.0085592891,3648112,9.435924560028349e-16,1.0187717188711496e-14
20260622_161419,2026-06-22T16:14:19.121,orthonormal_rows,short_wide,128,1024,8.000000,20260312,1,dgeqp3,0.002669208,0.0028941255,0.002689085325,0.0066071739,4736848,9.44932107565117e-16,1.1135371143129742e-14
20260622_161419,2026-06-22T16:14:19.121,orthonormal_rows,short_wide,128,1024,8.000000,20260312,1,bsqr_rinv,0.003971292,0.0041551875,0.003982981900000001,0.007662131900000001,4565696,9.435924560028349e-16,1.0187717188711496e-14
20260622_161419,2026-06-22T16:14:19.121,orthonormal_rows,short_wide,128,1024,8.000000,20260312,1,dgeqp3_trsm,0.0029200000000000003,0.0032543330000000003,0.0030107156250000003,0.006614264824999999,7882896,9.44932107565117e-16,1.1135371143129742e-14
20260622_161419,2026-06-22T16:14:19.121,orthonormal_rows,short_wide,128,1280,10.000000,20260312,1,bsqr_full,0.0051443750000000005,0.0053187705,0.00514455625,0.008395003125000002,4557696,9.169083870047332e-16,1.0009309318407076e-14
20260622_161419,2026-06-22T16:14:19.121,orthonormal_rows,short_wide,128,1280,10.000000,20260312,1,dgeqp3,0.003287709,0.0035461455000000003,0.003308944975,0.007044184525,5855056,9.550295884925629e-16,1.1429728643451145e-14
20260622_161419,2026-06-22T16:14:19.121,orthonormal_rows,short_wide,128,1280,10.000000,20260312,1,bsqr_rinv,0.0051075,0.0053587915000000005,0.00516060625,0.0073325883,5737424,9.169083870047332e-16,1.0009309318407076e-14
20260622_161419,2026-06-22T16:14:19.121,orthonormal_rows,short_wide,128,1280,10.000000,20260312,1,dgeqp3_trsm,0.0037682080000000003,0.0040397295,0.0038086572,0.006941784524999998,9787536,9.550295884925629e-16,1.1429728643451145e-14
20260622_161419,2026-06-22T16:14:19.121,orthonormal_rows,short_wide,256,512,2.000000,20260312,1,bsqr_full,0.004893375,0.005164333500000001,0.00489971875,0.0091522364,3928592,1.1551128357292181e-15,1.9877593522918306e-14
20260622_161419,2026-06-22T16:14:19.121,orthonormal_rows,short_wide,256,512,2.000000,20260312,1,dgeqp3,0.0037036250000000003,0.0038397500000000003,0.0037138656250000003,0.005107898475000001,5024560,1.1841138941111927e-15,2.028311222756101e-14
20260622_161419,2026-06-22T16:14:19.121,orthonormal_rows,short_wide,256,512,2.000000,20260312,1,bsqr_rinv,0.004916,0.005079875,0.0049222234,0.008665135325,4452960,1.1551128357292181e-15,1.9877593522918306e-14
20260622_161419,2026-06-22T16:14:19.121,orthonormal_rows,short_wide,256,512,2.000000,20260312,1,dgeqp3_trsm,0.004013584000000001,0.004277604,0.004062671575,0.0081044447,8170608,1.1841138941111927e-15,2.028311222756101e-14
20260622_161419,2026-06-22T16:14:19.121,orthonormal_rows,short_wide,256,1024,4.000000,20260312,1,bsqr_full,0.009861583,0.0101128125,0.009932391575000001,0.014698604874999998,7237200,1.1865027729164568e-15,2.0275743733254276e-14
20260622_161419,2026-06-22T16:14:19.121,orthonormal_rows,short_wide,256,1024,4.000000,20260312,1,dgeqp3,0.006581625000000001,0.006831562500000001,0.00660298205,0.0113675306,9358128,1.2019939869705137e-15,2.0390754975812958e-14
20260622_161419,2026-06-22T16:14:19.121,orthonormal_rows,short_wide,256,1024,4.000000,20260312,1,bsqr_rinv,0.010001417,0.01038025,0.010033981100000002,0.014907116424999995,8810144,1.1865027729164568e-15,2.0275743733254276e-14
20260622_161419,2026-06-22T16:14:19.121,orthonormal_rows,short_wide,256,1024,4.000000,20260312,1,dgeqp3_trsm,0.007393542,0.0080038955,0.0074634443250000005,0.010682609225,15649904,1.2019939869705137e-15,2.0390754975812958e-14
20260622_161419,2026-06-22T16:14:19.121,orthonormal_rows,short_wide,256,2048,8.000000,20260312,1,bsqr_full,0.020111,0.021098792,0.020147944549999998,0.023968040774999998,13824560,1.18430669557931e-15,2.00065167610208e-14
20260622_161419,2026-06-22T16:14:19.121,orthonormal_rows,short_wide,256,2048,8.000000,20260312,1,dgeqp3,0.012321958000000001,0.0131197285,0.012434272825,0.0166634295,18058032,1.2247942808117932e-15,2.0252818348123503e-14
20260622_161419,2026-06-22T16:14:19.121,orthonormal_rows,short_wide,256,2048,8.000000,20260312,1,bsqr_rinv,0.020548375,0.021737812500000002,0.020593657050000002,0.033421727174999964,17494656,1.18430669557931e-15,2.00065167610208e-14
20260622_161419,2026-06-22T16:14:19.121,orthonormal_rows,short_wide,256,2048,8.000000,20260312,1,dgeqp3_trsm,0.014437917000000001,0.015420375000000002,0.014457492,0.02620189469999995,30641264,1.2247942808117932e-15,2.0252818348123503e-14
20260622_161419,2026-06-22T16:14:19.121,orthonormal_rows,short_wide,256,2560,10.000000,20260312,1,bsqr_full,0.024667041,0.025493333500000003,0.024714921450000003,0.029276846875000002,17151056,1.2017584975567371e-15,2.000156493915616e-14
20260622_161419,2026-06-22T16:14:19.121,orthonormal_rows,short_wide,256,2560,10.000000,20260312,1,dgeqp3,0.015471209000000001,0.016498896000000002,0.015570593450000001,0.029515504074999956,22391600,1.2200676884987375e-15,2.0368992661313997e-14
20260622_161419,2026-06-22T16:14:19.121,orthonormal_rows,short_wide,256,2560,10.000000,20260312,1,bsqr_rinv,0.025113041000000003,0.0267001455,0.0251643652,0.037525741049999964,21869728,1.2017584975567371e-15,2.000156493915616e-14
20260622_161419,2026-06-22T16:14:19.121,orthonormal_rows,short_wide,256,2560,10.000000,20260312,1,dgeqp3_trsm,0.017640958,0.018916187,0.017699501750000003,0.04888209935,38120560,1.2200676884987375e-15,2.0368992661313997e-14
20260622_161419,2026-06-22T16:14:19.121,orthonormal_rows,short_wide,512,1024,2.000000,20260312,1,bsqr_full,0.025852916,0.0267578335,0.025895208149999998,0.03477357935,15187024,1.5246287044064172e-15,3.863544418074251e-14
20260622_161419,2026-06-22T16:14:19.121,orthonormal_rows,short_wide,512,1024,2.000000,20260312,1,dgeqp3,0.017225209000000002,0.018814604000000002,0.017243334000000003,0.03235899142499996,19387184,1.5590439029008096e-15,3.872954878288451e-14
20260622_161419,2026-06-22T16:14:19.121,orthonormal_rows,short_wide,512,1024,2.000000,20260312,1,bsqr_rinv,0.026068042000000003,0.027659520500000003,0.026305811550000002,0.035670427174999984,17284256,1.5246287044064172e-15,3.863544418074251e-14
20260622_161419,2026-06-22T16:14:19.121,orthonormal_rows,short_wide,512,1024,2.000000,20260312,1,dgeqp3_trsm,0.018807833,0.020466333,0.0188118205,0.031976493174999954,31970416,1.5590439029008096e-15,3.872954878288451e-14
20260622_161419,2026-06-22T16:14:19.121,orthonormal_rows,short_wide,512,2048,4.000000,20260312,1,bsqr_full,0.053153250000000006,0.054732958500000005,0.05322336330000001,0.06720698342499996,28080720,1.566907185481859e-15,3.836449466695218e-14
20260622_161419,2026-06-22T16:14:19.121,orthonormal_rows,short_wide,512,2048,4.000000,20260312,1,dgeqp3,0.032003709000000005,0.033608104,0.0321427872,0.06646186307500002,36475696,1.6013283332785434e-15,3.833828048913008e-14
20260622_161419,2026-06-22T16:14:19.121,orthonormal_rows,short_wide,512,2048,4.000000,20260312,1,bsqr_rinv,0.053731375000000005,0.056028334000000006,0.053886796875000004,0.0898304795,34372256,1.566907185481859e-15,3.836449466695218e-14
20260622_161419,2026-06-22T16:14:19.121,orthonormal_rows,short_wide,512,2048,4.000000,20260312,1,dgeqp3_trsm,0.036162458,0.0389103535,0.036441673625000004,0.07022935232500001,61641840,1.6013283332785434e-15,3.833828048913008e-14
20260622_161419,2026-06-22T16:14:19.121,orthonormal_rows,short_wide,512,4096,8.000000,20260312,1,bsqr_full,0.161332625,0.178776709,0.1617488954,0.23566159615,60162672,1.595324611382178e-15,3.8143737556683646e-14
20260622_161419,2026-06-22T16:14:19.121,orthonormal_rows,short_wide,512,4096,8.000000,20260312,1,dgeqp3,0.07354225,0.077479396,0.0742576742,0.11064353030000001,79008560,1.6374675783658504e-15,3.858448100018676e-14
20260622_161419,2026-06-22T16:14:19.121,orthonormal_rows,short_wide,512,4096,8.000000,20260312,1,bsqr_rinv,0.158228208,0.17405372900000002,0.160910601975,0.218793388875,85328576,1.595324611382178e-15,3.8143737556683646e-14
20260622_161419,2026-06-22T16:14:19.121,orthonormal_rows,short_wide,512,4096,8.000000,20260312,1,dgeqp3_trsm,0.083770333,0.0946430005,0.084914443175,0.134166828925,148214896,1.6374675783658504e-15,3.858448100018676e-14
20260622_161419,2026-06-22T16:14:19.121,orthonormal_rows,short_wide,512,5120,10.000000,20260312,1,bsqr_full,0.324239,0.377684583,0.32548702490000003,0.5754211954999999,67143312,1.602034334363298e-15,3.8227959005969506e-14
20260622_161419,2026-06-22T16:14:19.121,orthonormal_rows,short_wide,512,5120,10.000000,20260312,1,dgeqp3,0.168871708,0.21759925000000002,0.16947017675,0.28560761075,87724848,1.639715499535328e-15,3.8873941885400396e-14
20260622_161419,2026-06-22T16:14:19.121,orthonormal_rows,short_wide,512,5120,10.000000,20260312,1,bsqr_rinv,0.400709333,0.41271308300000004,0.40128957080000005,0.44467536269999997,86017760,1.602034334363298e-15,3.8227959005969506e-14
20260622_161419,2026-06-22T16:14:19.121,orthonormal_rows,short_wide,512,5120,10.000000,20260312,1,dgeqp3_trsm,0.232030542,0.24103206200000002,0.2334327021,0.298485750725,150639728,1.639715499535328e-15,3.8873941885400396e-14
20260622_161419,2026-06-22T16:14:19.121,gaussian,square,64,64,1.000000,20260313,1,bsqr_full,7.654100000000001e-5,9.78955e-5,7.69644e-5,0.00011213575,154336,5.429525720753242e-16,5.667896341504611e-15
20260622_161419,2026-06-22T16:14:19.121,gaussian,square,64,64,1.000000,20260313,1,dgeqp3,6.0875e-5,6.283350000000001e-5,6.108670000000001e-5,7.935719999999994e-5,249648,5.63791297387594e-16,6.285156700037731e-15
20260622_161419,2026-06-22T16:14:19.121,gaussian,square,64,64,1.000000,20260313,1,bsqr_rinv,7.595800000000001e-5,7.7104e-5,7.6229875e-5,9.367064999999994e-5,154384,5.429525720753242e-16,5.667896341504611e-15
20260622_161419,2026-06-22T16:14:19.121,gaussian,square,64,64,1.000000,20260313,1,dgeqp3_trsm,6.0750000000000006e-5,6.289550000000001e-5,6.0840625e-5,8.069309999999993e-5,249648,5.63791297387594e-16,6.285156700037731e-15
20260622_161419,2026-06-22T16:14:19.121,gaussian,square,128,128,1.000000,20260313,1,bsqr_full,0.0004685,0.000484021,0.000469708575,0.0005598162,569920,7.329328698484718e-16,1.0465900802935312e-14
20260622_161419,2026-06-22T16:14:19.121,gaussian,square,128,128,1.000000,20260313,1,dgeqp3,0.00031316600000000003,0.000331333,0.000313529225,0.00036748357499999997,823184,7.574662209296927e-16,1.1159476962231731e-14
20260622_161419,2026-06-22T16:14:19.121,gaussian,square,128,128,1.000000,20260313,1,bsqr_rinv,0.00045087500000000005,0.00047535450000000005,0.0004512375,0.0005734866999999999,569968,7.329328698484718e-16,1.0465900802935312e-14
20260622_161419,2026-06-22T16:14:19.121,gaussian,square,128,128,1.000000,20260313,1,dgeqp3_trsm,0.00028454200000000004,0.0003171455,0.0002891936,0.0003814741999999999,823184,7.574662209296927e-16,1.1159476962231731e-14
20260622_161419,2026-06-22T16:14:19.121,gaussian,square,256,256,1.000000,20260313,1,bsqr_full,0.002361166,0.002535167,0.00236995735,0.003274720124999999,2273616,9.013593328985955e-16,1.9601056925337135e-14
20260622_161419,2026-06-22T16:14:19.121,gaussian,square,256,256,1.000000,20260313,1,dgeqp3,0.0019772500000000003,0.0021571045,0.0020212937500000004,0.004834490624999997,2857776,9.43532736894234e-16,2.0279232115767925e-14
20260622_161419,2026-06-22T16:14:19.121,gaussian,square,256,256,1.000000,20260313,1,bsqr_rinv,0.0023395,0.002523229,0.0023604648250000002,0.004137820924999997,2273664,9.013593328985955e-16,1.9601056925337135e-14
20260622_161419,2026-06-22T16:14:19.121,gaussian,square,256,256,1.000000,20260313,1,dgeqp3_trsm,0.0019279590000000001,0.002157,0.0019455699750000003,0.003546508575,2857776,9.43532736894234e-16,2.0279232115767925e-14
20260622_161419,2026-06-22T16:14:19.121,gaussian,square,384,384,1.000000,20260313,1,bsqr_full,0.005099542,0.005625250500000001,0.0051186334250000005,0.008169306099999999,4982256,1.0773323662396739e-15,2.9516879982385314e-14
20260622_161419,2026-06-22T16:14:19.121,gaussian,square,384,384,1.000000,20260313,1,dgeqp3,0.004362250000000001,0.0053428125,0.004363367225,0.010409267949999999,6203184,1.089637197042165e-15,2.928999900976103e-14
20260622_161419,2026-06-22T16:14:19.121,gaussian,square,384,384,1.000000,20260313,1,bsqr_rinv,0.0052653330000000005,0.0057089375000000005,0.00528913765,0.007860635175,4982304,1.0773323662396739e-15,2.9516879982385314e-14
20260622_161419,2026-06-22T16:14:19.121,gaussian,square,384,384,1.000000,20260313,1,dgeqp3_trsm,0.004482750000000001,0.0049695,0.00453223125,0.008644329074999998,6203184,1.089637197042165e-15,2.928999900976103e-14
20260622_161419,2026-06-22T16:14:19.121,gaussian,square,512,512,1.000000,20260313,1,bsqr_full,0.01240975,0.0132868745,0.012500042225,0.017608323775,8739440,1.2221728360237578e-15,3.825123881403811e-14
20260622_161419,2026-06-22T16:14:19.121,gaussian,square,512,512,1.000000,20260313,1,dgeqp3,0.009499,0.010871979,0.009690732050000001,0.017354264524999996,10859312,1.2326984374651662e-15,3.810214649145567e-14
20260622_161419,2026-06-22T16:14:19.121,gaussian,square,512,512,1.000000,20260313,1,bsqr_rinv,0.012064542000000001,0.0136782705,0.012069163875,0.024927548624999997,8739488,1.2221728360237578e-15,3.825123881403811e-14
20260622_161419,2026-06-22T16:14:19.121,gaussian,square,512,512,1.000000,20260313,1,dgeqp3_trsm,0.009134917000000001,0.011426646,0.009240464675,0.021317495275,10859312,1.2326984374651662e-15,3.810214649145567e-14
20260622_161419,2026-06-22T16:14:19.121,gaussian,short_wide,32,64,2.000000,20260313,1,bsqr_full,2.6792e-5,2.74585e-5,2.682245e-5,4.091794999999995e-5,72160,5.79305132238083e-16,3.768525895200726e-15
20260622_161419,2026-06-22T16:14:19.121,gaussian,short_wide,32,64,2.000000,20260313,1,dgeqp3,1.8917000000000002e-5,1.95835e-5,1.8977175000000004e-5,2.6944324999999973e-5,159280,5.624830328106658e-16,3.9210699804979815e-15
20260622_161419,2026-06-22T16:14:19.121,gaussian,short_wide,32,64,2.000000,20260313,1,bsqr_rinv,2.6375e-5,2.7146e-5,2.6646875000000002e-5,3.670472499999997e-5,80432,5.79305132238083e-16,3.768525895200726e-15
20260622_161419,2026-06-22T16:14:19.121,gaussian,short_wide,32,64,2.000000,20260313,1,dgeqp3_trsm,2.6833000000000002e-5,3.175e-5,2.686345e-5,7.018219999999997e-5,208752,5.624830328106658e-16,3.9210699804979815e-15
20260622_161419,2026-06-22T16:14:19.121,gaussian,short_wide,32,128,4.000000,20260313,1,bsqr_full,4.4833e-5,4.9021000000000004e-5,4.49838e-5,6.074687499999998e-5,126752,5.568909814792066e-16,3.496257319456952e-15
20260622_161419,2026-06-22T16:14:19.121,gaussian,short_wide,32,128,4.000000,20260313,1,dgeqp3,3.1e-5,3.2208e-5,3.1e-5,4.069672499999998e-5,273520,5.307421608551656e-16,3.010812637646707e-15
20260622_161419,2026-06-22T16:14:19.121,gaussian,short_wide,32,128,4.000000,20260313,1,bsqr_rinv,4.6917000000000005e-5,5.08745e-5,4.6917000000000005e-5,6.226642499999997e-5,151408,5.568909814792066e-16,3.496257319456952e-15
20260622_161419,2026-06-22T16:14:19.121,gaussian,short_wide,32,128,4.000000,20260313,1,dgeqp3_trsm,4.3375000000000004e-5,4.92085e-5,4.406955e-5,6.523750000000001e-5,372144,5.307421608551656e-16,3.010812637646707e-15
20260622_161419,2026-06-22T16:14:19.121,gaussian,short_wide,32,256,8.000000,20260313,1,bsqr_full,8.8792e-5,9.2979e-5,8.9335025e-5,0.00010013967499999997,234976,6.163991318753107e-16,3.23618626551583e-15
20260622_161419,2026-06-22T16:14:19.121,gaussian,short_wide,32,256,8.000000,20260313,1,dgeqp3,6.5084e-5,6.6208e-5,6.5294975e-5,7.349375e-5,439344,6.256597381595742e-16,3.5606013429878376e-15
20260622_161419,2026-06-22T16:14:19.121,gaussian,short_wide,32,256,8.000000,20260313,1,bsqr_rinv,8.9417e-5,9.983350000000001e-5,8.953735e-5,0.00010627717499999998,300592,6.163991318753107e-16,3.23618626551583e-15
20260622_161419,2026-06-22T16:14:19.121,gaussian,short_wide,32,256,8.000000,20260313,1,dgeqp3_trsm,7.333300000000001e-5,9.43335e-5,7.928452500000001e-5,0.00017147935,644464,6.256597381595742e-16,3.5606013429878376e-15
20260622_161419,2026-06-22T16:14:19.121,gaussian,short_wide,32,320,10.000000,20260313,1,bsqr_full,0.00011275,0.00012189600000000001,0.00011429062500000002,0.00013011562499999998,338400,5.986975280745757e-16,3.5126775548418588e-15
20260622_161419,2026-06-22T16:14:19.121,gaussian,short_wide,32,320,10.000000,20260313,1,dgeqp3,6.7458e-5,7.975e-5,6.745872500000001e-5,8.261627500000001e-5,571440,5.790964962228263e-16,3.0484565052622186e-15
20260622_161419,2026-06-22T16:14:19.121,gaussian,short_wide,32,320,10.000000,20260313,1,bsqr_rinv,0.000119333,0.0001314795,0.00011951425000000001,0.00014092595,436784,5.986975280745757e-16,3.5126775548418588e-15
20260622_161419,2026-06-22T16:14:19.121,gaussian,short_wide,32,320,10.000000,20260313,1,dgeqp3_trsm,9.287500000000001e-5,0.0001161045,9.57141e-5,0.0003131453499999999,874864,5.790964962228263e-16,3.0484565052622186e-15
20260622_161419,2026-06-22T16:14:19.121,gaussian,short_wide,64,128,2.000000,20260313,1,bsqr_full,0.000156083,0.0001609375,0.000156898625,0.0003988740499999997,258080,6.568860370861041e-16,5.655726575616706e-15
20260622_161419,2026-06-22T16:14:19.121,gaussian,short_wide,64,128,2.000000,20260313,1,dgeqp3,0.000118708,0.0001298955,0.00011897987500000001,0.00021786097499999977,429424,7.0112148504938365e-16,6.546708130908979e-15
20260622_161419,2026-06-22T16:14:19.121,gaussian,short_wide,64,128,2.000000,20260313,1,bsqr_rinv,0.00018662500000000002,0.0001948545,0.00018695705000000004,0.0003617918499999997,290928,6.568860370861041e-16,5.655726575616706e-15
20260622_161419,2026-06-22T16:14:19.121,gaussian,short_wide,64,128,2.000000,20260313,1,dgeqp3_trsm,0.000171458,0.0002,0.000177016575,0.0002509569,626352,7.0112148504938365e-16,6.546708130908979e-15
20260622_161419,2026-06-22T16:14:19.121,gaussian,short_wide,64,256,4.000000,20260313,1,bsqr_full,0.000523,0.0005538545000000001,0.0005291625000000001,0.0008736759499999999,464608,7.535151864564768e-16,6.019991757771735e-15
20260622_161419,2026-06-22T16:14:19.121,gaussian,short_wide,64,256,4.000000,20260313,1,dgeqp3,0.00028241700000000003,0.000316604,0.000285014675,0.00040912842499999996,726320,6.96028953796563e-16,6.0620545229113795e-15
20260622_161419,2026-06-22T16:14:19.121,gaussian,short_wide,64,256,4.000000,20260313,1,bsqr_rinv,0.0006350840000000001,0.000678854,0.00063840595,0.0009202896749999999,562992,7.535151864564768e-16,6.019991757771735e-15
20260622_161419,2026-06-22T16:14:19.121,gaussian,short_wide,64,256,4.000000,20260313,1,dgeqp3_trsm,0.000333667,0.0003795,0.00033810762500000003,0.00042023235000000005,1119856,6.96028953796563e-16,6.0620545229113795e-15
20260622_161419,2026-06-22T16:14:19.121,gaussian,short_wide,64,512,8.000000,20260313,1,bsqr_full,0.001258084,0.0012993750000000002,0.0012592918500000001,0.001854975,1002512,7.272671748700775e-16,5.26731031798605e-15
20260622_161419,2026-06-22T16:14:19.121,gaussian,short_wide,64,512,8.000000,20260313,1,dgeqp3,0.0005984170000000001,0.0006540415,0.0006072982500000001,0.0007026509500000001,1320240,7.976562606771036e-16,6.50058367736515e-15
20260622_161419,2026-06-22T16:14:19.121,gaussian,short_wide,64,512,8.000000,20260313,1,bsqr_rinv,0.000965,0.001011875,0.0009735492,0.001063396075,1231968,7.272671748700775e-16,5.26731031798605e-15
20260622_161419,2026-06-22T16:14:19.121,gaussian,short_wide,64,512,8.000000,20260313,1,dgeqp3_trsm,0.000563917,0.0006365205000000001,0.0005711068250000001,0.0013124215749999966,2106992,7.976562606771036e-16,6.50058367736515e-15
20260622_161419,2026-06-22T16:14:19.121,gaussian,short_wide,64,640,10.000000,20260313,1,bsqr_full,0.001003416,0.0010293545,0.0010076761,0.001091972825,1309840,7.548095601544073e-16,5.821687109394698e-15
20260622_161419,2026-06-22T16:14:19.121,gaussian,short_wide,64,640,10.000000,20260313,1,dgeqp3,0.0006427910000000001,0.0006657295000000001,0.0006451777000000001,0.001994606249999994,1617200,7.650968485101759e-16,6.31496300835279e-15
20260622_161419,2026-06-22T16:14:19.121,gaussian,short_wide,64,640,10.000000,20260313,1,bsqr_rinv,0.001126791,0.0011792295000000001,0.0011347058250000001,0.0022709954999999967,1604832,7.548095601544073e-16,5.821687109394698e-15
20260622_161419,2026-06-22T16:14:19.121,gaussian,short_wide,64,640,10.000000,20260313,1,dgeqp3_trsm,0.0007023750000000001,0.0007919795,0.0007216476750000001,0.002377772824999994,2600560,7.650968485101759e-16,6.31496300835279e-15
20260622_161419,2026-06-22T16:14:19.121,gaussian,short_wide,128,256,2.000000,20260313,1,bsqr_full,0.0010319580000000001,0.001078729,0.001033679875,0.0011426359750000001,1045776,8.65547065944425e-16,1.0103533881797616e-14
20260622_161419,2026-06-22T16:14:19.121,gaussian,short_wide,128,256,2.000000,20260313,1,dgeqp3,0.0007210840000000001,0.0007726250000000001,0.0007304481000000001,0.0007936050250000001,1382224,9.044308788942535e-16,1.1729865025782597e-14
20260622_161419,2026-06-22T16:14:19.121,gaussian,short_wide,128,256,2.000000,20260313,1,bsqr_rinv,0.001024083,0.001083,0.001028523625,0.00110171345,1176928,8.65547065944425e-16,1.0103533881797616e-14
20260622_161419,2026-06-22T16:14:19.121,gaussian,short_wide,128,256,2.000000,20260313,1,dgeqp3_trsm,0.000818708,0.0008791875000000001,0.0008536588,0.0011846438999999988,2168976,9.044308788942535e-16,1.1729865025782597e-14
20260622_161419,2026-06-22T16:14:19.121,gaussian,short_wide,128,512,4.000000,20260313,1,bsqr_full,0.0019416670000000002,0.002099375,0.00194583575,0.003153095349999996,1912368,9.548671329591729e-16,1.0582250683209264e-14
20260622_161419,2026-06-22T16:14:19.121,gaussian,short_wide,128,512,4.000000,20260313,1,dgeqp3,0.0016345420000000001,0.0017827495,0.0016456888750000002,0.0026561762249999966,2500432,9.55157736908543e-16,1.0987195957375804e-14
20260622_161419,2026-06-22T16:14:19.121,gaussian,short_wide,128,512,4.000000,20260313,1,bsqr_rinv,0.002029833,0.0021659585,0.0020695876500000003,0.002894194549999997,2305664,9.548671329591729e-16,1.0582250683209264e-14
20260622_161419,2026-06-22T16:14:19.121,gaussian,short_wide,128,512,4.000000,20260313,1,dgeqp3_trsm,0.001793,0.0019985205000000003,0.00181384375,0.004112750949999999,4073616,9.55157736908543e-16,1.0987195957375804e-14
20260622_161419,2026-06-22T16:14:19.121,gaussian,short_wide,128,1024,8.000000,20260313,1,bsqr_full,0.0039289170000000005,0.004135604,0.0039682482500000005,0.006532454074999998,3648112,9.090194180434583e-16,1.0274541242167931e-14
20260622_161419,2026-06-22T16:14:19.121,gaussian,short_wide,128,1024,8.000000,20260313,1,dgeqp3,0.0027001250000000003,0.0030541665000000003,0.0027421141,0.006130188074999999,4736848,9.477384510412956e-16,1.1429626029234621e-14
20260622_161419,2026-06-22T16:14:19.121,gaussian,short_wide,128,1024,8.000000,20260313,1,bsqr_rinv,0.004039625000000001,0.0042704375,0.004085783575000001,0.006873421574999998,4565696,9.090194180434583e-16,1.0274541242167931e-14
20260622_161419,2026-06-22T16:14:19.121,gaussian,short_wide,128,1024,8.000000,20260313,1,dgeqp3_trsm,0.0031665,0.0035111250000000004,0.0031825406250000003,0.0053742447,7882896,9.477384510412956e-16,1.1429626029234621e-14
20260622_161419,2026-06-22T16:14:19.121,gaussian,short_wide,128,1280,10.000000,20260313,1,bsqr_full,0.005121041000000001,0.005297250000000001,0.00515007145,0.007994684374999998,4557696,9.03094019930269e-16,1.0459421398308703e-14
20260622_161419,2026-06-22T16:14:19.121,gaussian,short_wide,128,1280,10.000000,20260313,1,dgeqp3,0.003463208,0.0037745625,0.0034790369250000007,0.0055831492,5855056,9.245874221876939e-16,1.0989774987189177e-14
20260622_161419,2026-06-22T16:14:19.121,gaussian,short_wide,128,1280,10.000000,20260313,1,bsqr_rinv,0.005206917,0.005595437500000001,0.005316059225000001,0.008312789024999996,5737424,9.03094019930269e-16,1.0459421398308703e-14
20260622_161419,2026-06-22T16:14:19.121,gaussian,short_wide,128,1280,10.000000,20260313,1,dgeqp3_trsm,0.0039900000000000005,0.0042258750000000005,0.00400525545,0.00652810815,9787536,9.245874221876939e-16,1.0989774987189177e-14
20260622_161419,2026-06-22T16:14:19.121,gaussian,short_wide,256,512,2.000000,20260313,1,bsqr_full,0.004703041000000001,0.004962229,0.004735364400000001,0.0071949751499999996,3928592,1.081276464185678e-15,1.9908710675229918e-14
20260622_161419,2026-06-22T16:14:19.121,gaussian,short_wide,256,512,2.000000,20260313,1,dgeqp3,0.003841375,0.0041223125,0.003876839825,0.0070092116999999985,5024560,1.1111884134557479e-15,2.0259486678205302e-14
20260622_161419,2026-06-22T16:14:19.121,gaussian,short_wide,256,512,2.000000,20260313,1,bsqr_rinv,0.004721083,0.0050328955000000005,0.004741292375,0.006938153925,4452960,1.081276464185678e-15,1.9908710675229918e-14
20260622_161419,2026-06-22T16:14:19.121,gaussian,short_wide,256,512,2.000000,20260313,1,dgeqp3_trsm,0.004305875000000001,0.0050539165,0.00436746955,0.010501693324999995,8170608,1.1111884134557479e-15,2.0259486678205302e-14
20260622_161419,2026-06-22T16:14:19.121,gaussian,short_wide,256,1024,4.000000,20260313,1,bsqr_full,0.009973416,0.010386479,0.010006433950000001,0.013577789824999999,7237200,1.1345430215580535e-15,1.9563609325381212e-14
20260622_161419,2026-06-22T16:14:19.121,gaussian,short_wide,256,1024,4.000000,20260313,1,dgeqp3,0.006758167000000001,0.0081511875,0.007290377175,0.012924312924999994,9358128,1.1810363297353971e-15,2.0564746879775894e-14
20260622_161419,2026-06-22T16:14:19.121,gaussian,short_wide,256,1024,4.000000,20260313,1,bsqr_rinv,0.010320042000000001,0.010713729500000001,0.010370670925,0.01537642405,8810144,1.1345430215580535e-15,1.9563609325381212e-14
20260622_161419,2026-06-22T16:14:19.121,gaussian,short_wide,256,1024,4.000000,20260313,1,dgeqp3_trsm,0.007572250000000001,0.0082212915,0.0076731460750000015,0.012086050950000001,15649904,1.1810363297353971e-15,2.0564746879775894e-14
20260622_161419,2026-06-22T16:14:19.121,gaussian,short_wide,256,2048,8.000000,20260313,1,bsqr_full,0.019165,0.0203418125,0.019282087500000003,0.022748654074999996,13824560,1.1689972538195102e-15,1.969137056432984e-14
20260622_161419,2026-06-22T16:14:19.121,gaussian,short_wide,256,2048,8.000000,20260313,1,dgeqp3,0.012236584,0.0130060625,0.012447860600000001,0.015564555600000002,18058032,1.2045819913959089e-15,2.0474447812446266e-14
20260622_161419,2026-06-22T16:14:19.121,gaussian,short_wide,256,2048,8.000000,20260313,1,bsqr_rinv,0.019625416,0.021243604500000002,0.020056278425,0.0243769689,17494656,1.1689972538195102e-15,1.969137056432984e-14
20260622_161419,2026-06-22T16:14:19.121,gaussian,short_wide,256,2048,8.000000,20260313,1,dgeqp3_trsm,0.014547750000000002,0.015711979,0.014576870350000002,0.028744412349999943,30641264,1.2045819913959089e-15,2.0474447812446266e-14
20260622_161419,2026-06-22T16:14:19.121,gaussian,short_wide,256,2560,10.000000,20260313,1,bsqr_full,0.023973833,0.025674896000000003,0.024266129075000004,0.028465922675,17151056,1.1817615178983979e-15,2.0014381142472017e-14
20260622_161419,2026-06-22T16:14:19.121,gaussian,short_wide,256,2560,10.000000,20260313,1,dgeqp3,0.015280417000000001,0.0166946875,0.015291986550000001,0.018684250149999998,22391600,1.202231532143214e-15,1.9946405413117813e-14
20260622_161419,2026-06-22T16:14:19.121,gaussian,short_wide,256,2560,10.000000,20260313,1,bsqr_rinv,0.024442667,0.0262225835,0.0245237162,0.03663113859999996,21869728,1.1817615178983979e-15,2.0014381142472017e-14
20260622_161419,2026-06-22T16:14:19.121,gaussian,short_wide,256,2560,10.000000,20260313,1,dgeqp3_trsm,0.017888083000000003,0.01936125,0.018130565050000002,0.03267925559999994,38120560,1.202231532143214e-15,1.9946405413117813e-14
20260622_161419,2026-06-22T16:14:19.121,gaussian,short_wide,512,1024,2.000000,20260313,1,bsqr_full,0.025060542,0.0267453125,0.025114252175000004,0.030025580025000005,15187024,1.440408322023365e-15,3.871949371024513e-14
20260622_161419,2026-06-22T16:14:19.121,gaussian,short_wide,512,1024,2.000000,20260313,1,dgeqp3,0.017105042,0.0182014375,0.0172554795,0.029055908574999956,19387184,1.4663367370418206e-15,3.874814641632821e-14
20260622_161419,2026-06-22T16:14:19.121,gaussian,short_wide,512,1024,2.000000,20260313,1,bsqr_rinv,0.026029875,0.028520729,0.0263158875,0.040379926225,17284256,1.440408322023365e-15,3.871949371024513e-14
20260622_161419,2026-06-22T16:14:19.121,gaussian,short_wide,512,1024,2.000000,20260313,1,dgeqp3_trsm,0.02310125,0.040703208000000005,0.024412352324999997,0.109457121875,31970416,1.4663367370418206e-15,3.874814641632821e-14
20260622_161419,2026-06-22T16:14:19.121,gaussian,short_wide,512,2048,4.000000,20260313,1,bsqr_full,0.06024445900000001,0.0704102085,0.06078817855,0.10938060784999998,28080720,1.531886853369502e-15,3.850516258399699e-14
20260622_161419,2026-06-22T16:14:19.121,gaussian,short_wide,512,2048,4.000000,20260313,1,dgeqp3,0.039176542,0.054390646,0.0406469319,0.09969143779999998,36475696,1.5618332094461019e-15,3.867895131039809e-14
20260622_161419,2026-06-22T16:14:19.121,gaussian,short_wide,512,2048,4.000000,20260313,1,bsqr_rinv,0.063073167,0.071511792,0.063331992,0.12430079454999998,34372256,1.531886853369502e-15,3.850516258399699e-14
20260622_161419,2026-06-22T16:14:19.121,gaussian,short_wide,512,2048,4.000000,20260313,1,dgeqp3_trsm,0.044677583,0.0492668745,0.045362738449999995,0.1002429625,61641840,1.5618332094461019e-15,3.867895131039809e-14
20260622_161419,2026-06-22T16:14:19.121,gaussian,short_wide,512,4096,8.000000,20260313,1,bsqr_full,0.3318535,0.375660021,0.33242414810000004,0.6977076646750001,62259824,1.573764156415511e-15,3.8214320560550606e-14
20260622_161419,2026-06-22T16:14:19.121,gaussian,short_wide,512,4096,8.000000,20260313,1,dgeqp3,0.177029083,0.2441110625,0.180385472425,0.42878082932500006,83202864,1.6088922114321314e-15,3.817782439204461e-14
20260622_161419,2026-06-22T16:14:19.121,gaussian,short_wide,512,4096,8.000000,20260313,1,bsqr_rinv,0.466022292,0.574898875,0.46659169200000006,0.7283142090000001,79037120,1.573764156415511e-15,3.8214320560550606e-14
20260622_161419,2026-06-22T16:14:19.121,gaussian,short_wide,512,4096,8.000000,20260313,1,dgeqp3_trsm,0.106547084,0.16703845850000001,0.10888789895,0.29038271875,139826288,1.6088922114321314e-15,3.817782439204461e-14
20260622_161419,2026-06-22T16:14:19.121,gaussian,short_wide,512,5120,10.000000,20260313,1,bsqr_full,0.387805,0.39468450000000005,0.38794885,0.4746107667,67143312,1.580796817044878e-15,3.8472193257287295e-14
20260622_161419,2026-06-22T16:14:19.121,gaussian,short_wide,512,5120,10.000000,20260313,1,dgeqp3,0.197944541,0.205061562,0.19948614015000002,0.24945334545000003,87724848,1.6295111859071582e-15,3.87780771750392e-14
20260622_161419,2026-06-22T16:14:19.121,gaussian,short_wide,512,5120,10.000000,20260313,1,bsqr_rinv,0.39544433300000004,0.40583879100000003,0.39647390810000005,0.4416517873,86017760,1.580796817044878e-15,3.8472193257287295e-14
20260622_161419,2026-06-22T16:14:19.121,gaussian,short_wide,512,5120,10.000000,20260313,1,dgeqp3_trsm,0.20478795800000002,0.22095568750000003,0.20796633005,0.2655336854,150639728,1.6295111859071582e-15,3.87780771750392e-14
20260622_161419,2026-06-22T16:14:19.121,ill_conditioned,square,64,64,1.000000,20260313,1,bsqr_full,7.4292e-5,9.877100000000001e-5,7.5439675e-5,0.0005726718749999998,154336,4.290806158136156e-16,5.5949070311972106e-15
20260622_161419,2026-06-22T16:14:19.121,ill_conditioned,square,64,64,1.000000,20260313,1,dgeqp3,6.25e-5,8.447950000000001e-5,6.651795000000001e-5,0.00011426410000000001,249648,4.297933892189025e-16,6.372178537010125e-15
20260622_161419,2026-06-22T16:14:19.121,ill_conditioned,square,64,64,1.000000,20260313,1,bsqr_rinv,8.254100000000001e-5,9.07915e-5,8.299485e-5,0.00012451329999999997,154384,4.290806158136156e-16,5.5949070311972106e-15
20260622_161419,2026-06-22T16:14:19.121,ill_conditioned,square,64,64,1.000000,20260313,1,dgeqp3_trsm,5.7875000000000004e-5,8.3479e-5,5.826795000000001e-5,9.609904999999998e-5,249648,4.297933892189025e-16,6.372178537010125e-15
20260622_161419,2026-06-22T16:14:19.121,ill_conditioned,square,128,128,1.000000,20260313,1,bsqr_full,0.000437291,0.000446854,0.0004408261,0.000470006825,569920,5.746034700076325e-16,1.0011308471890899e-14
20260622_161419,2026-06-22T16:14:19.121,ill_conditioned,square,128,128,1.000000,20260313,1,dgeqp3,0.0002785,0.0003223125,0.00027898285,0.00033403750000000004,823184,5.859339153945067e-16,1.1084385787572256e-14
20260622_161419,2026-06-22T16:14:19.121,ill_conditioned,square,128,128,1.000000,20260313,1,bsqr_rinv,0.00042229100000000004,0.0004461875,0.00043664092500000007,0.00046329825,569968,5.746034700076325e-16,1.0011308471890899e-14
20260622_161419,2026-06-22T16:14:19.121,ill_conditioned,square,128,128,1.000000,20260313,1,dgeqp3_trsm,0.000295792,0.000307604,0.00029712092500000005,0.000342714025,823184,5.859339153945067e-16,1.1084385787572256e-14
20260622_161419,2026-06-22T16:14:19.121,ill_conditioned,square,256,256,1.000000,20260313,1,bsqr_full,0.002452292,0.0025399165000000003,0.0024586654750000003,0.0029815574749999995,2275568,6.964889756595804e-16,2.0171621958326806e-14
20260622_161419,2026-06-22T16:14:19.121,ill_conditioned,square,256,256,1.000000,20260313,1,dgeqp3,0.002156875,0.0022552085,0.00216031875,0.0027850995749999995,2857776,7.575017203177511e-16,2.026422964809304e-14
20260622_161419,2026-06-22T16:14:19.121,ill_conditioned,square,256,256,1.000000,20260313,1,bsqr_rinv,0.002493917,0.00257325,0.0025015592250000004,0.0034636890999999986,2275616,6.964889756595804e-16,2.0171621958326806e-14
20260622_161419,2026-06-22T16:14:19.121,ill_conditioned,square,256,256,1.000000,20260313,1,dgeqp3_trsm,0.002165291,0.0022496875,0.0021719378,0.002924148399999999,2857776,7.575017203177511e-16,2.026422964809304e-14
20260622_161419,2026-06-22T16:14:19.121,ill_conditioned,square,384,384,1.000000,20260313,1,bsqr_full,0.005468459,0.005631479,0.0054714489,0.0068805197000000005,4984208,8.60545892354923e-16,2.977331034470392e-14
20260622_161419,2026-06-22T16:14:19.121,ill_conditioned,square,384,384,1.000000,20260313,1,dgeqp3,0.0047294170000000005,0.0050588955000000005,0.00475512405,0.007190335749999997,6203184,8.1754875050865975e-16,2.932240234441671e-14
20260622_161419,2026-06-22T16:14:19.121,ill_conditioned,square,384,384,1.000000,20260313,1,bsqr_rinv,0.005320875,0.0054524790000000005,0.005340872675,0.006570526375,4984256,8.60545892354923e-16,2.977331034470392e-14
20260622_161419,2026-06-22T16:14:19.121,ill_conditioned,square,384,384,1.000000,20260313,1,dgeqp3_trsm,0.004727417,0.004841458,0.00473049825,0.006393025424999998,6203184,8.1754875050865975e-16,2.932240234441671e-14
20260622_161419,2026-06-22T16:14:19.121,ill_conditioned,square,512,512,1.000000,20260313,1,bsqr_full,0.012063583000000001,0.012278333,0.012065607200000002,0.014826337500000002,8741392,8.6952124703995895e-16,3.854091480031671e-14
20260622_161419,2026-06-22T16:14:19.121,ill_conditioned,square,512,512,1.000000,20260313,1,dgeqp3,0.010464250000000001,0.0114956875,0.010537384375,0.016200784524999998,10859312,9.124939031179535e-16,3.844473153662279e-14
20260622_161419,2026-06-22T16:14:19.121,ill_conditioned,square,512,512,1.000000,20260313,1,bsqr_rinv,0.012033791,0.012344625000000001,0.012035030025,0.016337339824999998,8741440,8.6952124703995895e-16,3.854091480031671e-14
20260622_161419,2026-06-22T16:14:19.121,ill_conditioned,square,512,512,1.000000,20260313,1,dgeqp3_trsm,0.010494083000000001,0.0111186875,0.01051788765,0.017315108575,10859312,9.124939031179535e-16,3.844473153662279e-14
20260622_161419,2026-06-22T16:14:19.121,ill_conditioned,short_wide,32,64,2.000000,20260313,1,bsqr_full,2.5834e-5,2.6354500000000003e-5,2.5923899999999998e-5,3.603262499999997e-5,72160,3.4754502620414766e-16,3.143379240479508e-15
20260622_161419,2026-06-22T16:14:19.121,ill_conditioned,short_wide,32,64,2.000000,20260313,1,dgeqp3,1.9708000000000002e-5,2.02295e-5,1.9798625000000002e-5,2.7707049999999974e-5,159280,3.4784440416992125e-16,4.021849726981619e-15
20260622_161419,2026-06-22T16:14:19.121,ill_conditioned,short_wide,32,64,2.000000,20260313,1,bsqr_rinv,2.6834e-5,2.7333e-5,2.6894175000000002e-5,4.1402324999999976e-5,80432,3.4754502620414766e-16,3.143379240479508e-15
20260622_161419,2026-06-22T16:14:19.121,ill_conditioned,short_wide,32,64,2.000000,20260313,1,dgeqp3_trsm,2.4292e-5,2.775e-5,2.4382625e-5,4.24178e-5,208752,3.4784440416992125e-16,4.021849726981619e-15
20260622_161419,2026-06-22T16:14:19.121,ill_conditioned,short_wide,32,128,4.000000,20260313,1,bsqr_full,4.4708e-5,4.5334e-5,4.47689e-5,5.725667499999997e-5,126752,3.4072478547844475e-16,3.4904839659196074e-15
20260622_161419,2026-06-22T16:14:19.121,ill_conditioned,short_wide,32,128,4.000000,20260313,1,dgeqp3,3.2708e-5,3.325e-5,3.2798625e-5,4.356604999999998e-5,273520,3.469468915692551e-16,3.0851505818045792e-15
20260622_161419,2026-06-22T16:14:19.121,ill_conditioned,short_wide,32,128,4.000000,20260313,1,bsqr_rinv,4.6667000000000006e-5,4.7375e-5,4.6667000000000006e-5,5.746002499999998e-5,151408,3.4072478547844475e-16,3.4904839659196074e-15
20260622_161419,2026-06-22T16:14:19.121,ill_conditioned,short_wide,32,128,4.000000,20260313,1,dgeqp3_trsm,4.6792e-5,5.4646000000000005e-5,4.71545e-5,7.222339999999999e-5,372144,3.469468915692551e-16,3.0851505818045792e-15
20260622_161419,2026-06-22T16:14:19.121,ill_conditioned,short_wide,32,256,8.000000,20260313,1,bsqr_full,9.15e-5,9.458300000000001e-5,9.210465e-5,0.00010731264999999998,234976,8.364357127280694e-16,3.058861251853103e-15
20260622_161419,2026-06-22T16:14:19.121,ill_conditioned,short_wide,32,256,8.000000,20260313,1,dgeqp3,5.6000000000000006e-5,6.8021e-5,5.720785e-5,7.6464025e-5,439344,8.369586829426063e-16,3.4208455218748202e-15
20260622_161419,2026-06-22T16:14:19.121,ill_conditioned,short_wide,32,256,8.000000,20260313,1,bsqr_rinv,9.0542e-5,0.000101688,9.057245000000002e-5,0.00010913764999999999,300592,8.364357127280694e-16,3.058861251853103e-15
20260622_161419,2026-06-22T16:14:19.121,ill_conditioned,short_wide,32,256,8.000000,20260313,1,dgeqp3_trsm,8.270800000000001e-5,9.556250000000001e-5,8.775327500000001e-5,0.000119152975,644464,8.369586829426063e-16,3.4208455218748202e-15
20260622_161419,2026-06-22T16:14:19.121,ill_conditioned,short_wide,32,320,10.000000,20260313,1,bsqr_full,0.000114667,0.000122792,0.00011514985000000001,0.00012787579999999998,338400,4.04409072866148e-16,3.868403602941817e-15
20260622_161419,2026-06-22T16:14:19.121,ill_conditioned,short_wide,32,320,10.000000,20260313,1,dgeqp3,7.645900000000001e-5,8.341650000000001e-5,7.691212500000001e-5,0.000100447975,571440,3.943002856175571e-16,3.1648456218197244e-15
20260622_161419,2026-06-22T16:14:19.121,ill_conditioned,short_wide,32,320,10.000000,20260313,1,bsqr_rinv,0.00011912500000000001,0.0001322085,0.00011933670000000002,0.00013770762499999998,436784,4.04409072866148e-16,3.868403602941817e-15
20260622_161419,2026-06-22T16:14:19.121,ill_conditioned,short_wide,32,320,10.000000,20260313,1,dgeqp3_trsm,9.6291e-5,0.00011650000000000001,9.894957500000001e-5,0.000123839025,874864,3.943002856175571e-16,3.1648456218197244e-15
20260622_161419,2026-06-22T16:14:19.121,ill_conditioned,short_wide,64,128,2.000000,20260313,1,bsqr_full,0.000127083,0.00013612500000000002,0.0001272947,0.00016317034999999998,258080,4.772141924843015e-16,5.7264389999189156e-15
20260622_161419,2026-06-22T16:14:19.121,ill_conditioned,short_wide,64,128,2.000000,20260313,1,dgeqp3,9.175000000000001e-5,0.00010293800000000001,9.20516e-5,0.000111104225,429424,4.19982992740753e-16,6.160974755984455e-15
20260622_161419,2026-06-22T16:14:19.121,ill_conditioned,short_wide,64,128,2.000000,20260313,1,bsqr_rinv,0.00012808400000000002,0.00013654150000000001,0.00012859729999999998,0.0001411239,290928,4.772141924843015e-16,5.7264389999189156e-15
20260622_161419,2026-06-22T16:14:19.121,ill_conditioned,short_wide,64,128,2.000000,20260313,1,dgeqp3_trsm,0.00012175,0.000125375,0.00012193125000000001,0.00014925137499999998,626352,4.19982992740753e-16,6.160974755984455e-15
20260622_161419,2026-06-22T16:14:19.121,ill_conditioned,short_wide,64,256,4.000000,20260313,1,bsqr_full,0.00030691700000000003,0.00032381250000000004,0.00031144825000000006,0.000346738725,464608,4.761999578005816e-16,5.715280088021509e-15
20260622_161419,2026-06-22T16:14:19.121,ill_conditioned,short_wide,64,256,4.000000,20260313,1,dgeqp3,0.00016658300000000001,0.0001897915,0.0001677314,0.00019595937500000002,726320,5.172235325181263e-16,6.168591246555874e-15
20260622_161419,2026-06-22T16:14:19.121,ill_conditioned,short_wide,64,256,4.000000,20260313,1,bsqr_rinv,0.000304916,0.0003325625,0.00030920582499999996,0.00035055327499999996,562992,4.761999578005816e-16,5.715280088021509e-15
20260622_161419,2026-06-22T16:14:19.121,ill_conditioned,short_wide,64,256,4.000000,20260313,1,dgeqp3_trsm,0.000201083,0.000240083,0.00020893765000000003,0.000247002175,1119856,5.172235325181263e-16,6.168591246555874e-15
20260622_161419,2026-06-22T16:14:19.121,ill_conditioned,short_wide,64,512,8.000000,20260313,1,bsqr_full,0.0007675000000000001,0.0007938540000000001,0.0007699468750000001,0.000867240775,1002512,6.4517921421431545e-16,5.364481083987434e-15
20260622_161419,2026-06-22T16:14:19.121,ill_conditioned,short_wide,64,512,8.000000,20260313,1,dgeqp3,0.000458916,0.0004976045000000001,0.00046402145000000005,0.000516458575,1320240,5.369608812185036e-16,6.2672583270867386e-15
20260622_161419,2026-06-22T16:14:19.121,ill_conditioned,short_wide,64,512,8.000000,20260313,1,bsqr_rinv,0.0007863330000000001,0.0008256875,0.0007940368500000001,0.0008903571999999999,1231968,6.4517921421431545e-16,5.364481083987434e-15
20260622_161419,2026-06-22T16:14:19.121,ill_conditioned,short_wide,64,512,8.000000,20260313,1,dgeqp3_trsm,0.000535792,0.0005903125,0.00056590995,0.001893025,2106992,5.369608812185036e-16,6.2672583270867386e-15
20260622_161419,2026-06-22T16:14:19.121,ill_conditioned,short_wide,64,640,10.000000,20260313,1,bsqr_full,0.000978458,0.001004083,0.0009797572,0.00115939005,1309840,6.360289031409354e-16,5.719999869745496e-15
20260622_161419,2026-06-22T16:14:19.121,ill_conditioned,short_wide,64,640,10.000000,20260313,1,dgeqp3,0.0006418750000000001,0.0006787295,0.000649366425,0.0020000146749999934,1617200,6.184870184860844e-16,6.510559385920469e-15
20260622_161419,2026-06-22T16:14:19.121,ill_conditioned,short_wide,64,640,10.000000,20260313,1,bsqr_rinv,0.0009694170000000001,0.0010261875,0.000981227975,0.0027645187499999915,1604832,6.360289031409354e-16,5.719999869745496e-15
20260622_161419,2026-06-22T16:14:19.121,ill_conditioned,short_wide,64,640,10.000000,20260313,1,dgeqp3_trsm,0.000719041,0.0007814375,0.00072363315,0.0021237318999999936,2600560,6.184870184860844e-16,6.510559385920469e-15
20260622_161419,2026-06-22T16:14:19.121,ill_conditioned,short_wide,128,256,2.000000,20260313,1,bsqr_full,0.001043167,0.0010701460000000001,0.0010465505750000001,0.0011283318999999999,1045776,6.285601506580953e-16,9.802667904835895e-15
20260622_161419,2026-06-22T16:14:19.121,ill_conditioned,short_wide,128,256,2.000000,20260313,1,dgeqp3,0.000747792,0.000771958,0.0007486678000000001,0.000836984225,1382224,6.344160963967177e-16,1.13086362801299e-14
20260622_161419,2026-06-22T16:14:19.121,ill_conditioned,short_wide,128,256,2.000000,20260313,1,bsqr_rinv,0.0010695000000000001,0.0010853330000000002,0.0010713125,0.00116319985,1176928,6.285601506580953e-16,9.802667904835895e-15
20260622_161419,2026-06-22T16:14:19.121,ill_conditioned,short_wide,128,256,2.000000,20260313,1,dgeqp3_trsm,0.0008330420000000001,0.0008696040000000001,0.0008384490500000001,0.001267129499999998,2168976,6.344160963967177e-16,1.13086362801299e-14
20260622_161419,2026-06-22T16:14:19.121,ill_conditioned,short_wide,128,512,4.000000,20260313,1,bsqr_full,0.0020317910000000002,0.0021426665000000003,0.0020327581500000002,0.0038004542249999926,1912368,7.056346347030766e-16,9.956517153389092e-15
20260622_161419,2026-06-22T16:14:19.121,ill_conditioned,short_wide,128,512,4.000000,20260313,1,dgeqp3,0.0016187920000000002,0.0018499375,0.0016267061000000001,0.004112533949999995,2500432,6.740017207278051e-16,1.0904301323593455e-14
20260622_161419,2026-06-22T16:14:19.121,ill_conditioned,short_wide,128,512,4.000000,20260313,1,bsqr_rinv,0.002028125,0.0021845625000000003,0.002048878125,0.0035556960749999937,2305664,7.056346347030766e-16,9.956517153389092e-15
20260622_161419,2026-06-22T16:14:19.121,ill_conditioned,short_wide,128,512,4.000000,20260313,1,dgeqp3_trsm,0.0017365000000000002,0.0020025205,0.001767221875,0.004459144849999998,4073616,6.740017207278051e-16,1.0904301323593455e-14
20260622_161419,2026-06-22T16:14:19.121,ill_conditioned,short_wide,128,1024,8.000000,20260313,1,bsqr_full,0.003917417,0.0041574165,0.0039714592250000005,0.007820069699999998,3648112,6.88073489701293e-16,1.0114948362816968e-14
20260622_161419,2026-06-22T16:14:19.121,ill_conditioned,short_wide,128,1024,8.000000,20260313,1,dgeqp3,0.0027309580000000003,0.0029492290000000003,0.0027985040750000004,0.007645551599999996,4736848,7.489501093666189e-16,1.11999700253045e-14
20260622_161419,2026-06-22T16:14:19.121,ill_conditioned,short_wide,128,1024,8.000000,20260313,1,bsqr_rinv,0.003972125,0.0042456875,0.0040033000000000004,0.007330384524999997,4565696,6.88073489701293e-16,1.0114948362816968e-14
20260622_161419,2026-06-22T16:14:19.121,ill_conditioned,short_wide,128,1024,8.000000,20260313,1,dgeqp3_trsm,0.003176958,0.0033689785,0.00318423845,0.0075379625,7882896,7.489501093666189e-16,1.11999700253045e-14
20260622_161419,2026-06-22T16:14:19.121,ill_conditioned,short_wide,128,1280,10.000000,20260313,1,bsqr_full,0.0051545,0.0053915625000000005,0.00519739535,0.008255857474999998,4557696,6.718612936497903e-16,1.0421318897672124e-14
20260622_161419,2026-06-22T16:14:19.121,ill_conditioned,short_wide,128,1280,10.000000,20260313,1,dgeqp3,0.003394208,0.003656208,0.0034113056750000002,0.005105676599999998,5855056,6.958893699243993e-16,1.1190410835083634e-14
20260622_161419,2026-06-22T16:14:19.121,ill_conditioned,short_wide,128,1280,10.000000,20260313,1,bsqr_rinv,0.005254708,0.005561145500000001,0.005366358725,0.010248925649999999,5737424,6.718612936497903e-16,1.0421318897672124e-14
20260622_161419,2026-06-22T16:14:19.121,ill_conditioned,short_wide,128,1280,10.000000,20260313,1,dgeqp3_trsm,0.003952541,0.004154708500000001,0.003971149575000001,0.007586390775,9787536,6.958893699243993e-16,1.1190410835083634e-14
20260622_161419,2026-06-22T16:14:19.121,ill_conditioned,short_wide,256,512,2.000000,20260313,1,bsqr_full,0.0048940830000000005,0.005045896,0.0048946572,0.010023984525,3928592,7.988903665730522e-16,2.0169190120285657e-14
20260622_161419,2026-06-22T16:14:19.121,ill_conditioned,short_wide,256,512,2.000000,20260313,1,dgeqp3,0.004338167,0.004469833,0.004345809225,0.0062025101749999985,5024560,8.354947951752486e-16,2.0360507235167704e-14
20260622_161419,2026-06-22T16:14:19.121,ill_conditioned,short_wide,256,512,2.000000,20260313,1,bsqr_rinv,0.004906417000000001,0.005110812,0.004942908425,0.00759041875,4452960,7.988903665730522e-16,2.0169190120285657e-14
20260622_161419,2026-06-22T16:14:19.121,ill_conditioned,short_wide,256,512,2.000000,20260313,1,dgeqp3_trsm,0.0047063750000000005,0.0049090625,0.004730934375000001,0.00913240785,8170608,8.354947951752486e-16,2.0360507235167704e-14
20260622_161419,2026-06-22T16:14:19.121,ill_conditioned,short_wide,256,1024,4.000000,20260313,1,bsqr_full,0.010047541,0.010489417000000001,0.0100617394,0.013805900149999998,7237200,8.185742165631891e-16,2.0183945342832246e-14
20260622_161419,2026-06-22T16:14:19.121,ill_conditioned,short_wide,256,1024,4.000000,20260313,1,dgeqp3,0.00778775,0.0081116875,0.0077895016,0.013750215049999997,9358128,9.279200593542709e-16,2.0199102154183737e-14
20260622_161419,2026-06-22T16:14:19.121,ill_conditioned,short_wide,256,1024,4.000000,20260313,1,bsqr_rinv,0.01016475,0.010493833000000001,0.010167196875,0.015297867525000002,8810144,8.185742165631891e-16,2.0183945342832246e-14
20260622_161419,2026-06-22T16:14:19.121,ill_conditioned,short_wide,256,1024,4.000000,20260313,1,dgeqp3_trsm,0.008566875,0.009564979500000001,0.008615752325,0.01287006345,15649904,9.279200593542709e-16,2.0199102154183737e-14
20260622_161419,2026-06-22T16:14:19.121,ill_conditioned,short_wide,256,2048,8.000000,20260313,1,bsqr_full,0.020280458,0.0208274165,0.0203276439,0.024455329875,13824560,8.501786097866628e-16,2.008140529565447e-14
20260622_161419,2026-06-22T16:14:19.121,ill_conditioned,short_wide,256,2048,8.000000,20260313,1,dgeqp3,0.015729167000000002,0.016828271000000002,0.01574840995,0.019627047975,18058032,8.82876226778569e-16,2.088790885979563e-14
20260622_161419,2026-06-22T16:14:19.121,ill_conditioned,short_wide,256,2048,8.000000,20260313,1,bsqr_rinv,0.020750750000000002,0.0215057505,0.020787603925000002,0.023947908275,17494656,8.501786097866628e-16,2.008140529565447e-14
20260622_161419,2026-06-22T16:14:19.121,ill_conditioned,short_wide,256,2048,8.000000,20260313,1,dgeqp3_trsm,0.017578542000000003,0.018849333500000003,0.017722453775,0.03032195407499997,30641264,8.82876226778569e-16,2.088790885979563e-14
20260622_161419,2026-06-22T16:14:19.121,ill_conditioned,short_wide,256,2560,10.000000,20260313,1,bsqr_full,0.025009916,0.026507396000000003,0.025303390925000002,0.029063239675,17151056,8.469979167453894e-16,1.9862714073482574e-14
20260622_161419,2026-06-22T16:14:19.121,ill_conditioned,short_wide,256,2560,10.000000,20260313,1,dgeqp3,0.019556458000000002,0.0206502915,0.019598689975,0.03218604077499995,22391600,8.873702443134633e-16,2.045551887592797e-14
20260622_161419,2026-06-22T16:14:19.121,ill_conditioned,short_wide,256,2560,10.000000,20260313,1,bsqr_rinv,0.025768500000000003,0.027247271,0.025776414100000002,0.040844054724999954,21869728,8.469979167453894e-16,1.9862714073482574e-14
20260622_161419,2026-06-22T16:14:19.121,ill_conditioned,short_wide,256,2560,10.000000,20260313,1,dgeqp3_trsm,0.021842375,0.023375646,0.021930371875,0.05738300735,38120560,8.873702443134633e-16,2.045551887592797e-14
20260622_161419,2026-06-22T16:14:19.121,ill_conditioned,short_wide,512,1024,2.000000,20260313,1,bsqr_full,0.026266625000000002,0.0276295415,0.026310879725000003,0.03130185,15187024,1.0902932972834867e-15,3.822467978339067e-14
20260622_161419,2026-06-22T16:14:19.121,ill_conditioned,short_wide,512,1024,2.000000,20260313,1,dgeqp3,0.020831458,0.022624146,0.020865230675,0.03467180487499996,19387184,1.1141845089150542e-15,3.845103043146415e-14
20260622_161419,2026-06-22T16:14:19.121,ill_conditioned,short_wide,512,1024,2.000000,20260313,1,bsqr_rinv,0.026599833000000003,0.0282823125,0.026638318900000003,0.031330538725,17284256,1.0902932972834867e-15,3.822467978339067e-14
20260622_161419,2026-06-22T16:14:19.121,ill_conditioned,short_wide,512,1024,2.000000,20260313,1,dgeqp3_trsm,0.022855792,0.024366625000000003,0.022870140475000002,0.03621506752499997,31970416,1.1141845089150542e-15,3.845103043146415e-14
20260622_161419,2026-06-22T16:14:19.121,ill_conditioned,short_wide,512,2048,4.000000,20260313,1,bsqr_full,0.053799208,0.0563816045,0.053863823625,0.06804674862499996,28080720,1.1164950893651707e-15,3.8814154193639696e-14
20260622_161419,2026-06-22T16:14:19.121,ill_conditioned,short_wide,512,2048,4.000000,20260313,1,dgeqp3,0.042311875000000006,0.0441693955,0.042473640625,0.07838562122500001,36475696,1.1798198143978115e-15,3.9005175365980594e-14
20260622_161419,2026-06-22T16:14:19.121,ill_conditioned,short_wide,512,2048,4.000000,20260313,1,bsqr_rinv,0.05463720800000001,0.057307083,0.054711490050000006,0.085866910475,34372256,1.1164950893651707e-15,3.8814154193639696e-14
20260622_161419,2026-06-22T16:14:19.121,ill_conditioned,short_wide,512,2048,4.000000,20260313,1,dgeqp3_trsm,0.047041625000000004,0.049785750000000004,0.04754139215,0.08242345625,61641840,1.1798198143978115e-15,3.9005175365980594e-14
20260622_161419,2026-06-22T16:14:19.121,ill_conditioned,short_wide,512,4096,8.000000,20260313,1,bsqr_full,0.176232833,0.182480834,0.17646442280000002,0.21717180835,62259824,1.1259682276723266e-15,3.82693124456478e-14
20260622_161419,2026-06-22T16:14:19.121,ill_conditioned,short_wide,512,4096,8.000000,20260313,1,dgeqp3,0.10249050000000001,0.10575081250000001,0.10265471250000001,0.13901529172500002,85300016,1.1488278694240775e-15,3.829978183175094e-14
20260622_161419,2026-06-22T16:14:19.121,ill_conditioned,short_wide,512,4096,8.000000,20260313,1,bsqr_rinv,0.17906116700000002,0.1914134795,0.18084239075000003,0.22124214074999998,81134272,1.1259682276723266e-15,3.82693124456478e-14
20260622_161419,2026-06-22T16:14:19.121,ill_conditioned,short_wide,512,4096,8.000000,20260313,1,dgeqp3_trsm,0.103692583,0.13462666650000002,0.10485783925,0.201819313725,144020592,1.1488278694240775e-15,3.829978183175094e-14
20260622_161419,2026-06-22T16:14:19.121,ill_conditioned,short_wide,512,5120,10.000000,20260313,1,bsqr_full,0.306122375,0.3086727495,0.306296296625,0.34399421875,67143312,1.1703765469041023e-15,3.856473746010105e-14
20260622_161419,2026-06-22T16:14:19.121,ill_conditioned,short_wide,512,5120,10.000000,20260313,1,dgeqp3,0.164445333,0.173380167,0.1661710374,0.20840714990000003,87724848,1.2446072879077348e-15,3.875254894295104e-14
20260622_161419,2026-06-22T16:14:19.121,ill_conditioned,short_wide,512,5120,10.000000,20260313,1,bsqr_rinv,0.30737925,0.31012014600000004,0.30798065625,0.3432058495,86017760,1.1703765469041023e-15,3.856473746010105e-14
20260622_161419,2026-06-22T16:14:19.121,ill_conditioned,short_wide,512,5120,10.000000,20260313,1,dgeqp3_trsm,0.181250334,0.19013404150000002,0.18206356275000002,0.22469495312499993,150639728,1.2446072879077348e-15,3.875254894295104e-14
20260622_161419,2026-06-22T16:14:19.121,orthonormal_rows,square,64,64,1.000000,20260313,1,bsqr_full,6.5667e-5,6.625e-5,6.5667e-5,7.737892499999998e-5,154336,5.669837238368913e-16,5.246257340559009e-15
20260622_161419,2026-06-22T16:14:19.121,orthonormal_rows,square,64,64,1.000000,20260313,1,dgeqp3,5.7333e-5,5.78335e-5,5.7333e-5,6.369062499999999e-5,249648,6.594285580384761e-16,6.2917215232648114e-15
20260622_161419,2026-06-22T16:14:19.121,orthonormal_rows,square,64,64,1.000000,20260313,1,bsqr_rinv,7.254100000000001e-5,7.42915e-5,7.3115925e-5,8.191844999999999e-5,154384,5.669837238368913e-16,5.246257340559009e-15
20260622_161419,2026-06-22T16:14:19.121,orthonormal_rows,square,64,64,1.000000,20260313,1,dgeqp3_trsm,5.6917000000000004e-5,6.345850000000001e-5,5.7007625e-5,6.9610025e-5,249648,6.594285580384761e-16,6.2917215232648114e-15
20260622_161419,2026-06-22T16:14:19.121,orthonormal_rows,square,128,128,1.000000,20260313,1,bsqr_full,0.00042575,0.00044175050000000004,0.00042849920000000006,0.00044959375,569920,7.680987090179026e-16,9.91179698008748e-15
20260622_161419,2026-06-22T16:14:19.121,orthonormal_rows,square,128,128,1.000000,20260313,1,dgeqp3,0.000271041,0.000298333,0.00027629725,0.00030791330000000004,823184,8.506874276961963e-16,1.1025438869614885e-14
20260622_161419,2026-06-22T16:14:19.121,orthonormal_rows,square,128,128,1.000000,20260313,1,bsqr_rinv,0.000424083,0.0004399375,0.00042640880000000003,0.00045214455,569968,7.680987090179026e-16,9.91179698008748e-15
20260622_161419,2026-06-22T16:14:19.121,orthonormal_rows,square,128,128,1.000000,20260313,1,dgeqp3_trsm,0.00026379100000000004,0.0002993545,0.0002658761,0.00031154767500000003,823184,8.506874276961963e-16,1.1025438869614885e-14
20260622_161419,2026-06-22T16:14:19.121,orthonormal_rows,square,256,256,1.000000,20260313,1,bsqr_full,0.00248275,0.002651792,0.0024891539250000002,0.003572447825,2273616,9.910426909686947e-16,2.0188216942916112e-14
20260622_161419,2026-06-22T16:14:19.121,orthonormal_rows,square,256,256,1.000000,20260313,1,dgeqp3,0.0020123750000000003,0.0021188545,0.002026965625,0.0023948304499999988,2857776,1.02321664876321e-15,2.0584146249778086e-14
20260622_161419,2026-06-22T16:14:19.121,orthonormal_rows,square,256,256,1.000000,20260313,1,bsqr_rinv,0.0024833340000000002,0.0025365625,0.0024834848,0.002888447675,2273664,9.910426909686947e-16,2.0188216942916112e-14
20260622_161419,2026-06-22T16:14:19.121,orthonormal_rows,square,256,256,1.000000,20260313,1,dgeqp3_trsm,0.002000708,0.002118521,0.00202378765,0.0023282468749999995,2857776,1.02321664876321e-15,2.0584146249778086e-14
20260622_161419,2026-06-22T16:14:19.121,orthonormal_rows,square,384,384,1.000000,20260313,1,bsqr_full,0.005343584,0.005490229,0.0054136973,0.006493461700000001,4982256,1.1755162063532013e-15,2.959468798519838e-14
20260622_161419,2026-06-22T16:14:19.121,orthonormal_rows,square,384,384,1.000000,20260313,1,dgeqp3,0.004444542,0.0046086245,0.0044486803000000005,0.005335249999999999,6203184,1.1972591903975636e-15,2.979893328689783e-14
20260622_161419,2026-06-22T16:14:19.121,orthonormal_rows,square,384,384,1.000000,20260313,1,bsqr_rinv,0.005263,0.0053890205,0.0053110617,0.006641310325,4982304,1.1755162063532013e-15,2.959468798519838e-14
20260622_161419,2026-06-22T16:14:19.121,orthonormal_rows,square,384,384,1.000000,20260313,1,dgeqp3_trsm,0.004143917,0.0045410835,0.004231551375,0.00864033845,6203184,1.1972591903975636e-15,2.979893328689783e-14
20260622_161419,2026-06-22T16:14:19.121,orthonormal_rows,square,512,512,1.000000,20260313,1,bsqr_full,0.011747375000000001,0.011872812,0.01178743125,0.01364705,8739440,1.32399464156463e-15,3.8616251281510426e-14
20260622_161419,2026-06-22T16:14:19.121,orthonormal_rows,square,512,512,1.000000,20260313,1,dgeqp3,0.009242458,0.009571063000000001,0.0092472314,0.011620644125,10859312,1.3385189253729412e-15,3.819982766726195e-14
20260622_161419,2026-06-22T16:14:19.121,orthonormal_rows,square,512,512,1.000000,20260313,1,bsqr_rinv,0.012130625,0.012309396,0.012155818750000002,0.0150532045,8739488,1.32399464156463e-15,3.8616251281510426e-14
20260622_161419,2026-06-22T16:14:19.121,orthonormal_rows,square,512,512,1.000000,20260313,1,dgeqp3_trsm,0.009170583000000001,0.0101843125,0.009206380600000001,0.016026277324999998,10859312,1.3385189253729412e-15,3.819982766726195e-14
20260622_161419,2026-06-22T16:14:19.121,orthonormal_rows,short_wide,32,64,2.000000,20260313,1,bsqr_full,2.5458000000000003e-5,2.59375e-5,2.5488450000000005e-5,3.281779999999998e-5,72160,5.401436308999979e-16,3.2355848477325273e-15
20260622_161419,2026-06-22T16:14:19.121,orthonormal_rows,short_wide,32,64,2.000000,20260313,1,dgeqp3,1.9042e-5,1.95e-5,1.9132625000000002e-5,2.5167649999999993e-5,159280,6.02472466375673e-16,3.4631921586664446e-15
20260622_161419,2026-06-22T16:14:19.121,orthonormal_rows,short_wide,32,64,2.000000,20260313,1,bsqr_rinv,2.65e-5,2.6916500000000002e-5,2.6560900000000002e-5,3.263502499999998e-5,80432,5.401436308999979e-16,3.2355848477325273e-15
20260622_161419,2026-06-22T16:14:19.121,orthonormal_rows,short_wide,32,64,2.000000,20260313,1,dgeqp3_trsm,2.3792000000000002e-5,2.9021000000000002e-5,2.4033425e-5,3.6379725e-5,208752,6.02472466375673e-16,3.4631921586664446e-15
20260622_161419,2026-06-22T16:14:19.121,orthonormal_rows,short_wide,32,128,4.000000,20260313,1,bsqr_full,4.4750000000000004e-5,4.5458500000000005e-5,4.478045e-5,5.536329999999997e-5,126752,5.949708817836108e-16,3.449787848010539e-15
20260622_161419,2026-06-22T16:14:19.121,orthonormal_rows,short_wide,32,128,4.000000,20260313,1,dgeqp3,3.1167e-5,3.2041e-5,3.152877500000001e-5,3.716874999999998e-5,273520,6.180349718390934e-16,3.51947211935316e-15
20260622_161419,2026-06-22T16:14:19.121,orthonormal_rows,short_wide,32,128,4.000000,20260313,1,bsqr_rinv,4.6041e-5,4.6458e-5,4.6071450000000004e-5,5.5248249999999974e-5,151408,5.949708817836108e-16,3.449787848010539e-15
20260622_161419,2026-06-22T16:14:19.121,orthonormal_rows,short_wide,32,128,4.000000,20260313,1,dgeqp3_trsm,4.3792000000000004e-5,4.4542e-5,4.3882625e-5,6.43992e-5,372144,6.180349718390934e-16,3.51947211935316e-15
20260622_161419,2026-06-22T16:14:19.121,orthonormal_rows,short_wide,32,256,8.000000,20260313,1,bsqr_full,8.5041e-5,9.285450000000001e-5,8.5192525e-5,9.860899999999999e-5,234976,6.162243250993103e-16,3.316940227848201e-15
20260622_161419,2026-06-22T16:14:19.121,orthonormal_rows,short_wide,32,256,8.000000,20260313,1,dgeqp3,5.3833000000000004e-5,6.5271e-5,5.40447e-5,6.9699425e-5,439344,6.25024276554742e-16,3.475273902814995e-15
20260622_161419,2026-06-22T16:14:19.121,orthonormal_rows,short_wide,32,256,8.000000,20260313,1,bsqr_rinv,8.9083e-5,9.527050000000001e-5,8.9505675e-5,0.000103452325,300592,6.162243250993103e-16,3.316940227848201e-15
20260622_161419,2026-06-22T16:14:19.121,orthonormal_rows,short_wide,32,256,8.000000,20260313,1,dgeqp3_trsm,7.5042e-5,9.233300000000001e-5,7.537405e-5,9.309455e-5,644464,6.25024276554742e-16,3.475273902814995e-15
20260622_161419,2026-06-22T16:14:19.121,orthonormal_rows,short_wide,32,320,10.000000,20260313,1,bsqr_full,0.00011204200000000001,0.00012014600000000001,0.00011222325,0.00012298095000000002,338400,5.095747000040908e-16,2.8131052411241707e-15
20260622_161419,2026-06-22T16:14:19.121,orthonormal_rows,short_wide,32,320,10.000000,20260313,1,dgeqp3,6.4916e-5,8.0375e-5,6.49769e-5,8.498437499999999e-5,571440,6.112949092226135e-16,3.316606378292106e-15
20260622_161419,2026-06-22T16:14:19.121,orthonormal_rows,short_wide,32,320,10.000000,20260313,1,bsqr_rinv,0.00011650000000000001,0.000128813,0.0001170133,0.000131828275,436784,5.095747000040908e-16,2.8131052411241707e-15
20260622_161419,2026-06-22T16:14:19.121,orthonormal_rows,short_wide,32,320,10.000000,20260313,1,dgeqp3_trsm,8.8917e-5,0.0001097915,8.9642e-5,0.000112129875,874864,6.112949092226135e-16,3.316606378292106e-15
20260622_161419,2026-06-22T16:14:19.121,orthonormal_rows,short_wide,64,128,2.000000,20260313,1,bsqr_full,0.000124167,0.00013314550000000002,0.00012440842500000001,0.0001435761,258080,6.557820800448121e-16,5.3759323427231906e-15
20260622_161419,2026-06-22T16:14:19.121,orthonormal_rows,short_wide,64,128,2.000000,20260313,1,dgeqp3,9.025000000000001e-5,0.0001006455,9.028045e-5,0.00010608452499999999,429424,7.616478165342665e-16,6.522355579162281e-15
20260622_161419,2026-06-22T16:14:19.121,orthonormal_rows,short_wide,64,128,2.000000,20260313,1,bsqr_rinv,0.00012708400000000002,0.0001356045,0.000127144175,0.0001413338,290928,6.557820800448121e-16,5.3759323427231906e-15
20260622_161419,2026-06-22T16:14:19.121,orthonormal_rows,short_wide,64,128,2.000000,20260313,1,dgeqp3_trsm,0.00010783300000000001,0.00011956250000000001,0.00010789390000000001,0.00012281280000000003,626352,7.616478165342665e-16,6.522355579162281e-15
20260622_161419,2026-06-22T16:14:19.121,orthonormal_rows,short_wide,64,256,4.000000,20260313,1,bsqr_full,0.000301583,0.000313792,0.00030400015,0.00032225655,464608,7.460223882707117e-16,6.121109974111477e-15
20260622_161419,2026-06-22T16:14:19.121,orthonormal_rows,short_wide,64,256,4.000000,20260313,1,dgeqp3,0.000164,0.0001845,0.00016409062500000003,0.00018732637500000002,726320,7.989149044972913e-16,6.444134682315914e-15
20260622_161419,2026-06-22T16:14:19.121,orthonormal_rows,short_wide,64,256,4.000000,20260313,1,bsqr_rinv,0.00029637500000000003,0.00032285450000000003,0.00029821795000000003,0.00033670175000000005,562992,7.460223882707117e-16,6.121109974111477e-15
20260622_161419,2026-06-22T16:14:19.121,orthonormal_rows,short_wide,64,256,4.000000,20260313,1,dgeqp3_trsm,0.000193875,0.00023472950000000002,0.00019671482500000002,0.00024303845000000002,1119856,7.989149044972913e-16,6.444134682315914e-15
20260622_161419,2026-06-22T16:14:19.121,orthonormal_rows,short_wide,64,512,8.000000,20260313,1,bsqr_full,0.0007561670000000001,0.0007856670000000001,0.0007562271750000001,0.0007988845250000001,1002512,7.475103491638962e-16,5.6750440083228005e-15
20260622_161419,2026-06-22T16:14:19.121,orthonormal_rows,short_wide,64,512,8.000000,20260313,1,dgeqp3,0.00048341700000000004,0.00048802050000000004,0.00048396002500000003,0.00051266315,1320240,7.543509146936655e-16,6.060325015370593e-15
20260622_161419,2026-06-22T16:14:19.121,orthonormal_rows,short_wide,64,512,8.000000,20260313,1,bsqr_rinv,0.0008015,0.0008127500000000001,0.00080204375,0.0008263918500000001,1231968,7.475103491638962e-16,5.6750440083228005e-15
20260622_161419,2026-06-22T16:14:19.121,orthonormal_rows,short_wide,64,512,8.000000,20260313,1,dgeqp3_trsm,0.0005002920000000001,0.0005662505000000001,0.000519020925,0.0009364562499999982,2106992,7.543509146936655e-16,6.060325015370593e-15
20260622_161419,2026-06-22T16:14:19.121,orthonormal_rows,short_wide,64,640,10.000000,20260313,1,bsqr_full,0.0009366250000000001,0.0009752295,0.0009400383,0.0010372814,1309840,7.602522537763837e-16,5.534792252840547e-15
20260622_161419,2026-06-22T16:14:19.121,orthonormal_rows,short_wide,64,640,10.000000,20260313,1,dgeqp3,0.0006002500000000001,0.0006431875,0.0006101585750000001,0.0019833351749999934,1617200,7.982722008574982e-16,6.598350209540396e-15
20260622_161419,2026-06-22T16:14:19.121,orthonormal_rows,short_wide,64,640,10.000000,20260313,1,bsqr_rinv,0.0009545830000000001,0.001010125,0.0009830088000000001,0.0012980226749999988,1604832,7.602522537763837e-16,5.534792252840547e-15
20260622_161419,2026-06-22T16:14:19.121,orthonormal_rows,short_wide,64,640,10.000000,20260313,1,dgeqp3_trsm,0.000707708,0.0007596250000000001,0.000709128275,0.0021293065499999935,2600560,7.982722008574982e-16,6.598350209540396e-15
20260622_161419,2026-06-22T16:14:19.121,orthonormal_rows,short_wide,128,256,2.000000,20260313,1,bsqr_full,0.001022708,0.001061,0.00102941425,0.0010776290750000002,1045776,9.32505268766615e-16,1.0376925893561221e-14
20260622_161419,2026-06-22T16:14:19.121,orthonormal_rows,short_wide,128,256,2.000000,20260313,1,dgeqp3,0.0007210840000000001,0.0007711455,0.0007458543500000001,0.0008104652,1382224,9.508697649311883e-16,1.1160977593327528e-14
20260622_161419,2026-06-22T16:14:19.121,orthonormal_rows,short_wide,128,256,2.000000,20260313,1,bsqr_rinv,0.001038166,0.0010672705,0.0010395558250000001,0.00173517225,1176928,9.32505268766615e-16,1.0376925893561221e-14
20260622_161419,2026-06-22T16:14:19.121,orthonormal_rows,short_wide,128,256,2.000000,20260313,1,dgeqp3_trsm,0.000795792,0.000854062,0.0008165444,0.0015289892499999965,2168976,9.508697649311883e-16,1.1160977593327528e-14
20260622_161419,2026-06-22T16:14:19.121,orthonormal_rows,short_wide,128,512,4.000000,20260313,1,bsqr_full,0.0019203330000000002,0.0020992915000000003,0.0019681228250000003,0.0034992362749999934,1912368,9.604423962995922e-16,1.034180801514502e-14
20260622_161419,2026-06-22T16:14:19.121,orthonormal_rows,short_wide,128,512,4.000000,20260313,1,dgeqp3,0.001512834,0.001814208,0.0015319855999999998,0.003809137349999994,2500432,9.735818650044381e-16,1.0750977782755015e-14
20260622_161419,2026-06-22T16:14:19.121,orthonormal_rows,short_wide,128,512,4.000000,20260313,1,bsqr_rinv,0.001955708,0.0021419375,0.001979935325,0.004015073249999991,2305664,9.604423962995922e-16,1.034180801514502e-14
20260622_161419,2026-06-22T16:14:19.121,orthonormal_rows,short_wide,128,512,4.000000,20260313,1,dgeqp3_trsm,0.001724292,0.0019588125,0.0017278256500000001,0.004257587074999999,4073616,9.735818650044381e-16,1.0750977782755015e-14
20260622_161419,2026-06-22T16:14:19.121,orthonormal_rows,short_wide,128,1024,8.000000,20260313,1,bsqr_full,0.0039158330000000005,0.004076896,0.00392797675,0.0076722826249999996,3648112,9.220878262143705e-16,1.0003115057447824e-14
20260622_161419,2026-06-22T16:14:19.121,orthonormal_rows,short_wide,128,1024,8.000000,20260313,1,dgeqp3,0.0026707080000000004,0.0028996045000000002,0.002676417375,0.006996755449999999,4736848,9.343116565215658e-16,1.1211917405075003e-14
20260622_161419,2026-06-22T16:14:19.121,orthonormal_rows,short_wide,128,1024,8.000000,20260313,1,bsqr_rinv,0.0040407080000000005,0.004260229,0.004054634525000001,0.0078899027,4565696,9.220878262143705e-16,1.0003115057447824e-14
20260622_161419,2026-06-22T16:14:19.121,orthonormal_rows,short_wide,128,1024,8.000000,20260313,1,dgeqp3_trsm,0.0029934170000000004,0.0032883960000000003,0.0030806287,0.006353217949999995,7882896,9.343116565215658e-16,1.1211917405075003e-14
20260622_161419,2026-06-22T16:14:19.121,orthonormal_rows,short_wide,128,1280,10.000000,20260313,1,bsqr_full,0.005180292,0.005305000000000001,0.005181077175,0.009554759374999998,4557696,9.167715752570074e-16,1.0115321266924295e-14
20260622_161419,2026-06-22T16:14:19.121,orthonormal_rows,short_wide,128,1280,10.000000,20260313,1,dgeqp3,0.0033489590000000003,0.0036676665,0.0033586247,0.006375934374999995,5855056,9.49812489340606e-16,1.1309347674820149e-14
20260622_161419,2026-06-22T16:14:19.121,orthonormal_rows,short_wide,128,1280,10.000000,20260313,1,bsqr_rinv,0.005272042,0.0054207915,0.005272344325,0.008821331674999999,5737424,9.167715752570074e-16,1.0115321266924295e-14
20260622_161419,2026-06-22T16:14:19.121,orthonormal_rows,short_wide,128,1280,10.000000,20260313,1,dgeqp3_trsm,0.0036354580000000003,0.004007666500000001,0.00370514935,0.0069806302999999995,9787536,9.49812489340606e-16,1.1309347674820149e-14
20260622_161419,2026-06-22T16:14:19.121,orthonormal_rows,short_wide,256,512,2.000000,20260313,1,bsqr_full,0.004850833000000001,0.0049914375,0.0048612251500000005,0.008423749199999997,3928592,1.1435177385467294e-15,1.9764607075549717e-14
20260622_161419,2026-06-22T16:14:19.121,orthonormal_rows,short_wide,256,512,2.000000,20260313,1,dgeqp3,0.003747209,0.003892167,0.00375116605,0.0070795554499999995,5024560,1.1758940903388528e-15,2.0264997431758186e-14
20260622_161419,2026-06-22T16:14:19.121,orthonormal_rows,short_wide,256,512,2.000000,20260313,1,bsqr_rinv,0.004912666,0.0050159795,0.004928283950000001,0.008580029075,4452960,1.1435177385467294e-15,1.9764607075549717e-14
20260622_161419,2026-06-22T16:14:19.121,orthonormal_rows,short_wide,256,512,2.000000,20260313,1,dgeqp3_trsm,0.004067958,0.0042401045,0.0040793767500000005,0.006785368600000001,8170608,1.1758940903388528e-15,2.0264997431758186e-14
20260622_161419,2026-06-22T16:14:19.121,orthonormal_rows,short_wide,256,1024,4.000000,20260313,1,bsqr_full,0.009911458000000001,0.010188334,0.009929372025000001,0.01579975785,7237200,1.1871326843012122e-15,2.0159971336694018e-14
20260622_161419,2026-06-22T16:14:19.121,orthonormal_rows,short_wide,256,1024,4.000000,20260313,1,dgeqp3,0.006601916,0.006851770500000001,0.00662369645,0.010931038874999997,9358128,1.2095063182271715e-15,2.0283156965733687e-14
20260622_161419,2026-06-22T16:14:19.121,orthonormal_rows,short_wide,256,1024,4.000000,20260313,1,bsqr_rinv,0.010092792000000001,0.010715812500000001,0.010141789675000002,0.01516877405,8810144,1.1871326843012122e-15,2.0159971336694018e-14
20260622_161419,2026-06-22T16:14:19.121,orthonormal_rows,short_wide,256,1024,4.000000,20260313,1,dgeqp3_trsm,0.007467792000000001,0.007781667000000001,0.007490447525000001,0.010357649850000001,15649904,1.2095063182271715e-15,2.0283156965733687e-14
20260622_161419,2026-06-22T16:14:19.121,orthonormal_rows,short_wide,256,2048,8.000000,20260313,1,bsqr_full,0.020129916,0.021597771,0.0202318394,0.024995963599999997,13824560,1.1855473846605938e-15,1.981826154303571e-14
20260622_161419,2026-06-22T16:14:19.121,orthonormal_rows,short_wide,256,2048,8.000000,20260313,1,dgeqp3,0.01245425,0.013362812500000001,0.012524242225,0.01700705705,18058032,1.2113615093006533e-15,2.0354084245722283e-14
20260622_161419,2026-06-22T16:14:19.121,orthonormal_rows,short_wide,256,2048,8.000000,20260313,1,bsqr_rinv,0.020431167,0.0217540625,0.020466721724999998,0.03493638124999996,17494656,1.1855473846605938e-15,1.981826154303571e-14
20260622_161419,2026-06-22T16:14:19.121,orthonormal_rows,short_wide,256,2048,8.000000,20260313,1,dgeqp3_trsm,0.014446666,0.0156944795,0.01448388315,0.02909164687499996,30641264,1.2113615093006533e-15,2.0354084245722283e-14
20260622_161419,2026-06-22T16:14:19.121,orthonormal_rows,short_wide,256,2560,10.000000,20260313,1,bsqr_full,0.024611625,0.026079063000000003,0.024632982050000002,0.031415572525,17151056,1.2087052942962502e-15,2.0301157849148763e-14
20260622_161419,2026-06-22T16:14:19.121,orthonormal_rows,short_wide,256,2560,10.000000,20260313,1,dgeqp3,0.015362125,0.016593542,0.015440274200000003,0.026934318174999958,22391600,1.2130949490423424e-15,1.9966638635686343e-14
20260622_161419,2026-06-22T16:14:19.121,orthonormal_rows,short_wide,256,2560,10.000000,20260313,1,bsqr_rinv,0.025150292,0.026188604,0.025154852975000003,0.03778690122499996,21869728,1.2087052942962502e-15,2.0301157849148763e-14
20260622_161419,2026-06-22T16:14:19.121,orthonormal_rows,short_wide,256,2560,10.000000,20260313,1,dgeqp3_trsm,0.017538666,0.018778291500000002,0.017623430825,0.048446123774999995,38120560,1.2130949490423424e-15,1.9966638635686343e-14
20260622_161419,2026-06-22T16:14:19.121,orthonormal_rows,short_wide,512,1024,2.000000,20260313,1,bsqr_full,0.025525000000000003,0.027331167000000003,0.02592103125,0.02959208205,15187024,1.5125634634953193e-15,3.820254950922549e-14
20260622_161419,2026-06-22T16:14:19.121,orthonormal_rows,short_wide,512,1024,2.000000,20260313,1,dgeqp3,0.016905333,0.018745479500000002,0.017107698625,0.0218608109,19387184,1.5410603841283584e-15,3.816410353491997e-14
20260622_161419,2026-06-22T16:14:19.121,orthonormal_rows,short_wide,512,1024,2.000000,20260313,1,bsqr_rinv,0.026928667000000003,0.029381166500000003,0.027385899850000003,0.07649417419999999,17284256,1.5125634634953193e-15,3.820254950922549e-14
20260622_161419,2026-06-22T16:14:19.121,orthonormal_rows,short_wide,512,1024,2.000000,20260313,1,dgeqp3_trsm,0.019260541000000003,0.021387,0.0193486894,0.04076142542499997,31970416,1.5410603841283584e-15,3.816410353491997e-14
20260622_161419,2026-06-22T16:14:19.121,orthonormal_rows,short_wide,512,2048,4.000000,20260313,1,bsqr_full,0.055530458000000005,0.059388062500000005,0.055612081400000006,0.1064851689,28080720,1.5756345322535872e-15,3.8508264668155785e-14
20260622_161419,2026-06-22T16:14:19.121,orthonormal_rows,short_wide,512,2048,4.000000,20260313,1,dgeqp3,0.03661525,0.039740375,0.036725328924999995,0.04787402949999999,36475696,1.590741614013972e-15,3.7906251469587736e-14
20260622_161419,2026-06-22T16:14:19.121,orthonormal_rows,short_wide,512,2048,4.000000,20260313,1,bsqr_rinv,0.060269041,0.0659873745,0.060772312800000006,0.10402766467499999,34372256,1.5756345322535872e-15,3.8508264668155785e-14
20260622_161419,2026-06-22T16:14:19.121,orthonormal_rows,short_wide,512,2048,4.000000,20260313,1,dgeqp3_trsm,0.039864333,0.0457845835,0.0399132705,0.092171233275,61641840,1.590741614013972e-15,3.7906251469587736e-14
20260622_161419,2026-06-22T16:14:19.121,orthonormal_rows,short_wide,512,4096,8.000000,20260313,1,bsqr_full,0.208986833,0.2494580415,0.212173217375,0.462961256775,62259824,1.6039556992107331e-15,3.864390829784272e-14
20260622_161419,2026-06-22T16:14:19.121,orthonormal_rows,short_wide,512,4096,8.000000,20260313,1,dgeqp3,0.07926395900000001,0.08518470850000001,0.08033094730000001,0.13207715879999998,83202864,1.6350161769723668e-15,3.835171733576172e-14
20260622_161419,2026-06-22T16:14:19.121,orthonormal_rows,short_wide,512,4096,8.000000,20260313,1,bsqr_rinv,0.177379333,0.29273631250000004,0.1803080437,0.45983610222500004,83231424,1.6039556992107331e-15,3.864390829784272e-14
20260622_161419,2026-06-22T16:14:19.121,orthonormal_rows,short_wide,512,4096,8.000000,20260313,1,dgeqp3_trsm,0.086447917,0.09436941650000001,0.0867512686,0.1450400356,141923440,1.6350161769723668e-15,3.835171733576172e-14
20260622_161419,2026-06-22T16:14:19.121,orthonormal_rows,short_wide,512,5120,10.000000,20260313,1,bsqr_full,0.35073195900000004,0.37460774950000003,0.35383262117500003,0.4402236769750001,67143312,1.600767621554237e-15,3.840579258757688e-14
20260622_161419,2026-06-22T16:14:19.121,orthonormal_rows,short_wide,512,5120,10.000000,20260313,1,dgeqp3,0.170996166,0.20018493750000002,0.171117179925,0.2817855384,87724848,1.6379817617286726e-15,3.8304044350133296e-14
20260622_161419,2026-06-22T16:14:19.121,orthonormal_rows,short_wide,512,5120,10.000000,20260313,1,bsqr_rinv,0.442502375,0.598802041,0.4480990666,0.6741671920000001,86017760,1.600767621554237e-15,3.840579258757688e-14
20260622_161419,2026-06-22T16:14:19.121,orthonormal_rows,short_wide,512,5120,10.000000,20260313,1,dgeqp3_trsm,0.17658558400000002,0.213608084,0.18057512285000002,0.2748627833,150639728,1.6379817617286726e-15,3.8304044350133296e-14
20260622_161419,2026-06-22T16:14:19.121,gaussian,square,64,64,1.000000,20260314,1,bsqr_full,6.612500000000001e-5,6.666650000000001e-5,6.615545000000001e-5,7.833924999999997e-5,154336,5.465783048054313e-16,5.699837430935465e-15
20260622_161419,2026-06-22T16:14:19.121,gaussian,square,64,64,1.000000,20260314,1,dgeqp3,5.7167000000000003e-5,5.8604500000000004e-5,5.73178e-5,6.564142499999997e-5,249648,5.835149743505014e-16,6.698802513112806e-15
20260622_161419,2026-06-22T16:14:19.121,gaussian,square,64,64,1.000000,20260314,1,bsqr_rinv,6.545800000000001e-5,6.63125e-5,6.554935e-5,8.293109999999998e-5,154384,5.465783048054313e-16,5.699837430935465e-15
20260622_161419,2026-06-22T16:14:19.121,gaussian,square,64,64,1.000000,20260314,1,dgeqp3_trsm,6.25e-5,6.537450000000001e-5,6.274215e-5,7.292637499999999e-5,249648,5.835149743505014e-16,6.698802513112806e-15
20260622_161419,2026-06-22T16:14:19.121,gaussian,square,128,128,1.000000,20260314,1,bsqr_full,0.000431875,0.00044302050000000003,0.000436195275,0.00048020545,569920,7.242286851376532e-16,1.0257728192606141e-14
20260622_161419,2026-06-22T16:14:19.121,gaussian,square,128,128,1.000000,20260314,1,dgeqp3,0.000270833,0.0003031875,0.000276572825,0.00032349550000000004,823184,7.203783030524703e-16,1.1034174141850015e-14
20260622_161419,2026-06-22T16:14:19.121,gaussian,square,128,128,1.000000,20260314,1,bsqr_rinv,0.000437875,0.0004445005,0.00043820705,0.000452570925,569968,7.242286851376532e-16,1.0257728192606141e-14
20260622_161419,2026-06-22T16:14:19.121,gaussian,square,128,128,1.000000,20260314,1,dgeqp3_trsm,0.000272834,0.00030531250000000003,0.000273619175,0.0003308428,823184,7.203783030524703e-16,1.1034174141850015e-14
20260622_161419,2026-06-22T16:14:19.121,gaussian,square,256,256,1.000000,20260314,1,bsqr_full,0.0024781250000000003,0.0025737290000000003,0.0024790008,0.003032428499999999,2273616,9.056326868209464e-16,1.99222433419388e-14
20260622_161419,2026-06-22T16:14:19.121,gaussian,square,256,256,1.000000,20260314,1,dgeqp3,0.0017772500000000002,0.001946854,0.001817879725,0.0022854664249999995,2857776,9.360087951540032e-16,1.9928346667831733e-14
20260622_161419,2026-06-22T16:14:19.121,gaussian,square,256,256,1.000000,20260314,1,bsqr_rinv,0.002532458,0.0027877920000000003,0.0025872868500000003,0.0035573685999999985,2273664,9.056326868209464e-16,1.99222433419388e-14
20260622_161419,2026-06-22T16:14:19.121,gaussian,square,256,256,1.000000,20260314,1,dgeqp3_trsm,0.002079375,0.002188729,0.0020842085750000005,0.003584633424999997,2857776,9.360087951540032e-16,1.9928346667831733e-14
20260622_161419,2026-06-22T16:14:19.121,gaussian,square,384,384,1.000000,20260314,1,bsqr_full,0.0058616250000000005,0.007369687000000001,0.006004328925000001,0.010409188599999999,4982256,1.0678153236927994e-15,2.9403607139433854e-14
20260622_161419,2026-06-22T16:14:19.121,gaussian,square,384,384,1.000000,20260314,1,dgeqp3,0.004638041,0.005170791500000001,0.004650336275,0.007100106099999996,6203184,1.0879162558327746e-15,2.9800868746927475e-14
20260622_161419,2026-06-22T16:14:19.121,gaussian,square,384,384,1.000000,20260314,1,bsqr_rinv,0.005596500000000001,0.005825,0.005599007775,0.007988380599999999,4982304,1.0678153236927994e-15,2.9403607139433854e-14
20260622_161419,2026-06-22T16:14:19.121,gaussian,square,384,384,1.000000,20260314,1,dgeqp3_trsm,0.004400416,0.004578271,0.0044257011,0.005570477174999999,6203184,1.0879162558327746e-15,2.9800868746927475e-14
20260622_161419,2026-06-22T16:14:19.121,gaussian,square,512,512,1.000000,20260314,1,bsqr_full,0.011852417,0.0120635835,0.011853292800000002,0.014681582775,8739440,1.2187831749265287e-15,3.838545870774124e-14
20260622_161419,2026-06-22T16:14:19.121,gaussian,square,512,512,1.000000,20260314,1,dgeqp3,0.009232917,0.009387375,0.009235363875,0.0107569,10859312,1.2351956336965681e-15,3.873912203969625e-14
20260622_161419,2026-06-22T16:14:19.121,gaussian,square,512,512,1.000000,20260314,1,bsqr_rinv,0.011878792,0.012052541500000001,0.011884440475,0.013856152975000001,8739488,1.2187831749265287e-15,3.838545870774124e-14
20260622_161419,2026-06-22T16:14:19.121,gaussian,square,512,512,1.000000,20260314,1,dgeqp3_trsm,0.008917875,0.0096333335,0.00896206955,0.01289631795,10859312,1.2351956336965681e-15,3.873912203969625e-14
20260622_161419,2026-06-22T16:14:19.121,gaussian,short_wide,32,64,2.000000,20260314,1,bsqr_full,2.5792000000000003e-5,2.65835e-5,2.5882625e-5,3.959077499999997e-5,72160,5.307918584881057e-16,3.2744913224115165e-15
20260622_161419,2026-06-22T16:14:19.121,gaussian,short_wide,32,64,2.000000,20260314,1,dgeqp3,1.8917000000000002e-5,1.94375e-5,1.8977175000000004e-5,3.0432625e-5,159280,5.352876338511524e-16,3.391347564137023e-15
20260622_161419,2026-06-22T16:14:19.121,gaussian,short_wide,32,64,2.000000,20260314,1,bsqr_rinv,2.6375e-5,2.7041500000000002e-5,2.6585975e-5,3.331642499999998e-5,80432,5.307918584881057e-16,3.2744913224115165e-15
20260622_161419,2026-06-22T16:14:19.121,gaussian,short_wide,32,64,2.000000,20260314,1,dgeqp3_trsm,2.625e-5,3.0604e-5,2.6612500000000003e-5,3.977310000000001e-5,208752,5.352876338511524e-16,3.391347564137023e-15
20260622_161419,2026-06-22T16:14:19.121,gaussian,short_wide,32,128,4.000000,20260314,1,bsqr_full,4.4291e-5,4.4813000000000006e-5,4.4351900000000005e-5,5.0809374999999986e-5,126752,5.883573697040006e-16,3.418163901751136e-15
20260622_161419,2026-06-22T16:14:19.121,gaussian,short_wide,32,128,4.000000,20260314,1,dgeqp3,3.2125e-5,3.3021e-5,3.2125e-5,4.346169999999997e-5,273520,5.580941492868258e-16,3.3882267299892526e-15
20260622_161419,2026-06-22T16:14:19.121,gaussian,short_wide,32,128,4.000000,20260314,1,bsqr_rinv,4.6375e-5,4.6812500000000006e-5,4.6375e-5,5.430719999999998e-5,151408,5.883573697040006e-16,3.418163901751136e-15
20260622_161419,2026-06-22T16:14:19.121,gaussian,short_wide,32,128,4.000000,20260314,1,dgeqp3_trsm,4.5375000000000005e-5,4.65625e-5,4.543517500000001e-5,6.011752499999999e-5,372144,5.580941492868258e-16,3.3882267299892526e-15
20260622_161419,2026-06-22T16:14:19.121,gaussian,short_wide,32,256,8.000000,20260314,1,bsqr_full,8.979100000000001e-5,9.406300000000001e-5,9.11511e-5,0.000100271075,234976,6.611707718669343e-16,3.896236574413586e-15
20260622_161419,2026-06-22T16:14:19.121,gaussian,short_wide,32,256,8.000000,20260314,1,dgeqp3,5.9666e-5,6.64165e-5,6.0209750000000004e-5,7.995014999999996e-5,439344,6.354754711325523e-16,3.626283697120813e-15
20260622_161419,2026-06-22T16:14:19.121,gaussian,short_wide,32,256,8.000000,20260314,1,bsqr_rinv,8.9917e-5,0.00010075000000000001,9.0822525e-5,0.00010567675000000001,300592,6.611707718669343e-16,3.896236574413586e-15
20260622_161419,2026-06-22T16:14:19.121,gaussian,short_wide,32,256,8.000000,20260314,1,dgeqp3_trsm,8.0041e-5,9.391650000000001e-5,8.049412500000001e-5,9.8003125e-5,644464,6.354754711325523e-16,3.626283697120813e-15
20260622_161419,2026-06-22T16:14:19.121,gaussian,short_wide,32,320,10.000000,20260314,1,bsqr_full,0.00011233300000000001,0.000121688,0.0001132088,0.0001270641,338400,5.537338838824646e-16,3.2048875402118395e-15
20260622_161419,2026-06-22T16:14:19.121,gaussian,short_wide,32,320,10.000000,20260314,1,dgeqp3,6.6875e-5,7.954150000000001e-5,7.125545000000001e-5,8.134455e-5,571440,6.162210454698243e-16,3.5409877947114986e-15
20260622_161419,2026-06-22T16:14:19.121,gaussian,short_wide,32,320,10.000000,20260314,1,bsqr_rinv,0.000116334,0.000129271,0.00011775355000000001,0.000133213725,436784,5.537338838824646e-16,3.2048875402118395e-15
20260622_161419,2026-06-22T16:14:19.121,gaussian,short_wide,32,320,10.000000,20260314,1,dgeqp3_trsm,9.412500000000001e-5,0.00011072950000000001,9.63e-5,0.00011248967500000001,874864,6.162210454698243e-16,3.5409877947114986e-15
20260622_161419,2026-06-22T16:14:19.121,gaussian,short_wide,64,128,2.000000,20260314,1,bsqr_full,0.000131542,0.00013304200000000002,0.00013175297500000002,0.00014101955,258080,6.531777737252058e-16,5.4501280080274285e-15
20260622_161419,2026-06-22T16:14:19.121,gaussian,short_wide,64,128,2.000000,20260314,1,dgeqp3,9.0542e-5,0.0001010835,9.0964675e-5,0.00010375327499999999,429424,6.745937158220357e-16,6.353275041938365e-15
20260622_161419,2026-06-22T16:14:19.121,gaussian,short_wide,64,128,2.000000,20260314,1,bsqr_rinv,0.000129083,0.000135604,0.00012989935,0.00014487827500000002,290928,6.531777737252058e-16,5.4501280080274285e-15
20260622_161419,2026-06-22T16:14:19.121,gaussian,short_wide,64,128,2.000000,20260314,1,dgeqp3_trsm,0.000103417,0.000119958,0.000105047525,0.00013875487500000002,626352,6.745937158220357e-16,6.353275041938365e-15
20260622_161419,2026-06-22T16:14:19.121,gaussian,short_wide,64,256,4.000000,20260314,1,bsqr_full,0.0003105,0.0003178335,0.00031062107500000005,0.000330030875,464608,7.163360837097747e-16,5.732193051974494e-15
20260622_161419,2026-06-22T16:14:19.121,gaussian,short_wide,64,256,4.000000,20260314,1,dgeqp3,0.000164959,0.00018479150000000002,0.000165713725,0.000192535025,726320,7.377339696174065e-16,6.2292691835437104e-15
20260622_161419,2026-06-22T16:14:19.121,gaussian,short_wide,64,256,4.000000,20260314,1,bsqr_rinv,0.000315791,0.00033029150000000003,0.00031684877500000005,0.00033930327500000004,562992,7.163360837097747e-16,5.732193051974494e-15
20260622_161419,2026-06-22T16:14:19.121,gaussian,short_wide,64,256,4.000000,20260314,1,dgeqp3_trsm,0.00020125,0.00023120800000000003,0.00020602340000000003,0.0002453197,1119856,7.377339696174065e-16,6.2292691835437104e-15
20260622_161419,2026-06-22T16:14:19.121,gaussian,short_wide,64,512,8.000000,20260314,1,bsqr_full,0.000756583,0.0007895420000000001,0.000764467375,0.000818567375,1002512,7.807882796592828e-16,5.916129010351502e-15
20260622_161419,2026-06-22T16:14:19.121,gaussian,short_wide,64,512,8.000000,20260314,1,dgeqp3,0.00045770900000000005,0.0004895205000000001,0.00046637782500000003,0.0005018303000000001,1320240,7.973368509604724e-16,6.47269794222074e-15
20260622_161419,2026-06-22T16:14:19.121,gaussian,short_wide,64,512,8.000000,20260314,1,bsqr_rinv,0.000784291,0.0008146665000000001,0.000785892525,0.0008353540750000001,1231968,7.807882796592828e-16,5.916129010351502e-15
20260622_161419,2026-06-22T16:14:19.121,gaussian,short_wide,64,512,8.000000,20260314,1,dgeqp3_trsm,0.0005125840000000001,0.0005725,0.0005150004250000001,0.0008233351749999988,2106992,7.973368509604724e-16,6.47269794222074e-15
20260622_161419,2026-06-22T16:14:19.121,gaussian,short_wide,64,640,10.000000,20260314,1,bsqr_full,0.00097075,0.0009862920000000002,0.0009716258000000001,0.001018052025,1309840,7.891603467507081e-16,5.6991714650834855e-15
20260622_161419,2026-06-22T16:14:19.121,gaussian,short_wide,64,640,10.000000,20260314,1,dgeqp3,0.0005896250000000001,0.000651896,0.000606814025,0.0015268983999999956,1617200,7.708137296454529e-16,6.38031128315992e-15
20260622_161419,2026-06-22T16:14:19.121,gaussian,short_wide,64,640,10.000000,20260314,1,bsqr_rinv,0.0009620840000000001,0.0010158125,0.0009907512250000002,0.0020088734749999955,1604832,7.891603467507081e-16,5.6991714650834855e-15
20260622_161419,2026-06-22T16:14:19.121,gaussian,short_wide,64,640,10.000000,20260314,1,dgeqp3_trsm,0.0006836660000000001,0.0007652090000000001,0.000691309675,0.0017106800249999956,2600560,7.708137296454529e-16,6.38031128315992e-15
20260622_161419,2026-06-22T16:14:19.121,gaussian,short_wide,128,256,2.000000,20260314,1,bsqr_full,0.00101275,0.0010590620000000002,0.00102447035,0.001091909375,1045776,8.689421062187567e-16,1.0225195019371685e-14
20260622_161419,2026-06-22T16:14:19.121,gaussian,short_wide,128,256,2.000000,20260314,1,dgeqp3,0.000717458,0.0007641880000000001,0.000729148625,0.00079353845,1382224,8.693558942257383e-16,1.0795622673504266e-14
20260622_161419,2026-06-22T16:14:19.121,gaussian,short_wide,128,256,2.000000,20260314,1,bsqr_rinv,0.001036166,0.001072854,0.001048129225,0.0010874311,1176928,8.689421062187567e-16,1.0225195019371685e-14
20260622_161419,2026-06-22T16:14:19.121,gaussian,short_wide,128,256,2.000000,20260314,1,dgeqp3_trsm,0.0007701670000000001,0.0008524170000000001,0.0007864795,0.001439228924999997,2168976,8.693558942257383e-16,1.0795622673504266e-14
20260622_161419,2026-06-22T16:14:19.121,gaussian,short_wide,128,512,4.000000,20260314,1,bsqr_full,0.001952291,0.0021148960000000002,0.0019775761000000005,0.002622296874999998,1912368,9.234291483479374e-16,9.762632427812722e-15
20260622_161419,2026-06-22T16:14:19.121,gaussian,short_wide,128,512,4.000000,20260314,1,dgeqp3,0.001570708,0.0018217295000000002,0.0015955088,0.002178160324999999,2500432,9.560263700428629e-16,1.1453204369884713e-14
20260622_161419,2026-06-22T16:14:19.121,gaussian,short_wide,128,512,4.000000,20260314,1,bsqr_rinv,0.001946458,0.0021387710000000002,0.00199252595,0.0027122754249999975,2305664,9.234291483479374e-16,9.762632427812722e-15
20260622_161419,2026-06-22T16:14:19.121,gaussian,short_wide,128,512,4.000000,20260314,1,dgeqp3_trsm,0.001589417,0.0019771045,0.00164950065,0.004438378925,4073616,9.560263700428629e-16,1.1453204369884713e-14
20260622_161419,2026-06-22T16:14:19.121,gaussian,short_wide,128,1024,8.000000,20260314,1,bsqr_full,0.003847416,0.0040418125,0.00385128315,0.006230324999999998,3648112,9.113282525416038e-16,1.0057466313204148e-14
20260622_161419,2026-06-22T16:14:19.121,gaussian,short_wide,128,1024,8.000000,20260314,1,dgeqp3,0.0027095,0.002892729,0.002716357775,0.005966311699999999,4736848,9.084041496345966e-16,1.0772630048894165e-14
20260622_161419,2026-06-22T16:14:19.121,gaussian,short_wide,128,1024,8.000000,20260314,1,bsqr_rinv,0.0038958330000000005,0.0041873125,0.0039435322000000005,0.0056826338,4565696,9.113282525416038e-16,1.0057466313204148e-14
20260622_161419,2026-06-22T16:14:19.121,gaussian,short_wide,128,1024,8.000000,20260314,1,dgeqp3_trsm,0.002987083,0.0032438755000000004,0.00301792595,0.006055066849999997,7882896,9.084041496345966e-16,1.0772630048894165e-14
20260622_161419,2026-06-22T16:14:19.121,gaussian,short_wide,128,1280,10.000000,20260314,1,bsqr_full,0.005145542,0.005294500000000001,0.00516994985,0.008765436125,4557696,8.651888226003793e-16,9.461423956989797e-15
20260622_161419,2026-06-22T16:14:19.121,gaussian,short_wide,128,1280,10.000000,20260314,1,dgeqp3,0.003362625,0.0035439375,0.0033688781250000004,0.004594163449999999,5855056,9.179788829616238e-16,1.0826794461462715e-14
20260622_161419,2026-06-22T16:14:19.121,gaussian,short_wide,128,1280,10.000000,20260314,1,bsqr_rinv,0.005208750000000001,0.005397041500000001,0.005234639025,0.008103006549999998,5737424,8.651888226003793e-16,9.461423956989797e-15
20260622_161419,2026-06-22T16:14:19.121,gaussian,short_wide,128,1280,10.000000,20260314,1,dgeqp3_trsm,0.00376625,0.0039845835000000005,0.0038004460750000004,0.0058506004250000005,9787536,9.179788829616238e-16,1.0826794461462715e-14
20260622_161419,2026-06-22T16:14:19.121,gaussian,short_wide,256,512,2.000000,20260314,1,bsqr_full,0.004854084000000001,0.0049867290000000005,0.004870969975,0.007613160175,3928592,1.0880024156528448e-15,2.0371742106684354e-14
20260622_161419,2026-06-22T16:14:19.121,gaussian,short_wide,256,512,2.000000,20260314,1,dgeqp3,0.0037809170000000004,0.003854375,0.0037822459250000003,0.006072662499999999,5024560,1.1013711063459862e-15,2.013548717095951e-14
20260622_161419,2026-06-22T16:14:19.121,gaussian,short_wide,256,512,2.000000,20260314,1,bsqr_rinv,0.004935166,0.0050604165000000005,0.0049429902000000005,0.007958511275,4452960,1.0880024156528448e-15,2.0371742106684354e-14
20260622_161419,2026-06-22T16:14:19.121,gaussian,short_wide,256,512,2.000000,20260314,1,dgeqp3_trsm,0.004059875,0.00430375,0.004082289825,0.007656965999999998,8170608,1.1013711063459862e-15,2.013548717095951e-14
20260622_161419,2026-06-22T16:14:19.121,gaussian,short_wide,256,1024,4.000000,20260314,1,bsqr_full,0.00994075,0.010358645500000001,0.009972559375,0.01402129725,7237200,1.164832627970787e-15,2.0126732090720263e-14
20260622_161419,2026-06-22T16:14:19.121,gaussian,short_wide,256,1024,4.000000,20260314,1,dgeqp3,0.0065902090000000005,0.006878958,0.006606219175000001,0.01011520465,9358128,1.1920674471257616e-15,2.0811454483778942e-14
20260622_161419,2026-06-22T16:14:19.121,gaussian,short_wide,256,1024,4.000000,20260314,1,bsqr_rinv,0.010017416000000001,0.010437875000000001,0.010057593325000001,0.013874618749999998,8810144,1.164832627970787e-15,2.0126732090720263e-14
20260622_161419,2026-06-22T16:14:19.121,gaussian,short_wide,256,1024,4.000000,20260314,1,dgeqp3_trsm,0.007316208,0.008004625000000001,0.007384841575,0.00973484375,15649904,1.1920674471257616e-15,2.0811454483778942e-14
20260622_161419,2026-06-22T16:14:19.121,gaussian,short_wide,256,2048,8.000000,20260314,1,bsqr_full,0.0200965,0.0208267915,0.02011667965,0.023389664025000003,13824560,1.1695617306768875e-15,2.0034359632669846e-14
20260622_161419,2026-06-22T16:14:19.121,gaussian,short_wide,256,2048,8.000000,20260314,1,dgeqp3,0.012403042000000001,0.013253375500000001,0.0125199787,0.0160093947,18058032,1.2100965578752863e-15,2.0154499679387007e-14
20260622_161419,2026-06-22T16:14:19.121,gaussian,short_wide,256,2048,8.000000,20260314,1,bsqr_rinv,0.020344583000000003,0.0214282085,0.0204254814,0.03290421184999996,17494656,1.1695617306768875e-15,2.0034359632669846e-14
20260622_161419,2026-06-22T16:14:19.121,gaussian,short_wide,256,2048,8.000000,20260314,1,dgeqp3_trsm,0.014380375,0.015248229500000002,0.014395478925,0.026763633949999956,30641264,1.2100965578752863e-15,2.0154499679387007e-14
20260622_161419,2026-06-22T16:14:19.121,gaussian,short_wide,256,2560,10.000000,20260314,1,bsqr_full,0.024770541,0.025540375,0.024776220650000003,0.02778088315,17151056,1.1715778338402362e-15,1.9761760102075623e-14
20260622_161419,2026-06-22T16:14:19.121,gaussian,short_wide,256,2560,10.000000,20260314,1,dgeqp3,0.015209916,0.016187833500000002,0.015308154225000002,0.027464712074999956,22391600,1.241551129520223e-15,2.0807000301075046e-14
20260622_161419,2026-06-22T16:14:19.121,gaussian,short_wide,256,2560,10.000000,20260314,1,bsqr_rinv,0.025338375000000003,0.02625475,0.025363720275,0.038829452974999956,21869728,1.1715778338402362e-15,1.9761760102075623e-14
20260622_161419,2026-06-22T16:14:19.121,gaussian,short_wide,256,2560,10.000000,20260314,1,dgeqp3_trsm,0.017376667000000002,0.018588896,0.01762509985,0.047619908424999996,38120560,1.241551129520223e-15,2.0807000301075046e-14
20260622_161419,2026-06-22T16:14:19.121,gaussian,short_wide,512,1024,2.000000,20260314,1,bsqr_full,0.025755917000000003,0.027345563000000003,0.025908136550000002,0.030956180025000002,15187024,1.439364700780471e-15,3.8521468516448873e-14
20260622_161419,2026-06-22T16:14:19.121,gaussian,short_wide,512,1024,2.000000,20260314,1,dgeqp3,0.017406417,0.018360749500000002,0.017443120125000003,0.020943139975000004,19387184,1.4481827933308296e-15,3.8594300363288545e-14
20260622_161419,2026-06-22T16:14:19.121,gaussian,short_wide,512,1024,2.000000,20260314,1,bsqr_rinv,0.026197291,0.0276451875,0.026278129225000002,0.029930649575000003,17284256,1.439364700780471e-15,3.8521468516448873e-14
20260622_161419,2026-06-22T16:14:19.121,gaussian,short_wide,512,1024,2.000000,20260314,1,dgeqp3_trsm,0.018919083,0.019934729,0.01904112515,0.031846396299999954,31970416,1.4481827933308296e-15,3.8594300363288545e-14
20260622_161419,2026-06-22T16:14:19.121,gaussian,short_wide,512,2048,4.000000,20260314,1,bsqr_full,0.052926291,0.054879979,0.052945050375000004,0.06567364877499995,28080720,1.535704538774289e-15,3.88556769189861e-14
20260622_161419,2026-06-22T16:14:19.121,gaussian,short_wide,512,2048,4.000000,20260314,1,dgeqp3,0.031899834,0.0335140835,0.031955628550000004,0.04371828749999996,36475696,1.5589112956919151e-15,3.854999641774401e-14
20260622_161419,2026-06-22T16:14:19.121,gaussian,short_wide,512,2048,4.000000,20260314,1,bsqr_rinv,0.053520417,0.055715666500000004,0.05356802485000001,0.08275696860000001,34372256,1.535704538774289e-15,3.88556769189861e-14
20260622_161419,2026-06-22T16:14:19.121,gaussian,short_wide,512,2048,4.000000,20260314,1,dgeqp3_trsm,0.035978333,0.038101979,0.036148708725,0.067321252175,61641840,1.5589112956919151e-15,3.854999641774401e-14
20260622_161419,2026-06-22T16:14:19.121,gaussian,short_wide,512,4096,8.000000,20260314,1,bsqr_full,0.14955737500000002,0.15958264600000002,0.15255086955000002,0.199600273625,62259824,1.5812623288956649e-15,3.840170956845676e-14
20260622_161419,2026-06-22T16:14:19.121,gaussian,short_wide,512,4096,8.000000,20260314,1,dgeqp3,0.072569958,0.0758254795,0.07335087362500001,0.10805955842500001,79008560,1.6144084320224737e-15,3.863864682232413e-14
20260622_161419,2026-06-22T16:14:19.121,gaussian,short_wide,512,4096,8.000000,20260314,1,bsqr_rinv,0.153911541,0.16741220850000002,0.155551310475,0.19600121127500003,87425728,1.5812623288956649e-15,3.840170956845676e-14
20260622_161419,2026-06-22T16:14:19.121,gaussian,short_wide,512,4096,8.000000,20260314,1,dgeqp3_trsm,0.08141079200000001,0.08637114600000001,0.08172091075,0.11539381139999999,139826288,1.6144084320224737e-15,3.863864682232413e-14
20260622_161419,2026-06-22T16:14:19.121,gaussian,short_wide,512,5120,10.000000,20260314,1,bsqr_full,0.30006629100000004,0.30373816600000003,0.30064097460000005,0.33763894120000004,67143312,1.5995988282263672e-15,3.8919558548566216e-14
20260622_161419,2026-06-22T16:14:19.121,gaussian,short_wide,512,5120,10.000000,20260314,1,dgeqp3,0.13411362500000001,0.1448923125,0.13432266642500001,0.17894709185000002,87724848,1.6246861441073856e-15,3.849198514821968e-14
20260622_161419,2026-06-22T16:14:19.121,gaussian,short_wide,512,5120,10.000000,20260314,1,bsqr_rinv,0.304372584,0.30730208350000005,0.30485172450000003,0.33455050025000005,86017760,1.5995988282263672e-15,3.8919558548566216e-14
20260622_161419,2026-06-22T16:14:19.121,gaussian,short_wide,512,5120,10.000000,20260314,1,dgeqp3_trsm,0.15413875000000002,0.1591049165,0.15597535625,0.19193203830000002,150639728,1.6246861441073856e-15,3.849198514821968e-14
20260622_161419,2026-06-22T16:14:19.121,ill_conditioned,square,64,64,1.000000,20260314,1,bsqr_full,6.5709e-5,6.66455e-5,6.598015000000001e-5,8.712827500000001e-5,154336,4.937471828165514e-16,5.83313156551723e-15
20260622_161419,2026-06-22T16:14:19.121,ill_conditioned,square,64,64,1.000000,20260314,1,dgeqp3,5.7958e-5,6.3521e-5,5.8562650000000004e-5,6.776169999999999e-5,249648,4.630689473138463e-16,6.286847194249074e-15
20260622_161419,2026-06-22T16:14:19.121,ill_conditioned,square,64,64,1.000000,20260314,1,bsqr_rinv,6.5292e-5,6.612500000000001e-5,6.5502975e-5,7.412579999999999e-5,154384,4.937471828165514e-16,5.83313156551723e-15
20260622_161419,2026-06-22T16:14:19.121,ill_conditioned,square,64,64,1.000000,20260314,1,dgeqp3_trsm,6.1000000000000005e-5,6.2791e-5,6.154375000000002e-5,7.2939675e-5,249648,4.630689473138463e-16,6.286847194249074e-15
20260622_161419,2026-06-22T16:14:19.121,ill_conditioned,square,128,128,1.000000,20260314,1,bsqr_full,0.000424833,0.000441646,0.00043516425,0.00045293547499999996,569920,5.216702577962841e-16,1.0253145077444115e-14
20260622_161419,2026-06-22T16:14:19.121,ill_conditioned,square,128,128,1.000000,20260314,1,dgeqp3,0.00026729200000000003,0.00029956300000000003,0.00027493495,0.00030817877500000004,823184,5.011465012159221e-16,1.1189107181285664e-14
20260622_161419,2026-06-22T16:14:19.121,ill_conditioned,square,128,128,1.000000,20260314,1,bsqr_rinv,0.000418708,0.0004415835,0.000419855675,0.00045053095000000004,569968,5.216702577962841e-16,1.0253145077444115e-14
20260622_161419,2026-06-22T16:14:19.121,ill_conditioned,square,128,128,1.000000,20260314,1,dgeqp3_trsm,0.00027075,0.00030275,0.000274465625,0.00031236737500000005,823184,5.011465012159221e-16,1.1189107181285664e-14
20260622_161419,2026-06-22T16:14:19.121,ill_conditioned,square,256,256,1.000000,20260314,1,bsqr_full,0.002440125,0.0025104585000000003,0.0024446258,0.0031282501499999994,2275568,6.971268733553067e-16,1.9913868915235218e-14
20260622_161419,2026-06-22T16:14:19.121,ill_conditioned,square,256,256,1.000000,20260314,1,dgeqp3,0.0021419160000000002,0.002204646,0.0021519152,0.0031254497,2857776,7.952087364291054e-16,2.0534977980706117e-14
20260622_161419,2026-06-22T16:14:19.121,ill_conditioned,square,256,256,1.000000,20260314,1,bsqr_rinv,0.0024521250000000003,0.0024906875000000003,0.0024569585750000003,0.0028630151999999996,2275616,6.971268733553067e-16,1.9913868915235218e-14
20260622_161419,2026-06-22T16:14:19.121,ill_conditioned,square,256,256,1.000000,20260314,1,dgeqp3_trsm,0.002121167,0.0021843125,0.002132585025,0.0027067915749999995,2857776,7.952087364291054e-16,2.0534977980706117e-14
20260622_161419,2026-06-22T16:14:19.121,ill_conditioned,square,384,384,1.000000,20260314,1,bsqr_full,0.0053299160000000005,0.0054035210000000005,0.005355562875000001,0.006588364675,4984208,8.189753446758971e-16,2.975465292324457e-14
20260622_161419,2026-06-22T16:14:19.121,ill_conditioned,square,384,384,1.000000,20260314,1,dgeqp3,0.004660875,0.004820520500000001,0.00466308045,0.006092374849999999,6203184,8.377343132919687e-16,2.9700141658425003e-14
20260622_161419,2026-06-22T16:14:19.121,ill_conditioned,square,384,384,1.000000,20260314,1,bsqr_rinv,0.005323125000000001,0.005410688,0.0053415218750000005,0.00638436955,4984256,8.189753446758971e-16,2.975465292324457e-14
20260622_161419,2026-06-22T16:14:19.121,ill_conditioned,square,384,384,1.000000,20260314,1,dgeqp3_trsm,0.0046708750000000005,0.0047684585,0.00467199295,0.005922863875,6203184,8.377343132919687e-16,2.9700141658425003e-14
20260622_161419,2026-06-22T16:14:19.121,ill_conditioned,square,512,512,1.000000,20260314,1,bsqr_full,0.011927,0.012118291500000001,0.011940472675000001,0.014037946874999999,8741392,8.972139089074562e-16,3.8797593288875847e-14
20260622_161419,2026-06-22T16:14:19.121,ill_conditioned,square,512,512,1.000000,20260314,1,dgeqp3,0.010136834,0.010420062,0.010261895775000002,0.0116587492,10859312,9.199489270126955e-16,3.8545106727993516e-14
20260622_161419,2026-06-22T16:14:19.121,ill_conditioned,square,512,512,1.000000,20260314,1,bsqr_rinv,0.011768583,0.011987646000000001,0.011768854875000002,0.013335715325,8741440,8.972139089074562e-16,3.8797593288875847e-14
20260622_161419,2026-06-22T16:14:19.121,ill_conditioned,square,512,512,1.000000,20260314,1,dgeqp3_trsm,0.010158791,0.010404875000000001,0.0102406261,0.0117596537,10859312,9.199489270126955e-16,3.8545106727993516e-14
20260622_161419,2026-06-22T16:14:19.121,ill_conditioned,short_wide,32,64,2.000000,20260314,1,bsqr_full,2.6000000000000002e-5,2.6458000000000003e-5,2.61508e-5,3.331954999999998e-5,72160,4.0711849525715073e-16,2.853015905089748e-15
20260622_161419,2026-06-22T16:14:19.121,ill_conditioned,short_wide,32,64,2.000000,20260314,1,dgeqp3,1.9375e-5,2.0042000000000002e-5,1.94359e-5,2.4939824999999986e-5,159280,3.999881499095322e-16,3.2977211987611587e-15
20260622_161419,2026-06-22T16:14:19.121,ill_conditioned,short_wide,32,64,2.000000,20260314,1,bsqr_rinv,2.6750000000000003e-5,2.7166e-5,2.6779725000000002e-5,3.310937499999998e-5,80432,4.0711849525715073e-16,2.853015905089748e-15
20260622_161419,2026-06-22T16:14:19.121,ill_conditioned,short_wide,32,64,2.000000,20260314,1,dgeqp3_trsm,2.4083000000000003e-5,3.0250000000000003e-5,2.4717375e-5,3.607485e-5,208752,3.999881499095322e-16,3.2977211987611587e-15
20260622_161419,2026-06-22T16:14:19.121,ill_conditioned,short_wide,32,128,4.000000,20260314,1,bsqr_full,4.4375e-5,4.4792e-5,4.4465625e-5,5.382732499999999e-5,126752,3.4257976310629624e-16,2.8642342611636878e-15
20260622_161419,2026-06-22T16:14:19.121,ill_conditioned,short_wide,32,128,4.000000,20260314,1,dgeqp3,3.2375e-5,3.30205e-5,3.2435175e-5,4.013422499999999e-5,273520,3.4431970525594764e-16,3.601172611172783e-15
20260622_161419,2026-06-22T16:14:19.121,ill_conditioned,short_wide,32,128,4.000000,20260314,1,bsqr_rinv,4.6500000000000005e-5,4.7021e-5,4.6529725000000005e-5,5.4449199999999994e-5,151408,3.4257976310629624e-16,2.8642342611636878e-15
20260622_161419,2026-06-22T16:14:19.121,ill_conditioned,short_wide,32,128,4.000000,20260314,1,dgeqp3_trsm,4.4917000000000004e-5,4.6875e-5,4.5551375000000004e-5,4.974862499999999e-5,372144,3.4431970525594764e-16,3.601172611172783e-15
20260622_161419,2026-06-22T16:14:19.121,ill_conditioned,short_wide,32,256,8.000000,20260314,1,bsqr_full,9.012500000000001e-5,9.389600000000001e-5,9.05484e-5,9.9414825e-5,234976,4.2622347128245193e-16,3.6533659264835e-15
20260622_161419,2026-06-22T16:14:19.121,ill_conditioned,short_wide,32,256,8.000000,20260314,1,dgeqp3,5.6916e-5,6.79795e-5,5.7067525000000004e-5,7.512065e-5,439344,4.659870594163003e-16,3.4611307091865225e-15
20260622_161419,2026-06-22T16:14:19.121,ill_conditioned,short_wide,32,256,8.000000,20260314,1,bsqr_rinv,9.0375e-5,0.00010020850000000001,9.0496075e-5,0.00010833342500000002,300592,4.2622347128245193e-16,3.6533659264835e-15
20260622_161419,2026-06-22T16:14:19.121,ill_conditioned,short_wide,32,256,8.000000,20260314,1,dgeqp3_trsm,7.787500000000001e-5,9.558300000000001e-5,7.81766e-5,9.96633e-5,644464,4.659870594163003e-16,3.4611307091865225e-15
20260622_161419,2026-06-22T16:14:19.121,ill_conditioned,short_wide,32,320,10.000000,20260314,1,bsqr_full,0.00012166600000000001,0.00012285450000000002,0.00012181752500000002,0.00012816155,338400,5.403166414019073e-16,3.4137535677358127e-15
20260622_161419,2026-06-22T16:14:19.121,ill_conditioned,short_wide,32,320,10.000000,20260314,1,dgeqp3,6.8292e-5,8.197900000000001e-5,6.9983425e-5,8.604527499999999e-5,571440,5.409985331561101e-16,3.4441668181268793e-15
20260622_161419,2026-06-22T16:14:19.121,ill_conditioned,short_wide,32,320,10.000000,20260314,1,bsqr_rinv,0.00011833400000000001,0.0001311455,0.00012029657500000001,0.000140592375,436784,5.403166414019073e-16,3.4137535677358127e-15
20260622_161419,2026-06-22T16:14:19.121,ill_conditioned,short_wide,32,320,10.000000,20260314,1,dgeqp3_trsm,9.991700000000001e-5,0.00011341650000000001,0.000102302975,0.0001159508,874864,5.409985331561101e-16,3.4441668181268793e-15
20260622_161419,2026-06-22T16:14:19.121,ill_conditioned,short_wide,64,128,2.000000,20260314,1,bsqr_full,0.000128708,0.000133354,0.0001294939,0.000137831825,258080,8.00267250607515e-16,5.983467148335427e-15
20260622_161419,2026-06-22T16:14:19.121,ill_conditioned,short_wide,64,128,2.000000,20260314,1,dgeqp3,9.15e-5,0.000101271,9.162107500000001e-5,0.00010422965,429424,7.721671184748748e-16,6.671769458709114e-15
20260622_161419,2026-06-22T16:14:19.121,ill_conditioned,short_wide,64,128,2.000000,20260314,1,bsqr_rinv,0.0001275,0.00013589600000000001,0.00012798285,0.000145173775,290928,8.00267250607515e-16,5.983467148335427e-15
20260622_161419,2026-06-22T16:14:19.121,ill_conditioned,short_wide,64,128,2.000000,20260314,1,dgeqp3_trsm,0.000103208,0.00011979200000000001,0.000103691575,0.0001218678,626352,7.721671184748748e-16,6.671769458709114e-15
20260622_161419,2026-06-22T16:14:19.121,ill_conditioned,short_wide,64,256,4.000000,20260314,1,bsqr_full,0.00029345900000000004,0.0003158335,0.000295331675,0.000327601225,464608,5.342012969858145e-16,5.531086849237075e-15
20260622_161419,2026-06-22T16:14:19.121,ill_conditioned,short_wide,64,256,4.000000,20260314,1,dgeqp3,0.000166417,0.00018764550000000002,0.00017058575000000002,0.000192427325,726320,5.335816056591329e-16,6.199412836844022e-15
20260622_161419,2026-06-22T16:14:19.121,ill_conditioned,short_wide,64,256,4.000000,20260314,1,bsqr_rinv,0.000309708,0.00032812550000000003,0.00031073532500000003,0.00033620297499999997,562992,5.342012969858145e-16,5.531086849237075e-15
20260622_161419,2026-06-22T16:14:19.121,ill_conditioned,short_wide,64,256,4.000000,20260314,1,dgeqp3_trsm,0.000198583,0.000233271,0.00020347747500000003,0.000237962875,1119856,5.335816056591329e-16,6.199412836844022e-15
20260622_161419,2026-06-22T16:14:19.121,ill_conditioned,short_wide,64,512,8.000000,20260314,1,bsqr_full,0.0007708750000000001,0.000796604,0.0007733218750000002,0.0008248266000000001,1002512,5.507856707866927e-16,5.941860285522377e-15
20260622_161419,2026-06-22T16:14:19.121,ill_conditioned,short_wide,64,512,8.000000,20260314,1,dgeqp3,0.00046145800000000004,0.00049925,0.0004765923750000001,0.000511952475,1320240,5.040249616488319e-16,6.317168745036151e-15
20260622_161419,2026-06-22T16:14:19.121,ill_conditioned,short_wide,64,512,8.000000,20260314,1,bsqr_rinv,0.000772875,0.0008001250000000001,0.000785834375,0.0008524218750000001,1231968,5.507856707866927e-16,5.941860285522377e-15
20260622_161419,2026-06-22T16:14:19.121,ill_conditioned,short_wide,64,512,8.000000,20260314,1,dgeqp3_trsm,0.0005421250000000001,0.0005846460000000001,0.0005533023250000001,0.0009061493499999986,2106992,5.040249616488319e-16,6.317168745036151e-15
20260622_161419,2026-06-22T16:14:19.121,ill_conditioned,short_wide,64,640,10.000000,20260314,1,bsqr_full,0.000978125,0.000996333,0.000978125,0.00103988735,1309840,5.835791821034834e-16,5.559541299081674e-15
20260622_161419,2026-06-22T16:14:19.121,ill_conditioned,short_wide,64,640,10.000000,20260314,1,dgeqp3,0.0006392910000000001,0.0006661045,0.0006398659250000001,0.002285274424999992,1617200,5.6228589857310165e-16,6.132863773036588e-15
20260622_161419,2026-06-22T16:14:19.121,ill_conditioned,short_wide,64,640,10.000000,20260314,1,bsqr_rinv,0.000958458,0.001019521,0.0009706931,0.0013104925249999987,1604832,5.835791821034834e-16,5.559541299081674e-15
20260622_161419,2026-06-22T16:14:19.121,ill_conditioned,short_wide,64,640,10.000000,20260314,1,dgeqp3_trsm,0.000711625,0.000767146,0.00071926795,0.001768121724999995,2600560,5.6228589857310165e-16,6.132863773036588e-15
20260622_161419,2026-06-22T16:14:19.121,ill_conditioned,short_wide,128,256,2.000000,20260314,1,bsqr_full,0.001026292,0.001049896,0.00103148735,0.00106981185,1045776,7.477789776014274e-16,1.0414530615102845e-14
20260622_161419,2026-06-22T16:14:19.121,ill_conditioned,short_wide,128,256,2.000000,20260314,1,dgeqp3,0.0007300840000000001,0.000772312,0.000734162125,0.000782171875,1382224,6.964228185282798e-16,1.1351688622332165e-14
20260622_161419,2026-06-22T16:14:19.121,ill_conditioned,short_wide,128,256,2.000000,20260314,1,bsqr_rinv,0.0010450420000000001,0.0010770005,0.0010492709250000001,0.00108993655,1176928,7.477789776014274e-16,1.0414530615102845e-14
20260622_161419,2026-06-22T16:14:19.121,ill_conditioned,short_wide,128,256,2.000000,20260314,1,dgeqp3_trsm,0.0008078330000000001,0.0008628755000000001,0.000812908,0.0012496226749999983,2168976,6.964228185282798e-16,1.1351688622332165e-14
20260622_161419,2026-06-22T16:14:19.121,ill_conditioned,short_wide,128,512,4.000000,20260314,1,bsqr_full,0.001973875,0.0021541670000000002,0.0020221781250000003,0.0032380919999999954,1912368,6.730837912395247e-16,9.932655250619808e-15
20260622_161419,2026-06-22T16:14:19.121,ill_conditioned,short_wide,128,512,4.000000,20260314,1,dgeqp3,0.0016111250000000001,0.0018440625000000002,0.0016124843750000002,0.002790607849999996,2500432,5.935035746950928e-16,1.0986928302078762e-14
20260622_161419,2026-06-22T16:14:19.121,ill_conditioned,short_wide,128,512,4.000000,20260314,1,bsqr_rinv,0.002013417,0.002159125,0.002054107625,0.003435440624999994,2305664,6.730837912395247e-16,9.932655250619808e-15
20260622_161419,2026-06-22T16:14:19.121,ill_conditioned,short_wide,128,512,4.000000,20260314,1,dgeqp3_trsm,0.0016688330000000002,0.0019713960000000003,0.0016880759500000001,0.005274078925,4073616,5.935035746950928e-16,1.0986928302078762e-14
20260622_161419,2026-06-22T16:14:19.121,ill_conditioned,short_wide,128,1024,8.000000,20260314,1,bsqr_full,0.003952875000000001,0.004129458,0.003962511700000001,0.007737771299999996,3648112,7.999143769334057e-16,1.035464113565106e-14
20260622_161419,2026-06-22T16:14:19.121,ill_conditioned,short_wide,128,1024,8.000000,20260314,1,dgeqp3,0.002780584,0.0029955000000000003,0.002803783275,0.006862150000000001,4736848,6.983090267741201e-16,1.1093344491441862e-14
20260622_161419,2026-06-22T16:14:19.121,ill_conditioned,short_wide,128,1024,8.000000,20260314,1,bsqr_rinv,0.003986209,0.0041929165,0.004029013725,0.008619086925,4565696,7.999143769334057e-16,1.035464113565106e-14
20260622_161419,2026-06-22T16:14:19.121,ill_conditioned,short_wide,128,1024,8.000000,20260314,1,dgeqp3_trsm,0.003130458,0.0033426665000000004,0.0031306088000000003,0.00478034375,7882896,6.983090267741201e-16,1.1093344491441862e-14
20260622_161419,2026-06-22T16:14:19.121,ill_conditioned,short_wide,128,1280,10.000000,20260314,1,bsqr_full,0.005148417000000001,0.005376583000000001,0.0052076857500000006,0.009110321074999999,4557696,6.412035032776731e-16,1.015683403575365e-14
20260622_161419,2026-06-22T16:14:19.121,ill_conditioned,short_wide,128,1280,10.000000,20260314,1,dgeqp3,0.003434083,0.003633771,0.0034684603250000005,0.00530544105,5855056,6.157230773835386e-16,1.067892042164485e-14
20260622_161419,2026-06-22T16:14:19.121,ill_conditioned,short_wide,128,1280,10.000000,20260314,1,bsqr_rinv,0.005170541000000001,0.005447874500000001,0.005292251100000001,0.00787949375,5737424,6.412035032776731e-16,1.015683403575365e-14
20260622_161419,2026-06-22T16:14:19.121,ill_conditioned,short_wide,128,1280,10.000000,20260314,1,dgeqp3_trsm,0.0038670420000000002,0.0040507500000000005,0.003905920125,0.006111127975,9787536,6.157230773835386e-16,1.067892042164485e-14
20260622_161419,2026-06-22T16:14:19.121,ill_conditioned,short_wide,256,512,2.000000,20260314,1,bsqr_full,0.004863916,0.0049926250000000005,0.0048821925250000005,0.008470111124999997,3928592,8.201611390796763e-16,1.9689830982143264e-14
20260622_161419,2026-06-22T16:14:19.121,ill_conditioned,short_wide,256,512,2.000000,20260314,1,dgeqp3,0.0042285840000000005,0.0043620005,0.004250544975000001,0.006490339674999996,5024560,8.706044610200204e-16,2.0386046009159966e-14
20260622_161419,2026-06-22T16:14:19.121,ill_conditioned,short_wide,256,512,2.000000,20260314,1,bsqr_rinv,0.004929958,0.005100646,0.0049682322000000004,0.007140745275000001,4452960,8.201611390796763e-16,1.9689830982143264e-14
20260622_161419,2026-06-22T16:14:19.121,ill_conditioned,short_wide,256,512,2.000000,20260314,1,dgeqp3_trsm,0.004623250000000001,0.0047569795,0.004627116425,0.008978827325,8170608,8.706044610200204e-16,2.0386046009159966e-14
20260622_161419,2026-06-22T16:14:19.121,ill_conditioned,short_wide,256,1024,4.000000,20260314,1,bsqr_full,0.009929958000000001,0.010314354000000001,0.010009858800000002,0.015048051525,7237200,8.181110982640719e-16,2.0467085685997073e-14
20260622_161419,2026-06-22T16:14:19.121,ill_conditioned,short_wide,256,1024,4.000000,20260314,1,dgeqp3,0.007687584000000001,0.008029833,0.007788781675000002,0.013558458574999998,9358128,8.882213981181384e-16,2.014599014160513e-14
20260622_161419,2026-06-22T16:14:19.121,ill_conditioned,short_wide,256,1024,4.000000,20260314,1,bsqr_rinv,0.01009775,0.010575271,0.010125390625000001,0.014898870275,8810144,8.181110982640719e-16,2.0467085685997073e-14
20260622_161419,2026-06-22T16:14:19.121,ill_conditioned,short_wide,256,1024,4.000000,20260314,1,dgeqp3_trsm,0.009112208,0.0103585415,0.009151962650000001,0.014472061124999998,15649904,8.882213981181384e-16,2.014599014160513e-14
20260622_161419,2026-06-22T16:14:19.121,ill_conditioned,short_wide,256,2048,8.000000,20260314,1,bsqr_full,0.020589625,0.0213955,0.020612250800000002,0.025010364974999998,13824560,9.11219386467605e-16,1.978207419714545e-14
20260622_161419,2026-06-22T16:14:19.121,ill_conditioned,short_wide,256,2048,8.000000,20260314,1,dgeqp3,0.016352292,0.018504625,0.016429142,0.036115718099999965,18058032,9.694921552462158e-16,2.0681079036999064e-14
20260622_161419,2026-06-22T16:14:19.121,ill_conditioned,short_wide,256,2048,8.000000,20260314,1,bsqr_rinv,0.021710834000000002,0.0232825415,0.0218379497,0.026925234799999996,17494656,9.11219386467605e-16,1.978207419714545e-14
20260622_161419,2026-06-22T16:14:19.121,ill_conditioned,short_wide,256,2048,8.000000,20260314,1,dgeqp3_trsm,0.018712833,0.021229854000000003,0.018933897825,0.03340566874999995,30641264,9.694921552462158e-16,2.0681079036999064e-14
20260622_161419,2026-06-22T16:14:19.121,ill_conditioned,short_wide,256,2560,10.000000,20260314,1,bsqr_full,0.025325125,0.027061499500000002,0.025424691425,0.030615645125,17151056,8.457720922722796e-16,2.001489321139285e-14
20260622_161419,2026-06-22T16:14:19.121,ill_conditioned,short_wide,256,2560,10.000000,20260314,1,dgeqp3,0.020715208000000002,0.0231234375,0.02110507675,0.03375852755,22391600,9.610945433485297e-16,1.9854863922601496e-14
20260622_161419,2026-06-22T16:14:19.121,ill_conditioned,short_wide,256,2560,10.000000,20260314,1,bsqr_rinv,0.026722375000000003,0.028110729,0.026842634375,0.04210309317499995,21869728,8.457720922722796e-16,2.001489321139285e-14
20260622_161419,2026-06-22T16:14:19.121,ill_conditioned,short_wide,256,2560,10.000000,20260314,1,dgeqp3_trsm,0.023549042000000003,0.026285021000000002,0.023714583424999998,0.044507680449999955,38120560,9.610945433485297e-16,1.9854863922601496e-14
20260622_161419,2026-06-22T16:14:19.121,ill_conditioned,short_wide,512,1024,2.000000,20260314,1,bsqr_full,0.033025208,0.051673896000000004,0.033853429875,0.108745688875,15187024,1.0387430233968126e-15,3.8097192013863445e-14
20260622_161419,2026-06-22T16:14:19.121,ill_conditioned,short_wide,512,1024,2.000000,20260314,1,dgeqp3,0.027583125,0.037010521000000005,0.028077031250000002,0.06628325922499996,19387184,1.0533003635393646e-15,3.8734723299599695e-14
20260622_161419,2026-06-22T16:14:19.121,ill_conditioned,short_wide,512,1024,2.000000,20260314,1,bsqr_rinv,0.040506041,0.07429627050000001,0.040506736274999997,0.3636014579999992,17284256,1.0387430233968126e-15,3.8097192013863445e-14
20260622_161419,2026-06-22T16:14:19.121,ill_conditioned,short_wide,512,1024,2.000000,20260314,1,dgeqp3_trsm,0.058809208,0.0903135835,0.05946373220000001,0.20354260705,31970416,1.0533003635393646e-15,3.8734723299599695e-14
20260622_161419,2026-06-22T16:14:19.121,ill_conditioned,short_wide,512,2048,4.000000,20260314,1,bsqr_full,0.10918245800000001,0.26040822950000003,0.12244311232500002,0.40631442205,28080720,1.0920852759378273e-15,3.849517795776364e-14
20260622_161419,2026-06-22T16:14:19.121,ill_conditioned,short_wide,512,2048,4.000000,20260314,1,dgeqp3,0.072143041,0.142623625,0.08557260967500001,0.26608153219999997,36475696,1.1338071662945792e-15,3.857737023866695e-14
20260622_161419,2026-06-22T16:14:19.121,ill_conditioned,short_wide,512,2048,4.000000,20260314,1,bsqr_rinv,0.10551945800000001,0.22781445800000003,0.12484057795000002,0.4354101818,34372256,1.0920852759378273e-15,3.849517795776364e-14
20260622_161419,2026-06-22T16:14:19.121,ill_conditioned,short_wide,512,2048,4.000000,20260314,1,dgeqp3_trsm,0.066292958,0.080890396,0.0671999939,0.19143345282499977,61641840,1.1338071662945792e-15,3.857737023866695e-14
20260622_161419,2026-06-22T16:14:19.121,ill_conditioned,short_wide,512,4096,8.000000,20260314,1,bsqr_full,0.27951333300000003,0.28768047900000004,0.27962944640000004,0.3382942026,66454128,1.1468745339427193e-15,3.8452923111129026e-14
20260622_161419,2026-06-22T16:14:19.121,ill_conditioned,short_wide,512,4096,8.000000,20260314,1,dgeqp3,0.16281995800000001,0.16883345800000002,0.16296975197500002,0.2554905798749999,87397168,1.1746555053217202e-15,3.8483634162182525e-14
20260622_161419,2026-06-22T16:14:19.121,ill_conditioned,short_wide,512,4096,8.000000,20260314,1,bsqr_rinv,0.28243591700000004,0.29169933400000003,0.28247568380000004,0.3373609332,87425728,1.1468745339427193e-15,3.8452923111129026e-14
20260622_161419,2026-06-22T16:14:19.121,ill_conditioned,short_wide,512,4096,8.000000,20260314,1,dgeqp3_trsm,0.173465542,0.18419062500000002,0.1742319745,0.2773288437499997,144020592,1.1746555053217202e-15,3.8483634162182525e-14
20260622_161419,2026-06-22T16:14:19.121,ill_conditioned,short_wide,512,5120,10.000000,20260314,1,bsqr_full,0.46953604200000004,0.518368208,0.46972356060000003,0.7730477183750001,67143312,1.1263227603731423e-15,3.8654324072048713e-14
20260622_161419,2026-06-22T16:14:19.121,ill_conditioned,short_wide,512,5120,10.000000,20260314,1,dgeqp3,0.254276084,0.262295959,0.25523951510000004,0.31690646075,87724848,1.1682357619269742e-15,3.831814370006552e-14
20260622_161419,2026-06-22T16:14:19.121,ill_conditioned,short_wide,512,5120,10.000000,20260314,1,bsqr_rinv,0.445055542,0.46471379100000004,0.44818206275000005,0.50316654175,86017760,1.1263227603731423e-15,3.8654324072048713e-14
20260622_161419,2026-06-22T16:14:19.121,ill_conditioned,short_wide,512,5120,10.000000,20260314,1,dgeqp3_trsm,0.27282100000000004,0.280466979,0.273390570975,0.33572441155000005,150639728,1.1682357619269742e-15,3.831814370006552e-14
20260622_161419,2026-06-22T16:14:19.121,orthonormal_rows,square,64,64,1.000000,20260314,1,bsqr_full,9.512500000000001e-5,0.000123563,9.545705000000001e-5,0.000137852975,154336,5.726473446035663e-16,5.6190994478101705e-15
20260622_161419,2026-06-22T16:14:19.121,orthonormal_rows,square,64,64,1.000000,20260314,1,dgeqp3,7.025e-5,7.2438e-5,7.0371075e-5,0.00024113124999999939,249648,6.612902763600944e-16,6.4725907915178666e-15
20260622_161419,2026-06-22T16:14:19.121,orthonormal_rows,square,64,64,1.000000,20260314,1,bsqr_rinv,9.495800000000001e-5,0.00011745850000000001,9.5472025e-5,0.00013101795,154384,5.726473446035663e-16,5.6190994478101705e-15
20260622_161419,2026-06-22T16:14:19.121,orthonormal_rows,square,64,64,1.000000,20260314,1,dgeqp3_trsm,7.591600000000001e-5,8.725e-5,7.658082500000001e-5,0.000117038725,249648,6.612902763600944e-16,6.4725907915178666e-15
20260622_161419,2026-06-22T16:14:19.121,orthonormal_rows,square,128,128,1.000000,20260314,1,bsqr_full,0.0005659580000000001,0.0006105415,0.000574960325,0.0007125079999999999,569920,7.588854278583219e-16,9.811162956158148e-15
20260622_161419,2026-06-22T16:14:19.121,orthonormal_rows,square,128,128,1.000000,20260314,1,dgeqp3,0.000359042,0.000412959,0.00036094512500000004,0.000436167,823184,8.558083415501541e-16,1.0899213724019294e-14
20260622_161419,2026-06-22T16:14:19.121,orthonormal_rows,square,128,128,1.000000,20260314,1,bsqr_rinv,0.000568083,0.0005904170000000001,0.0005723431,0.000649740775,569968,7.588854278583219e-16,9.811162956158148e-15
20260622_161419,2026-06-22T16:14:19.121,orthonormal_rows,square,128,128,1.000000,20260314,1,dgeqp3_trsm,0.000353375,0.00038983350000000003,0.00035681875,0.00042978845000000006,823184,8.558083415501541e-16,1.0899213724019294e-14
20260622_161419,2026-06-22T16:14:19.121,orthonormal_rows,square,256,256,1.000000,20260314,1,bsqr_full,0.0030707910000000002,0.0032871045,0.0030739331500000003,0.005330418899999996,2273616,9.938141152065872e-16,1.9770586337727045e-14
20260622_161419,2026-06-22T16:14:19.121,orthonormal_rows,square,256,256,1.000000,20260314,1,dgeqp3,0.002422584,0.002513125,0.0024231872000000003,0.004417180149999998,2857776,1.0528796726725177e-15,2.042408339343248e-14
20260622_161419,2026-06-22T16:14:19.121,orthonormal_rows,square,256,256,1.000000,20260314,1,bsqr_rinv,0.003019125,0.003106208,0.00302480465,0.005480685749999997,2273664,9.938141152065872e-16,1.9770586337727045e-14
20260622_161419,2026-06-22T16:14:19.121,orthonormal_rows,square,256,256,1.000000,20260314,1,dgeqp3_trsm,0.002265,0.002509625,0.0023654125,0.004732336274999995,2857776,1.0528796726725177e-15,2.042408339343248e-14
20260622_161419,2026-06-22T16:14:19.121,orthonormal_rows,square,384,384,1.000000,20260314,1,bsqr_full,0.0065194170000000004,0.006839729500000001,0.0065748490500000005,0.012817042525,4982256,1.1793445123121982e-15,2.985127139026877e-14
20260622_161419,2026-06-22T16:14:19.121,orthonormal_rows,square,384,384,1.000000,20260314,1,dgeqp3,0.0051195,0.0056488335,0.005222359375000001,0.009045672825,6203184,1.190859599862666e-15,2.9367671695945045e-14
20260622_161419,2026-06-22T16:14:19.121,orthonormal_rows,square,384,384,1.000000,20260314,1,bsqr_rinv,0.006559542000000001,0.0068987915,0.0065658553,0.010174243749999997,4982304,1.1793445123121982e-15,2.985127139026877e-14
20260622_161419,2026-06-22T16:14:19.121,orthonormal_rows,square,384,384,1.000000,20260314,1,dgeqp3_trsm,0.005083375,0.005453146000000001,0.005150770275000001,0.008739249049999998,6203184,1.190859599862666e-15,2.9367671695945045e-14
20260622_161419,2026-06-22T16:14:19.121,orthonormal_rows,square,512,512,1.000000,20260314,1,bsqr_full,0.015396375,0.0159866465,0.015403081250000002,0.019774187924999995,8739440,1.3153786712140665e-15,3.817235815510807e-14
20260622_161419,2026-06-22T16:14:19.121,orthonormal_rows,square,512,512,1.000000,20260314,1,dgeqp3,0.011315542000000001,0.013184625,0.011589682625,0.018405158725000002,10859312,1.3421198449761962e-15,3.8236552290614167e-14
20260622_161419,2026-06-22T16:14:19.121,orthonormal_rows,square,512,512,1.000000,20260314,1,bsqr_rinv,0.015419541,0.0163236875,0.015439146450000002,0.021710047675,8739488,1.3153786712140665e-15,3.817235815510807e-14
20260622_161419,2026-06-22T16:14:19.121,orthonormal_rows,square,512,512,1.000000,20260314,1,dgeqp3_trsm,0.009337459000000001,0.010881979500000001,0.009359209,0.014882339824999999,10859312,1.3421198449761962e-15,3.8236552290614167e-14
20260622_161419,2026-06-22T16:14:19.121,orthonormal_rows,short_wide,32,64,2.000000,20260314,1,bsqr_full,2.6000000000000002e-5,2.67085e-5,2.603045e-5,3.4452974999999975e-5,72160,6.559186896773427e-16,4.010562669916833e-15
20260622_161419,2026-06-22T16:14:19.121,orthonormal_rows,short_wide,32,64,2.000000,20260314,1,dgeqp3,1.8625000000000002e-5,2.3125000000000003e-5,1.8654725e-5,3.074237499999999e-5,159280,5.889866289865472e-16,3.4912493272692055e-15
20260622_161419,2026-06-22T16:14:19.121,orthonormal_rows,short_wide,32,64,2.000000,20260314,1,bsqr_rinv,2.6583000000000003e-5,2.7021e-5,2.6613450000000002e-5,3.905232499999999e-5,80432,6.559186896773427e-16,4.010562669916833e-15
20260622_161419,2026-06-22T16:14:19.121,orthonormal_rows,short_wide,32,64,2.000000,20260314,1,dgeqp3_trsm,2.7041e-5,4.6333000000000005e-5,2.7162075e-5,5.3517225e-5,208752,5.889866289865472e-16,3.4912493272692055e-15
20260622_161419,2026-06-22T16:14:19.121,orthonormal_rows,short_wide,32,128,4.000000,20260314,1,bsqr_full,4.3584e-5,4.4313e-5,4.37348e-5,5.177442499999999e-5,126752,6.24053364446085e-16,3.5055402381896665e-15
20260622_161419,2026-06-22T16:14:19.121,orthonormal_rows,short_wide,32,128,4.000000,20260314,1,dgeqp3,3.075e-5,3.1646e-5,3.0810175000000004e-5,4.27088e-5,273520,5.217677151111302e-16,2.906354564023946e-15
20260622_161419,2026-06-22T16:14:19.121,orthonormal_rows,short_wide,32,128,4.000000,20260314,1,bsqr_rinv,4.6e-5,5.01875e-5,4.603045e-5,7.226917499999996e-5,151408,6.24053364446085e-16,3.5055402381896665e-15
20260622_161419,2026-06-22T16:14:19.121,orthonormal_rows,short_wide,32,128,4.000000,20260314,1,dgeqp3_trsm,4.2000000000000004e-5,4.5687000000000005e-5,4.2785175e-5,4.8683425000000004e-5,372144,5.217677151111302e-16,2.906354564023946e-15
20260622_161419,2026-06-22T16:14:19.121,orthonormal_rows,short_wide,32,256,8.000000,20260314,1,bsqr_full,8.608300000000001e-5,9.0896e-5,8.8621225e-5,9.480814999999999e-5,234976,5.831746970561376e-16,3.3948044950803027e-15
20260622_161419,2026-06-22T16:14:19.121,orthonormal_rows,short_wide,32,256,8.000000,20260314,1,dgeqp3,6.466700000000001e-5,6.8396e-5,6.4727175e-5,8.43439e-5,439344,5.915982805777548e-16,3.1870015709709837e-15
20260622_161419,2026-06-22T16:14:19.121,orthonormal_rows,short_wide,32,256,8.000000,20260314,1,bsqr_rinv,9.816700000000001e-5,0.00010114600000000001,9.892172500000001e-5,0.00011312690000000001,300592,5.831746970561376e-16,3.3948044950803027e-15
20260622_161419,2026-06-22T16:14:19.121,orthonormal_rows,short_wide,32,256,8.000000,20260314,1,dgeqp3_trsm,7.450000000000001e-5,9.10415e-5,7.794375000000001e-5,9.584470000000001e-5,644464,5.915982805777548e-16,3.1870015709709837e-15
20260622_161419,2026-06-22T16:14:19.121,orthonormal_rows,short_wide,32,320,10.000000,20260314,1,bsqr_full,0.000111625,0.0001203125,0.000112047675,0.000126516575,338400,6.035464755819984e-16,3.4407127775371133e-15
20260622_161419,2026-06-22T16:14:19.121,orthonormal_rows,short_wide,32,320,10.000000,20260314,1,dgeqp3,6.387500000000001e-5,7.85625e-5,6.580785e-5,8.4603125e-5,571440,5.677270311330231e-16,2.970981110973883e-15
20260622_161419,2026-06-22T16:14:19.121,orthonormal_rows,short_wide,32,320,10.000000,20260314,1,bsqr_rinv,0.000121917,0.000130896,0.000125451375,0.0001385,436784,6.035464755819984e-16,3.4407127775371133e-15
20260622_161419,2026-06-22T16:14:19.121,orthonormal_rows,short_wide,32,320,10.000000,20260314,1,dgeqp3_trsm,8.675000000000001e-5,0.00010979200000000001,9.641715e-5,0.00011639970000000002,874864,5.677270311330231e-16,2.970981110973883e-15
20260622_161419,2026-06-22T16:14:19.121,orthonormal_rows,short_wide,64,128,2.000000,20260314,1,bsqr_full,0.000126584,0.000132625,0.00012685515000000001,0.000141633275,258080,6.615105650187286e-16,5.355009436887446e-15
20260622_161419,2026-06-22T16:14:19.121,orthonormal_rows,short_wide,64,128,2.000000,20260314,1,dgeqp3,9.1625e-5,0.00010183350000000001,9.491722500000001e-5,0.00011088845,429424,7.869621324691761e-16,6.596635650714291e-15
20260622_161419,2026-06-22T16:14:19.121,orthonormal_rows,short_wide,64,128,2.000000,20260314,1,bsqr_rinv,0.00012954200000000001,0.000137458,0.000133076375,0.0001450162,290928,6.615105650187286e-16,5.355009436887446e-15
20260622_161419,2026-06-22T16:14:19.121,orthonormal_rows,short_wide,64,128,2.000000,20260314,1,dgeqp3_trsm,0.00010204100000000001,0.00011881200000000001,0.00010340037500000001,0.000125372175,626352,7.869621324691761e-16,6.596635650714291e-15
20260622_161419,2026-06-22T16:14:19.121,orthonormal_rows,short_wide,64,256,4.000000,20260314,1,bsqr_full,0.000284708,0.0003136875,0.0002965197,0.000333277975,464608,7.298438152867658e-16,5.756306371425868e-15
20260622_161419,2026-06-22T16:14:19.121,orthonormal_rows,short_wide,64,256,4.000000,20260314,1,dgeqp3,0.000182084,0.000187063,0.0001827481,0.00020960450000000002,726320,7.589938914482773e-16,6.269325177512504e-15
20260622_161419,2026-06-22T16:14:19.121,orthonormal_rows,short_wide,64,256,4.000000,20260314,1,bsqr_rinv,0.000316667,0.00033375,0.00031875065000000003,0.000346815325,562992,7.298438152867658e-16,5.756306371425868e-15
20260622_161419,2026-06-22T16:14:19.121,orthonormal_rows,short_wide,64,256,4.000000,20260314,1,dgeqp3_trsm,0.00019112500000000002,0.00023520800000000002,0.00019725705000000002,0.00024198575000000002,1119856,7.589938914482773e-16,6.269325177512504e-15
20260622_161419,2026-06-22T16:14:19.121,orthonormal_rows,short_wide,64,512,8.000000,20260314,1,bsqr_full,0.000738708,0.000779396,0.000741517375,0.0008010734,1002512,7.769242743894699e-16,5.714282535293435e-15
20260622_161419,2026-06-22T16:14:19.121,orthonormal_rows,short_wide,64,512,8.000000,20260314,1,dgeqp3,0.00046437500000000005,0.0004833125,0.000467426525,0.0005141133,1320240,8.356156160932469e-16,6.8514072624993294e-15
20260622_161419,2026-06-22T16:14:19.121,orthonormal_rows,short_wide,64,512,8.000000,20260314,1,bsqr_rinv,0.0007745,0.0008076455,0.0007761008000000001,0.0008495232499999999,1231968,7.769242743894699e-16,5.714282535293435e-15
20260622_161419,2026-06-22T16:14:19.121,orthonormal_rows,short_wide,64,512,8.000000,20260314,1,dgeqp3_trsm,0.000517083,0.000567146,0.0005363564000000001,0.0017147263749999946,2106992,8.356156160932469e-16,6.8514072624993294e-15
20260622_161419,2026-06-22T16:14:19.121,orthonormal_rows,short_wide,64,640,10.000000,20260314,1,bsqr_full,0.000961625,0.0009778755,0.0009636187500000001,0.0010212843750000001,1309840,7.604178159914163e-16,5.7524255399772574e-15
20260622_161419,2026-06-22T16:14:19.121,orthonormal_rows,short_wide,64,640,10.000000,20260314,1,dgeqp3,0.000585,0.0006611665000000001,0.0006083508,0.001468665049999996,1617200,8.026001264462284e-16,6.5711423473960665e-15
20260622_161419,2026-06-22T16:14:19.121,orthonormal_rows,short_wide,64,640,10.000000,20260314,1,bsqr_rinv,0.0009687500000000001,0.0010081250000000001,0.0009766945500000001,0.0021730871249999945,1604832,7.604178159914163e-16,5.7524255399772574e-15
20260622_161419,2026-06-22T16:14:19.121,orthonormal_rows,short_wide,64,640,10.000000,20260314,1,dgeqp3_trsm,0.000695458,0.0007553540000000001,0.0006959118500000001,0.0017801293499999948,2600560,8.026001264462284e-16,6.5711423473960665e-15
20260622_161419,2026-06-22T16:14:19.121,orthonormal_rows,short_wide,128,256,2.000000,20260314,1,bsqr_full,0.001033667,0.0010633125,0.0010349959250000001,0.001073842525,1045776,9.305399537151122e-16,1.0129610671564023e-14
20260622_161419,2026-06-22T16:14:19.121,orthonormal_rows,short_wide,128,256,2.000000,20260314,1,dgeqp3,0.000739417,0.0007693545,0.000739507625,0.001032235599999999,1382224,9.462538854533687e-16,1.1438651017534667e-14
20260622_161419,2026-06-22T16:14:19.121,orthonormal_rows,short_wide,128,256,2.000000,20260314,1,bsqr_rinv,0.001039625,0.0010743545,0.0010467242,0.0011057561,1176928,9.305399537151122e-16,1.0129610671564023e-14
20260622_161419,2026-06-22T16:14:19.121,orthonormal_rows,short_wide,128,256,2.000000,20260314,1,dgeqp3_trsm,0.0007650830000000001,0.000865938,0.000787467375,0.0017406906249999958,2168976,9.462538854533687e-16,1.1438651017534667e-14
20260622_161419,2026-06-22T16:14:19.121,orthonormal_rows,short_wide,128,512,4.000000,20260314,1,bsqr_full,0.0019880410000000003,0.0021160000000000003,0.0020007894000000003,0.0030374781249999957,1912368,9.550412147142357e-16,1.00668590736115e-14
20260622_161419,2026-06-22T16:14:19.121,orthonormal_rows,short_wide,128,512,4.000000,20260314,1,dgeqp3,0.001571375,0.0018164795000000001,0.0016052383000000003,0.003032399999999994,2500432,9.752123961287309e-16,1.0835361610925714e-14
20260622_161419,2026-06-22T16:14:19.121,orthonormal_rows,short_wide,128,512,4.000000,20260314,1,bsqr_rinv,0.001999292,0.0021598125000000003,0.0020333061000000004,0.0032889837249999946,2305664,9.550412147142357e-16,1.00668590736115e-14
20260622_161419,2026-06-22T16:14:19.121,orthonormal_rows,short_wide,128,512,4.000000,20260314,1,dgeqp3_trsm,0.0017098340000000001,0.001978208,0.0017220981,0.004390535975,4073616,9.752123961287309e-16,1.0835361610925714e-14
20260622_161419,2026-06-22T16:14:19.121,orthonormal_rows,short_wide,128,1024,8.000000,20260314,1,bsqr_full,0.0038125420000000004,0.004061854,0.0038284311000000002,0.007677547025,3648112,9.075843695986477e-16,1.0037058354681244e-14
20260622_161419,2026-06-22T16:14:19.121,orthonormal_rows,short_wide,128,1024,8.000000,20260314,1,dgeqp3,0.002655292,0.0028964795,0.0027029303000000006,0.004741934374999998,4736848,9.347382598240079e-16,1.1056781683416122e-14
20260622_161419,2026-06-22T16:14:19.121,orthonormal_rows,short_wide,128,1024,8.000000,20260314,1,bsqr_rinv,0.004046500000000001,0.004127833500000001,0.004049309375000001,0.0067539730999999995,4565696,9.075843695986477e-16,1.0037058354681244e-14
20260622_161419,2026-06-22T16:14:19.121,orthonormal_rows,short_wide,128,1024,8.000000,20260314,1,dgeqp3_trsm,0.003042875,0.0033490625,0.003078278925,0.005456177974999999,7882896,9.347382598240079e-16,1.1056781683416122e-14
20260622_161419,2026-06-22T16:14:19.121,orthonormal_rows,short_wide,128,1280,10.000000,20260314,1,bsqr_full,0.0050332910000000005,0.0053051455,0.0050707503,0.007882068599999998,4557696,9.298513954132111e-16,1.0149221525800675e-14
20260622_161419,2026-06-22T16:14:19.121,orthonormal_rows,short_wide,128,1280,10.000000,20260314,1,dgeqp3,0.0035167080000000003,0.003696083,0.003542808,0.006352628125000001,5855056,9.557036788456552e-16,1.1350045484243683e-14
20260622_161419,2026-06-22T16:14:19.121,orthonormal_rows,short_wide,128,1280,10.000000,20260314,1,bsqr_rinv,0.005255917000000001,0.005503167000000001,0.0052952482500000005,0.009200716999999999,5737424,9.298513954132111e-16,1.0149221525800675e-14
20260622_161419,2026-06-22T16:14:19.121,orthonormal_rows,short_wide,128,1280,10.000000,20260314,1,dgeqp3_trsm,0.003927542,0.0042944165,0.0040000420000000005,0.007213849049999998,9787536,9.557036788456552e-16,1.1350045484243683e-14
20260622_161419,2026-06-22T16:14:19.121,orthonormal_rows,short_wide,256,512,2.000000,20260314,1,bsqr_full,0.004681292,0.004890146000000001,0.0046840709250000005,0.008276122825,3928592,1.1577917270985514e-15,2.0331110036669438e-14
20260622_161419,2026-06-22T16:14:19.121,orthonormal_rows,short_wide,256,512,2.000000,20260314,1,dgeqp3,0.003601042,0.003901125,0.0036143334250000004,0.0056557648249999995,5024560,1.1805111647118712e-15,2.0181706861412737e-14
20260622_161419,2026-06-22T16:14:19.121,orthonormal_rows,short_wide,256,512,2.000000,20260314,1,bsqr_rinv,0.0049670420000000005,0.00506675,0.004983626375,0.007208718749999998,4452960,1.1577917270985514e-15,2.0331110036669438e-14
20260622_161419,2026-06-22T16:14:19.121,orthonormal_rows,short_wide,256,512,2.000000,20260314,1,dgeqp3_trsm,0.004129416,0.00422825,0.004135034750000001,0.0060352037,8170608,1.1805111647118712e-15,2.0181706861412737e-14
20260622_161419,2026-06-22T16:14:19.121,orthonormal_rows,short_wide,256,1024,4.000000,20260314,1,bsqr_full,0.009909958,0.010163104000000001,0.009911136125,0.013329648099999997,7237200,1.1862637926378692e-15,1.9869897619932083e-14
20260622_161419,2026-06-22T16:14:19.121,orthonormal_rows,short_wide,256,1024,4.000000,20260314,1,dgeqp3,0.006580458000000001,0.0068691460000000005,0.0066061955,0.0108444992,9358128,1.2150173337703379e-15,2.0350466409707442e-14
20260622_161419,2026-06-22T16:14:19.121,orthonormal_rows,short_wide,256,1024,4.000000,20260314,1,bsqr_rinv,0.010023791,0.010371937500000001,0.010047958150000001,0.013779847675,8810144,1.1862637926378692e-15,1.9869897619932083e-14
20260622_161419,2026-06-22T16:14:19.121,orthonormal_rows,short_wide,256,1024,4.000000,20260314,1,dgeqp3_trsm,0.007376375,0.0079039795,0.007393865625000001,0.010582895925,15649904,1.2150173337703379e-15,2.0350466409707442e-14
20260622_161419,2026-06-22T16:14:19.121,orthonormal_rows,short_wide,256,2048,8.000000,20260314,1,bsqr_full,0.0200115,0.0209365205,0.0200171492,0.024287034375000002,13824560,1.1917887515142694e-15,2.0238427098314384e-14
20260622_161419,2026-06-22T16:14:19.121,orthonormal_rows,short_wide,256,2048,8.000000,20260314,1,dgeqp3,0.012509000000000001,0.013171208,0.012561502325000001,0.014902435750000002,18058032,1.2258033719585642e-15,2.0049042956354638e-14
20260622_161419,2026-06-22T16:14:19.121,orthonormal_rows,short_wide,256,2048,8.000000,20260314,1,bsqr_rinv,0.020550625000000003,0.021619333,0.020563251600000002,0.03230465529999996,17494656,1.1917887515142694e-15,2.0238427098314384e-14
20260622_161419,2026-06-22T16:14:19.121,orthonormal_rows,short_wide,256,2048,8.000000,20260314,1,dgeqp3_trsm,0.014209458000000001,0.015242979500000002,0.014363641575,0.026472061849999957,30641264,1.2258033719585642e-15,2.0049042956354638e-14
20260622_161419,2026-06-22T16:14:19.121,orthonormal_rows,short_wide,256,2560,10.000000,20260314,1,bsqr_full,0.024691084000000002,0.025766625,0.0248171122,0.027465883150000002,17151056,1.1972782114680257e-15,2.015197036395375e-14
20260622_161419,2026-06-22T16:14:19.121,orthonormal_rows,short_wide,256,2560,10.000000,20260314,1,dgeqp3,0.015191541000000001,0.015864666500000003,0.01540813475,0.027301714674999956,22391600,1.2390579696695348e-15,2.072234095215097e-14
20260622_161419,2026-06-22T16:14:19.121,orthonormal_rows,short_wide,256,2560,10.000000,20260314,1,bsqr_rinv,0.025155458000000002,0.026129021000000002,0.025269524425000002,0.03761978182499996,21869728,1.1972782114680257e-15,2.015197036395375e-14
20260622_161419,2026-06-22T16:14:19.121,orthonormal_rows,short_wide,256,2560,10.000000,20260314,1,dgeqp3_trsm,0.017542500000000003,0.0188228125,0.017624485175000003,0.049064027175,38120560,1.2390579696695348e-15,2.072234095215097e-14
20260622_161419,2026-06-22T16:14:19.121,orthonormal_rows,short_wide,512,1024,2.000000,20260314,1,bsqr_full,0.02573875,0.027282208000000002,0.025848406250000004,0.030535839675000002,15187024,1.534261704018282e-15,3.8568293471323147e-14
20260622_161419,2026-06-22T16:14:19.121,orthonormal_rows,short_wide,512,1024,2.000000,20260314,1,dgeqp3,0.017192375000000003,0.018416000000000002,0.017217327325,0.030233877549999955,19387184,1.5445452331512205e-15,3.827460683607114e-14
20260622_161419,2026-06-22T16:14:19.121,orthonormal_rows,short_wide,512,1024,2.000000,20260314,1,bsqr_rinv,0.025873584,0.027306625,0.026161409000000004,0.03915577229999996,17284256,1.534261704018282e-15,3.8568293471323147e-14
20260622_161419,2026-06-22T16:14:19.121,orthonormal_rows,short_wide,512,1024,2.000000,20260314,1,dgeqp3_trsm,0.018621959,0.0201501455,0.018908877025,0.031534163299999966,31970416,1.5445452331512205e-15,3.827460683607114e-14
20260622_161419,2026-06-22T16:14:19.121,orthonormal_rows,short_wide,512,2048,4.000000,20260314,1,bsqr_full,0.053590916,0.055167604,0.0535958402,0.06567008887499996,28080720,1.578660303407381e-15,3.86098988084923e-14
20260622_161419,2026-06-22T16:14:19.121,orthonormal_rows,short_wide,512,2048,4.000000,20260314,1,dgeqp3,0.031588208,0.033481000000000004,0.031653760325,0.06696034919999999,36475696,1.6010302299542629e-15,3.8293364871499626e-14
20260622_161419,2026-06-22T16:14:19.121,orthonormal_rows,short_wide,512,2048,4.000000,20260314,1,bsqr_rinv,0.053779833000000006,0.056000874500000006,0.0538321838,0.0838611681,34372256,1.578660303407381e-15,3.86098988084923e-14
20260622_161419,2026-06-22T16:14:19.121,orthonormal_rows,short_wide,512,2048,4.000000,20260314,1,dgeqp3_trsm,0.036145125,0.0379817915,0.036339062500000005,0.0679363569,61641840,1.6010302299542629e-15,3.8293364871499626e-14
20260622_161419,2026-06-22T16:14:19.121,orthonormal_rows,short_wide,512,4096,8.000000,20260314,1,bsqr_full,0.155356292,0.16128483300000002,0.15606219985000003,0.191816485325,60162672,1.5969978513469336e-15,3.828534293387493e-14
20260622_161419,2026-06-22T16:14:19.121,orthonormal_rows,short_wide,512,4096,8.000000,20260314,1,dgeqp3,0.072469166,0.07631689600000001,0.073044816,0.10926141345000001,83202864,1.6347642965892435e-15,3.844880105232017e-14
20260622_161419,2026-06-22T16:14:19.121,orthonormal_rows,short_wide,512,4096,8.000000,20260314,1,bsqr_rinv,0.15402179200000002,0.1645258545,0.15541043815,0.1953964386,81134272,1.5969978513469336e-15,3.828534293387493e-14
20260622_161419,2026-06-22T16:14:19.121,orthonormal_rows,short_wide,512,4096,8.000000,20260314,1,dgeqp3_trsm,0.08143016700000001,0.08783262450000001,0.0817338811,0.11910484375000002,141923440,1.6347642965892435e-15,3.844880105232017e-14
20260622_161419,2026-06-22T16:14:19.121,orthonormal_rows,short_wide,512,5120,10.000000,20260314,1,bsqr_full,0.306751041,0.368136146,0.3070933609,0.414977429975,67143312,1.6121200302374174e-15,3.84839339629942e-14
20260622_161419,2026-06-22T16:14:19.121,orthonormal_rows,short_wide,512,5120,10.000000,20260314,1,dgeqp3,0.13621012500000002,0.16529972950000002,0.139294153925,0.2162555436,87724848,1.6391927606217754e-15,3.857899858997843e-14
20260622_161419,2026-06-22T16:14:19.121,orthonormal_rows,short_wide,512,5120,10.000000,20260314,1,bsqr_rinv,0.307605459,0.371949521,0.325737709825,0.407834400225,86017760,1.6121200302374174e-15,3.84839339629942e-14
20260622_161419,2026-06-22T16:14:19.121,orthonormal_rows,short_wide,512,5120,10.000000,20260314,1,dgeqp3_trsm,0.160088541,0.18408258300000002,0.16048712685,0.23690985635,150639728,1.6391927606217754e-15,3.857899858997843e-14
20260622_161419,2026-06-22T16:14:19.121,gaussian,square,64,64,1.000000,20260310,4,bsqr_full,6.5833e-5,6.7729e-5,6.5984525e-5,9.468779999999998e-5,154336,5.580071206426826e-16,5.781020470481458e-15
20260622_161419,2026-06-22T16:14:19.121,gaussian,square,64,64,1.000000,20260310,4,dgeqp3,5.7375000000000005e-5,5.8833500000000005e-5,5.770705000000001e-5,7.199455e-5,249648,5.884699445236682e-16,6.885819648643135e-15
20260622_161419,2026-06-22T16:14:19.121,gaussian,square,64,64,1.000000,20260310,4,bsqr_rinv,6.591600000000001e-5,6.6646e-5,6.597690000000002e-5,7.810667499999997e-5,154384,5.580071206426826e-16,5.781020470481458e-15
20260622_161419,2026-06-22T16:14:19.121,gaussian,square,64,64,1.000000,20260310,4,dgeqp3_trsm,5.6708000000000007e-5,6.160450000000001e-5,5.6768900000000005e-5,7.919157499999999e-5,249648,5.884699445236682e-16,6.885819648643135e-15
20260622_161419,2026-06-22T16:14:19.121,gaussian,square,128,128,1.000000,20260310,4,bsqr_full,0.00042125,0.00044843750000000005,0.000428621075,0.00045816265000000003,569920,7.231503437394085e-16,9.696634437642638e-15
20260622_161419,2026-06-22T16:14:19.121,gaussian,square,128,128,1.000000,20260310,4,dgeqp3,0.00027,0.00029802050000000003,0.000272990625,0.00030854535000000003,823184,7.410311847957666e-16,1.1040087235281498e-14
20260622_161419,2026-06-22T16:14:19.121,gaussian,square,128,128,1.000000,20260310,4,bsqr_rinv,0.000440667,0.000447771,0.000442388875,0.000463582775,569968,7.231503437394085e-16,9.696634437642638e-15
20260622_161419,2026-06-22T16:14:19.121,gaussian,square,128,128,1.000000,20260310,4,dgeqp3_trsm,0.000291333,0.00030302050000000004,0.000292390775,0.0003178556,823184,7.410311847957666e-16,1.1040087235281498e-14
20260622_161419,2026-06-22T16:14:19.121,gaussian,square,256,256,1.000000,20260310,4,bsqr_full,0.0025135,0.002545,0.002514647675,0.003138879225,2273616,9.18864285626739e-16,1.9791299969584656e-14
20260622_161419,2026-06-22T16:14:19.121,gaussian,square,256,256,1.000000,20260310,4,dgeqp3,0.002020958,0.0021068330000000002,0.0020311080000000002,0.0040414343749999955,2857776,9.351071928314476e-16,2.023588289338543e-14
20260622_161419,2026-06-22T16:14:19.121,gaussian,square,256,256,1.000000,20260310,4,bsqr_rinv,0.0024273750000000003,0.0024885000000000003,0.0024427812500000005,0.0033428391,2273664,9.18864285626739e-16,1.9791299969584656e-14
20260622_161419,2026-06-22T16:14:19.121,gaussian,square,256,256,1.000000,20260310,4,dgeqp3_trsm,0.001911584,0.0020890625,0.00198958095,0.0037035427999999983,2857776,9.351071928314476e-16,2.023588289338543e-14
20260622_161419,2026-06-22T16:14:19.121,gaussian,square,384,384,1.000000,20260310,4,bsqr_full,0.005281958000000001,0.005393146000000001,0.00532237675,0.006620273625000001,4982256,1.0785216505514289e-15,2.949896581084828e-14
20260622_161419,2026-06-22T16:14:19.121,gaussian,square,384,384,1.000000,20260310,4,dgeqp3,0.004480417,0.0049701045,0.004501502175000001,0.006642811699999999,6203184,1.0962439568698355e-15,3.014545937529705e-14
20260622_161419,2026-06-22T16:14:19.121,gaussian,square,384,384,1.000000,20260310,4,bsqr_rinv,0.005355875,0.005409708,0.005357566425000001,0.00669429825,4982304,1.0785216505514289e-15,2.949896581084828e-14
20260622_161419,2026-06-22T16:14:19.121,gaussian,square,384,384,1.000000,20260310,4,dgeqp3_trsm,0.004365042,0.004533396,0.00436697485,0.005620874625,6203184,1.0962439568698355e-15,3.014545937529705e-14
20260622_161419,2026-06-22T16:14:19.121,gaussian,square,512,512,1.000000,20260310,4,bsqr_full,0.011646667000000001,0.012289521000000001,0.01172436235,0.01595776765,8739440,1.2086348447006277e-15,3.830821164232132e-14
20260622_161419,2026-06-22T16:14:19.121,gaussian,square,512,512,1.000000,20260310,4,dgeqp3,0.009137792,0.009593875,0.009150056825,0.012933622674999999,10859312,1.2378455379225145e-15,3.86816801933746e-14
20260622_161419,2026-06-22T16:14:19.121,gaussian,square,512,512,1.000000,20260310,4,bsqr_rinv,0.011838666000000001,0.0123208545,0.011900865200000001,0.016843907999999994,8739488,1.2086348447006277e-15,3.830821164232132e-14
20260622_161419,2026-06-22T16:14:19.121,gaussian,square,512,512,1.000000,20260310,4,dgeqp3_trsm,0.009255458000000001,0.009790021000000001,0.009303730675000002,0.013351846225,10859312,1.2378455379225145e-15,3.86816801933746e-14
20260622_161419,2026-06-22T16:14:19.121,gaussian,short_wide,32,64,2.000000,20260310,4,bsqr_full,2.5708000000000002e-5,2.6375e-5,2.5829075e-5,3.317064999999998e-5,72160,5.132244025709271e-16,3.0892741216792185e-15
20260622_161419,2026-06-22T16:14:19.121,gaussian,short_wide,32,64,2.000000,20260310,4,dgeqp3,1.8708e-5,1.9521e-5,1.8859525e-5,2.679904999999999e-5,159280,5.306665983352502e-16,3.483742306929226e-15
20260622_161419,2026-06-22T16:14:19.121,gaussian,short_wide,32,64,2.000000,20260310,4,bsqr_rinv,2.6583000000000003e-5,2.7020500000000003e-5,2.66439e-5,3.4629874999999976e-5,80432,5.132244025709271e-16,3.0892741216792185e-15
20260622_161419,2026-06-22T16:14:19.121,gaussian,short_wide,32,64,2.000000,20260310,4,dgeqp3_trsm,2.4292e-5,2.93545e-5,2.4533425000000003e-5,3.2884524999999995e-5,208752,5.306665983352502e-16,3.483742306929226e-15
20260622_161419,2026-06-22T16:14:19.121,gaussian,short_wide,32,128,4.000000,20260310,4,bsqr_full,4.4333000000000004e-5,4.4729500000000006e-5,4.4423625e-5,4.9900949999999985e-5,126752,4.875059555435996e-16,2.5660291420989094e-15
20260622_161419,2026-06-22T16:14:19.121,gaussian,short_wide,32,128,4.000000,20260310,4,dgeqp3,3.1833000000000005e-5,3.24795e-5,3.1923625e-5,5.4958e-5,273520,6.072340746631066e-16,3.750578058892803e-15
20260622_161419,2026-06-22T16:14:19.121,gaussian,short_wide,32,128,4.000000,20260310,4,bsqr_rinv,4.6334e-5,4.6833000000000004e-5,4.6334e-5,5.424984999999998e-5,151408,4.875059555435996e-16,2.5660291420989094e-15
20260622_161419,2026-06-22T16:14:19.121,gaussian,short_wide,32,128,4.000000,20260310,4,dgeqp3_trsm,4.4083000000000005e-5,4.5229000000000004e-5,4.420407500000001e-5,6.1301525e-5,372144,6.072340746631066e-16,3.750578058892803e-15
20260622_161419,2026-06-22T16:14:19.121,gaussian,short_wide,32,256,8.000000,20260310,4,bsqr_full,8.608300000000001e-5,9.358350000000001e-5,8.6415775e-5,9.725189999999999e-5,234976,6.075937528944801e-16,3.4866673193146325e-15
20260622_161419,2026-06-22T16:14:19.121,gaussian,short_wide,32,256,8.000000,20260310,4,dgeqp3,6.5125e-5,6.65415e-5,6.5215625e-5,7.462325e-5,439344,5.891996615831363e-16,3.38495843679928e-15
20260622_161419,2026-06-22T16:14:19.121,gaussian,short_wide,32,256,8.000000,20260310,4,bsqr_rinv,9.0084e-5,9.9208e-5,9.011372500000001e-5,0.0001045766,300592,6.075937528944801e-16,3.4866673193146325e-15
20260622_161419,2026-06-22T16:14:19.121,gaussian,short_wide,32,256,8.000000,20260310,4,dgeqp3_trsm,8.3625e-5,9.3021e-5,8.546795e-5,9.454565e-5,644464,5.891996615831363e-16,3.38495843679928e-15
20260622_161419,2026-06-22T16:14:19.121,gaussian,short_wide,32,320,10.000000,20260310,4,bsqr_full,0.000118709,0.0001224795,0.00011904105,0.0001344258,338400,6.022942903493897e-16,3.3284256482624e-15
20260622_161419,2026-06-22T16:14:19.121,gaussian,short_wide,32,320,10.000000,20260310,4,dgeqp3,6.7625e-5,8.102100000000001e-5,7.128045e-5,8.3395125e-5,571440,5.810221680072307e-16,3.2883436227223147e-15
20260622_161419,2026-06-22T16:14:19.121,gaussian,short_wide,32,320,10.000000,20260310,4,bsqr_rinv,0.0001275,0.0001294795,0.00012804375,0.000137283425,436784,6.022942903493897e-16,3.3284256482624e-15
20260622_161419,2026-06-22T16:14:19.121,gaussian,short_wide,32,320,10.000000,20260310,4,dgeqp3_trsm,8.9542e-5,0.000111792,9.22303e-5,0.0001145061,874864,5.810221680072307e-16,3.2883436227223147e-15
20260622_161419,2026-06-22T16:14:19.121,gaussian,short_wide,64,128,2.000000,20260310,4,bsqr_full,0.000125167,0.000133062,0.00012568030000000002,0.00013860994999999999,258080,6.76232492205154e-16,5.790075369365144e-15
20260622_161419,2026-06-22T16:14:19.121,gaussian,short_wide,64,128,2.000000,20260310,4,dgeqp3,9.175000000000001e-5,0.000101062,9.1779725e-5,0.0001088098,429424,6.597830765051429e-16,6.112932773859395e-15
20260622_161419,2026-06-22T16:14:19.121,gaussian,short_wide,64,128,2.000000,20260310,4,bsqr_rinv,0.000128417,0.00013689650000000002,0.0001285678,0.00014139905,290928,6.76232492205154e-16,5.790075369365144e-15
20260622_161419,2026-06-22T16:14:19.121,gaussian,short_wide,64,128,2.000000,20260310,4,dgeqp3_trsm,0.00010379200000000001,0.00012045850000000001,0.00010898807500000002,0.000126604075,626352,6.597830765051429e-16,6.112932773859395e-15
20260622_161419,2026-06-22T16:14:19.121,gaussian,short_wide,64,256,4.000000,20260310,4,bsqr_full,0.000301,0.0003210835,0.000302540625,0.000329478925,464608,6.981453001851503e-16,5.674071386161617e-15
20260622_161419,2026-06-22T16:14:19.121,gaussian,short_wide,64,256,4.000000,20260310,4,dgeqp3,0.00016566600000000002,0.000186125,0.00016687457500000002,0.00019197812500000003,726320,7.30698394984022e-16,6.199472761391778e-15
20260622_161419,2026-06-22T16:14:19.121,gaussian,short_wide,64,256,4.000000,20260310,4,bsqr_rinv,0.00031729100000000004,0.0003288335,0.00032013155000000005,0.00033897500000000004,562992,6.981453001851503e-16,5.674071386161617e-15
20260622_161419,2026-06-22T16:14:19.121,gaussian,short_wide,64,256,4.000000,20260310,4,dgeqp3_trsm,0.000190625,0.000234083,0.00019567027500000001,0.00023903735,1119856,7.30698394984022e-16,6.199472761391778e-15
20260622_161419,2026-06-22T16:14:19.121,gaussian,short_wide,64,512,8.000000,20260310,4,bsqr_full,0.000754084,0.0007814580000000001,0.00075435515,0.0007931637250000001,1002512,7.52417320821705e-16,5.7354360038976835e-15
20260622_161419,2026-06-22T16:14:19.121,gaussian,short_wide,64,512,8.000000,20260310,4,dgeqp3,0.00046579200000000003,0.0004906040000000001,0.00046799745,0.000497696075,1320240,7.662225892798759e-16,6.2230568029369374e-15
20260622_161419,2026-06-22T16:14:19.121,gaussian,short_wide,64,512,8.000000,20260310,4,bsqr_rinv,0.0007839580000000001,0.0008082085000000001,0.000785408,0.000825092525,1231968,7.52417320821705e-16,5.7354360038976835e-15
20260622_161419,2026-06-22T16:14:19.121,gaussian,short_wide,64,512,8.000000,20260310,4,dgeqp3_trsm,0.0005226250000000001,0.0005797705,0.0005234710750000001,0.000790520649999999,2106992,7.662225892798759e-16,6.2230568029369374e-15
20260622_161419,2026-06-22T16:14:19.121,gaussian,short_wide,64,640,10.000000,20260310,4,bsqr_full,0.0009546250000000001,0.0009999585,0.0009618445500000001,0.00101236715,1309840,7.563517437798924e-16,5.711981274743511e-15
20260622_161419,2026-06-22T16:14:19.121,gaussian,short_wide,64,640,10.000000,20260310,4,dgeqp3,0.0006049170000000001,0.0006543125000000001,0.0006098412,0.002449473774999991,1617200,7.810874331577469e-16,6.5522527975959505e-15
20260622_161419,2026-06-22T16:14:19.121,gaussian,short_wide,64,640,10.000000,20260310,4,bsqr_rinv,0.000982666,0.001013396,0.0009833011,0.0012954866999999987,1604832,7.563517437798924e-16,5.711981274743511e-15
20260622_161419,2026-06-22T16:14:19.121,gaussian,short_wide,64,640,10.000000,20260310,4,dgeqp3_trsm,0.0006727500000000001,0.0007560420000000001,0.000674170275,0.001957519549999994,2600560,7.810874331577469e-16,6.5522527975959505e-15
20260622_161419,2026-06-22T16:14:19.121,gaussian,short_wide,128,256,2.000000,20260310,4,bsqr_full,0.001027958,0.001053542,0.001031885325,0.001077245925,1045776,8.607290526173955e-16,9.940239637939056e-15
20260622_161419,2026-06-22T16:14:19.121,gaussian,short_wide,128,256,2.000000,20260310,4,dgeqp3,0.000732791,0.0007683545,0.0007380479749999999,0.00078085625,1382224,8.951435444118604e-16,1.10749713439502e-14
20260622_161419,2026-06-22T16:14:19.121,gaussian,short_wide,128,256,2.000000,20260310,4,bsqr_rinv,0.001044875,0.0010730005000000001,0.00104671795,0.00109724215,1176928,8.607290526173955e-16,9.940239637939056e-15
20260622_161419,2026-06-22T16:14:19.121,gaussian,short_wide,128,256,2.000000,20260310,4,dgeqp3_trsm,0.0007840410000000001,0.0008633540000000001,0.0007976652000000001,0.001843096874999995,2168976,8.951435444118604e-16,1.10749713439502e-14
20260622_161419,2026-06-22T16:14:19.121,gaussian,short_wide,128,512,4.000000,20260310,4,bsqr_full,0.0019820000000000003,0.0021081455000000002,0.0019985539250000003,0.003594983274999993,1912368,9.314707531026446e-16,1.0161058117921072e-14
20260622_161419,2026-06-22T16:14:19.121,gaussian,short_wide,128,512,4.000000,20260310,4,dgeqp3,0.0015745420000000002,0.001828563,0.0016342029750000002,0.002936043899999995,2500432,9.426998103366272e-16,1.1025557048594668e-14
20260622_161419,2026-06-22T16:14:19.121,gaussian,short_wide,128,512,4.000000,20260310,4,bsqr_rinv,0.0020153750000000002,0.002130771,0.002021929725,0.0033856906249999943,2305664,9.314707531026446e-16,1.0161058117921072e-14
20260622_161419,2026-06-22T16:14:19.121,gaussian,short_wide,128,512,4.000000,20260310,4,dgeqp3_trsm,0.001712084,0.001977792,0.001740569975,0.005304970500000001,4073616,9.426998103366272e-16,1.1025557048594668e-14
20260622_161419,2026-06-22T16:14:19.121,gaussian,short_wide,128,1024,8.000000,20260310,4,bsqr_full,0.003914,0.0041061665,0.0039239992,0.0075840826249999995,3648112,9.340646872113954e-16,1.0538931078750874e-14
20260622_161419,2026-06-22T16:14:19.121,gaussian,short_wide,128,1024,8.000000,20260310,4,dgeqp3,0.002697375,0.0029046045,0.002709277325,0.0064062821999999985,4736848,9.586999385439055e-16,1.1640526242008219e-14
20260622_161419,2026-06-22T16:14:19.121,gaussian,short_wide,128,1024,8.000000,20260310,4,bsqr_rinv,0.004032458,0.004178229,0.0040346939000000005,0.007214884224999999,4565696,9.340646872113954e-16,1.0538931078750874e-14
20260622_161419,2026-06-22T16:14:19.121,gaussian,short_wide,128,1024,8.000000,20260310,4,dgeqp3_trsm,0.0030271250000000003,0.0032152920000000002,0.0030557625000000007,0.006199221074999997,7882896,9.586999385439055e-16,1.1640526242008219e-14
20260622_161419,2026-06-22T16:14:19.121,gaussian,short_wide,128,1280,10.000000,20260310,4,bsqr_full,0.0051074580000000005,0.0053381045,0.0051118384499999996,0.010161553125,4557696,8.932221477152343e-16,9.957903868045691e-15
20260622_161419,2026-06-22T16:14:19.121,gaussian,short_wide,128,1280,10.000000,20260310,4,dgeqp3,0.003323709,0.0035928125,0.0033253699750000003,0.0076432734749999984,5855056,9.050736686012935e-16,1.072921556293721e-14
20260622_161419,2026-06-22T16:14:19.121,gaussian,short_wide,128,1280,10.000000,20260310,4,bsqr_rinv,0.005137792,0.0054150000000000005,0.00521171155,0.0077919572,5737424,8.932221477152343e-16,9.957903868045691e-15
20260622_161419,2026-06-22T16:14:19.121,gaussian,short_wide,128,1280,10.000000,20260310,4,dgeqp3_trsm,0.003766292,0.004071208000000001,0.0038103357500000002,0.0060152454999999995,9787536,9.050736686012935e-16,1.072921556293721e-14
20260622_161419,2026-06-22T16:14:19.121,gaussian,short_wide,256,512,2.000000,20260310,4,bsqr_full,0.004860375,0.0051425,0.004869014825,0.009593954075000001,3928592,1.0863827325684883e-15,2.0160584674668116e-14
20260622_161419,2026-06-22T16:14:19.121,gaussian,short_wide,256,512,2.000000,20260310,4,dgeqp3,0.0037244580000000004,0.0038668540000000003,0.0037429759500000005,0.006392403124999998,5024560,1.1158782236690142e-15,2.0394316049097268e-14
20260622_161419,2026-06-22T16:14:19.121,gaussian,short_wide,256,512,2.000000,20260310,4,bsqr_rinv,0.004900584,0.0050216455000000005,0.00490889105,0.007943699424999999,4452960,1.0863827325684883e-15,2.0160584674668116e-14
20260622_161419,2026-06-22T16:14:19.121,gaussian,short_wide,256,512,2.000000,20260310,4,dgeqp3_trsm,0.004074334000000001,0.004231500500000001,0.004118377025000001,0.0066906173749999975,8170608,1.1158782236690142e-15,2.0394316049097268e-14
20260622_161419,2026-06-22T16:14:19.121,gaussian,short_wide,256,1024,4.000000,20260310,4,bsqr_full,0.009876167,0.010665979,0.00991818655,0.014913715049999996,7237200,1.145598102772441e-15,2.0119893972423118e-14
20260622_161419,2026-06-22T16:14:19.121,gaussian,short_wide,256,1024,4.000000,20260310,4,dgeqp3,0.0065775,0.006833354000000001,0.006583421075000001,0.012783303925,9358128,1.1690823879598292e-15,2.0322563413181e-14
20260622_161419,2026-06-22T16:14:19.121,gaussian,short_wide,256,1024,4.000000,20260310,4,bsqr_rinv,0.010083583,0.010337583000000001,0.010097328275000001,0.016410302550000002,8810144,1.145598102772441e-15,2.0119893972423118e-14
20260622_161419,2026-06-22T16:14:19.121,gaussian,short_wide,256,1024,4.000000,20260310,4,dgeqp3_trsm,0.007479084,0.0080158125,0.0074825872,0.011382942949999999,15649904,1.1690823879598292e-15,2.0322563413181e-14
20260622_161419,2026-06-22T16:14:19.121,gaussian,short_wide,256,2048,8.000000,20260310,4,bsqr_full,0.020038875,0.0206699795,0.020075034375000002,0.024549233425,13824560,1.1678139120637455e-15,2.00301888956886e-14
20260622_161419,2026-06-22T16:14:19.121,gaussian,short_wide,256,2048,8.000000,20260310,4,dgeqp3,0.012504000000000001,0.013147354,0.012550611699999999,0.016863545775,18058032,1.2078015360129928e-15,2.0394085567114e-14
20260622_161419,2026-06-22T16:14:19.121,gaussian,short_wide,256,2048,8.000000,20260310,4,bsqr_rinv,0.020510208000000002,0.021472812,0.020534344700000002,0.03294962187499996,17494656,1.1678139120637455e-15,2.00301888956886e-14
20260622_161419,2026-06-22T16:14:19.121,gaussian,short_wide,256,2048,8.000000,20260310,4,dgeqp3_trsm,0.01409575,0.0152199585,0.01421706715,0.02705969824999996,30641264,1.2078015360129928e-15,2.0394085567114e-14
20260622_161419,2026-06-22T16:14:19.121,gaussian,short_wide,256,2560,10.000000,20260310,4,bsqr_full,0.024692250000000002,0.025734812500000002,0.024718228925000002,0.028244831825000004,17151056,1.1748786688627613e-15,1.9782850803640943e-14
20260622_161419,2026-06-22T16:14:19.121,gaussian,short_wide,256,2560,10.000000,20260310,4,dgeqp3,0.015407042000000001,0.0158364585,0.015437733425,0.02764143597499996,22391600,1.2151751335088374e-15,2.0409244228624337e-14
20260622_161419,2026-06-22T16:14:19.121,gaussian,short_wide,256,2560,10.000000,20260310,4,bsqr_rinv,0.025229834000000003,0.026172812,0.025240618375,0.03802413067499996,21869728,1.1748786688627613e-15,1.9782850803640943e-14
20260622_161419,2026-06-22T16:14:19.121,gaussian,short_wide,256,2560,10.000000,20260310,4,dgeqp3_trsm,0.017142667,0.018705896,0.017509245125,0.04830307579999999,38120560,1.2151751335088374e-15,2.0409244228624337e-14
20260622_161419,2026-06-22T16:14:19.121,gaussian,short_wide,512,1024,2.000000,20260310,4,bsqr_full,0.025868333,0.027198667000000003,0.02598043685,0.030996966850000002,15187024,1.4447849267514677e-15,3.879935964396667e-14
20260622_161419,2026-06-22T16:14:19.121,gaussian,short_wide,512,1024,2.000000,20260310,4,dgeqp3,0.017104875000000002,0.018664375,0.0172025383,0.029728438449999957,19387184,1.4648735822845601e-15,3.87329713268932e-14
20260622_161419,2026-06-22T16:14:19.121,gaussian,short_wide,512,1024,2.000000,20260310,4,bsqr_rinv,0.026087292,0.027597291500000003,0.02637913495,0.04031524374999996,17284256,1.4447849267514677e-15,3.879935964396667e-14
20260622_161419,2026-06-22T16:14:19.121,gaussian,short_wide,512,1024,2.000000,20260310,4,dgeqp3_trsm,0.018782209,0.020482396,0.018957598100000004,0.031734922824999956,31970416,1.4648735822845601e-15,3.87329713268932e-14
20260622_161419,2026-06-22T16:14:19.121,gaussian,short_wide,512,2048,4.000000,20260310,4,bsqr_full,0.053318542000000003,0.055188125000000005,0.0537736303,0.06635823807499995,28080720,1.5284707984090348e-15,3.832853661631359e-14
20260622_161419,2026-06-22T16:14:19.121,gaussian,short_wide,512,2048,4.000000,20260310,4,dgeqp3,0.031942583000000004,0.033649187500000004,0.03210045175,0.0675432697,36475696,1.5596578191714302e-15,3.8350458775905766e-14
20260622_161419,2026-06-22T16:14:19.121,gaussian,short_wide,512,2048,4.000000,20260310,4,bsqr_rinv,0.054175583000000006,0.055996042,0.054247841575000004,0.09046186345,34372256,1.5284707984090348e-15,3.832853661631359e-14
20260622_161419,2026-06-22T16:14:19.121,gaussian,short_wide,512,2048,4.000000,20260310,4,dgeqp3_trsm,0.035636583,0.038323062500000005,0.036013250950000006,0.06746852405,61641840,1.5596578191714302e-15,3.8350458775905766e-14
20260622_161419,2026-06-22T16:14:19.121,gaussian,short_wide,512,4096,8.000000,20260310,4,bsqr_full,0.153845917,0.160101625,0.155075365475,0.19206119105,64356976,1.5751001990431658e-15,3.831845927143764e-14
20260622_161419,2026-06-22T16:14:19.121,gaussian,short_wide,512,4096,8.000000,20260310,4,dgeqp3,0.07280575,0.0772304585,0.072998509375,0.10874054687500001,87397168,1.6102969779176026e-15,3.859792656561285e-14
20260622_161419,2026-06-22T16:14:19.121,gaussian,short_wide,512,4096,8.000000,20260310,4,bsqr_rinv,0.158134459,0.1627665835,0.15831220434999999,0.2019261,85328576,1.5751001990431658e-15,3.831845927143764e-14
20260622_161419,2026-06-22T16:14:19.121,gaussian,short_wide,512,4096,8.000000,20260310,4,dgeqp3_trsm,0.080208792,0.0860708545,0.0802192436,0.1210519694,148214896,1.6102969779176026e-15,3.859792656561285e-14
20260622_161419,2026-06-22T16:14:19.121,gaussian,short_wide,512,5120,10.000000,20260310,4,bsqr_full,0.30267270900000004,0.310372417,0.30421242750000005,0.36301826075,67143312,1.5922860873384872e-15,3.859220934906015e-14
20260622_161419,2026-06-22T16:14:19.121,gaussian,short_wide,512,5120,10.000000,20260310,4,dgeqp3,0.13702487500000002,0.145766792,0.137880223475,0.19007826547499995,87724848,1.6211262781385581e-15,3.8540326779773534e-14
20260622_161419,2026-06-22T16:14:19.121,gaussian,short_wide,512,5120,10.000000,20260310,4,bsqr_rinv,0.305804917,0.308699229,0.305832885625,0.340947115,86017760,1.5922860873384872e-15,3.859220934906015e-14
20260622_161419,2026-06-22T16:14:19.121,gaussian,short_wide,512,5120,10.000000,20260310,4,dgeqp3_trsm,0.157788167,0.1615566455,0.158413207625,0.195841078125,150639728,1.6211262781385581e-15,3.8540326779773534e-14
20260622_161419,2026-06-22T16:14:19.121,ill_conditioned,square,64,64,1.000000,20260310,4,bsqr_full,6.5583e-5,6.679200000000001e-5,6.567435e-5,7.719047499999998e-5,154336,6.603352136913439e-16,5.598589582317938e-15
20260622_161419,2026-06-22T16:14:19.121,ill_conditioned,square,64,64,1.000000,20260310,4,dgeqp3,5.75e-5,5.8666500000000005e-5,5.762107500000001e-5,7.4839025e-5,249648,6.047844850861847e-16,6.537375931509517e-15
20260622_161419,2026-06-22T16:14:19.121,ill_conditioned,square,64,64,1.000000,20260310,4,bsqr_rinv,6.6041e-5,6.94375e-5,6.61019e-5,8.517689999999998e-5,154384,6.603352136913439e-16,5.598589582317938e-15
20260622_161419,2026-06-22T16:14:19.121,ill_conditioned,square,64,64,1.000000,20260310,4,dgeqp3_trsm,5.7333e-5,6.297900000000001e-5,5.79072e-5,7.799847500000001e-5,249648,6.047844850861847e-16,6.537375931509517e-15
20260622_161419,2026-06-22T16:14:19.121,ill_conditioned,square,128,128,1.000000,20260310,4,bsqr_full,0.000420292,0.00044352100000000005,0.00042140922500000005,0.00045140625,569920,7.344600722237604e-16,1.0355175844873088e-14
20260622_161419,2026-06-22T16:14:19.121,ill_conditioned,square,128,128,1.000000,20260310,4,dgeqp3,0.000265875,0.0003015415,0.000275329725,0.000340651375,823184,7.167586266575395e-16,1.1287298133042172e-14
20260622_161419,2026-06-22T16:14:19.121,ill_conditioned,square,128,128,1.000000,20260310,4,bsqr_rinv,0.00042016700000000004,0.00044216700000000004,0.000423338875,0.00045466467500000004,569968,7.344600722237604e-16,1.0355175844873088e-14
20260622_161419,2026-06-22T16:14:19.121,ill_conditioned,square,128,128,1.000000,20260310,4,dgeqp3_trsm,0.00028608400000000003,0.000302229,0.00029236685000000003,0.0003157215,823184,7.167586266575395e-16,1.1287298133042172e-14
20260622_161419,2026-06-22T16:14:19.121,ill_conditioned,square,256,256,1.000000,20260310,4,bsqr_full,0.002423541,0.0025015835,0.002440367525,0.0033351722500000003,2275568,7.372227049689695e-16,2.0453917732707996e-14
20260622_161419,2026-06-22T16:14:19.121,ill_conditioned,square,256,256,1.000000,20260310,4,dgeqp3,0.0022018750000000003,0.0023061875,0.0022110585750000004,0.0036535531249999986,2857776,8.092165188510098e-16,2.0502027308857648e-14
20260622_161419,2026-06-22T16:14:19.121,ill_conditioned,square,256,256,1.000000,20260310,4,bsqr_rinv,0.0024872920000000003,0.0026576665,0.0024877748500000004,0.00346433315,2275616,7.372227049689695e-16,2.0453917732707996e-14
20260622_161419,2026-06-22T16:14:19.121,ill_conditioned,square,256,256,1.000000,20260310,4,dgeqp3_trsm,0.002188125,0.002233854,0.002192535175,0.0028509357499999976,2857776,8.092165188510098e-16,2.0502027308857648e-14
20260622_161419,2026-06-22T16:14:19.121,ill_conditioned,square,384,384,1.000000,20260310,4,bsqr_full,0.00542925,0.0055360415,0.005467645275,0.00660037405,4984208,8.099443862571958e-16,2.980100413387948e-14
20260622_161419,2026-06-22T16:14:19.121,ill_conditioned,square,384,384,1.000000,20260310,4,dgeqp3,0.0047947910000000005,0.005225708,0.0048012558250000005,0.007949946074999997,6203184,8.294129572758968e-16,2.9236693747537044e-14
20260622_161419,2026-06-22T16:14:19.121,ill_conditioned,square,384,384,1.000000,20260310,4,bsqr_rinv,0.005314084,0.005470542,0.0053450473,0.006987043599999999,4984256,8.099443862571958e-16,2.980100413387948e-14
20260622_161419,2026-06-22T16:14:19.121,ill_conditioned,square,384,384,1.000000,20260310,4,dgeqp3_trsm,0.004700958,0.005062291500000001,0.004747358725,0.007694663299999993,6203184,8.294129572758968e-16,2.9236693747537044e-14
20260622_161419,2026-06-22T16:14:19.121,ill_conditioned,square,512,512,1.000000,20260310,4,bsqr_full,0.011895958,0.012374687,0.011954622825,0.01699526795,8741392,8.788872470351909e-16,3.831890176270684e-14
20260622_161419,2026-06-22T16:14:19.121,ill_conditioned,square,512,512,1.000000,20260310,4,dgeqp3,0.010572208000000001,0.010801188000000001,0.010599123625000002,0.013095620499999999,10859312,9.01309529149875e-16,3.844225448921347e-14
20260622_161419,2026-06-22T16:14:19.121,ill_conditioned,square,512,512,1.000000,20260310,4,bsqr_rinv,0.011827875000000002,0.0123129585,0.011877356250000002,0.015314262500000002,8741440,8.788872470351909e-16,3.831890176270684e-14
20260622_161419,2026-06-22T16:14:19.121,ill_conditioned,square,512,512,1.000000,20260310,4,dgeqp3_trsm,0.01049325,0.010898375,0.010610367225,0.013596559375000001,10859312,9.01309529149875e-16,3.844225448921347e-14
20260622_161419,2026-06-22T16:14:19.121,ill_conditioned,short_wide,32,64,2.000000,20260310,4,bsqr_full,2.5958e-5,2.6354500000000003e-5,2.598845e-5,3.555109999999998e-5,72160,5.200685478578408e-16,3.663564776115806e-15
20260622_161419,2026-06-22T16:14:19.121,ill_conditioned,short_wide,32,64,2.000000,20260310,4,dgeqp3,1.9084000000000002e-5,1.9958e-5,1.9265250000000003e-5,2.7463149999999988e-5,159280,5.231063826450243e-16,3.2098676852220476e-15
20260622_161419,2026-06-22T16:14:19.121,ill_conditioned,short_wide,32,64,2.000000,20260310,4,bsqr_rinv,2.6791e-5,2.7083500000000003e-5,2.6791725e-5,3.397172499999999e-5,80432,5.200685478578408e-16,3.663564776115806e-15
20260622_161419,2026-06-22T16:14:19.121,ill_conditioned,short_wide,32,64,2.000000,20260310,4,dgeqp3_trsm,2.4125e-5,2.9166500000000003e-5,2.4246075e-5,0.00032200937499999856,208752,5.231063826450243e-16,3.2098676852220476e-15
20260622_161419,2026-06-22T16:14:19.121,ill_conditioned,short_wide,32,128,4.000000,20260310,4,bsqr_full,4.4750000000000004e-5,4.5208500000000006e-5,4.4750000000000004e-5,5.277674999999998e-5,126752,5.659172130566087e-16,3.6532478820772415e-15
20260622_161419,2026-06-22T16:14:19.121,ill_conditioned,short_wide,32,128,4.000000,20260310,4,dgeqp3,3.1542000000000004e-5,3.2959e-5,3.1602175000000005e-5,4.70689e-5,273520,5.612399834352731e-16,3.402887607384437e-15
20260622_161419,2026-06-22T16:14:19.121,ill_conditioned,short_wide,32,128,4.000000,20260310,4,bsqr_rinv,4.7708000000000005e-5,5.1645500000000006e-5,4.79197e-5,5.5719549999999984e-5,151408,5.659172130566087e-16,3.6532478820772415e-15
20260622_161419,2026-06-22T16:14:19.121,ill_conditioned,short_wide,32,128,4.000000,20260310,4,dgeqp3_trsm,4.4625e-5,4.6583000000000004e-5,4.4836700000000004e-5,6.1174575e-5,372144,5.612399834352731e-16,3.402887607384437e-15
20260622_161419,2026-06-22T16:14:19.121,ill_conditioned,short_wide,32,256,8.000000,20260310,4,bsqr_full,9.375e-5,9.495800000000001e-5,9.390080000000001e-5,0.00010491939999999998,234976,3.865371173254075e-16,3.2548698462075003e-15
20260622_161419,2026-06-22T16:14:19.121,ill_conditioned,short_wide,32,256,8.000000,20260310,4,dgeqp3,5.8459000000000004e-5,6.83545e-5,5.9455875000000006e-5,7.7409225e-5,439344,3.8152024442661836e-16,3.051940516563145e-15
20260622_161419,2026-06-22T16:14:19.121,ill_conditioned,short_wide,32,256,8.000000,20260310,4,bsqr_rinv,9.3125e-5,0.000101229,9.5722675e-5,0.000114909525,300592,3.865371173254075e-16,3.2548698462075003e-15
20260622_161419,2026-06-22T16:14:19.121,ill_conditioned,short_wide,32,256,8.000000,20260310,4,dgeqp3_trsm,9.2292e-5,9.452100000000001e-5,9.247325000000001e-5,0.00034649717499999873,644464,3.8152024442661836e-16,3.051940516563145e-15
20260622_161419,2026-06-22T16:14:19.121,ill_conditioned,short_wide,32,320,10.000000,20260310,4,bsqr_full,0.00012054200000000001,0.00012164600000000001,0.00012081315000000001,0.00013120152500000002,338400,3.4414273688871485e-16,3.42863455337182e-15
20260622_161419,2026-06-22T16:14:19.121,ill_conditioned,short_wide,32,320,10.000000,20260310,4,dgeqp3,7.416700000000001e-5,8.256250000000001e-5,7.549592500000001e-5,8.659919999999999e-5,571440,3.909886250691476e-16,3.383202277478144e-15
20260622_161419,2026-06-22T16:14:19.121,ill_conditioned,short_wide,32,320,10.000000,20260310,4,bsqr_rinv,0.00012241700000000002,0.0001302505,0.000122507625,0.000133939675,436784,3.4414273688871485e-16,3.42863455337182e-15
20260622_161419,2026-06-22T16:14:19.121,ill_conditioned,short_wide,32,320,10.000000,20260310,4,dgeqp3_trsm,9.512500000000001e-5,0.0001135205,9.612187500000001e-5,0.00012115434999999998,874864,3.909886250691476e-16,3.383202277478144e-15
20260622_161419,2026-06-22T16:14:19.121,ill_conditioned,short_wide,64,128,2.000000,20260310,4,bsqr_full,0.000129042,0.000133792,0.000131095925,0.00014359375,258080,4.496626012190278e-16,5.470056613021997e-15
20260622_161419,2026-06-22T16:14:19.121,ill_conditioned,short_wide,64,128,2.000000,20260310,4,dgeqp3,9.108300000000001e-5,0.000101396,9.156657500000002e-5,0.000105824425,429424,5.102776702945381e-16,6.839713254589383e-15
20260622_161419,2026-06-22T16:14:19.121,ill_conditioned,short_wide,64,128,2.000000,20260310,4,bsqr_rinv,0.000127916,0.000133354,0.00012818860000000001,0.000144773625,290928,4.496626012190278e-16,5.470056613021997e-15
20260622_161419,2026-06-22T16:14:19.121,ill_conditioned,short_wide,64,128,2.000000,20260310,4,dgeqp3_trsm,0.000120458,0.0001214375,0.00012063997500000002,0.00013468925,626352,5.102776702945381e-16,6.839713254589383e-15
20260622_161419,2026-06-22T16:14:19.121,ill_conditioned,short_wide,64,256,4.000000,20260310,4,bsqr_full,0.000306333,0.00031775,0.00030766265,0.00033917892500000003,464608,4.724905916966034e-16,5.722629460511989e-15
20260622_161419,2026-06-22T16:14:19.121,ill_conditioned,short_wide,64,256,4.000000,20260310,4,dgeqp3,0.00016895900000000002,0.000189125,0.00017288560000000002,0.000197815625,726320,5.675907250853972e-16,6.291270355300022e-15
20260622_161419,2026-06-22T16:14:19.121,ill_conditioned,short_wide,64,256,4.000000,20260310,4,bsqr_rinv,0.000313292,0.0003325625,0.0003163428,0.00034036955,562992,4.724905916966034e-16,5.722629460511989e-15
20260622_161419,2026-06-22T16:14:19.121,ill_conditioned,short_wide,64,256,4.000000,20260310,4,dgeqp3_trsm,0.000230625,0.00023345800000000003,0.000231078125,0.0005874005749999982,1119856,5.675907250853972e-16,6.291270355300022e-15
20260622_161419,2026-06-22T16:14:19.121,ill_conditioned,short_wide,64,512,8.000000,20260310,4,bsqr_full,0.000773083,0.0007943960000000001,0.0007824478250000001,0.000843116725,1002512,4.93474301576581e-16,5.440086231185873e-15
20260622_161419,2026-06-22T16:14:19.121,ill_conditioned,short_wide,64,512,8.000000,20260310,4,dgeqp3,0.00046150000000000005,0.000500146,0.00047334142500000004,0.0005071202750000001,1320240,4.758503831989428e-16,6.6377245412495005e-15
20260622_161419,2026-06-22T16:14:19.121,ill_conditioned,short_wide,64,512,8.000000,20260310,4,bsqr_rinv,0.0007780420000000001,0.0008116870000000001,0.000779310025,0.000838365775,1231968,4.93474301576581e-16,5.440086231185873e-15
20260622_161419,2026-06-22T16:14:19.121,ill_conditioned,short_wide,64,512,8.000000,20260310,4,dgeqp3_trsm,0.000518,0.0005877500000000001,0.0005260054500000001,0.000824240249999999,2106992,4.758503831989428e-16,6.6377245412495005e-15
20260622_161419,2026-06-22T16:14:19.121,ill_conditioned,short_wide,64,640,10.000000,20260310,4,bsqr_full,0.0009735420000000001,0.0009842295,0.000973783425,0.0010282904750000001,1309840,5.5341445176862195e-16,5.707134766631919e-15
20260622_161419,2026-06-22T16:14:19.121,ill_conditioned,short_wide,64,640,10.000000,20260310,4,dgeqp3,0.00061825,0.000671854,0.0006271617,0.0018179472999999943,1617200,5.130868727960114e-16,6.5264656578262446e-15
20260622_161419,2026-06-22T16:14:19.121,ill_conditioned,short_wide,64,640,10.000000,20260310,4,bsqr_rinv,0.0009699590000000001,0.001018646,0.0009966324750000002,0.0018016778249999963,1604832,5.5341445176862195e-16,5.707134766631919e-15
20260622_161419,2026-06-22T16:14:19.121,ill_conditioned,short_wide,64,640,10.000000,20260310,4,dgeqp3_trsm,0.000689708,0.0007733545,0.0006900705,0.001972680824999994,2600560,5.130868727960114e-16,6.5264656578262446e-15
20260622_161419,2026-06-22T16:14:19.121,ill_conditioned,short_wide,128,256,2.000000,20260310,4,bsqr_full,0.001031833,0.0010585,0.0010358814000000001,0.001092172675,1045776,7.794010580732463e-16,1.026912532865414e-14
20260622_161419,2026-06-22T16:14:19.121,ill_conditioned,short_wide,128,256,2.000000,20260310,4,dgeqp3,0.000730583,0.0007690835,0.0007422438999999999,0.00080343845,1382224,7.728267049961769e-16,1.1207155889024912e-14
20260622_161419,2026-06-22T16:14:19.121,ill_conditioned,short_wide,128,256,2.000000,20260310,4,bsqr_rinv,0.001040792,0.0010792290000000001,0.00104169825,0.0010971162,1176928,7.794010580732463e-16,1.026912532865414e-14
20260622_161419,2026-06-22T16:14:19.121,ill_conditioned,short_wide,128,256,2.000000,20260310,4,dgeqp3_trsm,0.000824291,0.0008591875,0.000824654225,0.0020502429499999943,2168976,7.728267049961769e-16,1.1207155889024912e-14
20260622_161419,2026-06-22T16:14:19.121,ill_conditioned,short_wide,128,512,4.000000,20260310,4,bsqr_full,0.00197275,0.0021175210000000002,0.00198655545,0.003167956674999995,1912368,7.532713401215632e-16,1.0349962721136353e-14
20260622_161419,2026-06-22T16:14:19.121,ill_conditioned,short_wide,128,512,4.000000,20260310,4,dgeqp3,0.0015901250000000002,0.001778833,0.00160226875,0.003488902174999996,2500432,6.57800004400735e-16,1.1175154302016705e-14
20260622_161419,2026-06-22T16:14:19.121,ill_conditioned,short_wide,128,512,4.000000,20260310,4,bsqr_rinv,0.0019807500000000003,0.0021422295,0.0020370281250000006,0.0030640374999999958,2305664,7.532713401215632e-16,1.0349962721136353e-14
20260622_161419,2026-06-22T16:14:19.121,ill_conditioned,short_wide,128,512,4.000000,20260310,4,dgeqp3_trsm,0.001707708,0.0019702705000000003,0.0017362244250000002,0.0033046225249999985,4073616,6.57800004400735e-16,1.1175154302016705e-14
20260622_161419,2026-06-22T16:14:19.121,ill_conditioned,short_wide,128,1024,8.000000,20260310,4,bsqr_full,0.0038850000000000004,0.0040964165,0.0038876883000000004,0.007660586849999999,3648112,7.527951876569307e-16,1.0206987559367664e-14
20260622_161419,2026-06-22T16:14:19.121,ill_conditioned,short_wide,128,1024,8.000000,20260310,4,dgeqp3,0.0027488340000000003,0.0029338335,0.00277366525,0.005651837499999998,4736848,7.423490604886907e-16,1.114529406348633e-14
20260622_161419,2026-06-22T16:14:19.121,ill_conditioned,short_wide,128,1024,8.000000,20260310,4,bsqr_rinv,0.004050375,0.004226021,0.0040569906250000004,0.007611159074999997,4565696,7.527951876569307e-16,1.0206987559367664e-14
20260622_161419,2026-06-22T16:14:19.121,ill_conditioned,short_wide,128,1024,8.000000,20260310,4,dgeqp3_trsm,0.003064083,0.0032666045000000004,0.003092902475,0.005565075799999999,7882896,7.423490604886907e-16,1.114529406348633e-14
20260622_161419,2026-06-22T16:14:19.121,ill_conditioned,short_wide,128,1280,10.000000,20260310,4,bsqr_full,0.0051625,0.005319979000000001,0.00517406955,0.008710858424999995,4557696,6.372460710526067e-16,1.0207757983984476e-14
20260622_161419,2026-06-22T16:14:19.121,ill_conditioned,short_wide,128,1280,10.000000,20260310,4,dgeqp3,0.0033438340000000004,0.0036607080000000004,0.0034007465000000002,0.007706317374999998,5855056,6.244051706841253e-16,1.1065379616079933e-14
20260622_161419,2026-06-22T16:14:19.121,ill_conditioned,short_wide,128,1280,10.000000,20260310,4,bsqr_rinv,0.005302375000000001,0.0054811880000000006,0.0053128875,0.0100597053,5737424,6.372460710526067e-16,1.0207757983984476e-14
20260622_161419,2026-06-22T16:14:19.121,ill_conditioned,short_wide,128,1280,10.000000,20260310,4,dgeqp3_trsm,0.003813125,0.004068063,0.0038346633000000004,0.007396572024999999,9787536,6.244051706841253e-16,1.1065379616079933e-14
20260622_161419,2026-06-22T16:14:19.121,ill_conditioned,short_wide,256,512,2.000000,20260310,4,bsqr_full,0.004835333000000001,0.0050021250000000005,0.004861523625000001,0.009252465474999999,3928592,8.07292893240551e-16,1.9954624966066703e-14
20260622_161419,2026-06-22T16:14:19.121,ill_conditioned,short_wide,256,512,2.000000,20260310,4,dgeqp3,0.004228208000000001,0.004361333,0.004252133,0.006382209375,5024560,8.087085214230534e-16,2.0534159523912726e-14
20260622_161419,2026-06-22T16:14:19.121,ill_conditioned,short_wide,256,512,2.000000,20260310,4,bsqr_rinv,0.004911667000000001,0.005087958500000001,0.0049388842250000006,0.009078820125,4452960,8.07292893240551e-16,1.9954624966066703e-14
20260622_161419,2026-06-22T16:14:19.121,ill_conditioned,short_wide,256,512,2.000000,20260310,4,dgeqp3_trsm,0.004611042,0.0049000415000000005,0.00461297485,0.008231356899999999,8170608,8.087085214230534e-16,2.0534159523912726e-14
20260622_161419,2026-06-22T16:14:19.121,ill_conditioned,short_wide,256,1024,4.000000,20260310,4,bsqr_full,0.009979125,0.010224208,0.010030085975,0.013702758574999998,7237200,8.270480515330603e-16,1.979380235825127e-14
20260622_161419,2026-06-22T16:14:19.121,ill_conditioned,short_wide,256,1024,4.000000,20260310,4,dgeqp3,0.0077426660000000005,0.008023042000000001,0.007773780825,0.015154979725,9358128,8.794730492567993e-16,2.0706630208038838e-14
20260622_161419,2026-06-22T16:14:19.121,ill_conditioned,short_wide,256,1024,4.000000,20260310,4,bsqr_rinv,0.010053958,0.010562604500000001,0.010086522825,0.014176571874999998,8810144,8.270480515330603e-16,1.979380235825127e-14
20260622_161419,2026-06-22T16:14:19.121,ill_conditioned,short_wide,256,1024,4.000000,20260310,4,dgeqp3_trsm,0.008642042,0.0091491455,0.008669652175,0.0112665644,15649904,8.794730492567993e-16,2.0706630208038838e-14
20260622_161419,2026-06-22T16:14:19.121,ill_conditioned,short_wide,256,2048,8.000000,20260310,4,bsqr_full,0.019857416000000003,0.020534125,0.019940459675,0.023359220125,13824560,8.815523438455041e-16,2.018594669677336e-14
20260622_161419,2026-06-22T16:14:19.121,ill_conditioned,short_wide,256,2048,8.000000,20260310,4,dgeqp3,0.015808083,0.016967646,0.015829289250000003,0.019052976525,18058032,9.224287173368434e-16,2.0314335885602174e-14
20260622_161419,2026-06-22T16:14:19.121,ill_conditioned,short_wide,256,2048,8.000000,20260310,4,bsqr_rinv,0.020059709000000002,0.0215385415,0.020309199625000003,0.03468745202499995,17494656,8.815523438455041e-16,2.018594669677336e-14
20260622_161419,2026-06-22T16:14:19.121,ill_conditioned,short_wide,256,2048,8.000000,20260310,4,dgeqp3_trsm,0.017382417,0.018483145500000003,0.017384833425000003,0.030487759374999954,30641264,9.224287173368434e-16,2.0314335885602174e-14
20260622_161419,2026-06-22T16:14:19.121,ill_conditioned,short_wide,256,2560,10.000000,20260310,4,bsqr_full,0.025122708,0.0263202085,0.025137298625,0.028760533425,17151056,8.966257449823805e-16,2.0058959365208384e-14
20260622_161419,2026-06-22T16:14:19.121,ill_conditioned,short_wide,256,2560,10.000000,20260310,4,dgeqp3,0.018906542000000002,0.019815625,0.019143978775,0.032192077974999955,22391600,9.311649239473855e-16,2.0534156442672463e-14
20260622_161419,2026-06-22T16:14:19.121,ill_conditioned,short_wide,256,2560,10.000000,20260310,4,bsqr_rinv,0.02551,0.026921687000000003,0.025510422674999998,0.03904549344999996,21869728,8.966257449823805e-16,2.0058959365208384e-14
20260622_161419,2026-06-22T16:14:19.121,ill_conditioned,short_wide,256,2560,10.000000,20260310,4,dgeqp3_trsm,0.021108708,0.023414646,0.021252832200000002,0.063307946875,38120560,9.311649239473855e-16,2.0534156442672463e-14
20260622_161419,2026-06-22T16:14:19.121,ill_conditioned,short_wide,512,1024,2.000000,20260310,4,bsqr_full,0.025926125,0.027363770500000002,0.02621594375,0.030474170125000005,15187024,1.0514478722438937e-15,3.822896326000659e-14
20260622_161419,2026-06-22T16:14:19.121,ill_conditioned,short_wide,512,1024,2.000000,20260310,4,dgeqp3,0.020963084,0.022648292,0.0210681481,0.03413106169999996,19387184,1.0692086357841354e-15,3.824848857089762e-14
20260622_161419,2026-06-22T16:14:19.121,ill_conditioned,short_wide,512,1024,2.000000,20260310,4,bsqr_rinv,0.026285458,0.027786146,0.02650335095,0.03886820202499996,17284256,1.0514478722438937e-15,3.822896326000659e-14
20260622_161419,2026-06-22T16:14:19.121,ill_conditioned,short_wide,512,1024,2.000000,20260310,4,dgeqp3_trsm,0.02312975,0.024442750000000003,0.023155094550000005,0.035684185749999965,31970416,1.0692086357841354e-15,3.824848857089762e-14
20260622_161419,2026-06-22T16:14:19.121,ill_conditioned,short_wide,512,2048,4.000000,20260310,4,bsqr_full,0.053083625,0.056183458500000005,0.053549528125,0.06682838829999996,28080720,1.094601280427802e-15,3.866822246947569e-14
20260622_161419,2026-06-22T16:14:19.121,ill_conditioned,short_wide,512,2048,4.000000,20260310,4,dgeqp3,0.041261334000000004,0.043402375,0.04139711997500001,0.076237164525,36475696,1.131088822472298e-15,3.849374920167758e-14
20260622_161419,2026-06-22T16:14:19.121,ill_conditioned,short_wide,512,2048,4.000000,20260310,4,bsqr_rinv,0.054460375000000005,0.056756187500000006,0.0546106617,0.08387324535,34372256,1.094601280427802e-15,3.866822246947569e-14
20260622_161419,2026-06-22T16:14:19.121,ill_conditioned,short_wide,512,2048,4.000000,20260310,4,dgeqp3_trsm,0.045763125,0.04799975,0.04601850625000001,0.08101123575,61641840,1.131088822472298e-15,3.849374920167758e-14
20260622_161419,2026-06-22T16:14:19.121,ill_conditioned,short_wide,512,4096,8.000000,20260310,4,bsqr_full,0.154219458,0.176113333,0.1549755749,0.2198514626,64356976,1.1544078665262744e-15,3.845716919776305e-14
20260622_161419,2026-06-22T16:14:19.121,ill_conditioned,short_wide,512,4096,8.000000,20260310,4,dgeqp3,0.09273300000000001,0.0978195005,0.09381149840000001,0.1342330367,87397168,1.182467514165501e-15,3.825223810613039e-14
20260622_161419,2026-06-22T16:14:19.121,ill_conditioned,short_wide,512,4096,8.000000,20260310,4,bsqr_rinv,0.157741917,0.17448875,0.15836620010000002,0.2170344332,85328576,1.1544078665262744e-15,3.845716919776305e-14
20260622_161419,2026-06-22T16:14:19.121,ill_conditioned,short_wide,512,4096,8.000000,20260310,4,dgeqp3_trsm,0.10507833400000001,0.107524146,0.1051759364,0.1390862436,152409200,1.182467514165501e-15,3.825223810613039e-14
20260622_161419,2026-06-22T16:14:19.121,ill_conditioned,short_wide,512,5120,10.000000,20260310,4,bsqr_full,0.30359075,0.36633575,0.3039756625,0.41043397895,67143312,1.1501542678745186e-15,3.84952489764601e-14
20260622_161419,2026-06-22T16:14:19.121,ill_conditioned,short_wide,512,5120,10.000000,20260310,4,dgeqp3,0.16269170800000002,0.18097716700000002,0.16285206885,0.23458947905,87724848,1.1635901042356727e-15,3.852810502524772e-14
20260622_161419,2026-06-22T16:14:19.121,ill_conditioned,short_wide,512,5120,10.000000,20260310,4,bsqr_rinv,0.318644042,0.369106146,0.32042264480000004,0.39835036145,86017760,1.1501542678745186e-15,3.84952489764601e-14
20260622_161419,2026-06-22T16:14:19.121,ill_conditioned,short_wide,512,5120,10.000000,20260310,4,dgeqp3_trsm,0.17991304200000002,0.19083975,0.18145614180000003,0.23913844160000003,150639728,1.1635901042356727e-15,3.852810502524772e-14
20260622_161419,2026-06-22T16:14:19.121,orthonormal_rows,square,64,64,1.000000,20260310,4,bsqr_full,6.500000000000001e-5,6.57295e-5,6.521097500000001e-5,7.495189999999998e-5,154336,5.805645724592259e-16,5.467527682704648e-15
20260622_161419,2026-06-22T16:14:19.121,orthonormal_rows,square,64,64,1.000000,20260310,4,dgeqp3,5.7167000000000003e-5,6.0437500000000005e-5,5.719745e-5,6.7316425e-5,249648,6.731638259107574e-16,6.370055107280079e-15
20260622_161419,2026-06-22T16:14:19.121,orthonormal_rows,square,64,64,1.000000,20260310,4,bsqr_rinv,6.5333e-5,6.579200000000001e-5,6.5333e-5,7.705137499999997e-5,154384,5.805645724592259e-16,5.467527682704648e-15
20260622_161419,2026-06-22T16:14:19.121,orthonormal_rows,square,64,64,1.000000,20260310,4,dgeqp3_trsm,5.6417000000000006e-5,5.7729e-5,5.6598250000000007e-5,7.6822825e-5,249648,6.731638259107574e-16,6.370055107280079e-15
20260622_161419,2026-06-22T16:14:19.121,orthonormal_rows,square,128,128,1.000000,20260310,4,bsqr_full,0.00041825,0.0004425,0.00042142187500000003,0.00045440110000000004,569920,7.423355418742472e-16,9.356220490221067e-15
20260622_161419,2026-06-22T16:14:19.121,orthonormal_rows,square,128,128,1.000000,20260310,4,dgeqp3,0.000273167,0.0002998545,0.000274646725,0.00031230827499999995,823184,8.400139388077895e-16,1.0736148595612819e-14
20260622_161419,2026-06-22T16:14:19.121,orthonormal_rows,square,128,128,1.000000,20260310,4,bsqr_rinv,0.0004375,0.000443271,0.00043774142500000005,0.00045749222500000007,569968,7.423355418742472e-16,9.356220490221067e-15
20260622_161419,2026-06-22T16:14:19.121,orthonormal_rows,square,128,128,1.000000,20260310,4,dgeqp3_trsm,0.000266875,0.00029912550000000003,0.000269503125,0.00030786075,823184,8.400139388077895e-16,1.0736148595612819e-14
20260622_161419,2026-06-22T16:14:19.121,orthonormal_rows,square,256,256,1.000000,20260310,4,bsqr_full,0.002365084,0.0024506040000000003,0.00240429345,0.00315970625,2273616,9.832478013858321e-16,1.9498820422599846e-14
20260622_161419,2026-06-22T16:14:19.121,orthonormal_rows,square,256,256,1.000000,20260310,4,dgeqp3,0.002010333,0.0021133750000000002,0.0020341369250000004,0.003617447449999998,2857776,1.0414191080853932e-15,2.0230496031497135e-14
20260622_161419,2026-06-22T16:14:19.121,orthonormal_rows,square,256,256,1.000000,20260310,4,bsqr_rinv,0.0023905000000000003,0.0026721875,0.002440041425,0.004202930599999996,2273664,9.832478013858321e-16,1.9498820422599846e-14
20260622_161419,2026-06-22T16:14:19.121,orthonormal_rows,square,256,256,1.000000,20260310,4,dgeqp3_trsm,0.002045166,0.002101562,0.0020472206500000006,0.002971853275,2857776,1.0414191080853932e-15,2.0230496031497135e-14
20260622_161419,2026-06-22T16:14:19.121,orthonormal_rows,square,384,384,1.000000,20260310,4,bsqr_full,0.005406083000000001,0.005484437500000001,0.005409134525000001,0.006474504875,4982256,1.1628994620818445e-15,2.9553554566150826e-14
20260622_161419,2026-06-22T16:14:19.121,orthonormal_rows,square,384,384,1.000000,20260310,4,dgeqp3,0.004321667,0.0044708745,0.00434607485,0.0066885609,6203184,1.196681628681297e-15,2.9860825527189964e-14
20260622_161419,2026-06-22T16:14:19.121,orthonormal_rows,square,384,384,1.000000,20260310,4,bsqr_rinv,0.005282417,0.005499688,0.005302082625000001,0.007148004875000001,4982304,1.1628994620818445e-15,2.9553554566150826e-14
20260622_161419,2026-06-22T16:14:19.121,orthonormal_rows,square,384,384,1.000000,20260310,4,dgeqp3_trsm,0.0043550410000000005,0.0045467915,0.004357579225,0.005635354875,6203184,1.196681628681297e-15,2.9860825527189964e-14
20260622_161419,2026-06-22T16:14:19.121,orthonormal_rows,square,512,512,1.000000,20260310,4,bsqr_full,0.01207825,0.012243937500000001,0.012098096875,0.014974213875,8739440,1.3206529769859166e-15,3.8461297599797365e-14
20260622_161419,2026-06-22T16:14:19.121,orthonormal_rows,square,512,512,1.000000,20260310,4,dgeqp3,0.009361834000000001,0.009531375,0.009364582475000001,0.011196541425000001,10859312,1.3306297476321328e-15,3.804271009240442e-14
20260622_161419,2026-06-22T16:14:19.121,orthonormal_rows,square,512,512,1.000000,20260310,4,bsqr_rinv,0.012080125,0.012217188,0.0120855625,0.0153524,8739488,1.3206529769859166e-15,3.8461297599797365e-14
20260622_161419,2026-06-22T16:14:19.121,orthonormal_rows,square,512,512,1.000000,20260310,4,dgeqp3_trsm,0.009161792,0.009549624500000001,0.009190338875000002,0.012186299999999997,10859312,1.3306297476321328e-15,3.804271009240442e-14
20260622_161419,2026-06-22T16:14:19.121,orthonormal_rows,short_wide,32,64,2.000000,20260310,4,bsqr_full,2.5583000000000002e-5,2.5979000000000003e-5,2.561345e-5,3.247012499999998e-5,72160,5.729545342496716e-16,3.664004097781827e-15
20260622_161419,2026-06-22T16:14:19.121,orthonormal_rows,short_wide,32,64,2.000000,20260310,4,dgeqp3,1.9041000000000003e-5,1.9708000000000002e-5,1.91019e-5,2.5976899999999978e-5,159280,5.755785581479111e-16,3.533805047401359e-15
20260622_161419,2026-06-22T16:14:19.121,orthonormal_rows,short_wide,32,64,2.000000,20260310,4,bsqr_rinv,2.6167000000000002e-5,2.6813000000000002e-5,2.6196725e-5,3.601604999999998e-5,80432,5.729545342496716e-16,3.664004097781827e-15
20260622_161419,2026-06-22T16:14:19.121,orthonormal_rows,short_wide,32,64,2.000000,20260310,4,dgeqp3_trsm,2.3625e-5,2.7229000000000003e-5,2.380625e-5,3.5672825e-5,208752,5.755785581479111e-16,3.533805047401359e-15
20260622_161419,2026-06-22T16:14:19.121,orthonormal_rows,short_wide,32,128,4.000000,20260310,4,bsqr_full,4.3708e-5,4.4459e-5,4.37689e-5,4.975704999999999e-5,126752,5.497127274375208e-16,3.091473688965227e-15
20260622_161419,2026-06-22T16:14:19.121,orthonormal_rows,short_wide,32,128,4.000000,20260310,4,dgeqp3,3.0417e-5,3.1791e-5,3.0477175000000005e-5,3.549294999999999e-5,273520,6.468441556836548e-16,3.715574755863367e-15
20260622_161419,2026-06-22T16:14:19.121,orthonormal_rows,short_wide,32,128,4.000000,20260310,4,bsqr_rinv,4.5708000000000004e-5,4.62915e-5,4.5829075e-5,5.3856249999999984e-5,151408,5.497127274375208e-16,3.091473688965227e-15
20260622_161419,2026-06-22T16:14:19.121,orthonormal_rows,short_wide,32,128,4.000000,20260310,4,dgeqp3_trsm,4.3667e-5,4.5458500000000005e-5,4.3757625000000004e-5,4.8182199999999994e-5,372144,6.468441556836548e-16,3.715574755863367e-15
20260622_161419,2026-06-22T16:14:19.121,orthonormal_rows,short_wide,32,256,8.000000,20260310,4,bsqr_full,9.1e-5,9.26045e-5,9.10609e-5,9.929534999999999e-5,234976,6.435621593648533e-16,3.3086386006041396e-15
20260622_161419,2026-06-22T16:14:19.121,orthonormal_rows,short_wide,32,256,8.000000,20260310,4,dgeqp3,5.95e-5,6.508350000000001e-5,5.983205000000001e-5,6.9153125e-5,439344,5.606373906538638e-16,3.1290074232331894e-15
20260622_161419,2026-06-22T16:14:19.121,orthonormal_rows,short_wide,32,256,8.000000,20260310,4,bsqr_rinv,9.862500000000001e-5,0.00010147900000000001,9.8715625e-5,0.00011046874999999998,300592,6.435621593648533e-16,3.3086386006041396e-15
20260622_161419,2026-06-22T16:14:19.121,orthonormal_rows,short_wide,32,256,8.000000,20260310,4,dgeqp3_trsm,7.8084e-5,9.206250000000001e-5,7.844650000000001e-5,0.000102509075,644464,5.606373906538638e-16,3.1290074232331894e-15
20260622_161419,2026-06-22T16:14:19.121,orthonormal_rows,short_wide,32,320,10.000000,20260310,4,bsqr_full,0.00011170800000000001,0.000119229,0.000111949425,0.00012421795,338400,5.991301476546634e-16,3.161021273377617e-15
20260622_161419,2026-06-22T16:14:19.121,orthonormal_rows,short_wide,32,320,10.000000,20260310,4,dgeqp3,7.766600000000001e-5,7.8854e-5,7.7666725e-5,8.392594999999999e-5,571440,5.646604909014385e-16,3.1088803670395084e-15
20260622_161419,2026-06-22T16:14:19.121,orthonormal_rows,short_wide,32,320,10.000000,20260310,4,bsqr_rinv,0.00011845800000000001,0.0001288955,0.000118579075,0.000138477025,436784,5.991301476546634e-16,3.161021273377617e-15
20260622_161419,2026-06-22T16:14:19.121,orthonormal_rows,short_wide,32,320,10.000000,20260310,4,dgeqp3_trsm,9.3584e-5,0.00010939550000000001,9.424810000000002e-5,0.00011206875000000001,874864,5.646604909014385e-16,3.1088803670395084e-15
20260622_161419,2026-06-22T16:14:19.121,orthonormal_rows,short_wide,64,128,2.000000,20260310,4,bsqr_full,0.000131375,0.000132354,0.00013143589999999999,0.000137279075,258080,6.846720994765477e-16,6.232662234347463e-15
20260622_161419,2026-06-22T16:14:19.121,orthonormal_rows,short_wide,64,128,2.000000,20260310,4,dgeqp3,9.1292e-5,0.0001008125,9.1563875e-5,0.00010781657499999999,429424,7.811092051502277e-16,6.917901098806196e-15
20260622_161419,2026-06-22T16:14:19.121,orthonormal_rows,short_wide,64,128,2.000000,20260310,4,bsqr_rinv,0.000127042,0.0001350625,0.00012722325000000002,0.00014304725000000002,290928,6.846720994765477e-16,6.232662234347463e-15
20260622_161419,2026-06-22T16:14:19.121,orthonormal_rows,short_wide,64,128,2.000000,20260310,4,dgeqp3_trsm,0.00010295800000000001,0.00011881250000000001,0.00010392515000000002,0.00012472499999999998,626352,7.811092051502277e-16,6.917901098806196e-15
20260622_161419,2026-06-22T16:14:19.121,orthonormal_rows,short_wide,64,256,4.000000,20260310,4,bsqr_full,0.000303666,0.00031395850000000004,0.00030424092500000005,0.00032376562500000005,464608,6.902692865401119e-16,5.407191067874891e-15
20260622_161419,2026-06-22T16:14:19.121,orthonormal_rows,short_wide,64,256,4.000000,20260310,4,dgeqp3,0.000166417,0.00018518750000000002,0.00016738342500000002,0.000190553125,726320,7.80295872755044e-16,6.3880610985129725e-15
20260622_161419,2026-06-22T16:14:19.121,orthonormal_rows,short_wide,64,256,4.000000,20260310,4,bsqr_rinv,0.000310417,0.000328021,0.0003129545,0.00033787027500000003,562992,6.902692865401119e-16,5.407191067874891e-15
20260622_161419,2026-06-22T16:14:19.121,orthonormal_rows,short_wide,64,256,4.000000,20260310,4,dgeqp3_trsm,0.00019125000000000001,0.000232083,0.00019970785000000002,0.00023794702500000003,1119856,7.80295872755044e-16,6.3880610985129725e-15
20260622_161419,2026-06-22T16:14:19.121,orthonormal_rows,short_wide,64,512,8.000000,20260310,4,bsqr_full,0.000755625,0.0007823540000000001,0.0007595218750000001,0.000795544175,1002512,7.436316287555482e-16,5.574204984294624e-15
20260622_161419,2026-06-22T16:14:19.121,orthonormal_rows,short_wide,64,512,8.000000,20260310,4,dgeqp3,0.0004445,0.0004883125,0.000448578125,0.000496683,1320240,8.155271876144694e-16,6.788269969205867e-15
20260622_161419,2026-06-22T16:14:19.121,orthonormal_rows,short_wide,64,512,8.000000,20260310,4,bsqr_rinv,0.000780125,0.0008062290000000001,0.0007853508000000001,0.0008185603250000001,1231968,7.436316287555482e-16,5.574204984294624e-15
20260622_161419,2026-06-22T16:14:19.121,orthonormal_rows,short_wide,64,512,8.000000,20260310,4,dgeqp3_trsm,0.000509125,0.0005773125,0.0005093664250000001,0.000794900149999999,2106992,8.155271876144694e-16,6.788269969205867e-15
20260622_161419,2026-06-22T16:14:19.121,orthonormal_rows,short_wide,64,640,10.000000,20260310,4,bsqr_full,0.000942083,0.0009827915,0.0009551939,0.001015203125,1309840,7.728505046984001e-16,5.610249717286733e-15
20260622_161419,2026-06-22T16:14:19.121,orthonormal_rows,short_wide,64,640,10.000000,20260310,4,dgeqp3,0.0006230410000000001,0.0006520415000000001,0.0006261222500000001,0.0013908859749999969,1617200,7.925235915297731e-16,6.1985162469237914e-15
20260622_161419,2026-06-22T16:14:19.121,orthonormal_rows,short_wide,64,640,10.000000,20260310,4,bsqr_rinv,0.000981209,0.0010101665,0.0009930504250000001,0.0013564914249999983,1604832,7.728505046984001e-16,5.610249717286733e-15
20260622_161419,2026-06-22T16:14:19.121,orthonormal_rows,short_wide,64,640,10.000000,20260310,4,dgeqp3_trsm,0.000655292,0.0007554585,0.0006859529750000001,0.0016871077749999954,2600560,7.925235915297731e-16,6.1985162469237914e-15
20260622_161419,2026-06-22T16:14:19.121,orthonormal_rows,short_wide,128,256,2.000000,20260310,4,bsqr_full,0.001035167,0.0010600835,0.0010390936,0.0010691912,1045776,9.050404906519002e-16,9.886434182254486e-15
20260622_161419,2026-06-22T16:14:19.121,orthonormal_rows,short_wide,128,256,2.000000,20260310,4,dgeqp3,0.0007234170000000001,0.0007625,0.0007235678000000001,0.0007902011,1382224,9.681429219979343e-16,1.130240611318869e-14
20260622_161419,2026-06-22T16:14:19.121,orthonormal_rows,short_wide,128,256,2.000000,20260310,4,bsqr_rinv,0.0010361670000000002,0.0010757705000000002,0.0010512107500000002,0.001084143325,1176928,9.050404906519002e-16,9.886434182254486e-15
20260622_161419,2026-06-22T16:14:19.121,orthonormal_rows,short_wide,128,256,2.000000,20260310,4,dgeqp3_trsm,0.0008140830000000001,0.0008588335000000001,0.0008158056000000001,0.001483003124999997,2168976,9.681429219979343e-16,1.130240611318869e-14
20260622_161419,2026-06-22T16:14:19.121,orthonormal_rows,short_wide,128,512,4.000000,20260310,4,bsqr_full,0.001996542,0.0021083545,0.0020032178,0.002959889399999996,1912368,9.266442727317295e-16,9.888653447557141e-15
20260622_161419,2026-06-22T16:14:19.121,orthonormal_rows,short_wide,128,512,4.000000,20260310,4,dgeqp3,0.001548625,0.0018191045000000002,0.0016222429500000002,0.0026644707749999964,2500432,9.607500800446622e-16,1.0737213437744801e-14
20260622_161419,2026-06-22T16:14:19.121,orthonormal_rows,short_wide,128,512,4.000000,20260310,4,bsqr_rinv,0.00200125,0.0021566460000000003,0.00204275625,0.0030725902499999956,2305664,9.266442727317295e-16,9.888653447557141e-15
20260622_161419,2026-06-22T16:14:19.121,orthonormal_rows,short_wide,128,512,4.000000,20260310,4,dgeqp3_trsm,0.0017704580000000001,0.0020193330000000003,0.0017724822000000002,0.006045647824999999,4073616,9.607500800446622e-16,1.0737213437744801e-14
20260622_161419,2026-06-22T16:14:19.121,orthonormal_rows,short_wide,128,1024,8.000000,20260310,4,bsqr_full,0.003804459,0.004063709,0.0038627606,0.008310513299999999,3648112,9.392356639609949e-16,1.0159500918412603e-14
20260622_161419,2026-06-22T16:14:19.121,orthonormal_rows,short_wide,128,1024,8.000000,20260310,4,dgeqp3,0.0026369590000000004,0.002818666,0.0026482864000000003,0.006091116424999999,4736848,9.29922059984131e-16,1.0604992526402167e-14
20260622_161419,2026-06-22T16:14:19.121,orthonormal_rows,short_wide,128,1024,8.000000,20260310,4,bsqr_rinv,0.003975875,0.0041194585,0.00402985705,0.006203636550000001,4565696,9.392356639609949e-16,1.0159500918412603e-14
20260622_161419,2026-06-22T16:14:19.121,orthonormal_rows,short_wide,128,1024,8.000000,20260310,4,dgeqp3_trsm,0.0030840840000000004,0.0032113125,0.0030911223,0.006836348624999999,7882896,9.29922059984131e-16,1.0604992526402167e-14
20260622_161419,2026-06-22T16:14:19.121,orthonormal_rows,short_wide,128,1280,10.000000,20260310,4,bsqr_full,0.0050885,0.0053232290000000005,0.005114328125,0.010952780825,4557696,8.931860459191752e-16,1.009488080156492e-14
20260622_161419,2026-06-22T16:14:19.121,orthonormal_rows,short_wide,128,1280,10.000000,20260310,4,dgeqp3,0.0032773750000000003,0.003532125,0.003296708575,0.008186360749999998,5855056,9.381731460693726e-16,1.1147752317405977e-14
20260622_161419,2026-06-22T16:14:19.121,orthonormal_rows,short_wide,128,1280,10.000000,20260310,4,bsqr_rinv,0.005238917,0.0054303335000000005,0.005281328775,0.008693662499999998,5737424,8.931860459191752e-16,1.009488080156492e-14
20260622_161419,2026-06-22T16:14:19.121,orthonormal_rows,short_wide,128,1280,10.000000,20260310,4,dgeqp3_trsm,0.003714625,0.0040186875000000006,0.0037432625,0.0061900001500000005,9787536,9.381731460693726e-16,1.1147752317405977e-14
20260622_161419,2026-06-22T16:14:19.121,orthonormal_rows,short_wide,256,512,2.000000,20260310,4,bsqr_full,0.004871458,0.0049783545000000005,0.0048719111249999995,0.008558709525,3928592,1.1505311603645736e-15,2.0074687182994082e-14
20260622_161419,2026-06-22T16:14:19.121,orthonormal_rows,short_wide,256,512,2.000000,20260310,4,dgeqp3,0.0037503750000000002,0.0038663955,0.0037714000000000003,0.006671432474999999,5024560,1.1856115187132112e-15,2.0515495729205452e-14
20260622_161419,2026-06-22T16:14:19.121,orthonormal_rows,short_wide,256,512,2.000000,20260310,4,bsqr_rinv,0.004879083,0.005041208,0.004883554075000001,0.009752088725,4452960,1.1505311603645736e-15,2.0074687182994082e-14
20260622_161419,2026-06-22T16:14:19.121,orthonormal_rows,short_wide,256,512,2.000000,20260310,4,dgeqp3_trsm,0.004044291,0.004258375,0.0041025331500000005,0.0069314781249999995,8170608,1.1856115187132112e-15,2.0515495729205452e-14
20260622_161419,2026-06-22T16:14:19.121,orthonormal_rows,short_wide,256,1024,4.000000,20260310,4,bsqr_full,0.009807708,0.010131833500000001,0.009853383725,0.016651338600000003,7237200,1.1924224002741384e-15,2.0534312222068468e-14
20260622_161419,2026-06-22T16:14:19.121,orthonormal_rows,short_wide,256,1024,4.000000,20260310,4,dgeqp3,0.006562084,0.006853645500000001,0.0066183918500000005,0.011646977475,9358128,1.2225217992941622e-15,2.075426169560514e-14
20260622_161419,2026-06-22T16:14:19.121,orthonormal_rows,short_wide,256,1024,4.000000,20260310,4,bsqr_rinv,0.010039334,0.0109509585,0.010052625425000001,0.015653066575,8810144,1.1924224002741384e-15,2.0534312222068468e-14
20260622_161419,2026-06-22T16:14:19.121,orthonormal_rows,short_wide,256,1024,4.000000,20260310,4,dgeqp3_trsm,0.007358208000000001,0.0081997085,0.0074501024749999995,0.011702539825,15649904,1.2225217992941622e-15,2.075426169560514e-14
20260622_161419,2026-06-22T16:14:19.121,orthonormal_rows,short_wide,256,2048,8.000000,20260310,4,bsqr_full,0.019959084000000002,0.0205547295,0.0200067223,0.02361805,13824560,1.2020008088840116e-15,2.012629628898382e-14
20260622_161419,2026-06-22T16:14:19.121,orthonormal_rows,short_wide,256,2048,8.000000,20260310,4,dgeqp3,0.012347917,0.013721896,0.012526266275,0.015987277975,18058032,1.2407335837578731e-15,2.0523011456636368e-14
20260622_161419,2026-06-22T16:14:19.121,orthonormal_rows,short_wide,256,2048,8.000000,20260310,4,bsqr_rinv,0.020358417,0.0215522915,0.0204225186,0.03264934077499996,17494656,1.2020008088840116e-15,2.012629628898382e-14
20260622_161419,2026-06-22T16:14:19.121,orthonormal_rows,short_wide,256,2048,8.000000,20260310,4,dgeqp3_trsm,0.014373542000000001,0.015063771,0.01439598655,0.02652231074999996,30641264,1.2407335837578731e-15,2.0523011456636368e-14
20260622_161419,2026-06-22T16:14:19.121,orthonormal_rows,short_wide,256,2560,10.000000,20260310,4,bsqr_full,0.024751042,0.025665896,0.024767535750000003,0.02869806345,17151056,1.1973626636483088e-15,1.999908093325647e-14
20260622_161419,2026-06-22T16:14:19.121,orthonormal_rows,short_wide,256,2560,10.000000,20260310,4,dgeqp3,0.015207458,0.0159082915,0.015248722825,0.018884134525,22391600,1.2333774156748603e-15,2.0722294034546068e-14
20260622_161419,2026-06-22T16:14:19.121,orthonormal_rows,short_wide,256,2560,10.000000,20260310,4,bsqr_rinv,0.025153791,0.026485021,0.0252351128,0.037929386849999955,21869728,1.1973626636483088e-15,1.999908093325647e-14
20260622_161419,2026-06-22T16:14:19.121,orthonormal_rows,short_wide,256,2560,10.000000,20260310,4,dgeqp3_trsm,0.017401292000000002,0.0188638125,0.01758924825,0.048299960175,38120560,1.2333774156748603e-15,2.0722294034546068e-14
20260622_161419,2026-06-22T16:14:19.121,orthonormal_rows,short_wide,512,1024,2.000000,20260310,4,bsqr_full,0.025609208,0.0269291665,0.025710617375,0.031885954075,15187024,1.5233677967415362e-15,3.8408762042269085e-14
20260622_161419,2026-06-22T16:14:19.121,orthonormal_rows,short_wide,512,1024,2.000000,20260310,4,dgeqp3,0.017051042000000002,0.0182485,0.0170990428,0.030977030024999956,19387184,1.5547769405692144e-15,3.8638687218042306e-14
20260622_161419,2026-06-22T16:14:19.121,orthonormal_rows,short_wide,512,1024,2.000000,20260310,4,bsqr_rinv,0.02588825,0.027768979500000002,0.0259847359,0.029095003925,17284256,1.5233677967415362e-15,3.8408762042269085e-14
20260622_161419,2026-06-22T16:14:19.121,orthonormal_rows,short_wide,512,1024,2.000000,20260310,4,dgeqp3_trsm,0.018725292,0.020491104500000003,0.018934121725,0.03276517347499995,31970416,1.5547769405692144e-15,3.8638687218042306e-14
20260622_161419,2026-06-22T16:14:19.121,orthonormal_rows,short_wide,512,2048,4.000000,20260310,4,bsqr_full,0.052959916,0.054630395500000005,0.053257166725000006,0.06720041642499996,28080720,1.5649900434596509e-15,3.8059802952080425e-14
20260622_161419,2026-06-22T16:14:19.121,orthonormal_rows,short_wide,512,2048,4.000000,20260310,4,dgeqp3,0.03180375,0.033608604,0.032015420275,0.06719000625,36475696,1.5958458993632142e-15,3.797307428464864e-14
20260622_161419,2026-06-22T16:14:19.121,orthonormal_rows,short_wide,512,2048,4.000000,20260310,4,bsqr_rinv,0.053998875,0.056146646,0.054185622675,0.08383525785,34372256,1.5649900434596509e-15,3.8059802952080425e-14
20260622_161419,2026-06-22T16:14:19.121,orthonormal_rows,short_wide,512,2048,4.000000,20260310,4,dgeqp3_trsm,0.036225291,0.0384783125,0.03652951985,0.06830974809999998,61641840,1.5958458993632142e-15,3.797307428464864e-14
20260622_161419,2026-06-22T16:14:19.121,orthonormal_rows,short_wide,512,4096,8.000000,20260310,4,bsqr_full,0.15612941700000002,0.163265604,0.156988420925,0.1999273928,64356976,1.5883001606610402e-15,3.8250360646561523e-14
20260622_161419,2026-06-22T16:14:19.121,orthonormal_rows,short_wide,512,4096,8.000000,20260310,4,dgeqp3,0.072009584,0.0762857915,0.07245733095000001,0.111667303925,87397168,1.6300347024145253e-15,3.878877142761363e-14
20260622_161419,2026-06-22T16:14:19.121,orthonormal_rows,short_wide,512,4096,8.000000,20260310,4,bsqr_rinv,0.16087616600000001,0.166751521,0.16170722842500002,0.19819165705,85328576,1.5883001606610402e-15,3.8250360646561523e-14
20260622_161419,2026-06-22T16:14:19.121,orthonormal_rows,short_wide,512,4096,8.000000,20260310,4,dgeqp3_trsm,0.081705583,0.0877101665,0.08189139470000001,0.121983277175,148214896,1.6300347024145253e-15,3.878877142761363e-14
20260622_161419,2026-06-22T16:14:19.121,orthonormal_rows,short_wide,512,5120,10.000000,20260310,4,bsqr_full,0.30435391700000003,0.30937525000000005,0.304627448375,0.343545411,67143312,1.6136283955253215e-15,3.872295798643893e-14
20260622_161419,2026-06-22T16:14:19.121,orthonormal_rows,short_wide,512,5120,10.000000,20260310,4,dgeqp3,0.136940917,0.1462281045,0.13727287637500002,0.18151370502500003,87724848,1.6408603405515636e-15,3.869831045441037e-14
20260622_161419,2026-06-22T16:14:19.121,orthonormal_rows,short_wide,512,5120,10.000000,20260310,4,bsqr_rinv,0.306421,0.30977495800000004,0.3069806875,0.34157839075,86017760,1.6136283955253215e-15,3.872295798643893e-14
20260622_161419,2026-06-22T16:14:19.121,orthonormal_rows,short_wide,512,5120,10.000000,20260310,4,dgeqp3_trsm,0.15722845800000002,0.18552766650000002,0.158381273625,0.23232588842500002,150639728,1.6408603405515636e-15,3.869831045441037e-14
20260622_161419,2026-06-22T16:14:19.121,gaussian,square,64,64,1.000000,20260311,4,bsqr_full,6.6042e-5,6.668800000000001e-5,6.610217500000002e-5,7.715434999999997e-5,154336,5.78838482754077e-16,5.696846977782007e-15
20260622_161419,2026-06-22T16:14:19.121,gaussian,square,64,64,1.000000,20260311,4,dgeqp3,5.7209e-5,5.879100000000001e-5,5.7722299999999995e-5,7.0478125e-5,249648,5.885052819619953e-16,6.632531056365504e-15
20260622_161419,2026-06-22T16:14:19.121,gaussian,square,64,64,1.000000,20260311,4,bsqr_rinv,6.5542e-5,6.620850000000001e-5,6.56319e-5,7.472754999999998e-5,154384,5.78838482754077e-16,5.696846977782007e-15
20260622_161419,2026-06-22T16:14:19.121,gaussian,square,64,64,1.000000,20260311,4,dgeqp3_trsm,5.8208e-5,6.26455e-5,5.8449425000000005e-5,7.1659375e-5,249648,5.885052819619953e-16,6.632531056365504e-15
20260622_161419,2026-06-22T16:14:19.121,gaussian,square,128,128,1.000000,20260311,4,bsqr_full,0.00042191600000000004,0.00044377100000000003,0.0004232152,0.00045243315,569920,7.199939091901365e-16,9.841340681406303e-15
20260622_161419,2026-06-22T16:14:19.121,gaussian,square,128,128,1.000000,20260311,4,dgeqp3,0.000270208,0.00030283350000000003,0.00027241345000000004,0.0003120303,823184,7.403183600797456e-16,1.0816608931277344e-14
20260622_161419,2026-06-22T16:14:19.121,gaussian,square,128,128,1.000000,20260311,4,bsqr_rinv,0.00041812500000000004,0.000443542,0.00041830625,0.000455765625,569968,7.199939091901365e-16,9.841340681406303e-15
20260622_161419,2026-06-22T16:14:19.121,gaussian,square,128,128,1.000000,20260311,4,dgeqp3_trsm,0.0002785,0.00030075,0.000282064825,0.00031003967500000003,823184,7.403183600797456e-16,1.0816608931277344e-14
20260622_161419,2026-06-22T16:14:19.121,gaussian,square,256,256,1.000000,20260311,4,bsqr_full,0.002419666,0.002484271,0.0024393925250000004,0.0032344491999999996,2273616,9.06835884963818e-16,1.99763781487066e-14
20260622_161419,2026-06-22T16:14:19.121,gaussian,square,256,256,1.000000,20260311,4,dgeqp3,0.0020479580000000003,0.0021070205,0.002050616575,0.003581984374999997,2857776,9.332232856703336e-16,2.0285216125112807e-14
20260622_161419,2026-06-22T16:14:19.121,gaussian,square,256,256,1.000000,20260311,4,bsqr_rinv,0.002479584,0.0025491255000000003,0.0024834497000000002,0.003090064249999999,2273664,9.06835884963818e-16,1.99763781487066e-14
20260622_161419,2026-06-22T16:14:19.121,gaussian,square,256,256,1.000000,20260311,4,dgeqp3_trsm,0.002069542,0.0021124585,0.0020752209250000002,0.00303816955,2857776,9.332232856703336e-16,2.0285216125112807e-14
20260622_161419,2026-06-22T16:14:19.121,gaussian,square,384,384,1.000000,20260311,4,bsqr_full,0.005419500000000001,0.005584875,0.0054340906250000005,0.006545885325,4982256,1.0775932862711013e-15,2.965861613103469e-14
20260622_161419,2026-06-22T16:14:19.121,gaussian,square,384,384,1.000000,20260311,4,dgeqp3,0.004442625,0.0047033745,0.00446491875,0.007325406399999999,6203184,1.101243593241098e-15,3.004114827949069e-14
20260622_161419,2026-06-22T16:14:19.121,gaussian,square,384,384,1.000000,20260311,4,bsqr_rinv,0.0052905420000000005,0.00560525,0.005352620125000001,0.007263290775,4982304,1.0775932862711013e-15,2.965861613103469e-14
20260622_161419,2026-06-22T16:14:19.121,gaussian,square,384,384,1.000000,20260311,4,dgeqp3_trsm,0.004387792000000001,0.0047458125,0.004408333425,0.006511721724999999,6203184,1.101243593241098e-15,3.004114827949069e-14
20260622_161419,2026-06-22T16:14:19.121,gaussian,square,512,512,1.000000,20260311,4,bsqr_full,0.011850917,0.012115458,0.011898585750000001,0.015933156825000003,8739440,1.2254624872956605e-15,3.8278679907549206e-14
20260622_161419,2026-06-22T16:14:19.121,gaussian,square,512,512,1.000000,20260311,4,dgeqp3,0.009407917,0.009562417,0.009409034225000001,0.012144542375000001,10859312,1.2360573297764559e-15,3.827292778088262e-14
20260622_161419,2026-06-22T16:14:19.121,gaussian,square,512,512,1.000000,20260311,4,bsqr_rinv,0.012036833,0.0121519165,0.012043479075000002,0.014794345924999999,8739488,1.2254624872956605e-15,3.8278679907549206e-14
20260622_161419,2026-06-22T16:14:19.121,gaussian,square,512,512,1.000000,20260311,4,dgeqp3_trsm,0.009368000000000001,0.009478646,0.00938376875,0.0123168731,10859312,1.2360573297764559e-15,3.827292778088262e-14
20260622_161419,2026-06-22T16:14:19.121,gaussian,short_wide,32,64,2.000000,20260311,4,bsqr_full,2.6208e-5,2.6646000000000002e-5,2.6268900000000002e-5,3.4072024999999976e-5,72160,5.155269658497606e-16,3.240686477758703e-15
20260622_161419,2026-06-22T16:14:19.121,gaussian,short_wide,32,64,2.000000,20260311,4,dgeqp3,1.9583000000000002e-5,1.9895500000000003e-5,1.96439e-5,2.6164099999999982e-5,159280,5.338460553594697e-16,3.555320302841277e-15
20260622_161419,2026-06-22T16:14:19.121,gaussian,short_wide,32,64,2.000000,20260311,4,bsqr_rinv,2.6583000000000003e-5,2.6916e-5,2.6613450000000002e-5,3.6105299999999974e-5,80432,5.155269658497606e-16,3.240686477758703e-15
20260622_161419,2026-06-22T16:14:19.121,gaussian,short_wide,32,64,2.000000,20260311,4,dgeqp3_trsm,2.6166000000000003e-5,2.96665e-5,2.6558950000000004e-5,3.390312499999999e-5,208752,5.338460553594697e-16,3.555320302841277e-15
20260622_161419,2026-06-22T16:14:19.121,gaussian,short_wide,32,128,4.000000,20260311,4,bsqr_full,4.4458e-5,4.4916e-5,4.4518900000000005e-5,5.3093599999999976e-5,126752,6.239308022516702e-16,3.601900021528425e-15
20260622_161419,2026-06-22T16:14:19.121,gaussian,short_wide,32,128,4.000000,20260311,4,dgeqp3,3.1208000000000003e-5,3.2166500000000004e-5,3.1661125e-5,4.58133e-5,273520,5.347040818163381e-16,3.1230905904392464e-15
20260622_161419,2026-06-22T16:14:19.121,gaussian,short_wide,32,128,4.000000,20260311,4,bsqr_rinv,4.6375e-5,4.6666500000000005e-5,4.6465625000000006e-5,5.316752499999998e-5,151408,6.239308022516702e-16,3.601900021528425e-15
20260622_161419,2026-06-22T16:14:19.121,gaussian,short_wide,32,128,4.000000,20260311,4,dgeqp3_trsm,4.3666000000000005e-5,4.6104000000000004e-5,4.3878425e-5,5.929497499999998e-5,372144,5.347040818163381e-16,3.1230905904392464e-15
20260622_161419,2026-06-22T16:14:19.121,gaussian,short_wide,32,256,8.000000,20260311,4,bsqr_full,8.5958e-5,9.377100000000001e-5,8.6199425e-5,0.000110018325,234976,5.876084866766303e-16,3.4347305355519762e-15
20260622_161419,2026-06-22T16:14:19.121,gaussian,short_wide,32,256,8.000000,20260311,4,dgeqp3,5.5709000000000005e-5,6.602100000000001e-5,5.6433275000000006e-5,7.083029999999999e-5,439344,5.750381203399579e-16,3.2947650497269526e-15
20260622_161419,2026-06-22T16:14:19.121,gaussian,short_wide,32,256,8.000000,20260311,4,bsqr_rinv,9.137500000000001e-5,9.989550000000001e-5,9.318750000000001e-5,0.00010306315,300592,5.876084866766303e-16,3.4347305355519762e-15
20260622_161419,2026-06-22T16:14:19.121,gaussian,short_wide,32,256,8.000000,20260311,4,dgeqp3_trsm,7.708300000000001e-5,9.08125e-5,7.9861925e-5,0.00010629119999999996,644464,5.750381203399579e-16,3.2947650497269526e-15
20260622_161419,2026-06-22T16:14:19.121,gaussian,short_wide,32,320,10.000000,20260311,4,bsqr_full,0.000118708,0.00012029150000000001,0.00011916185,0.000125829725,338400,5.761236951752042e-16,3.3013461342901074e-15
20260622_161419,2026-06-22T16:14:19.121,gaussian,short_wide,32,320,10.000000,20260311,4,dgeqp3,6.608300000000001e-5,7.92295e-5,6.608300000000001e-5,8.071505e-5,571440,6.02395212898631e-16,3.4120134306064398e-15
20260622_161419,2026-06-22T16:14:19.121,gaussian,short_wide,32,320,10.000000,20260311,4,bsqr_rinv,0.000118084,0.000128916,0.00011862702500000001,0.000131729075,436784,5.761236951752042e-16,3.3013461342901074e-15
20260622_161419,2026-06-22T16:14:19.121,gaussian,short_wide,32,320,10.000000,20260311,4,dgeqp3_trsm,9.0541e-5,0.00011045850000000001,9.449877500000001e-5,0.00011232637499999999,874864,6.02395212898631e-16,3.4120134306064398e-15
20260622_161419,2026-06-22T16:14:19.121,gaussian,short_wide,64,128,2.000000,20260311,4,bsqr_full,0.000131666,0.0001331255,0.000131998775,0.000151731825,258080,6.92809265785756e-16,6.174844661854239e-15
20260622_161419,2026-06-22T16:14:19.121,gaussian,short_wide,64,128,2.000000,20260311,4,dgeqp3,9.991600000000001e-5,0.000101167,0.00010009797500000001,0.000104906825,429424,6.708568597511681e-16,6.234265738086532e-15
20260622_161419,2026-06-22T16:14:19.121,gaussian,short_wide,64,128,2.000000,20260311,4,bsqr_rinv,0.000131917,0.00013597900000000002,0.0001331553,0.0001399053,290928,6.92809265785756e-16,6.174844661854239e-15
20260622_161419,2026-06-22T16:14:19.121,gaussian,short_wide,64,128,2.000000,20260311,4,dgeqp3_trsm,0.00010300000000000001,0.00011941700000000001,0.00010306090000000001,0.000122989825,626352,6.708568597511681e-16,6.234265738086532e-15
20260622_161419,2026-06-22T16:14:19.121,gaussian,short_wide,64,256,4.000000,20260311,4,bsqr_full,0.000305333,0.00032087550000000004,0.00030796112500000003,0.0003420803,464608,7.01461783479772e-16,5.404604195861883e-15
20260622_161419,2026-06-22T16:14:19.121,gaussian,short_wide,64,256,4.000000,20260311,4,dgeqp3,0.00016637500000000002,0.0001879995,0.00017975705000000002,0.00019285435,726320,7.636253443350295e-16,6.419349457173959e-15
20260622_161419,2026-06-22T16:14:19.121,gaussian,short_wide,64,256,4.000000,20260311,4,bsqr_rinv,0.00031466700000000003,0.000332125,0.00031578495000000005,0.000341811125,562992,7.01461783479772e-16,5.404604195861883e-15
20260622_161419,2026-06-22T16:14:19.121,gaussian,short_wide,64,256,4.000000,20260311,4,dgeqp3_trsm,0.00022183400000000002,0.0002329165,0.00022255900000000002,0.000239822825,1119856,7.636253443350295e-16,6.419349457173959e-15
20260622_161419,2026-06-22T16:14:19.121,gaussian,short_wide,64,512,8.000000,20260311,4,bsqr_full,0.0007440420000000001,0.0007837705000000001,0.0007587529750000001,0.0008147,1002512,7.324201062616805e-16,5.617060177124377e-15
20260622_161419,2026-06-22T16:14:19.121,gaussian,short_wide,64,512,8.000000,20260311,4,dgeqp3,0.000442541,0.0004877085,0.00045003315,0.000499020125,1320240,7.740919658355252e-16,6.362785736260132e-15
20260622_161419,2026-06-22T16:14:19.121,gaussian,short_wide,64,512,8.000000,20260311,4,bsqr_rinv,0.0007705,0.0007968125000000001,0.0007717992000000001,0.0008203990500000001,1231968,7.324201062616805e-16,5.617060177124377e-15
20260622_161419,2026-06-22T16:14:19.121,gaussian,short_wide,64,512,8.000000,20260311,4,dgeqp3_trsm,0.000511542,0.0005746875,0.0005266162000000001,0.0008984712999999984,2106992,7.740919658355252e-16,6.362785736260132e-15
20260622_161419,2026-06-22T16:14:19.121,gaussian,short_wide,64,640,10.000000,20260311,4,bsqr_full,0.000965125,0.000992625,0.0009668773250000001,0.0010280125000000002,1309840,7.569574935550723e-16,5.371774875827194e-15
20260622_161419,2026-06-22T16:14:19.121,gaussian,short_wide,64,640,10.000000,20260311,4,dgeqp3,0.000589416,0.0006443540000000001,0.0006134620750000001,0.0020217882999999932,1617200,7.701678375852386e-16,6.23167555565943e-15
20260622_161419,2026-06-22T16:14:19.121,gaussian,short_wide,64,640,10.000000,20260311,4,bsqr_rinv,0.000986041,0.001045437,0.0009973698500000002,0.002531659374999993,1604832,7.569574935550723e-16,5.371774875827194e-15
20260622_161419,2026-06-22T16:14:19.121,gaussian,short_wide,64,640,10.000000,20260311,4,dgeqp3_trsm,0.000683708,0.000748375,0.000687936925,0.0017707237749999948,2600560,7.701678375852386e-16,6.23167555565943e-15
20260622_161419,2026-06-22T16:14:19.121,gaussian,short_wide,128,256,2.000000,20260311,4,bsqr_full,0.001034708,0.0010629790000000001,0.001038454075,0.001079415325,1045776,8.923555355516226e-16,1.0036721623271175e-14
20260622_161419,2026-06-22T16:14:19.121,gaussian,short_wide,128,256,2.000000,20260311,4,dgeqp3,0.000732833,0.0007656875000000001,0.000741472825,0.0007847165750000001,1382224,8.89937151882439e-16,1.1172928617052627e-14
20260622_161419,2026-06-22T16:14:19.121,gaussian,short_wide,128,256,2.000000,20260311,4,bsqr_rinv,0.001042,0.0010747915,0.00104622965,0.0010843681,1176928,8.923555355516226e-16,1.0036721623271175e-14
20260622_161419,2026-06-22T16:14:19.121,gaussian,short_wide,128,256,2.000000,20260311,4,dgeqp3_trsm,0.0007919170000000001,0.0008442705,0.0008071717250000001,0.0013210060999999979,2168976,8.89937151882439e-16,1.1172928617052627e-14
20260622_161419,2026-06-22T16:14:19.121,gaussian,short_wide,128,512,4.000000,20260311,4,bsqr_full,0.001967041,0.0021072085000000003,0.001979004225,0.003551116424999993,1912368,9.21501873507776e-16,1.0138892431481593e-14
20260622_161419,2026-06-22T16:14:19.121,gaussian,short_wide,128,512,4.000000,20260311,4,dgeqp3,0.0015334580000000001,0.0018206255000000001,0.0015363580000000003,0.0027724842249999956,2500432,9.24859990331129e-16,1.0643679655387061e-14
20260622_161419,2026-06-22T16:14:19.121,gaussian,short_wide,128,512,4.000000,20260311,4,bsqr_rinv,0.001981292,0.0021214585000000003,0.0019930725250000003,0.0032429763749999953,2305664,9.21501873507776e-16,1.0138892431481593e-14
20260622_161419,2026-06-22T16:14:19.121,gaussian,short_wide,128,512,4.000000,20260311,4,dgeqp3_trsm,0.00170725,0.0019516255000000002,0.0017279125,0.005473632199999998,4073616,9.24859990331129e-16,1.0643679655387061e-14
20260622_161419,2026-06-22T16:14:19.121,gaussian,short_wide,128,1024,8.000000,20260311,4,bsqr_full,0.0038427910000000003,0.0040266875,0.0038949003750000004,0.006830171724999999,3648112,9.186913728315712e-16,1.0023387873288056e-14
20260622_161419,2026-06-22T16:14:19.121,gaussian,short_wide,128,1024,8.000000,20260311,4,dgeqp3,0.00262175,0.0029295625000000003,0.002659903125,0.007341021874999998,4736848,8.995642645397801e-16,1.074754061118985e-14
20260622_161419,2026-06-22T16:14:19.121,gaussian,short_wide,128,1024,8.000000,20260311,4,bsqr_rinv,0.00394525,0.0041654375,0.00398379535,0.007819696075,4565696,9.186913728315712e-16,1.0023387873288056e-14
20260622_161419,2026-06-22T16:14:19.121,gaussian,short_wide,128,1024,8.000000,20260311,4,dgeqp3_trsm,0.003061625,0.0032704375000000003,0.0030685125,0.005509548774999994,7882896,8.995642645397801e-16,1.074754061118985e-14
20260622_161419,2026-06-22T16:14:19.121,gaussian,short_wide,128,1280,10.000000,20260311,4,bsqr_full,0.005131,0.005284146,0.00515815705,0.008525014824999995,4557696,9.08920285483988e-16,1.0105331996343439e-14
20260622_161419,2026-06-22T16:14:19.121,gaussian,short_wide,128,1280,10.000000,20260311,4,dgeqp3,0.0033120830000000004,0.0035803335000000004,0.00333516265,0.0054557614,5855056,9.23952382726941e-16,1.109164750803374e-14
20260622_161419,2026-06-22T16:14:19.121,gaussian,short_wide,128,1280,10.000000,20260311,4,bsqr_rinv,0.005150958000000001,0.005420187,0.00524212675,0.008755628125,5737424,9.08920285483988e-16,1.0105331996343439e-14
20260622_161419,2026-06-22T16:14:19.121,gaussian,short_wide,128,1280,10.000000,20260311,4,dgeqp3_trsm,0.004004125,0.0042845,0.0040359343749999995,0.008002383574999997,9787536,9.23952382726941e-16,1.109164750803374e-14
20260622_161419,2026-06-22T16:14:19.121,gaussian,short_wide,256,512,2.000000,20260311,4,bsqr_full,0.004798959,0.005053604000000001,0.004877620775,0.007753342525,3928592,1.0690710148192158e-15,1.9666325897952056e-14
20260622_161419,2026-06-22T16:14:19.121,gaussian,short_wide,256,512,2.000000,20260311,4,dgeqp3,0.0036775830000000003,0.0038706250000000004,0.003688760325,0.007754747024999998,5024560,1.0839991521313582e-15,1.97903793023808e-14
20260622_161419,2026-06-22T16:14:19.121,gaussian,short_wide,256,512,2.000000,20260311,4,bsqr_rinv,0.004766542,0.004991917,0.0047856936,0.008391559375000001,4452960,1.0690710148192158e-15,1.9666325897952056e-14
20260622_161419,2026-06-22T16:14:19.121,gaussian,short_wide,256,512,2.000000,20260311,4,dgeqp3_trsm,0.003947792,0.0042513335,0.00397763735,0.007626585174999999,8170608,1.0839991521313582e-15,1.97903793023808e-14
20260622_161419,2026-06-22T16:14:19.121,gaussian,short_wide,256,1024,4.000000,20260311,4,bsqr_full,0.009778750000000001,0.010339271,0.009838350800000001,0.013637957999999999,7237200,1.1371620981642402e-15,1.9643316402006037e-14
20260622_161419,2026-06-22T16:14:19.121,gaussian,short_wide,256,1024,4.000000,20260311,4,dgeqp3,0.006571833,0.0068735210000000005,0.006634605675,0.010639635324999999,9358128,1.1689734483403977e-15,2.024079722842575e-14
20260622_161419,2026-06-22T16:14:19.121,gaussian,short_wide,256,1024,4.000000,20260311,4,bsqr_rinv,0.009926,0.0104776455,0.0099421617,0.014593245275,8810144,1.1371620981642402e-15,1.9643316402006037e-14
20260622_161419,2026-06-22T16:14:19.121,gaussian,short_wide,256,1024,4.000000,20260311,4,dgeqp3_trsm,0.007412666,0.008109271000000001,0.0074181042249999996,0.01123465705,15649904,1.1689734483403977e-15,2.024079722842575e-14
20260622_161419,2026-06-22T16:14:19.121,gaussian,short_wide,256,2048,8.000000,20260311,4,bsqr_full,0.019545834,0.020434187500000003,0.019679233275000003,0.0247431803,13824560,1.1851153474283413e-15,2.0338930218813104e-14
20260622_161419,2026-06-22T16:14:19.121,gaussian,short_wide,256,2048,8.000000,20260311,4,dgeqp3,0.012200250000000001,0.013306375,0.012262448475,0.016430463725,18058032,1.214223186816077e-15,2.0126004511151377e-14
20260622_161419,2026-06-22T16:14:19.121,gaussian,short_wide,256,2048,8.000000,20260311,4,bsqr_rinv,0.019633916,0.021275854,0.019677295650000003,0.033510269699999956,17494656,1.1851153474283413e-15,2.0338930218813104e-14
20260622_161419,2026-06-22T16:14:19.121,gaussian,short_wide,256,2048,8.000000,20260311,4,dgeqp3_trsm,0.014445958,0.015759666500000002,0.014504079075000002,0.028567548899999948,30641264,1.214223186816077e-15,2.0126004511151377e-14
20260622_161419,2026-06-22T16:14:19.121,gaussian,short_wide,256,2560,10.000000,20260311,4,bsqr_full,0.0241365,0.025464125,0.024137376525,0.029275113874999998,17151056,1.1865301762858138e-15,2.016237623021043e-14
20260622_161419,2026-06-22T16:14:19.121,gaussian,short_wide,256,2560,10.000000,20260311,4,dgeqp3,0.015319750000000002,0.016473250000000002,0.015387597675000001,0.019407080450000003,22391600,1.221401778677302e-15,2.054044866849129e-14
20260622_161419,2026-06-22T16:14:19.121,gaussian,short_wide,256,2560,10.000000,20260311,4,bsqr_rinv,0.024637083,0.025945708,0.024646991575000003,0.037029764974999956,21869728,1.1865301762858138e-15,2.016237623021043e-14
20260622_161419,2026-06-22T16:14:19.121,gaussian,short_wide,256,2560,10.000000,20260311,4,dgeqp3_trsm,0.017812792,0.018933667,0.01787619905,0.03181142717499995,38120560,1.221401778677302e-15,2.054044866849129e-14
20260622_161419,2026-06-22T16:14:19.121,gaussian,short_wide,512,1024,2.000000,20260311,4,bsqr_full,0.024868083000000003,0.027268458500000002,0.025454336125,0.03041803735,15187024,1.4341967727484524e-15,3.820697823486296e-14
20260622_161419,2026-06-22T16:14:19.121,gaussian,short_wide,512,1024,2.000000,20260311,4,dgeqp3,0.017397125,0.018549125500000003,0.0175520633,0.030966835599999958,19387184,1.4462713117372116e-15,3.8011674554295584e-14
20260622_161419,2026-06-22T16:14:19.121,gaussian,short_wide,512,1024,2.000000,20260311,4,bsqr_rinv,0.026110875000000002,0.027611791,0.026188600800000003,0.031177460749999997,17284256,1.4341967727484524e-15,3.820697823486296e-14
20260622_161419,2026-06-22T16:14:19.121,gaussian,short_wide,512,1024,2.000000,20260311,4,dgeqp3_trsm,0.018880292,0.019973833,0.018929289675000002,0.031281610024999955,31970416,1.4462713117372116e-15,3.8011674554295584e-14
20260622_161419,2026-06-22T16:14:19.121,gaussian,short_wide,512,2048,4.000000,20260311,4,bsqr_full,0.05270325,0.055218958500000005,0.053248328925,0.06708646192499995,28080720,1.5322537277020964e-15,3.850156114699609e-14
20260622_161419,2026-06-22T16:14:19.121,gaussian,short_wide,512,2048,4.000000,20260311,4,dgeqp3,0.0313975,0.034308187500000004,0.031462840625,0.07350384375,36475696,1.556721816975698e-15,3.810599109905824e-14
20260622_161419,2026-06-22T16:14:19.121,gaussian,short_wide,512,2048,4.000000,20260311,4,bsqr_rinv,0.054309208000000005,0.0567132085,0.054512026750000005,0.0888856348,34372256,1.5322537277020964e-15,3.850156114699609e-14
20260622_161419,2026-06-22T16:14:19.121,gaussian,short_wide,512,2048,4.000000,20260311,4,dgeqp3_trsm,0.035940625000000004,0.0386827085,0.036241953125000004,0.071827186275,61641840,1.556721816975698e-15,3.810599109905824e-14
20260622_161419,2026-06-22T16:14:19.121,gaussian,short_wide,512,4096,8.000000,20260311,4,bsqr_full,0.155778083,0.174677792,0.1569866043,0.21841821239999998,64356976,1.5752798499433648e-15,3.8473570361751776e-14
20260622_161419,2026-06-22T16:14:19.121,gaussian,short_wide,512,4096,8.000000,20260311,4,dgeqp3,0.07365337500000001,0.077594521,0.073904979725,0.11772284645,87397168,1.6163459858579691e-15,3.897531908264375e-14
20260622_161419,2026-06-22T16:14:19.121,gaussian,short_wide,512,4096,8.000000,20260311,4,bsqr_rinv,0.155510541,0.178265833,0.15679765395,0.212590711125,83231424,1.5752798499433648e-15,3.8473570361751776e-14
20260622_161419,2026-06-22T16:14:19.121,gaussian,short_wide,512,4096,8.000000,20260311,4,dgeqp3_trsm,0.08159366700000001,0.0878474585,0.08186934825,0.12728096185,139826288,1.6163459858579691e-15,3.897531908264375e-14
20260622_161419,2026-06-22T16:14:19.121,gaussian,short_wide,512,5120,10.000000,20260311,4,bsqr_full,0.304258333,0.36633764550000003,0.306242038425,0.4151849337750001,67143312,1.5930906731245533e-15,3.829780753998422e-14
20260622_161419,2026-06-22T16:14:19.121,gaussian,short_wide,512,5120,10.000000,20260311,4,dgeqp3,0.141486959,0.16707952050000002,0.143812788725,0.21390722675,87724848,1.6249553290565272e-15,3.8777671829848555e-14
20260622_161419,2026-06-22T16:14:19.121,gaussian,short_wide,512,5120,10.000000,20260311,4,bsqr_rinv,0.333525542,0.37365939600000003,0.342539335425,0.40212372232500004,86017760,1.5930906731245533e-15,3.829780753998422e-14
20260622_161419,2026-06-22T16:14:19.121,gaussian,short_wide,512,5120,10.000000,20260311,4,dgeqp3_trsm,0.158094,0.18191758300000002,0.15926001875,0.22859803915,150639728,1.6249553290565272e-15,3.8777671829848555e-14
20260622_161419,2026-06-22T16:14:19.121,ill_conditioned,square,64,64,1.000000,20260311,4,bsqr_full,6.6333e-5,7.0542e-5,6.639317500000002e-5,8.305515e-5,154336,4.532717434956971e-16,5.006690603054263e-15
20260622_161419,2026-06-22T16:14:19.121,ill_conditioned,square,64,64,1.000000,20260311,4,dgeqp3,5.7584e-5,6.297900000000001e-5,5.776452500000001e-5,7.174375e-5,249648,4.428888529104967e-16,6.563192800494753e-15
20260622_161419,2026-06-22T16:14:19.121,ill_conditioned,square,64,64,1.000000,20260311,4,bsqr_rinv,6.5292e-5,6.795850000000001e-5,6.5352175e-5,8.3852475e-5,154384,4.532717434956971e-16,5.006690603054263e-15
20260622_161419,2026-06-22T16:14:19.121,ill_conditioned,square,64,64,1.000000,20260311,4,dgeqp3_trsm,5.5708e-5,5.7146000000000005e-5,5.6161850000000005e-5,6.370625e-5,249648,4.428888529104967e-16,6.563192800494753e-15
20260622_161419,2026-06-22T16:14:19.121,ill_conditioned,square,128,128,1.000000,20260311,4,bsqr_full,0.000421542,0.0004416455,0.000423113075,0.00045216090000000004,569920,5.70478907989546e-16,1.0133361247529225e-14
20260622_161419,2026-06-22T16:14:19.121,ill_conditioned,square,128,128,1.000000,20260311,4,dgeqp3,0.00026625,0.0002991455,0.0002722617,0.00030824905000000004,823184,5.125113262150521e-16,1.0735373650745837e-14
20260622_161419,2026-06-22T16:14:19.121,ill_conditioned,square,128,128,1.000000,20260311,4,bsqr_rinv,0.00043612500000000004,0.0004416665,0.000437816425,0.00046279047500000003,569968,5.70478907989546e-16,1.0133361247529225e-14
20260622_161419,2026-06-22T16:14:19.121,ill_conditioned,square,128,128,1.000000,20260311,4,dgeqp3_trsm,0.000272125,0.000301104,0.0002762633,0.0003127463,823184,5.125113262150521e-16,1.0735373650745837e-14
20260622_161419,2026-06-22T16:14:19.121,ill_conditioned,square,256,256,1.000000,20260311,4,bsqr_full,0.0025024170000000003,0.002677875,0.0025062537,0.0035944713,2275568,6.936093441396261e-16,2.0301730971420592e-14
20260622_161419,2026-06-22T16:14:19.121,ill_conditioned,square,256,256,1.000000,20260311,4,dgeqp3,0.0021997920000000003,0.0022659380000000003,0.0022122982500000004,0.003428034374999999,2857776,7.410880816862273e-16,2.028573525480711e-14
20260622_161419,2026-06-22T16:14:19.121,ill_conditioned,square,256,256,1.000000,20260311,4,bsqr_rinv,0.0024712500000000004,0.002511396,0.0024789234,0.003253322675,2275616,6.936093441396261e-16,2.0301730971420592e-14
20260622_161419,2026-06-22T16:14:19.121,ill_conditioned,square,256,256,1.000000,20260311,4,dgeqp3_trsm,0.0021923750000000003,0.002220979,0.0021937641000000004,0.003927736699999998,2857776,7.410880816862273e-16,2.028573525480711e-14
20260622_161419,2026-06-22T16:14:19.121,ill_conditioned,square,384,384,1.000000,20260311,4,bsqr_full,0.005253959000000001,0.0053969165000000005,0.0053193598,0.0063777657750000005,4984208,7.734785128207812e-16,2.973697814067244e-14
20260622_161419,2026-06-22T16:14:19.121,ill_conditioned,square,384,384,1.000000,20260311,4,dgeqp3,0.004888458,0.005132125,0.0049310213,0.007842066424999999,6203184,8.265249541915345e-16,2.997047590476461e-14
20260622_161419,2026-06-22T16:14:19.121,ill_conditioned,square,384,384,1.000000,20260311,4,bsqr_rinv,0.005377667,0.0055447505,0.005404310024999999,0.007143320125,4984256,7.734785128207812e-16,2.973697814067244e-14
20260622_161419,2026-06-22T16:14:19.121,ill_conditioned,square,384,384,1.000000,20260311,4,dgeqp3_trsm,0.004618708,0.004770875,0.00464867515,0.0077926251499999995,6203184,8.265249541915345e-16,2.997047590476461e-14
20260622_161419,2026-06-22T16:14:19.121,ill_conditioned,square,512,512,1.000000,20260311,4,bsqr_full,0.011844625000000001,0.012068708000000001,0.011846739825,0.015948529499999996,8741392,8.97081173425192e-16,3.86844307956616e-14
20260622_161419,2026-06-22T16:14:19.121,ill_conditioned,square,512,512,1.000000,20260311,4,dgeqp3,0.010407958,0.011042916500000001,0.010447954075,0.01541396795,10859312,8.959381854643325e-16,3.856937118466982e-14
20260622_161419,2026-06-22T16:14:19.121,ill_conditioned,square,512,512,1.000000,20260311,4,bsqr_rinv,0.0120265,0.012354604,0.012038915625,0.01664190175,8741440,8.97081173425192e-16,3.86844307956616e-14
20260622_161419,2026-06-22T16:14:19.121,ill_conditioned,square,512,512,1.000000,20260311,4,dgeqp3_trsm,0.010311625000000001,0.010736729,0.010438529725000001,0.012335867,10859312,8.959381854643325e-16,3.856937118466982e-14
20260622_161419,2026-06-22T16:14:19.121,ill_conditioned,short_wide,32,64,2.000000,20260311,4,bsqr_full,2.5958e-5,2.65e-5,2.5958e-5,3.5443324999999975e-5,72160,5.086435943554102e-16,3.3421144647594366e-15
20260622_161419,2026-06-22T16:14:19.121,ill_conditioned,short_wide,32,64,2.000000,20260311,4,dgeqp3,1.9125e-5,1.9604500000000002e-5,1.9185900000000002e-5,2.511344999999999e-5,159280,4.943271610476642e-16,3.242597670338175e-15
20260622_161419,2026-06-22T16:14:19.121,ill_conditioned,short_wide,32,64,2.000000,20260311,4,bsqr_rinv,2.6584e-5,2.7146e-5,2.6764525000000003e-5,3.335624999999999e-5,80432,5.086435943554102e-16,3.3421144647594366e-15
20260622_161419,2026-06-22T16:14:19.121,ill_conditioned,short_wide,32,64,2.000000,20260311,4,dgeqp3_trsm,2.4208000000000003e-5,2.72915e-5,2.4238449999999998e-5,4.2357774999999974e-5,208752,4.943271610476642e-16,3.242597670338175e-15
20260622_161419,2026-06-22T16:14:19.121,ill_conditioned,short_wide,32,128,4.000000,20260311,4,bsqr_full,4.4458e-5,4.5062500000000004e-5,4.4609525e-5,5.5727749999999975e-5,126752,4.3311962955263076e-16,3.665870901959192e-15
20260622_161419,2026-06-22T16:14:19.121,ill_conditioned,short_wide,32,128,4.000000,20260311,4,dgeqp3,3.2375e-5,3.2875e-5,3.240545e-5,3.906249999999999e-5,273520,4.3836687714504196e-16,3.971170841476136e-15
20260622_161419,2026-06-22T16:14:19.121,ill_conditioned,short_wide,32,128,4.000000,20260311,4,bsqr_rinv,4.6458e-5,4.6875e-5,4.6458e-5,5.356562499999998e-5,151408,4.3311962955263076e-16,3.665870901959192e-15
20260622_161419,2026-06-22T16:14:19.121,ill_conditioned,short_wide,32,128,4.000000,20260311,4,dgeqp3_trsm,4.6042000000000004e-5,4.6916500000000004e-5,4.6223250000000005e-5,5.475777499999998e-5,372144,4.3836687714504196e-16,3.971170841476136e-15
20260622_161419,2026-06-22T16:14:19.121,ill_conditioned,short_wide,32,256,8.000000,20260311,4,bsqr_full,8.75e-5,9.49165e-5,8.789295e-5,0.00010115487499999997,234976,3.3029994827202077e-16,3.4657306059986446e-15
20260622_161419,2026-06-22T16:14:19.121,ill_conditioned,short_wide,32,256,8.000000,20260311,4,dgeqp3,5.7458000000000005e-5,6.86455e-5,5.772987500000001e-5,8.086425e-5,439344,3.688294832559934e-16,3.2799453150389027e-15
20260622_161419,2026-06-22T16:14:19.121,ill_conditioned,short_wide,32,256,8.000000,20260311,4,bsqr_rinv,9.1292e-5,9.67085e-5,9.15936e-5,0.000105998625,300592,3.3029994827202077e-16,3.4657306059986446e-15
20260622_161419,2026-06-22T16:14:19.121,ill_conditioned,short_wide,32,256,8.000000,20260311,4,dgeqp3_trsm,8.15e-5,9.481250000000001e-5,8.2678125e-5,0.00010795270000000001,644464,3.688294832559934e-16,3.2799453150389027e-15
20260622_161419,2026-06-22T16:14:19.121,ill_conditioned,short_wide,32,320,10.000000,20260311,4,bsqr_full,0.000121458,0.0001233545,0.00012194157500000001,0.00013803887499999997,338400,4.217012517270149e-16,3.840139756594621e-15
20260622_161419,2026-06-22T16:14:19.121,ill_conditioned,short_wide,32,320,10.000000,20260311,4,dgeqp3,7.529200000000001e-5,8.41665e-5,8.012485000000001e-5,9.11867e-5,571440,4.161616829686562e-16,2.8736999953073265e-15
20260622_161419,2026-06-22T16:14:19.121,ill_conditioned,short_wide,32,320,10.000000,20260311,4,bsqr_rinv,0.000119833,0.000131104,0.00012001425,0.000139958,436784,4.217012517270149e-16,3.840139756594621e-15
20260622_161419,2026-06-22T16:14:19.121,ill_conditioned,short_wide,32,320,10.000000,20260311,4,dgeqp3_trsm,9.787500000000001e-5,0.00011375000000000001,9.850937500000001e-5,0.000123936125,874864,4.161616829686562e-16,2.8736999953073265e-15
20260622_161419,2026-06-22T16:14:19.121,ill_conditioned,short_wide,64,128,2.000000,20260311,4,bsqr_full,0.000125291,0.0001332085,0.00012556360000000002,0.00013950094999999997,258080,5.041302035975727e-16,5.853865068254445e-15
20260622_161419,2026-06-22T16:14:19.121,ill_conditioned,short_wide,64,128,2.000000,20260311,4,dgeqp3,9.1291e-5,0.00010112550000000001,9.135190000000001e-5,0.00010887172500000001,429424,5.024565809916887e-16,6.5415561425169795e-15
20260622_161419,2026-06-22T16:14:19.121,ill_conditioned,short_wide,64,128,2.000000,20260311,4,bsqr_rinv,0.000127791,0.000135646,0.00012788235000000002,0.00014576345000000002,290928,5.041302035975727e-16,5.853865068254445e-15
20260622_161419,2026-06-22T16:14:19.121,ill_conditioned,short_wide,64,128,2.000000,20260311,4,dgeqp3_trsm,0.00011979200000000001,0.00012054100000000001,0.00011997325,0.00013620042499999996,626352,5.024565809916887e-16,6.5415561425169795e-15
20260622_161419,2026-06-22T16:14:19.121,ill_conditioned,short_wide,64,256,4.000000,20260311,4,bsqr_full,0.00029958400000000004,0.0003209795,0.000303963725,0.000328471875,464608,5.92170162528758e-16,5.675636641375248e-15
20260622_161419,2026-06-22T16:14:19.121,ill_conditioned,short_wide,64,256,4.000000,20260311,4,dgeqp3,0.00017525,0.00018974950000000002,0.00017688125000000002,0.00019844905,726320,5.7963641836048005e-16,6.3813975591795756e-15
20260622_161419,2026-06-22T16:14:19.121,ill_conditioned,short_wide,64,256,4.000000,20260311,4,bsqr_rinv,0.00031566600000000004,0.000329646,0.00031651207500000005,0.00034505515,562992,5.92170162528758e-16,5.675636641375248e-15
20260622_161419,2026-06-22T16:14:19.121,ill_conditioned,short_wide,64,256,4.000000,20260311,4,dgeqp3_trsm,0.00019675,0.000234646,0.0002021266,0.00024802965,1119856,5.7963641836048005e-16,6.3813975591795756e-15
20260622_161419,2026-06-22T16:14:19.121,ill_conditioned,short_wide,64,512,8.000000,20260311,4,bsqr_full,0.0007471250000000001,0.0007883125000000001,0.0007507500000000001,0.00085550175,1002512,4.945397697887441e-16,5.765227276759079e-15
20260622_161419,2026-06-22T16:14:19.121,ill_conditioned,short_wide,64,512,8.000000,20260311,4,dgeqp3,0.00046533400000000003,0.0004973330000000001,0.000477688725,0.0005248191750000001,1320240,4.2450914807806877e-16,5.985287941864241e-15
20260622_161419,2026-06-22T16:14:19.121,ill_conditioned,short_wide,64,512,8.000000,20260311,4,bsqr_rinv,0.000759125,0.0008026250000000001,0.0007797266000000001,0.0008383134500000001,1231968,4.945397697887441e-16,5.765227276759079e-15
20260622_161419,2026-06-22T16:14:19.121,ill_conditioned,short_wide,64,512,8.000000,20260311,4,dgeqp3_trsm,0.000519,0.0005959170000000001,0.0005310234000000001,0.0009043015999999986,2106992,4.2450914807806877e-16,5.985287941864241e-15
20260622_161419,2026-06-22T16:14:19.121,ill_conditioned,short_wide,64,640,10.000000,20260311,4,bsqr_full,0.000971292,0.0009848335,0.00097488655,0.0010424281250000001,1309840,6.184366906541285e-16,5.962734630194194e-15
20260622_161419,2026-06-22T16:14:19.121,ill_conditioned,short_wide,64,640,10.000000,20260311,4,dgeqp3,0.00060475,0.0006739165,0.00062994375,0.0018323843749999944,1617200,5.284340041854158e-16,6.360378574335651e-15
20260622_161419,2026-06-22T16:14:19.121,ill_conditioned,short_wide,64,640,10.000000,20260311,4,bsqr_rinv,0.000976791,0.001025771,0.00098479645,0.0026311853249999925,1604832,6.184366906541285e-16,5.962734630194194e-15
20260622_161419,2026-06-22T16:14:19.121,ill_conditioned,short_wide,64,640,10.000000,20260311,4,dgeqp3_trsm,0.0006868750000000001,0.0007781670000000001,0.0006896242000000001,0.002232827174999993,2600560,5.284340041854158e-16,6.360378574335651e-15
20260622_161419,2026-06-22T16:14:19.121,ill_conditioned,short_wide,128,256,2.000000,20260311,4,bsqr_full,0.00102575,0.0010594165,0.0010262031250000002,0.00109374265,1045776,6.602759763351215e-16,1.0186977934804081e-14
20260622_161419,2026-06-22T16:14:19.121,ill_conditioned,short_wide,128,256,2.000000,20260311,4,dgeqp3,0.000734584,0.0007676455,0.000745307475,0.000780024625,1382224,6.124921327206481e-16,1.1061959200416122e-14
20260622_161419,2026-06-22T16:14:19.121,ill_conditioned,short_wide,128,256,2.000000,20260311,4,bsqr_rinv,0.0010330410000000002,0.001072229,0.001036847975,0.0010862740500000002,1176928,6.602759763351215e-16,1.0186977934804081e-14
20260622_161419,2026-06-22T16:14:19.121,ill_conditioned,short_wide,128,256,2.000000,20260311,4,dgeqp3_trsm,0.000822916,0.0008818750000000001,0.0008287769,0.002305428924999993,2168976,6.124921327206481e-16,1.1061959200416122e-14
20260622_161419,2026-06-22T16:14:19.121,ill_conditioned,short_wide,128,512,4.000000,20260311,4,bsqr_full,0.0019387500000000002,0.0021184380000000003,0.0019464531250000003,0.003456399349999994,1912368,7.696109396991504e-16,9.834150061142932e-15
20260622_161419,2026-06-22T16:14:19.121,ill_conditioned,short_wide,128,512,4.000000,20260311,4,dgeqp3,0.0015909580000000002,0.0017795,0.001600383,0.002979007049999996,2500432,7.439458160817571e-16,1.1215249248152174e-14
20260622_161419,2026-06-22T16:14:19.121,ill_conditioned,short_wide,128,512,4.000000,20260311,4,bsqr_rinv,0.002036291,0.0021668745000000002,0.0020441456500000003,0.0035643721749999933,2305664,7.696109396991504e-16,9.834150061142932e-15
20260622_161419,2026-06-22T16:14:19.121,ill_conditioned,short_wide,128,512,4.000000,20260311,4,dgeqp3_trsm,0.00166675,0.001967625,0.001708921075,0.0069211929499999976,4073616,7.439458160817571e-16,1.1215249248152174e-14
20260622_161419,2026-06-22T16:14:19.121,ill_conditioned,short_wide,128,1024,8.000000,20260311,4,bsqr_full,0.0038922920000000003,0.0040328125,0.003899632625,0.0065796914249999965,3648112,6.09828635699034e-16,1.0162753217078393e-14
20260622_161419,2026-06-22T16:14:19.121,ill_conditioned,short_wide,128,1024,8.000000,20260311,4,dgeqp3,0.00256625,0.0026930210000000003,0.00256818285,0.0072973071999999995,4736848,5.936335764595401e-16,1.0914827874351718e-14
20260622_161419,2026-06-22T16:14:19.121,ill_conditioned,short_wide,128,1024,8.000000,20260311,4,bsqr_rinv,0.003974416000000001,0.004147604,0.00397459725,0.0080116859,4565696,6.09828635699034e-16,1.0162753217078393e-14
20260622_161419,2026-06-22T16:14:19.121,ill_conditioned,short_wide,128,1024,8.000000,20260311,4,dgeqp3_trsm,0.0030266670000000002,0.003240521,0.0030387803,0.006237754349999999,7882896,5.936335764595401e-16,1.0914827874351718e-14
20260622_161419,2026-06-22T16:14:19.121,ill_conditioned,short_wide,128,1280,10.000000,20260311,4,bsqr_full,0.005110875,0.005263833000000001,0.0051186992,0.00941090275,4557696,6.538490979120207e-16,9.710557321099441e-15
20260622_161419,2026-06-22T16:14:19.121,ill_conditioned,short_wide,128,1280,10.000000,20260311,4,dgeqp3,0.0034504580000000004,0.003641375,0.0034808173750000004,0.005332801375,5855056,5.918939903345719e-16,1.0514395569521567e-14
20260622_161419,2026-06-22T16:14:19.121,ill_conditioned,short_wide,128,1280,10.000000,20260311,4,bsqr_rinv,0.005246833,0.0054424995000000006,0.005301630675,0.008455209799999999,5737424,6.538490979120207e-16,9.710557321099441e-15
20260622_161419,2026-06-22T16:14:19.121,ill_conditioned,short_wide,128,1280,10.000000,20260311,4,dgeqp3_trsm,0.004036375,0.0042279585,0.004045075,0.007882606899999998,9787536,5.918939903345719e-16,1.0514395569521567e-14
20260622_161419,2026-06-22T16:14:19.121,ill_conditioned,short_wide,256,512,2.000000,20260311,4,bsqr_full,0.004703917,0.004874750000000001,0.004725152975,0.008283601375,3928592,8.026780709947812e-16,1.9924700551700872e-14
20260622_161419,2026-06-22T16:14:19.121,ill_conditioned,short_wide,256,512,2.000000,20260311,4,dgeqp3,0.0042004170000000006,0.004381104,0.00421053655,0.009339919399999999,5024560,8.375334724949686e-16,2.048991951898119e-14
20260622_161419,2026-06-22T16:14:19.121,ill_conditioned,short_wide,256,512,2.000000,20260311,4,bsqr_rinv,0.004741625,0.005051750000000001,0.004778811700000001,0.009238350424999998,4452960,8.026780709947812e-16,1.9924700551700872e-14
20260622_161419,2026-06-22T16:14:19.121,ill_conditioned,short_wide,256,512,2.000000,20260311,4,dgeqp3_trsm,0.004531416,0.0048404165,0.00454890735,0.008368614674999997,8170608,8.375334724949686e-16,2.048991951898119e-14
20260622_161419,2026-06-22T16:14:19.121,ill_conditioned,short_wide,256,1024,4.000000,20260311,4,bsqr_full,0.010001834000000001,0.010167708000000001,0.010002951225,0.014350432475000001,7237200,8.367761654992592e-16,1.958224498709816e-14
20260622_161419,2026-06-22T16:14:19.121,ill_conditioned,short_wide,256,1024,4.000000,20260311,4,dgeqp3,0.007587334,0.007961125000000001,0.00765249265,0.012133199849999998,9358128,9.117226706295229e-16,2.0779890736081367e-14
20260622_161419,2026-06-22T16:14:19.121,ill_conditioned,short_wide,256,1024,4.000000,20260311,4,bsqr_rinv,0.009855875,0.0104692705,0.009937589025,0.013291614675,8810144,8.367761654992592e-16,1.958224498709816e-14
20260622_161419,2026-06-22T16:14:19.121,ill_conditioned,short_wide,256,1024,4.000000,20260311,4,dgeqp3_trsm,0.008393917,0.009489104500000001,0.008514266275000001,0.012919557049999999,15649904,9.117226706295229e-16,2.0779890736081367e-14
20260622_161419,2026-06-22T16:14:19.121,ill_conditioned,short_wide,256,2048,8.000000,20260311,4,bsqr_full,0.020309916,0.0208465205,0.020323872975000004,0.024832073099999998,13824560,9.062865474521118e-16,2.0172753494545822e-14
20260622_161419,2026-06-22T16:14:19.121,ill_conditioned,short_wide,256,2048,8.000000,20260311,4,dgeqp3,0.015200125,0.0162630205,0.015263230450000002,0.019583009375,18058032,9.488925452541894e-16,2.0719502643700417e-14
20260622_161419,2026-06-22T16:14:19.121,ill_conditioned,short_wide,256,2048,8.000000,20260311,4,bsqr_rinv,0.020488375,0.021559729,0.020547794549999998,0.0241353136,17494656,9.062865474521118e-16,2.0172753494545822e-14
20260622_161419,2026-06-22T16:14:19.121,ill_conditioned,short_wide,256,2048,8.000000,20260311,4,dgeqp3_trsm,0.016922875,0.0181442715,0.0169319375,0.029826383274999965,30641264,9.488925452541894e-16,2.0719502643700417e-14
20260622_161419,2026-06-22T16:14:19.121,ill_conditioned,short_wide,256,2560,10.000000,20260311,4,bsqr_full,0.024675167,0.025512041500000002,0.024785850575,0.028827247525,17151056,8.668189565212541e-16,1.9901688683943353e-14
20260622_161419,2026-06-22T16:14:19.121,ill_conditioned,short_wide,256,2560,10.000000,20260311,4,dgeqp3,0.019231750000000002,0.0197965,0.019243078125,0.03186944957499996,22391600,8.93519688010301e-16,2.0358498835576664e-14
20260622_161419,2026-06-22T16:14:19.121,ill_conditioned,short_wide,256,2560,10.000000,20260311,4,bsqr_rinv,0.025395542,0.026584041500000002,0.025442908425,0.038592104874999957,21869728,8.668189565212541e-16,1.9901688683943353e-14
20260622_161419,2026-06-22T16:14:19.121,ill_conditioned,short_wide,256,2560,10.000000,20260311,4,dgeqp3_trsm,0.021369667000000002,0.0227997295,0.021445822450000002,0.05208933014999999,38120560,8.93519688010301e-16,2.0358498835576664e-14
20260622_161419,2026-06-22T16:14:19.121,ill_conditioned,short_wide,512,1024,2.000000,20260311,4,bsqr_full,0.025883417000000002,0.027087125500000003,0.026057477175,0.031081212349999998,15187024,1.0644618995931053e-15,3.845486815165936e-14
20260622_161419,2026-06-22T16:14:19.121,ill_conditioned,short_wide,512,1024,2.000000,20260311,4,dgeqp3,0.020956625000000003,0.0219715415,0.021040453125000004,0.03257271764999996,19387184,1.0514116480075422e-15,3.8554558510551614e-14
20260622_161419,2026-06-22T16:14:19.121,ill_conditioned,short_wide,512,1024,2.000000,20260311,4,bsqr_rinv,0.026236209,0.027439771,0.026246751225000003,0.03935901249999996,17284256,1.0644618995931053e-15,3.845486815165936e-14
20260622_161419,2026-06-22T16:14:19.121,ill_conditioned,short_wide,512,1024,2.000000,20260311,4,dgeqp3_trsm,0.022943833,0.024742813000000002,0.022946098625,0.03590823314999997,31970416,1.0514116480075422e-15,3.8554558510551614e-14
20260622_161419,2026-06-22T16:14:19.121,ill_conditioned,short_wide,512,2048,4.000000,20260311,4,bsqr_full,0.053347417,0.055341167000000004,0.053528576375000005,0.06656492812499996,28080720,1.1096686446128129e-15,3.863642533366393e-14
20260622_161419,2026-06-22T16:14:19.121,ill_conditioned,short_wide,512,2048,4.000000,20260311,4,dgeqp3,0.041490542000000005,0.043631604000000004,0.041494136550000005,0.076610531675,36475696,1.1212462343439885e-15,3.85068933022288e-14
20260622_161419,2026-06-22T16:14:19.121,ill_conditioned,short_wide,512,2048,4.000000,20260311,4,bsqr_rinv,0.05481845900000001,0.056244208500000004,0.054875975425,0.08521205815,34372256,1.1096686446128129e-15,3.863642533366393e-14
20260622_161419,2026-06-22T16:14:19.121,ill_conditioned,short_wide,512,2048,4.000000,20260311,4,dgeqp3_trsm,0.046264167,0.0477530415,0.04643390762500001,0.082728723625,61641840,1.1212462343439885e-15,3.85068933022288e-14
20260622_161419,2026-06-22T16:14:19.121,ill_conditioned,short_wide,512,4096,8.000000,20260311,4,bsqr_full,0.156840917,0.16851345850000002,0.157219396725,0.19764937187499998,64356976,1.1409946256684937e-15,3.867408632691338e-14
20260622_161419,2026-06-22T16:14:19.121,ill_conditioned,short_wide,512,4096,8.000000,20260311,4,dgeqp3,0.093908583,0.09942737550000001,0.0939981205,0.132867566425,85300016,1.1772011310357963e-15,3.833494285734908e-14
20260622_161419,2026-06-22T16:14:19.121,ill_conditioned,short_wide,512,4096,8.000000,20260311,4,bsqr_rinv,0.15977875,0.178248917,0.159790125,0.1972001339,81134272,1.1409946256684937e-15,3.867408632691338e-14
20260622_161419,2026-06-22T16:14:19.121,ill_conditioned,short_wide,512,4096,8.000000,20260311,4,dgeqp3_trsm,0.10364041700000001,0.1073550625,0.103803964675,0.156610478125,141923440,1.1772011310357963e-15,3.833494285734908e-14
20260622_161419,2026-06-22T16:14:19.121,ill_conditioned,short_wide,512,5120,10.000000,20260311,4,bsqr_full,0.30889166700000004,0.36739675000000005,0.31541948147500004,0.42171059582500003,67143312,1.1596527179781613e-15,3.873260205095684e-14
20260622_161419,2026-06-22T16:14:19.121,ill_conditioned,short_wide,512,5120,10.000000,20260311,4,dgeqp3,0.170432625,0.19453322950000002,0.172709708125,0.24498859875,87724848,1.1771129262017436e-15,3.836705133566732e-14
20260622_161419,2026-06-22T16:14:19.121,ill_conditioned,short_wide,512,5120,10.000000,20260311,4,bsqr_rinv,0.31252266700000003,0.36826352100000004,0.31339468262500003,0.40006525000000004,86017760,1.1596527179781613e-15,3.873260205095684e-14
20260622_161419,2026-06-22T16:14:19.121,ill_conditioned,short_wide,512,5120,10.000000,20260311,4,dgeqp3_trsm,0.18948675,0.20646004150000002,0.18952894062500003,0.2613124616,150639728,1.1771129262017436e-15,3.836705133566732e-14
20260622_161419,2026-06-22T16:14:19.121,orthonormal_rows,square,64,64,1.000000,20260311,4,bsqr_full,6.55e-5,6.625e-5,6.5560175e-5,7.958872499999996e-5,154336,5.991270338808378e-16,5.3326949885784294e-15
20260622_161419,2026-06-22T16:14:19.121,orthonormal_rows,square,64,64,1.000000,20260311,4,dgeqp3,5.6042e-5,5.68545e-5,5.6071725e-5,6.440274999999998e-5,249648,6.827615026093719e-16,6.357178775128149e-15
20260622_161419,2026-06-22T16:14:19.121,orthonormal_rows,square,64,64,1.000000,20260311,4,bsqr_rinv,6.5208e-5,6.5875e-5,6.538925000000001e-5,7.593314999999998e-5,154384,5.991270338808378e-16,5.3326949885784294e-15
20260622_161419,2026-06-22T16:14:19.121,orthonormal_rows,square,64,64,1.000000,20260311,4,dgeqp3_trsm,5.7542000000000006e-5,5.8313e-5,5.7632625e-5,6.579999999999999e-5,249648,6.827615026093719e-16,6.357178775128149e-15
20260622_161419,2026-06-22T16:14:19.121,orthonormal_rows,square,128,128,1.000000,20260311,4,bsqr_full,0.00042295900000000004,0.00044304150000000004,0.00043265515,0.00046203125,569920,7.718147950270114e-16,1.0103626487961013e-14
20260622_161419,2026-06-22T16:14:19.121,orthonormal_rows,square,128,128,1.000000,20260311,4,dgeqp3,0.000278208,0.0003018125,0.000281711925,0.000312027475,823184,8.576539599550105e-16,1.1009621390099485e-14
20260622_161419,2026-06-22T16:14:19.121,orthonormal_rows,square,128,128,1.000000,20260311,4,bsqr_rinv,0.000431,0.00044054150000000003,0.00043531955,0.00045490000000000005,569968,7.718147950270114e-16,1.0103626487961013e-14
20260622_161419,2026-06-22T16:14:19.121,orthonormal_rows,square,128,128,1.000000,20260311,4,dgeqp3_trsm,0.000283542,0.00029929150000000004,0.000285021725,0.0003077694,823184,8.576539599550105e-16,1.1009621390099485e-14
20260622_161419,2026-06-22T16:14:19.121,orthonormal_rows,square,256,256,1.000000,20260311,4,bsqr_full,0.002414458,0.0026401045,0.002429048625,0.0034358518999999996,2273616,9.941948790476737e-16,1.9736945804669133e-14
20260622_161419,2026-06-22T16:14:19.121,orthonormal_rows,square,256,256,1.000000,20260311,4,dgeqp3,0.002028083,0.0020854375,0.0020433689,0.0023198316249999993,2857776,1.0432080293944526e-15,2.0570821147944165e-14
20260622_161419,2026-06-22T16:14:19.121,orthonormal_rows,square,256,256,1.000000,20260311,4,bsqr_rinv,0.002438917,0.0026711250000000003,0.002460696725,0.004289849624999996,2273664,9.941948790476737e-16,1.9736945804669133e-14
20260622_161419,2026-06-22T16:14:19.121,orthonormal_rows,square,256,256,1.000000,20260311,4,dgeqp3_trsm,0.0020423330000000003,0.0020880205,0.0020444173750000004,0.003745008574999997,2857776,1.0432080293944526e-15,2.0570821147944165e-14
20260622_161419,2026-06-22T16:14:19.121,orthonormal_rows,square,384,384,1.000000,20260311,4,bsqr_full,0.005452584000000001,0.005588145500000001,0.005453550425,0.007418926524999999,4982256,1.1777465317539442e-15,2.9702482923811325e-14
20260622_161419,2026-06-22T16:14:19.121,orthonormal_rows,square,384,384,1.000000,20260311,4,dgeqp3,0.004532541,0.004791333,0.00453967065,0.006850034799999995,6203184,1.1979445679741727e-15,2.964461810303838e-14
20260622_161419,2026-06-22T16:14:19.121,orthonormal_rows,square,384,384,1.000000,20260311,4,bsqr_rinv,0.005338458,0.0053933125000000005,0.0053438955,0.006445727975,4982304,1.1777465317539442e-15,2.9702482923811325e-14
20260622_161419,2026-06-22T16:14:19.121,orthonormal_rows,square,384,384,1.000000,20260311,4,dgeqp3_trsm,0.004522959,0.0047899795,0.004559177825,0.006153285174999998,6203184,1.1979445679741727e-15,2.964461810303838e-14
20260622_161419,2026-06-22T16:14:19.121,orthonormal_rows,square,512,512,1.000000,20260311,4,bsqr_full,0.011818459,0.0120014375,0.01183830515,0.015899508575,8739440,1.326362650620313e-15,3.861886024527299e-14
20260622_161419,2026-06-22T16:14:19.121,orthonormal_rows,square,512,512,1.000000,20260311,4,dgeqp3,0.009234959000000001,0.009756313,0.009299483275000001,0.011941952324999998,10859312,1.3433990879958013e-15,3.846504948833939e-14
20260622_161419,2026-06-22T16:14:19.121,orthonormal_rows,square,512,512,1.000000,20260311,4,bsqr_rinv,0.011847125,0.0123090205,0.011858271875000001,0.016085503124999997,8739488,1.326362650620313e-15,3.861886024527299e-14
20260622_161419,2026-06-22T16:14:19.121,orthonormal_rows,square,512,512,1.000000,20260311,4,dgeqp3_trsm,0.009306792000000001,0.0096997295,0.009372706100000001,0.011898210975,10859312,1.3433990879958013e-15,3.846504948833939e-14
20260622_161419,2026-06-22T16:14:19.121,orthonormal_rows,short_wide,32,64,2.000000,20260311,4,bsqr_full,2.5625000000000003e-5,2.59165e-5,2.5625000000000003e-5,3.226997499999998e-5,72160,5.410200090206288e-16,3.110299116335437e-15
20260622_161419,2026-06-22T16:14:19.121,orthonormal_rows,short_wide,32,64,2.000000,20260311,4,dgeqp3,1.9209000000000002e-5,1.9542e-5,1.9238725e-5,2.3523899999999987e-5,159280,5.635001504903682e-16,3.3073679938691926e-15
20260622_161419,2026-06-22T16:14:19.121,orthonormal_rows,short_wide,32,64,2.000000,20260311,4,bsqr_rinv,2.625e-5,2.6917000000000003e-5,2.63109e-5,3.508654999999998e-5,80432,5.410200090206288e-16,3.110299116335437e-15
20260622_161419,2026-06-22T16:14:19.121,orthonormal_rows,short_wide,32,64,2.000000,20260311,4,dgeqp3_trsm,2.3958e-5,2.72295e-5,2.398845e-5,3.5886550000000006e-5,208752,5.635001504903682e-16,3.3073679938691926e-15
20260622_161419,2026-06-22T16:14:19.121,orthonormal_rows,short_wide,32,128,4.000000,20260311,4,bsqr_full,4.3917e-5,4.4354500000000004e-5,4.397717500000001e-5,5.3266425e-5,126752,6.032900020049728e-16,3.5206941814417794e-15
20260622_161419,2026-06-22T16:14:19.121,orthonormal_rows,short_wide,32,128,4.000000,20260311,4,dgeqp3,3.0458000000000002e-5,3.1771000000000005e-5,3.0579075e-5,3.487595e-5,273520,6.540903768178375e-16,3.8260518191178164e-15
20260622_161419,2026-06-22T16:14:19.121,orthonormal_rows,short_wide,32,128,4.000000,20260311,4,bsqr_rinv,4.5625000000000004e-5,4.6270500000000004e-5,4.57758e-5,5.332202499999998e-5,151408,6.032900020049728e-16,3.5206941814417794e-15
20260622_161419,2026-06-22T16:14:19.121,orthonormal_rows,short_wide,32,128,4.000000,20260311,4,dgeqp3_trsm,4.375e-5,4.4812500000000005e-5,4.3840625000000003e-5,5.9566275000000004e-5,372144,6.540903768178375e-16,3.8260518191178164e-15
20260622_161419,2026-06-22T16:14:19.121,orthonormal_rows,short_wide,32,256,8.000000,20260311,4,bsqr_full,8.462500000000001e-5,9.2125e-5,8.471562500000001e-5,9.619644999999999e-5,234976,5.629827641235276e-16,2.9329893431014422e-15
20260622_161419,2026-06-22T16:14:19.121,orthonormal_rows,short_wide,32,256,8.000000,20260311,4,dgeqp3,5.3792e-5,6.516700000000001e-5,5.3852175000000004e-5,6.7101375e-5,439344,6.088436480117347e-16,3.463557080422177e-15
20260622_161419,2026-06-22T16:14:19.121,orthonormal_rows,short_wide,32,256,8.000000,20260311,4,bsqr_rinv,9.0542e-5,9.993750000000001e-5,9.108502500000001e-5,0.00010483422499999999,300592,5.629827641235276e-16,2.9329893431014422e-15
20260622_161419,2026-06-22T16:14:19.121,orthonormal_rows,short_wide,32,256,8.000000,20260311,4,dgeqp3_trsm,7.287500000000001e-5,9.1396e-5,7.4264825e-5,9.2777025e-5,644464,6.088436480117347e-16,3.463557080422177e-15
20260622_161419,2026-06-22T16:14:19.121,orthonormal_rows,short_wide,32,320,10.000000,20260311,4,bsqr_full,0.00011025000000000001,0.00011895800000000001,0.00011025000000000001,0.000123741275,338400,6.37862478829625e-16,3.5161736774807497e-15
20260622_161419,2026-06-22T16:14:19.121,orthonormal_rows,short_wide,32,320,10.000000,20260311,4,dgeqp3,6.608300000000001e-5,7.850000000000001e-5,6.647595e-5,8.219592500000001e-5,571440,6.284839934613921e-16,3.616765127998936e-15
20260622_161419,2026-06-22T16:14:19.121,orthonormal_rows,short_wide,32,320,10.000000,20260311,4,bsqr_rinv,0.000127875,0.0001294585,0.00012805625,0.00013720545,436784,6.37862478829625e-16,3.5161736774807497e-15
20260622_161419,2026-06-22T16:14:19.121,orthonormal_rows,short_wide,32,320,10.000000,20260311,4,dgeqp3_trsm,9.2459e-5,0.000111687,9.8651225e-5,0.00011494047500000001,874864,6.284839934613921e-16,3.616765127998936e-15
20260622_161419,2026-06-22T16:14:19.121,orthonormal_rows,short_wide,64,128,2.000000,20260311,4,bsqr_full,0.000128209,0.0001335005,0.000129326225,0.0001405856,258080,6.636494545921797e-16,5.3458059707419236e-15
20260622_161419,2026-06-22T16:14:19.121,orthonormal_rows,short_wide,64,128,2.000000,20260311,4,dgeqp3,9.2125e-5,0.0001005205,9.23367e-5,0.00010962514999999999,429424,7.395056277123489e-16,6.257293394323148e-15
20260622_161419,2026-06-22T16:14:19.121,orthonormal_rows,short_wide,64,128,2.000000,20260311,4,bsqr_rinv,0.00013287500000000002,0.000134375,0.000133177325,0.00014838124999999998,290928,6.636494545921797e-16,5.3458059707419236e-15
20260622_161419,2026-06-22T16:14:19.121,orthonormal_rows,short_wide,64,128,2.000000,20260311,4,dgeqp3_trsm,0.00010366700000000001,0.000120167,0.0001107053,0.00012978125000000001,626352,7.395056277123489e-16,6.257293394323148e-15
20260622_161419,2026-06-22T16:14:19.121,orthonormal_rows,short_wide,64,256,4.000000,20260311,4,bsqr_full,0.00030500000000000004,0.000320312,0.000309440625,0.000331267375,464608,7.202261173948391e-16,5.512885708431782e-15
20260622_161419,2026-06-22T16:14:19.121,orthonormal_rows,short_wide,64,256,4.000000,20260311,4,dgeqp3,0.000166125,0.0001870625,0.000170052325,0.000193853925,726320,7.505683707396436e-16,6.238258755568025e-15
20260622_161419,2026-06-22T16:14:19.121,orthonormal_rows,short_wide,64,256,4.000000,20260311,4,bsqr_rinv,0.00031391700000000004,0.00033443750000000005,0.0003163037,0.0003536053,562992,7.202261173948391e-16,5.512885708431782e-15
20260622_161419,2026-06-22T16:14:19.121,orthonormal_rows,short_wide,64,256,4.000000,20260311,4,dgeqp3_trsm,0.00019545900000000001,0.0002352505,0.000197663725,0.000253154225,1119856,7.505683707396436e-16,6.238258755568025e-15
20260622_161419,2026-06-22T16:14:19.121,orthonormal_rows,short_wide,64,512,8.000000,20260311,4,bsqr_full,0.000736166,0.0007707500000000001,0.0007416339500000001,0.0007995850250000001,1002512,7.923066764578471e-16,5.943523484431683e-15
20260622_161419,2026-06-22T16:14:19.121,orthonormal_rows,short_wide,64,512,8.000000,20260311,4,dgeqp3,0.00044995900000000005,0.000489459,0.00045016997500000005,0.000508275425,1320240,7.74290819504142e-16,6.1206161459900555e-15
20260622_161419,2026-06-22T16:14:19.121,orthonormal_rows,short_wide,64,512,8.000000,20260311,4,bsqr_rinv,0.000769,0.0008076875,0.000774196075,0.0008308515249999999,1231968,7.923066764578471e-16,5.943523484431683e-15
20260622_161419,2026-06-22T16:14:19.121,orthonormal_rows,short_wide,64,512,8.000000,20260311,4,dgeqp3_trsm,0.000526834,0.0005655,0.00053819185,0.0013979743499999962,2106992,7.74290819504142e-16,6.1206161459900555e-15
20260622_161419,2026-06-22T16:14:19.121,orthonormal_rows,short_wide,64,640,10.000000,20260311,4,bsqr_full,0.0009394580000000001,0.0009827500000000001,0.0009609970250000001,0.0010394697000000001,1309840,7.526469203699195e-16,5.410697747804546e-15
20260622_161419,2026-06-22T16:14:19.121,orthonormal_rows,short_wide,64,640,10.000000,20260311,4,dgeqp3,0.0006081670000000001,0.0006451040000000001,0.000609858425,0.0015446047249999956,1617200,8.129638950252823e-16,6.8462308351347255e-15
20260622_161419,2026-06-22T16:14:19.121,orthonormal_rows,short_wide,64,640,10.000000,20260311,4,bsqr_rinv,0.000958458,0.001010458,0.00097039005,0.0015641720249999975,1604832,7.526469203699195e-16,5.410697747804546e-15
20260622_161419,2026-06-22T16:14:19.121,orthonormal_rows,short_wide,64,640,10.000000,20260311,4,dgeqp3_trsm,0.0006842920000000001,0.0007574375000000001,0.0006909975250000001,0.0018540518999999947,2600560,8.129638950252823e-16,6.8462308351347255e-15
20260622_161419,2026-06-22T16:14:19.121,orthonormal_rows,short_wide,128,256,2.000000,20260311,4,bsqr_full,0.001010125,0.0010535,0.001021241425,0.00107303205,1045776,9.165037661444866e-16,9.797150066182425e-15
20260622_161419,2026-06-22T16:14:19.121,orthonormal_rows,short_wide,128,256,2.000000,20260311,4,dgeqp3,0.000721334,0.0007575625000000001,0.0007218168500000001,0.0007717436000000001,1382224,9.40548148785616e-16,1.124771932705122e-14
20260622_161419,2026-06-22T16:14:19.121,orthonormal_rows,short_wide,128,256,2.000000,20260311,4,bsqr_rinv,0.001035209,0.001074917,0.001042519175,0.0010875353250000002,1176928,9.165037661444866e-16,9.797150066182425e-15
20260622_161419,2026-06-22T16:14:19.121,orthonormal_rows,short_wide,128,256,2.000000,20260311,4,dgeqp3_trsm,0.000796667,0.0008524375,0.000798358425,0.0021649726749999937,2168976,9.40548148785616e-16,1.124771932705122e-14
20260622_161419,2026-06-22T16:14:19.121,orthonormal_rows,short_wide,128,512,4.000000,20260311,4,bsqr_full,0.001964417,0.002103062,0.001972210025,0.0036330347999999927,1912368,9.641813084544722e-16,1.0213399899158287e-14
20260622_161419,2026-06-22T16:14:19.121,orthonormal_rows,short_wide,128,512,4.000000,20260311,4,dgeqp3,0.0015415000000000001,0.0017837915,0.0015472093750000001,0.002541268599999997,2500432,9.904782218111183e-16,1.1198305508062186e-14
20260622_161419,2026-06-22T16:14:19.121,orthonormal_rows,short_wide,128,512,4.000000,20260311,4,bsqr_rinv,0.001982834,0.002120896,0.002015337925,0.003416831249999994,2305664,9.641813084544722e-16,1.0213399899158287e-14
20260622_161419,2026-06-22T16:14:19.121,orthonormal_rows,short_wide,128,512,4.000000,20260311,4,dgeqp3_trsm,0.001687083,0.0019718540000000003,0.00177731505,0.004482887499999998,4073616,9.904782218111183e-16,1.1198305508062186e-14
20260622_161419,2026-06-22T16:14:19.121,orthonormal_rows,short_wide,128,1024,8.000000,20260311,4,bsqr_full,0.003894167,0.004081250000000001,0.0039136811,0.008810716574999999,3648112,9.036414565661723e-16,9.560926718761157e-15
20260622_161419,2026-06-22T16:14:19.121,orthonormal_rows,short_wide,128,1024,8.000000,20260311,4,dgeqp3,0.002640917,0.0029100625000000003,0.002674901375,0.00456191075,4736848,9.580885158889836e-16,1.1284367786514897e-14
20260622_161419,2026-06-22T16:14:19.121,orthonormal_rows,short_wide,128,1024,8.000000,20260311,4,bsqr_rinv,0.003897625,0.0041601665000000005,0.003919677325000001,0.007219865324999998,4565696,9.036414565661723e-16,9.560926718761157e-15
20260622_161419,2026-06-22T16:14:19.121,orthonormal_rows,short_wide,128,1024,8.000000,20260311,4,dgeqp3_trsm,0.0029285,0.0032014785000000004,0.00299233045,0.006919760749999995,7882896,9.580885158889836e-16,1.1284367786514897e-14
20260622_161419,2026-06-22T16:14:19.121,orthonormal_rows,short_wide,128,1280,10.000000,20260311,4,bsqr_full,0.0051105410000000006,0.0052919790000000005,0.005112172975000001,0.00850588125,4557696,9.432501371104051e-16,1.0200030382455174e-14
20260622_161419,2026-06-22T16:14:19.121,orthonormal_rows,short_wide,128,1280,10.000000,20260311,4,dgeqp3,0.003242125,0.0035356665000000004,0.0033088851750000003,0.00660352405,5855056,9.496281694273122e-16,1.1339281150025586e-14
20260622_161419,2026-06-22T16:14:19.121,orthonormal_rows,short_wide,128,1280,10.000000,20260311,4,bsqr_rinv,0.00517175,0.0053890005,0.0052064891,0.0087678936,5737424,9.432501371104051e-16,1.0200030382455174e-14
20260622_161419,2026-06-22T16:14:19.121,orthonormal_rows,short_wide,128,1280,10.000000,20260311,4,dgeqp3_trsm,0.0035674170000000002,0.0040038755,0.0036152061000000006,0.00724045975,9787536,9.496281694273122e-16,1.1339281150025586e-14
20260622_161419,2026-06-22T16:14:19.121,orthonormal_rows,short_wide,256,512,2.000000,20260311,4,bsqr_full,0.0047926670000000005,0.0052305205,0.004828192,0.00838473575,3928592,1.1323911573498408e-15,1.9812059754687518e-14
20260622_161419,2026-06-22T16:14:19.121,orthonormal_rows,short_wide,256,512,2.000000,20260311,4,dgeqp3,0.003702125,0.0038365210000000003,0.003747709375,0.0066601523249999964,5024560,1.1789036030609456e-15,2.051022881013409e-14
20260622_161419,2026-06-22T16:14:19.121,orthonormal_rows,short_wide,256,512,2.000000,20260311,4,bsqr_rinv,0.004942875,0.005035250000000001,0.004958402325,0.00837551795,4452960,1.1323911573498408e-15,1.9812059754687518e-14
20260622_161419,2026-06-22T16:14:19.121,orthonormal_rows,short_wide,256,512,2.000000,20260311,4,dgeqp3_trsm,0.0039861670000000005,0.004243770500000001,0.0040219037,0.007269039824999999,8170608,1.1789036030609456e-15,2.051022881013409e-14
20260622_161419,2026-06-22T16:14:19.121,orthonormal_rows,short_wide,256,1024,4.000000,20260311,4,bsqr_full,0.009869041,0.010171792,0.0100041027,0.016013414975,7237200,1.1846005856834877e-15,2.0236085256423348e-14
20260622_161419,2026-06-22T16:14:19.121,orthonormal_rows,short_wide,256,1024,4.000000,20260311,4,dgeqp3,0.006496875,0.0068412080000000005,0.0065405258,0.010642449999999998,9358128,1.211958117887987e-15,2.0439585012845147e-14
20260622_161419,2026-06-22T16:14:19.121,orthonormal_rows,short_wide,256,1024,4.000000,20260311,4,bsqr_rinv,0.010053375,0.010331104,0.010067784375,0.015405796074999999,8810144,1.1846005856834877e-15,2.0236085256423348e-14
20260622_161419,2026-06-22T16:14:19.121,orthonormal_rows,short_wide,256,1024,4.000000,20260311,4,dgeqp3_trsm,0.007321375000000001,0.0081657295,0.007407499200000001,0.012118279075,15649904,1.211958117887987e-15,2.0439585012845147e-14
20260622_161419,2026-06-22T16:14:19.121,orthonormal_rows,short_wide,256,2048,8.000000,20260311,4,bsqr_full,0.019999375,0.020845146000000002,0.0200578883,0.023337364975000004,13824560,1.1935237438970435e-15,2.0030367512351843e-14
20260622_161419,2026-06-22T16:14:19.121,orthonormal_rows,short_wide,256,2048,8.000000,20260311,4,dgeqp3,0.012342750000000001,0.013184250000000002,0.012474246875000001,0.015297049850000001,18058032,1.2269016640462727e-15,2.0295283694506457e-14
20260622_161419,2026-06-22T16:14:19.121,orthonormal_rows,short_wide,256,2048,8.000000,20260311,4,bsqr_rinv,0.020349541000000002,0.0210521875,0.0203519277,0.03313054062499996,17494656,1.1935237438970435e-15,2.0030367512351843e-14
20260622_161419,2026-06-22T16:14:19.121,orthonormal_rows,short_wide,256,2048,8.000000,20260311,4,dgeqp3_trsm,0.014349417000000001,0.015525375000000001,0.014357421725000003,0.027284299999999952,30641264,1.2269016640462727e-15,2.0295283694506457e-14
20260622_161419,2026-06-22T16:14:19.121,orthonormal_rows,short_wide,256,2560,10.000000,20260311,4,bsqr_full,0.024638708000000002,0.0255519165,0.02464940175,0.028745640625,17151056,1.1780489319590432e-15,1.9890088835511644e-14
20260622_161419,2026-06-22T16:14:19.121,orthonormal_rows,short_wide,256,2560,10.000000,20260311,4,dgeqp3,0.015257000000000001,0.016466729,0.0154217867,0.02754874497499996,22391600,1.2201134255060414e-15,2.0221695396395895e-14
20260622_161419,2026-06-22T16:14:19.121,orthonormal_rows,short_wide,256,2560,10.000000,20260311,4,bsqr_rinv,0.025230708,0.0259996455,0.025231311925000003,0.037580825649999955,21869728,1.1780489319590432e-15,1.9890088835511644e-14
20260622_161419,2026-06-22T16:14:19.121,orthonormal_rows,short_wide,256,2560,10.000000,20260311,4,dgeqp3_trsm,0.017169958000000003,0.018693208000000003,0.01755309005,0.04878611249999999,38120560,1.2201134255060414e-15,2.0221695396395895e-14
20260622_161419,2026-06-22T16:14:19.121,orthonormal_rows,short_wide,512,1024,2.000000,20260311,4,bsqr_full,0.025743083,0.026863896,0.0258378463,0.029698164525000004,15187024,1.5230960958768484e-15,3.82500117332249e-14
20260622_161419,2026-06-22T16:14:19.121,orthonormal_rows,short_wide,512,1024,2.000000,20260311,4,dgeqp3,0.016848375000000002,0.01824125,0.0169377617,0.029990332049999957,19387184,1.540152016952854e-15,3.818395125177994e-14
20260622_161419,2026-06-22T16:14:19.121,orthonormal_rows,short_wide,512,1024,2.000000,20260311,4,bsqr_rinv,0.026099084,0.027507583500000002,0.026209102025,0.03902374919999996,17284256,1.5230960958768484e-15,3.82500117332249e-14
20260622_161419,2026-06-22T16:14:19.121,orthonormal_rows,short_wide,512,1024,2.000000,20260311,4,dgeqp3_trsm,0.018985375000000002,0.020345916500000002,0.019007578125,0.032130054499999956,31970416,1.540152016952854e-15,3.818395125177994e-14
20260622_161419,2026-06-22T16:14:19.121,orthonormal_rows,short_wide,512,2048,4.000000,20260311,4,bsqr_full,0.052866292,0.0548704375,0.052981083425000006,0.06586002484999995,28080720,1.5718932011882113e-15,3.8451741956681646e-14
20260622_161419,2026-06-22T16:14:19.121,orthonormal_rows,short_wide,512,2048,4.000000,20260311,4,dgeqp3,0.031739708000000005,0.033534208,0.032089581400000004,0.067888591425,36475696,1.6071497700738994e-15,3.8700041305413685e-14
20260622_161419,2026-06-22T16:14:19.121,orthonormal_rows,short_wide,512,2048,4.000000,20260311,4,bsqr_rinv,0.053641959,0.056173042000000006,0.053702103550000005,0.0851634303,34372256,1.5718932011882113e-15,3.8451741956681646e-14
20260622_161419,2026-06-22T16:14:19.121,orthonormal_rows,short_wide,512,2048,4.000000,20260311,4,dgeqp3_trsm,0.036225083000000005,0.038408104500000005,0.03629785487500001,0.06765703437500001,61641840,1.6071497700738994e-15,3.8700041305413685e-14
20260622_161419,2026-06-22T16:14:19.121,orthonormal_rows,short_wide,512,4096,8.000000,20260311,4,bsqr_full,0.15660458300000002,0.16395981250000002,0.15667152442500004,0.19479624920000002,60162672,1.6026149497281164e-15,3.828806525200966e-14
20260622_161419,2026-06-22T16:14:19.121,orthonormal_rows,short_wide,512,4096,8.000000,20260311,4,dgeqp3,0.073244959,0.077127792,0.07326465435000001,0.11303204644999999,83202864,1.6361130878243134e-15,3.8742903350013603e-14
20260622_161419,2026-06-22T16:14:19.121,orthonormal_rows,short_wide,512,4096,8.000000,20260311,4,bsqr_rinv,0.1523595,0.1664594375,0.15735674375,0.19966723655000002,81134272,1.6026149497281164e-15,3.828806525200966e-14
20260622_161419,2026-06-22T16:14:19.121,orthonormal_rows,short_wide,512,4096,8.000000,20260311,4,dgeqp3_trsm,0.082762083,0.08788710400000001,0.08281757595,0.11972306875,141923440,1.6361130878243134e-15,3.8742903350013603e-14
20260622_161419,2026-06-22T16:14:19.121,orthonormal_rows,short_wide,512,5120,10.000000,20260311,4,bsqr_full,0.301911083,0.30596700000000004,0.30252738300000004,0.33893311660000003,67143312,1.6021580001306704e-15,3.8555455185852114e-14
20260622_161419,2026-06-22T16:14:19.121,orthonormal_rows,short_wide,512,5120,10.000000,20260311,4,dgeqp3,0.135272208,0.16794910400000002,0.1372958947,0.208828860475,87724848,1.6284985366411922e-15,3.812301586658752e-14
20260622_161419,2026-06-22T16:14:19.121,orthonormal_rows,short_wide,512,5120,10.000000,20260311,4,bsqr_rinv,0.341376958,0.38754845800000004,0.351259333,0.4213881583,86017760,1.6021580001306704e-15,3.8555455185852114e-14
20260622_161419,2026-06-22T16:14:19.121,orthonormal_rows,short_wide,512,5120,10.000000,20260311,4,dgeqp3_trsm,0.21696045800000002,0.23164400000000002,0.21723322900000003,0.29014043700000003,150639728,1.6284985366411922e-15,3.812301586658752e-14
20260622_161419,2026-06-22T16:14:19.121,gaussian,square,64,64,1.000000,20260312,4,bsqr_full,6.741700000000001e-5,6.7792e-5,6.7477175e-5,8.350312499999995e-5,154336,5.119573413063111e-16,5.473076137031571e-15
20260622_161419,2026-06-22T16:14:19.121,gaussian,square,64,64,1.000000,20260312,4,dgeqp3,5.7375000000000005e-5,6.5125e-5,5.7556250000000006e-5,8.269454999999998e-5,249648,5.930047767289187e-16,6.697868533111015e-15
20260622_161419,2026-06-22T16:14:19.121,gaussian,square,64,64,1.000000,20260312,4,bsqr_rinv,6.562500000000001e-5,6.787500000000001e-5,6.589687500000001e-5,9.2435325e-5,154384,5.119573413063111e-16,5.473076137031571e-15
20260622_161419,2026-06-22T16:14:19.121,gaussian,square,64,64,1.000000,20260312,4,dgeqp3_trsm,5.6334000000000006e-5,5.7458500000000006e-5,5.6574700000000006e-5,6.694252499999999e-5,249648,5.930047767289187e-16,6.697868533111015e-15
20260622_161419,2026-06-22T16:14:19.121,gaussian,square,128,128,1.000000,20260312,4,bsqr_full,0.000422458,0.000444958,0.00042363612499999996,0.00047812675,569920,7.209310033496952e-16,1.012614034124512e-14
20260622_161419,2026-06-22T16:14:19.121,gaussian,square,128,128,1.000000,20260312,4,dgeqp3,0.000272834,0.00030414600000000004,0.000275612925,0.00033563235,823184,7.638849512414143e-16,1.1324909263536035e-14
20260622_161419,2026-06-22T16:14:19.121,gaussian,square,128,128,1.000000,20260312,4,bsqr_rinv,0.00042462500000000003,0.0004448125,0.00042649767500000003,0.00047925762499999996,569968,7.209310033496952e-16,1.012614034124512e-14
20260622_161419,2026-06-22T16:14:19.121,gaussian,square,128,128,1.000000,20260312,4,dgeqp3_trsm,0.000287125,0.000306375,0.00029419375,0.00031584310000000004,823184,7.638849512414143e-16,1.1324909263536035e-14
20260622_161419,2026-06-22T16:14:19.121,gaussian,square,256,256,1.000000,20260312,4,bsqr_full,0.0024560420000000003,0.002696042,0.0024614787750000004,0.004224034224999998,2273616,9.247586871794003e-16,2.0196592178645955e-14
20260622_161419,2026-06-22T16:14:19.121,gaussian,square,256,256,1.000000,20260312,4,dgeqp3,0.001989958,0.0020993955,0.002025604075,0.0025506138749999993,2857776,9.353284998635657e-16,2.0470669120026947e-14
20260622_161419,2026-06-22T16:14:19.121,gaussian,square,256,256,1.000000,20260312,4,bsqr_rinv,0.002417792,0.002494104,0.002430570125,0.004437399999999997,2273664,9.247586871794003e-16,2.0196592178645955e-14
20260622_161419,2026-06-22T16:14:19.121,gaussian,square,256,256,1.000000,20260312,4,dgeqp3_trsm,0.0019286670000000002,0.002102229,0.001962832625,0.0035926831499999987,2857776,9.353284998635657e-16,2.0470669120026947e-14
20260622_161419,2026-06-22T16:14:19.121,gaussian,square,384,384,1.000000,20260312,4,bsqr_full,0.005304458000000001,0.0057936870000000005,0.005313369700000001,0.00966111875,4982256,1.0676576292133877e-15,2.926450411215867e-14
20260622_161419,2026-06-22T16:14:19.121,gaussian,square,384,384,1.000000,20260312,4,dgeqp3,0.004352,0.004638083,0.004361908575,0.007081745349999995,6203184,1.0790645939266198e-15,2.941504131000112e-14
20260622_161419,2026-06-22T16:14:19.121,gaussian,square,384,384,1.000000,20260312,4,bsqr_rinv,0.005308167,0.005612792,0.005354596725000001,0.00830788575,4982304,1.0676576292133877e-15,2.926450411215867e-14
20260622_161419,2026-06-22T16:14:19.121,gaussian,square,384,384,1.000000,20260312,4,dgeqp3_trsm,0.004217292,0.004522458,0.004303143600000001,0.006470685474999998,6203184,1.0790645939266198e-15,2.941504131000112e-14
20260622_161419,2026-06-22T16:14:19.121,gaussian,square,512,512,1.000000,20260312,4,bsqr_full,0.012004916000000001,0.012521979,0.012007967525000001,0.016586237650000002,8739440,1.2206128905691752e-15,3.8358246228693194e-14
20260622_161419,2026-06-22T16:14:19.121,gaussian,square,512,512,1.000000,20260312,4,dgeqp3,0.009068333000000001,0.009489312500000001,0.0091083588,0.013082691274999999,10859312,1.2278137946030961e-15,3.857310508585194e-14
20260622_161419,2026-06-22T16:14:19.121,gaussian,square,512,512,1.000000,20260312,4,bsqr_rinv,0.011778,0.012507645500000001,0.011900223400000002,0.017334322450000002,8739488,1.2206128905691752e-15,3.8358246228693194e-14
20260622_161419,2026-06-22T16:14:19.121,gaussian,square,512,512,1.000000,20260312,4,dgeqp3_trsm,0.009270333,0.0098252085,0.0092821447,0.0148059213,10859312,1.2278137946030961e-15,3.857310508585194e-14
20260622_161419,2026-06-22T16:14:19.121,gaussian,short_wide,32,64,2.000000,20260312,4,bsqr_full,2.5541e-5,2.6354500000000003e-5,2.5722975000000003e-5,3.401562499999998e-5,72160,5.014913153574854e-16,3.006516526318621e-15
20260622_161419,2026-06-22T16:14:19.121,gaussian,short_wide,32,64,2.000000,20260312,4,dgeqp3,1.8917000000000002e-5,1.93335e-5,1.8977175000000004e-5,2.4787649999999983e-5,159280,4.745090690996907e-16,3.0170749589200244e-15
20260622_161419,2026-06-22T16:14:19.121,gaussian,short_wide,32,64,2.000000,20260312,4,bsqr_rinv,2.6709e-5,2.70625e-5,2.6769175e-5,3.417949999999998e-5,80432,5.014913153574854e-16,3.006516526318621e-15
20260622_161419,2026-06-22T16:14:19.121,gaussian,short_wide,32,64,2.000000,20260312,4,dgeqp3_trsm,2.6333e-5,2.9583500000000002e-5,2.636345e-5,0.0003291537749999985,208752,4.745090690996907e-16,3.0170749589200244e-15
20260622_161419,2026-06-22T16:14:19.121,gaussian,short_wide,32,128,4.000000,20260312,4,bsqr_full,4.4167000000000006e-5,4.5000500000000004e-5,4.4196725e-5,5.713597499999999e-5,126752,4.941655415159738e-16,2.999577442892912e-15
20260622_161419,2026-06-22T16:14:19.121,gaussian,short_wide,32,128,4.000000,20260312,4,dgeqp3,3.1833000000000005e-5,3.2250000000000005e-5,3.1893175000000007e-5,3.978219999999998e-5,273520,4.943413410498146e-16,2.866488403377044e-15
20260622_161419,2026-06-22T16:14:19.121,gaussian,short_wide,32,128,4.000000,20260312,4,bsqr_rinv,4.6375e-5,4.73545e-5,4.6404725e-5,5.999332499999997e-5,151408,4.941655415159738e-16,2.999577442892912e-15
20260622_161419,2026-06-22T16:14:19.121,gaussian,short_wide,32,128,4.000000,20260312,4,dgeqp3_trsm,4.4041e-5,4.5708000000000004e-5,4.4252700000000004e-5,6.48072e-5,372144,4.943413410498146e-16,2.866488403377044e-15
20260622_161419,2026-06-22T16:14:19.121,gaussian,short_wide,32,256,8.000000,20260312,4,bsqr_full,9.275e-5,9.45835e-5,9.287107500000001e-5,0.00010333479999999999,234976,5.554169638385725e-16,3.1235943766351642e-15
20260622_161419,2026-06-22T16:14:19.121,gaussian,short_wide,32,256,8.000000,20260312,4,dgeqp3,5.4833e-5,6.63125e-5,5.7914975e-5,7.023125e-5,439344,5.418758443649005e-16,2.7937230730308724e-15
20260622_161419,2026-06-22T16:14:19.121,gaussian,short_wide,32,256,8.000000,20260312,4,bsqr_rinv,9.029200000000001e-5,9.989550000000001e-5,9.071467500000001e-5,0.000107807625,300592,5.554169638385725e-16,3.1235943766351642e-15
20260622_161419,2026-06-22T16:14:19.121,gaussian,short_wide,32,256,8.000000,20260312,4,dgeqp3_trsm,7.4959e-5,9.310400000000001e-5,7.72848e-5,0.000105105675,644464,5.418758443649005e-16,2.7937230730308724e-15
20260622_161419,2026-06-22T16:14:19.121,gaussian,short_wide,32,320,10.000000,20260312,4,bsqr_full,0.000115125,0.0001215415,0.00011669607500000001,0.00013220762499999999,338400,6.232346659370887e-16,3.543317640258236e-15
20260622_161419,2026-06-22T16:14:19.121,gaussian,short_wide,32,320,10.000000,20260312,4,dgeqp3,7.775e-5,8.0e-5,7.829375000000002e-5,9.3213875e-5,571440,5.725944065461618e-16,3.2354385224516876e-15
20260622_161419,2026-06-22T16:14:19.121,gaussian,short_wide,32,320,10.000000,20260312,4,bsqr_rinv,0.000117417,0.00013022900000000002,0.000119047525,0.000135667,436784,6.232346659370887e-16,3.543317640258236e-15
20260622_161419,2026-06-22T16:14:19.121,gaussian,short_wide,32,320,10.000000,20260312,4,dgeqp3_trsm,0.00010029200000000001,0.0001118335,0.00010068422500000001,0.000125546075,874864,5.725944065461618e-16,3.2354385224516876e-15
20260622_161419,2026-06-22T16:14:19.121,gaussian,short_wide,64,128,2.000000,20260312,4,bsqr_full,0.000125291,0.00013320900000000002,0.00012553315,0.0001439056,258080,6.594148967041144e-16,5.777459827407626e-15
20260622_161419,2026-06-22T16:14:19.121,gaussian,short_wide,64,128,2.000000,20260312,4,dgeqp3,9.0209e-5,0.0001023125,9.156765e-5,0.00012067362500000001,429424,7.021785667611647e-16,6.448453069752737e-15
20260622_161419,2026-06-22T16:14:19.121,gaussian,short_wide,64,128,2.000000,20260312,4,bsqr_rinv,0.00012875,0.0001362705,0.000128840625,0.00015003939999999998,290928,6.594148967041144e-16,5.777459827407626e-15
20260622_161419,2026-06-22T16:14:19.121,gaussian,short_wide,64,128,2.000000,20260312,4,dgeqp3_trsm,0.000119166,0.00012039550000000001,0.00011925662500000001,0.000133975,626352,7.021785667611647e-16,6.448453069752737e-15
20260622_161419,2026-06-22T16:14:19.121,gaussian,short_wide,64,256,4.000000,20260312,4,bsqr_full,0.000304708,0.00032045850000000004,0.00030649005,0.00034495355,464608,7.072786012987775e-16,5.728063838446215e-15
20260622_161419,2026-06-22T16:14:19.121,gaussian,short_wide,64,256,4.000000,20260312,4,dgeqp3,0.000166083,0.00018704150000000002,0.000179797825,0.00019183247500000002,726320,7.244120023013561e-16,6.302346693862015e-15
20260622_161419,2026-06-22T16:14:19.121,gaussian,short_wide,64,256,4.000000,20260312,4,bsqr_rinv,0.00031425,0.0003297915,0.00031536795,0.00034595777500000003,562992,7.072786012987775e-16,5.728063838446215e-15
20260622_161419,2026-06-22T16:14:19.121,gaussian,short_wide,64,256,4.000000,20260312,4,dgeqp3_trsm,0.00022158300000000002,0.000234417,0.0002229431,0.0002393285,1119856,7.244120023013561e-16,6.302346693862015e-15
20260622_161419,2026-06-22T16:14:19.121,gaussian,short_wide,64,512,8.000000,20260312,4,bsqr_full,0.000746667,0.000788479,0.0007531920000000001,0.000813356625,1002512,6.874356728125157e-16,4.899575755718987e-15
20260622_161419,2026-06-22T16:14:19.121,gaussian,short_wide,64,512,8.000000,20260312,4,dgeqp3,0.00045166700000000005,0.0004898330000000001,0.00045242172500000003,0.0005141695500000001,1320240,7.194148755859423e-16,5.6181204916621415e-15
20260622_161419,2026-06-22T16:14:19.121,gaussian,short_wide,64,512,8.000000,20260312,4,bsqr_rinv,0.000800083,0.0008133125,0.0008014728250000001,0.000855016725,1231968,6.874356728125157e-16,4.899575755718987e-15
20260622_161419,2026-06-22T16:14:19.121,gaussian,short_wide,64,512,8.000000,20260312,4,dgeqp3_trsm,0.000511625,0.0005750625,0.000536485975,0.0012786024749999974,2106992,7.194148755859423e-16,5.6181204916621415e-15
20260622_161419,2026-06-22T16:14:19.121,gaussian,short_wide,64,640,10.000000,20260312,4,bsqr_full,0.000946083,0.000988333,0.0009477447000000002,0.0010597804500000001,1309840,7.984883864653503e-16,5.983008685405721e-15
20260622_161419,2026-06-22T16:14:19.121,gaussian,short_wide,64,640,10.000000,20260312,4,dgeqp3,0.00060475,0.0006540210000000001,0.00060565625,0.0021213318999999927,1617200,8.104885008199661e-16,6.812451491295433e-15
20260622_161419,2026-06-22T16:14:19.121,gaussian,short_wide,64,640,10.000000,20260312,4,bsqr_rinv,0.000968125,0.0010313335000000001,0.000979725,0.002283628774999995,1604832,7.984883864653503e-16,5.983008685405721e-15
20260622_161419,2026-06-22T16:14:19.121,gaussian,short_wide,64,640,10.000000,20260312,4,dgeqp3_trsm,0.0006933340000000001,0.0007580415,0.0006950247000000001,0.0029984976749999953,2600560,8.104885008199661e-16,6.812451491295433e-15
20260622_161419,2026-06-22T16:14:19.121,gaussian,short_wide,128,256,2.000000,20260312,4,bsqr_full,0.001028958,0.0010621040000000001,0.001031979075,0.001117181675,1045776,8.7423356701806225e-16,1.0045506365889844e-14
20260622_161419,2026-06-22T16:14:19.121,gaussian,short_wide,128,256,2.000000,20260312,4,dgeqp3,0.00072625,0.000765521,0.0007264008,0.0008095954999999999,1382224,8.843711809880115e-16,1.1233662249520131e-14
20260622_161419,2026-06-22T16:14:19.121,gaussian,short_wide,128,256,2.000000,20260312,4,bsqr_rinv,0.001048375,0.001082604,0.00105006715,0.0011934725249999997,1176928,8.7423356701806225e-16,1.0045506365889844e-14
20260622_161419,2026-06-22T16:14:19.121,gaussian,short_wide,128,256,2.000000,20260312,4,dgeqp3_trsm,0.0008755410000000001,0.000958396,0.0008824894000000001,0.0019446366999999968,2168976,8.843711809880115e-16,1.1233662249520131e-14
20260622_161419,2026-06-22T16:14:19.121,gaussian,short_wide,128,512,4.000000,20260312,4,bsqr_full,0.00194275,0.0021416875,0.0019680343750000003,0.003452810324999995,1912368,9.422504735611151e-16,1.0112077930367316e-14
20260622_161419,2026-06-22T16:14:19.121,gaussian,short_wide,128,512,4.000000,20260312,4,dgeqp3,0.001635083,0.0018425420000000002,0.001673629075,0.0034666585749999965,2500432,9.363040704223829e-16,1.0775891123831597e-14
20260622_161419,2026-06-22T16:14:19.121,gaussian,short_wide,128,512,4.000000,20260312,4,bsqr_rinv,0.002009125,0.002161208,0.002029847675,0.0036957429499999937,2305664,9.422504735611151e-16,1.0112077930367316e-14
20260622_161419,2026-06-22T16:14:19.121,gaussian,short_wide,128,512,4.000000,20260312,4,dgeqp3_trsm,0.0018330000000000002,0.0020616875,0.0018404015250000003,0.005624745125,4073616,9.363040704223829e-16,1.0775891123831597e-14
20260622_161419,2026-06-22T16:14:19.121,gaussian,short_wide,128,1024,8.000000,20260312,4,bsqr_full,0.003994208,0.004282813,0.004000340775000001,0.009448206399999999,3648112,8.906933847315164e-16,9.810920436954574e-15
20260622_161419,2026-06-22T16:14:19.121,gaussian,short_wide,128,1024,8.000000,20260312,4,dgeqp3,0.0027937920000000002,0.003159125,0.0029107287000000003,0.007264076224999997,4736848,8.858024780078524e-16,1.0755041763318772e-14
20260622_161419,2026-06-22T16:14:19.121,gaussian,short_wide,128,1024,8.000000,20260312,4,bsqr_rinv,0.004266209,0.004528271,0.0042714348,0.008862128124999999,4565696,8.906933847315164e-16,9.810920436954574e-15
20260622_161419,2026-06-22T16:14:19.121,gaussian,short_wide,128,1024,8.000000,20260312,4,dgeqp3_trsm,0.0034070830000000004,0.0036319375,0.003424724425,0.006193287874999999,7882896,8.858024780078524e-16,1.0755041763318772e-14
20260622_161419,2026-06-22T16:14:19.121,gaussian,short_wide,128,1280,10.000000,20260312,4,bsqr_full,0.005346333,0.005520917,0.005347511125000001,0.011465947025,4557696,8.984183876867942e-16,9.929422546990317e-15
20260622_161419,2026-06-22T16:14:19.121,gaussian,short_wide,128,1280,10.000000,20260312,4,dgeqp3,0.003604916,0.0038274375,0.00363938395,0.005100569325,5855056,9.029076414010213e-16,1.0723707887750428e-14
20260622_161419,2026-06-22T16:14:19.121,gaussian,short_wide,128,1280,10.000000,20260312,4,bsqr_rinv,0.005275458,0.005580646000000001,0.00531013765,0.009550037349999999,5737424,8.984183876867942e-16,9.929422546990317e-15
20260622_161419,2026-06-22T16:14:19.121,gaussian,short_wide,128,1280,10.000000,20260312,4,dgeqp3_trsm,0.0040060420000000005,0.0043722085,0.0040528045,0.008541572825,9787536,9.029076414010213e-16,1.0723707887750428e-14
20260622_161419,2026-06-22T16:14:19.121,gaussian,short_wide,256,512,2.000000,20260312,4,bsqr_full,0.004721334000000001,0.004998917,0.004728130150000001,0.008429883274999998,3928592,1.0810030289211677e-15,1.9741825407543254e-14
20260622_161419,2026-06-22T16:14:19.121,gaussian,short_wide,256,512,2.000000,20260312,4,dgeqp3,0.0036478340000000004,0.0039038335000000004,0.0036692512250000005,0.00598593235,5024560,1.1131031360084655e-15,2.0275322482440852e-14
20260622_161419,2026-06-22T16:14:19.121,gaussian,short_wide,256,512,2.000000,20260312,4,bsqr_rinv,0.004822,0.0051894160000000005,0.004865258575,0.008247342,4452960,1.0810030289211677e-15,1.9741825407543254e-14
20260622_161419,2026-06-22T16:14:19.121,gaussian,short_wide,256,512,2.000000,20260312,4,dgeqp3_trsm,0.004126792000000001,0.0043351250000000004,0.004156184225000001,0.0074972077750000005,8170608,1.1131031360084655e-15,2.0275322482440852e-14
20260622_161419,2026-06-22T16:14:19.121,gaussian,short_wide,256,1024,4.000000,20260312,4,bsqr_full,0.0099685,0.010351104500000001,0.0100005508,0.016451872674999993,7237200,1.15446840924372e-15,2.0220581319920916e-14
20260622_161419,2026-06-22T16:14:19.121,gaussian,short_wide,256,1024,4.000000,20260312,4,dgeqp3,0.006525292,0.006955604000000001,0.0065395803,0.014095892950000001,9358128,1.1935441859125475e-15,2.054419473575373e-14
20260622_161419,2026-06-22T16:14:19.121,gaussian,short_wide,256,1024,4.000000,20260312,4,bsqr_rinv,0.010017208000000001,0.010754208500000001,0.010025786925000002,0.016969877475000002,8810144,1.15446840924372e-15,2.0220581319920916e-14
20260622_161419,2026-06-22T16:14:19.121,gaussian,short_wide,256,1024,4.000000,20260312,4,dgeqp3_trsm,0.007897167,0.009434229,0.007961601375,0.013766170499999997,15649904,1.1935441859125475e-15,2.054419473575373e-14
20260622_161419,2026-06-22T16:14:19.121,gaussian,short_wide,256,2048,8.000000,20260312,4,bsqr_full,0.020657958,0.0219576245,0.0207819939,0.0296972322,13824560,1.171813481336954e-15,2.005316984434997e-14
20260622_161419,2026-06-22T16:14:19.121,gaussian,short_wide,256,2048,8.000000,20260312,4,dgeqp3,0.012964334000000001,0.014555625,0.013068521575000002,0.018539834525,18058032,1.218035289159114e-15,2.0440953142495108e-14
20260622_161419,2026-06-22T16:14:19.121,gaussian,short_wide,256,2048,8.000000,20260312,4,bsqr_rinv,0.020608084000000002,0.023609354000000003,0.020628020775000002,0.04228105094999994,17494656,1.171813481336954e-15,2.005316984434997e-14
20260622_161419,2026-06-22T16:14:19.121,gaussian,short_wide,256,2048,8.000000,20260312,4,dgeqp3_trsm,0.014109209000000001,0.015346396000000002,0.014168477025,0.02732605624999996,30641264,1.218035289159114e-15,2.0440953142495108e-14
20260622_161419,2026-06-22T16:14:19.121,gaussian,short_wide,256,2560,10.000000,20260312,4,bsqr_full,0.024726125,0.0260687915,0.0247366984,0.029054883425,17151056,1.1963564160532654e-15,2.02503616925987e-14
20260622_161419,2026-06-22T16:14:19.121,gaussian,short_wide,256,2560,10.000000,20260312,4,dgeqp3,0.015344541000000001,0.016146292,0.015371910475,0.028281877549999956,22391600,1.2160426940941866e-15,2.054363489221794e-14
20260622_161419,2026-06-22T16:14:19.121,gaussian,short_wide,256,2560,10.000000,20260312,4,bsqr_rinv,0.025141,0.0263912705,0.025151603125,0.03773672389999996,21869728,1.1963564160532654e-15,2.02503616925987e-14
20260622_161419,2026-06-22T16:14:19.121,gaussian,short_wide,256,2560,10.000000,20260312,4,dgeqp3_trsm,0.017567833,0.019082479000000003,0.017574328275000002,0.04838974839999999,38120560,1.2160426940941866e-15,2.054363489221794e-14
20260622_161419,2026-06-22T16:14:19.121,gaussian,short_wide,512,1024,2.000000,20260312,4,bsqr_full,0.025941291000000002,0.027118333,0.026021192525,0.03054041905,15187024,1.4349839683290762e-15,3.835841518627555e-14
20260622_161419,2026-06-22T16:14:19.121,gaussian,short_wide,512,1024,2.000000,20260312,4,dgeqp3,0.017070000000000002,0.018663145500000002,0.0171520758,0.03059892144999996,19387184,1.4684557966382574e-15,3.891298381239029e-14
20260622_161419,2026-06-22T16:14:19.121,gaussian,short_wide,512,1024,2.000000,20260312,4,bsqr_rinv,0.025752083000000002,0.0278204165,0.0258081806,0.03903575094999996,17284256,1.4349839683290762e-15,3.835841518627555e-14
20260622_161419,2026-06-22T16:14:19.121,gaussian,short_wide,512,1024,2.000000,20260312,4,dgeqp3_trsm,0.019032167000000003,0.0203747085,0.019050714675000004,0.032782736849999966,31970416,1.4684557966382574e-15,3.891298381239029e-14
20260622_161419,2026-06-22T16:14:19.121,gaussian,short_wide,512,2048,4.000000,20260312,4,bsqr_full,0.05377979200000001,0.055694687500000006,0.053985993600000004,0.06603875392499997,28080720,1.5394395805753806e-15,3.8926339595849097e-14
20260622_161419,2026-06-22T16:14:19.121,gaussian,short_wide,512,2048,4.000000,20260312,4,dgeqp3,0.031558583,0.0335779795,0.031708204875,0.06767651440000001,36475696,1.5600890750491624e-15,3.875259682572833e-14
20260622_161419,2026-06-22T16:14:19.121,gaussian,short_wide,512,2048,4.000000,20260312,4,bsqr_rinv,0.053362917,0.0559202295,0.0536298069,0.085386231675,34372256,1.5394395805753806e-15,3.8926339595849097e-14
20260622_161419,2026-06-22T16:14:19.121,gaussian,short_wide,512,2048,4.000000,20260312,4,dgeqp3_trsm,0.035706625,0.038372354500000004,0.035783685975,0.06811981795,61641840,1.5600890750491624e-15,3.875259682572833e-14
20260622_161419,2026-06-22T16:14:19.121,gaussian,short_wide,512,4096,8.000000,20260312,4,bsqr_full,0.15458412500000002,0.164907354,0.1555996383,0.19547498639999997,64356976,1.5841961688013035e-15,3.866464458291473e-14
20260622_161419,2026-06-22T16:14:19.121,gaussian,short_wide,512,4096,8.000000,20260312,4,dgeqp3,0.073238542,0.08151164600000001,0.07483055065000001,0.1286308939,83202864,1.6120480919142932e-15,3.845304369950879e-14
20260622_161419,2026-06-22T16:14:19.121,gaussian,short_wide,512,4096,8.000000,20260312,4,bsqr_rinv,0.158050417,0.186732625,0.16061434200000002,0.2159401374,85328576,1.5841961688013035e-15,3.866464458291473e-14
20260622_161419,2026-06-22T16:14:19.121,gaussian,short_wide,512,4096,8.000000,20260312,4,dgeqp3_trsm,0.081710584,0.08652822900000001,0.082078944175,0.119302926375,139826288,1.6120480919142932e-15,3.845304369950879e-14
20260622_161419,2026-06-22T16:14:19.121,gaussian,short_wide,512,5120,10.000000,20260312,4,bsqr_full,0.304150083,0.363711771,0.30427519435,0.409483941775,67143312,1.5988327821312183e-15,3.870713011614709e-14
20260622_161419,2026-06-22T16:14:19.121,gaussian,short_wide,512,5120,10.000000,20260312,4,dgeqp3,0.133493,0.160845021,0.13821670705,0.20822689105,87724848,1.6248545557489715e-15,3.8652901568562573e-14
20260622_161419,2026-06-22T16:14:19.121,gaussian,short_wide,512,5120,10.000000,20260312,4,bsqr_rinv,0.335815458,0.36874597950000004,0.34428541852500005,0.400727772325,86017760,1.5988327821312183e-15,3.870713011614709e-14
20260622_161419,2026-06-22T16:14:19.121,gaussian,short_wide,512,5120,10.000000,20260312,4,dgeqp3_trsm,0.157613625,0.179369833,0.16217540625000001,0.23291730045000003,150639728,1.6248545557489715e-15,3.8652901568562573e-14
20260622_161419,2026-06-22T16:14:19.121,ill_conditioned,square,64,64,1.000000,20260312,4,bsqr_full,6.6291e-5,7.197900000000001e-5,6.632145000000001e-5,8.903044999999998e-5,154336,3.8433334383009745e-16,5.60116692753637e-15
20260622_161419,2026-06-22T16:14:19.121,ill_conditioned,square,64,64,1.000000,20260312,4,dgeqp3,5.6250000000000005e-5,5.7479e-5,5.646170000000001e-5,7.299019999999998e-5,249648,3.7796381855577696e-16,6.199834169402349e-15
20260622_161419,2026-06-22T16:14:19.121,ill_conditioned,square,64,64,1.000000,20260312,4,bsqr_rinv,6.579100000000001e-5,7.1958e-5,6.6062875e-5,7.806249999999998e-5,154384,3.8433334383009745e-16,5.60116692753637e-15
20260622_161419,2026-06-22T16:14:19.121,ill_conditioned,square,64,64,1.000000,20260312,4,dgeqp3_trsm,6.0958e-5,6.287500000000001e-5,6.132050000000001e-5,6.805392499999998e-5,249648,3.7796381855577696e-16,6.199834169402349e-15
20260622_161419,2026-06-22T16:14:19.121,ill_conditioned,square,128,128,1.000000,20260312,4,bsqr_full,0.000438334,0.00044389550000000004,0.000440206675,0.00047117107499999996,569920,5.462202924570173e-16,1.0292919154156632e-14
20260622_161419,2026-06-22T16:14:19.121,ill_conditioned,square,128,128,1.000000,20260312,4,dgeqp3,0.00027679200000000004,0.00030500000000000004,0.00027727485,0.00032760407500000003,823184,4.926188547132895e-16,1.1408165381788988e-14
20260622_161419,2026-06-22T16:14:19.121,ill_conditioned,square,128,128,1.000000,20260312,4,bsqr_rinv,0.000422417,0.00044339550000000003,0.0004240482500000001,0.00045552595,569968,5.462202924570173e-16,1.0292919154156632e-14
20260622_161419,2026-06-22T16:14:19.121,ill_conditioned,square,128,128,1.000000,20260312,4,dgeqp3_trsm,0.00026583300000000004,0.00030291650000000003,0.00027048532500000005,0.0003115947,823184,4.926188547132895e-16,1.1408165381788988e-14
20260622_161419,2026-06-22T16:14:19.121,ill_conditioned,square,256,256,1.000000,20260312,4,bsqr_full,0.002444542,0.002693979,0.0024654459250000003,0.004780503924999995,2275568,7.479556460473174e-16,1.9805903587192864e-14
20260622_161419,2026-06-22T16:14:19.121,ill_conditioned,square,256,256,1.000000,20260312,4,dgeqp3,0.002140375,0.0022539165,0.002171701525,0.0031449209249999996,2857776,7.691161776345498e-16,2.0389148290462044e-14
20260622_161419,2026-06-22T16:14:19.121,ill_conditioned,square,256,256,1.000000,20260312,4,bsqr_rinv,0.0024742500000000003,0.0025468540000000003,0.00248443045,0.0035408124999999997,2275616,7.479556460473174e-16,1.9805903587192864e-14
20260622_161419,2026-06-22T16:14:19.121,ill_conditioned,square,256,256,1.000000,20260312,4,dgeqp3_trsm,0.0022313750000000003,0.0022587915,0.0022343351750000002,0.0026259085749999983,2857776,7.691161776345498e-16,2.0389148290462044e-14
20260622_161419,2026-06-22T16:14:19.121,ill_conditioned,square,384,384,1.000000,20260312,4,bsqr_full,0.005347208,0.0056788335,0.0053546399750000005,0.008792907049999998,4984208,7.880461041358213e-16,2.942380482509906e-14
20260622_161419,2026-06-22T16:14:19.121,ill_conditioned,square,384,384,1.000000,20260312,4,dgeqp3,0.004654125,0.0049493955,0.0047020054499999995,0.006187674999999998,6203184,8.094683872429778e-16,2.959031595186766e-14
20260622_161419,2026-06-22T16:14:19.121,ill_conditioned,square,384,384,1.000000,20260312,4,bsqr_rinv,0.005331334,0.005552396,0.005350062925,0.008771422824999995,4984256,7.880461041358213e-16,2.942380482509906e-14
20260622_161419,2026-06-22T16:14:19.121,ill_conditioned,square,384,384,1.000000,20260312,4,dgeqp3_trsm,0.0047069170000000006,0.0049933125,0.004711447525000001,0.006568349574999998,6203184,8.094683872429778e-16,2.959031595186766e-14
20260622_161419,2026-06-22T16:14:19.121,ill_conditioned,square,512,512,1.000000,20260312,4,bsqr_full,0.011905583,0.012143187500000001,0.011911715775000001,0.016077035324999996,8741392,9.062694220978341e-16,3.849314120450203e-14
20260622_161419,2026-06-22T16:14:19.121,ill_conditioned,square,512,512,1.000000,20260312,4,dgeqp3,0.010454666000000001,0.0108305,0.010524840200000002,0.013604497675,10859312,9.036316170072528e-16,3.8555724147375103e-14
20260622_161419,2026-06-22T16:14:19.121,ill_conditioned,square,512,512,1.000000,20260312,4,bsqr_rinv,0.011963792000000001,0.012163020500000002,0.01196868575,0.014499824049999999,8741440,9.062694220978341e-16,3.849314120450203e-14
20260622_161419,2026-06-22T16:14:19.121,ill_conditioned,square,512,512,1.000000,20260312,4,dgeqp3_trsm,0.010606583000000001,0.011067416500000002,0.0106117189,0.015366986274999998,10859312,9.036316170072528e-16,3.8555724147375103e-14
20260622_161419,2026-06-22T16:14:19.121,ill_conditioned,short_wide,32,64,2.000000,20260312,4,bsqr_full,2.6167000000000002e-5,2.68125e-5,2.6288075e-5,3.350232499999998e-5,72160,3.3314050724675596e-16,3.1420598541060905e-15
20260622_161419,2026-06-22T16:14:19.121,ill_conditioned,short_wide,32,64,2.000000,20260312,4,dgeqp3,1.9750000000000002e-5,2.0209000000000003e-5,1.98109e-5,2.768909999999998e-5,159280,3.651308817869767e-16,3.3120847725786765e-15
20260622_161419,2026-06-22T16:14:19.121,ill_conditioned,short_wide,32,64,2.000000,20260312,4,bsqr_rinv,2.6625e-5,2.7209000000000003e-5,2.66859e-5,3.5270349999999976e-5,80432,3.3314050724675596e-16,3.1420598541060905e-15
20260622_161419,2026-06-22T16:14:19.121,ill_conditioned,short_wide,32,64,2.000000,20260312,4,dgeqp3_trsm,2.6625e-5,3.03955e-5,2.6776525e-5,3.512404999999999e-5,208752,3.651308817869767e-16,3.3120847725786765e-15
20260622_161419,2026-06-22T16:14:19.121,ill_conditioned,short_wide,32,128,4.000000,20260312,4,bsqr_full,4.4208e-5,4.49585e-5,4.43588e-5,5.221874999999998e-5,126752,5.417742998635171e-16,4.064673773221128e-15
20260622_161419,2026-06-22T16:14:19.121,ill_conditioned,short_wide,32,128,4.000000,20260312,4,dgeqp3,3.15e-5,3.77705e-5,3.1802325e-5,4.187987499999999e-5,273520,5.345061577313595e-16,3.2260161683945933e-15
20260622_161419,2026-06-22T16:14:19.121,ill_conditioned,short_wide,32,128,4.000000,20260312,4,bsqr_rinv,4.6500000000000005e-5,4.7083500000000004e-5,4.6590625e-5,5.4327324999999986e-5,151408,5.417742998635171e-16,4.064673773221128e-15
20260622_161419,2026-06-22T16:14:19.121,ill_conditioned,short_wide,32,128,4.000000,20260312,4,dgeqp3_trsm,4.5333e-5,4.6417e-5,4.5333e-5,6.0812075e-5,372144,5.345061577313595e-16,3.2260161683945933e-15
20260622_161419,2026-06-22T16:14:19.121,ill_conditioned,short_wide,32,256,8.000000,20260312,4,bsqr_full,8.704100000000001e-5,9.4417e-5,8.713235e-5,0.0001068875,234976,3.469275232649737e-16,3.245392015188605e-15
20260622_161419,2026-06-22T16:14:19.121,ill_conditioned,short_wide,32,256,8.000000,20260312,4,dgeqp3,5.75e-5,6.852050000000001e-5,5.762107500000001e-5,7.258684999999999e-5,439344,3.4285536626457944e-16,3.48150836300418e-15
20260622_161419,2026-06-22T16:14:19.121,ill_conditioned,short_wide,32,256,8.000000,20260312,4,bsqr_rinv,9.1125e-5,9.750000000000001e-5,9.124535000000001e-5,0.000105749625,300592,3.469275232649737e-16,3.245392015188605e-15
20260622_161419,2026-06-22T16:14:19.121,ill_conditioned,short_wide,32,256,8.000000,20260312,4,dgeqp3_trsm,7.979100000000001e-5,9.452100000000001e-5,8.193627500000001e-5,0.00010163205000000001,644464,3.4285536626457944e-16,3.48150836300418e-15
20260622_161419,2026-06-22T16:14:19.121,ill_conditioned,short_wide,32,320,10.000000,20260312,4,bsqr_full,0.000112875,0.00012125,0.000113146875,0.000127226375,338400,4.262364531719095e-16,2.9495374518376087e-15
20260622_161419,2026-06-22T16:14:19.121,ill_conditioned,short_wide,32,320,10.000000,20260312,4,dgeqp3,8.15e-5,8.318750000000001e-5,8.1621075e-5,9.565719999999998e-5,571440,4.172050200804247e-16,2.8714504122866664e-15
20260622_161419,2026-06-22T16:14:19.121,ill_conditioned,short_wide,32,320,10.000000,20260312,4,bsqr_rinv,0.00011845800000000001,0.000131125,0.00011882050000000001,0.0001389769,436784,4.262364531719095e-16,2.9495374518376087e-15
20260622_161419,2026-06-22T16:14:19.121,ill_conditioned,short_wide,32,320,10.000000,20260312,4,dgeqp3_trsm,9.433400000000001e-5,0.0001139165,0.00010103952500000001,0.0001214859,874864,4.172050200804247e-16,2.8714504122866664e-15
20260622_161419,2026-06-22T16:14:19.121,ill_conditioned,short_wide,64,128,2.000000,20260312,4,bsqr_full,0.00012575000000000002,0.00013412500000000002,0.00012587107500000003,0.000139389825,258080,4.83241716572597e-16,6.227393474638205e-15
20260622_161419,2026-06-22T16:14:19.121,ill_conditioned,short_wide,64,128,2.000000,20260312,4,dgeqp3,0.00010075000000000001,0.0001016455,0.00010075000000000001,0.00011546562499999998,429424,4.494038366930204e-16,6.314282084220274e-15
20260622_161419,2026-06-22T16:14:19.121,ill_conditioned,short_wide,64,128,2.000000,20260312,4,bsqr_rinv,0.000128417,0.000137,0.000128477175,0.00014298235,290928,4.83241716572597e-16,6.227393474638205e-15
20260622_161419,2026-06-22T16:14:19.121,ill_conditioned,short_wide,64,128,2.000000,20260312,4,dgeqp3_trsm,0.000120458,0.00012139550000000001,0.00012048845000000001,0.00013774019999999995,626352,4.494038366930204e-16,6.314282084220274e-15
20260622_161419,2026-06-22T16:14:19.121,ill_conditioned,short_wide,64,256,4.000000,20260312,4,bsqr_full,0.000305167,0.00032002100000000003,0.000308338875,0.00033050995,464608,5.107622618625377e-16,5.730109803944171e-15
20260622_161419,2026-06-22T16:14:19.121,ill_conditioned,short_wide,64,256,4.000000,20260312,4,dgeqp3,0.00017070800000000002,0.00019106250000000002,0.000174514975,0.00019626032500000002,726320,4.898823255583486e-16,6.646667138347485e-15
20260622_161419,2026-06-22T16:14:19.121,ill_conditioned,short_wide,64,256,4.000000,20260312,4,bsqr_rinv,0.000310917,0.00032916600000000004,0.000311520925,0.000343503775,562992,5.107622618625377e-16,5.730109803944171e-15
20260622_161419,2026-06-22T16:14:19.121,ill_conditioned,short_wide,64,256,4.000000,20260312,4,dgeqp3_trsm,0.00020212500000000002,0.00023643750000000002,0.00021148910000000001,0.0002427242,1119856,4.898823255583486e-16,6.646667138347485e-15
20260622_161419,2026-06-22T16:14:19.121,ill_conditioned,short_wide,64,512,8.000000,20260312,4,bsqr_full,0.0007635410000000001,0.000788583,0.000769130025,0.0008204795,1002512,4.864945277358348e-16,5.460814939935882e-15
20260622_161419,2026-06-22T16:14:19.121,ill_conditioned,short_wide,64,512,8.000000,20260312,4,dgeqp3,0.00045687500000000003,0.0004954165,0.0004686258,0.0005032759500000001,1320240,4.2682595099260096e-16,6.410622033741514e-15
20260622_161419,2026-06-22T16:14:19.121,ill_conditioned,short_wide,64,512,8.000000,20260312,4,bsqr_rinv,0.0007964160000000001,0.000816396,0.0007987120750000001,0.000841429075,1231968,4.864945277358348e-16,5.460814939935882e-15
20260622_161419,2026-06-22T16:14:19.121,ill_conditioned,short_wide,64,512,8.000000,20260312,4,dgeqp3_trsm,0.000515542,0.000584292,0.0005454178000000001,0.0009915835749999982,2106992,4.2682595099260096e-16,6.410622033741514e-15
20260622_161419,2026-06-22T16:14:19.121,ill_conditioned,short_wide,64,640,10.000000,20260312,4,bsqr_full,0.0009566660000000001,0.0010001460000000002,0.00095799565,0.00105331075,1309840,4.922369835175509e-16,5.393887837352187e-15
20260622_161419,2026-06-22T16:14:19.121,ill_conditioned,short_wide,64,640,10.000000,20260312,4,dgeqp3,0.0006164590000000001,0.000669167,0.0006251887250000001,0.002267508724999992,1617200,4.3252141653978304e-16,6.827249777003489e-15
20260622_161419,2026-06-22T16:14:19.121,ill_conditioned,short_wide,64,640,10.000000,20260312,4,bsqr_rinv,0.000989958,0.0010188125,0.0009978423749999999,0.0025867007999999924,1604832,4.922369835175509e-16,5.393887837352187e-15
20260622_161419,2026-06-22T16:14:19.121,ill_conditioned,short_wide,64,640,10.000000,20260312,4,dgeqp3_trsm,0.0006785420000000001,0.0007708335,0.0007006545,0.0021953751499999927,2600560,4.3252141653978304e-16,6.827249777003489e-15
20260622_161419,2026-06-22T16:14:19.121,ill_conditioned,short_wide,128,256,2.000000,20260312,4,bsqr_full,0.001024333,0.0010605415,0.0010309181750000002,0.0010916156249999999,1045776,6.297856078154123e-16,9.963280571478293e-15
20260622_161419,2026-06-22T16:14:19.121,ill_conditioned,short_wide,128,256,2.000000,20260312,4,dgeqp3,0.000722125,0.0007740210000000001,0.0007550523250000001,0.0007880156250000001,1382224,5.67642351310283e-16,1.1015417687199752e-14
20260622_161419,2026-06-22T16:14:19.121,ill_conditioned,short_wide,128,256,2.000000,20260312,4,bsqr_rinv,0.0010263750000000002,0.0010796045,0.001042717225,0.0010975611250000003,1176928,6.297856078154123e-16,9.963280571478293e-15
20260622_161419,2026-06-22T16:14:19.121,ill_conditioned,short_wide,128,256,2.000000,20260312,4,dgeqp3_trsm,0.000793959,0.0008636875000000001,0.000806977825,0.001294928274999998,2168976,5.67642351310283e-16,1.1015417687199752e-14
20260622_161419,2026-06-22T16:14:19.121,ill_conditioned,short_wide,128,512,4.000000,20260312,4,bsqr_full,0.0018594170000000001,0.0020616045,0.0018789912750000002,0.004013959524999991,1912368,6.476264148181936e-16,1.0513373622844288e-14
20260622_161419,2026-06-22T16:14:19.121,ill_conditioned,short_wide,128,512,4.000000,20260312,4,dgeqp3,0.0015643340000000001,0.001828271,0.0015791356,0.003708921074999997,2500432,5.985890899780886e-16,1.101535802478037e-14
20260622_161419,2026-06-22T16:14:19.121,ill_conditioned,short_wide,128,512,4.000000,20260312,4,bsqr_rinv,0.002029458,0.0021594585,0.0020454689,0.0039852531249999915,2305664,6.476264148181936e-16,1.0513373622844288e-14
20260622_161419,2026-06-22T16:14:19.121,ill_conditioned,short_wide,128,512,4.000000,20260312,4,dgeqp3_trsm,0.0017435,0.0019984375,0.0017662164250000002,0.006901945925,4073616,5.985890899780886e-16,1.101535802478037e-14
20260622_161419,2026-06-22T16:14:19.121,ill_conditioned,short_wide,128,1024,8.000000,20260312,4,bsqr_full,0.0038589170000000003,0.0040979585,0.0038948044999999997,0.006647517149999999,3648112,6.757592815611904e-16,9.733349316964051e-15
20260622_161419,2026-06-22T16:14:19.121,ill_conditioned,short_wide,128,1024,8.000000,20260312,4,dgeqp3,0.0026976670000000004,0.002995625,0.002766178775,0.0072727351749999995,4736848,6.720029488149636e-16,1.1028761120524768e-14
20260622_161419,2026-06-22T16:14:19.121,ill_conditioned,short_wide,128,1024,8.000000,20260312,4,bsqr_rinv,0.004047542,0.0042183545,0.004051892,0.0075948189,4565696,6.757592815611904e-16,9.733349316964051e-15
20260622_161419,2026-06-22T16:14:19.121,ill_conditioned,short_wide,128,1024,8.000000,20260312,4,dgeqp3_trsm,0.003105917,0.0033837295000000004,0.0031167311000000002,0.005843364674999997,7882896,6.720029488149636e-16,1.1028761120524768e-14
20260622_161419,2026-06-22T16:14:19.121,ill_conditioned,short_wide,128,1280,10.000000,20260312,4,bsqr_full,0.0051790000000000004,0.005340542,0.005179483575,0.008607573625,4557696,6.527023838453017e-16,1.0452528233785317e-14
20260622_161419,2026-06-22T16:14:19.121,ill_conditioned,short_wide,128,1280,10.000000,20260312,4,dgeqp3,0.0033787080000000002,0.003628229,0.0034209088,0.004986561699999999,5855056,6.562357434140405e-16,1.1361184670168089e-14
20260622_161419,2026-06-22T16:14:19.121,ill_conditioned,short_wide,128,1280,10.000000,20260312,4,bsqr_rinv,0.005192333,0.0054467505,0.005291054075,0.0077610731,5737424,6.527023838453017e-16,1.0452528233785317e-14
20260622_161419,2026-06-22T16:14:19.121,ill_conditioned,short_wide,128,1280,10.000000,20260312,4,dgeqp3_trsm,0.0038711250000000004,0.004110458,0.0038791297250000004,0.007957678275000001,9787536,6.562357434140405e-16,1.1361184670168089e-14
20260622_161419,2026-06-22T16:14:19.121,ill_conditioned,short_wide,256,512,2.000000,20260312,4,bsqr_full,0.004896667,0.00512325,0.0049096561,0.0086644473,3928592,8.131863152880913e-16,2.0080526069603976e-14
20260622_161419,2026-06-22T16:14:19.121,ill_conditioned,short_wide,256,512,2.000000,20260312,4,dgeqp3,0.004153042,0.0043418125,0.004181075575,0.006434441574999998,5024560,8.94775723263092e-16,2.0275524913206104e-14
20260622_161419,2026-06-22T16:14:19.121,ill_conditioned,short_wide,256,512,2.000000,20260312,4,bsqr_rinv,0.004939458000000001,0.0050536875,0.004942146300000001,0.006278060324999999,4452960,8.131863152880913e-16,2.0080526069603976e-14
20260622_161419,2026-06-22T16:14:19.121,ill_conditioned,short_wide,256,512,2.000000,20260312,4,dgeqp3_trsm,0.00449275,0.0046871665,0.0044943508000000005,0.0075143016,8170608,8.94775723263092e-16,2.0275524913206104e-14
20260622_161419,2026-06-22T16:14:19.121,ill_conditioned,short_wide,256,1024,4.000000,20260312,4,bsqr_full,0.009949916000000001,0.0102121455,0.009969914400000002,0.01522900735,7237200,8.280050608740175e-16,2.015623706420454e-14
20260622_161419,2026-06-22T16:14:19.121,ill_conditioned,short_wide,256,1024,4.000000,20260312,4,dgeqp3,0.007659708,0.0079853335,0.007764440775000001,0.0123666383,9358128,8.62412984833948e-16,2.012999984992383e-14
20260622_161419,2026-06-22T16:14:19.121,ill_conditioned,short_wide,256,1024,4.000000,20260312,4,bsqr_rinv,0.010119917,0.010341979000000001,0.010167404500000001,0.016046280024999998,8810144,8.280050608740175e-16,2.015623706420454e-14
20260622_161419,2026-06-22T16:14:19.121,ill_conditioned,short_wide,256,1024,4.000000,20260312,4,dgeqp3_trsm,0.008415042000000001,0.0088286665,0.008445038875000001,0.012647286925,15649904,8.62412984833948e-16,2.012999984992383e-14
20260622_161419,2026-06-22T16:14:19.121,ill_conditioned,short_wide,256,2048,8.000000,20260312,4,bsqr_full,0.020181459000000002,0.0209511255,0.020270995775,0.025658435025,13824560,8.864003663451005e-16,2.0122296734963464e-14
20260622_161419,2026-06-22T16:14:19.121,ill_conditioned,short_wide,256,2048,8.000000,20260312,4,dgeqp3,0.015489708000000001,0.016235146000000002,0.01549278925,0.018595282050000002,18058032,9.161427658941039e-16,2.0558185001451143e-14
20260622_161419,2026-06-22T16:14:19.121,ill_conditioned,short_wide,256,2048,8.000000,20260312,4,bsqr_rinv,0.020438833,0.0218824785,0.020511937650000003,0.024141033575,17494656,8.864003663451005e-16,2.0122296734963464e-14
20260622_161419,2026-06-22T16:14:19.121,ill_conditioned,short_wide,256,2048,8.000000,20260312,4,dgeqp3_trsm,0.017067875,0.018203292000000003,0.017185143750000003,0.02962912187499997,30641264,9.161427658941039e-16,2.0558185001451143e-14
20260622_161419,2026-06-22T16:14:19.121,ill_conditioned,short_wide,256,2560,10.000000,20260312,4,bsqr_full,0.024924125000000002,0.026005063000000002,0.0249652383,0.0299552213,17151056,8.85616447510353e-16,1.9877445110722263e-14
20260622_161419,2026-06-22T16:14:19.121,ill_conditioned,short_wide,256,2560,10.000000,20260312,4,dgeqp3,0.019192583000000003,0.0203433745,0.019238529875,0.03194161032499996,22391600,9.631467183956657e-16,2.024069596340037e-14
20260622_161419,2026-06-22T16:14:19.121,ill_conditioned,short_wide,256,2560,10.000000,20260312,4,bsqr_rinv,0.025421666000000002,0.026559458,0.025455167525000003,0.039293635024999954,21869728,8.85616447510353e-16,1.9877445110722263e-14
20260622_161419,2026-06-22T16:14:19.121,ill_conditioned,short_wide,256,2560,10.000000,20260312,4,dgeqp3_trsm,0.021334375000000003,0.023096083,0.021383885975,0.05232522267499999,38120560,9.631467183956657e-16,2.024069596340037e-14
20260622_161419,2026-06-22T16:14:19.121,ill_conditioned,short_wide,512,1024,2.000000,20260312,4,bsqr_full,0.025741708000000002,0.02723075,0.025909938450000003,0.029742355949999997,15187024,1.0370686220306782e-15,3.836725981664789e-14
20260622_161419,2026-06-22T16:14:19.121,ill_conditioned,short_wide,512,1024,2.000000,20260312,4,dgeqp3,0.021196209,0.021904437500000002,0.021220465325,0.03562780922499996,19387184,1.081698836336637e-15,3.866671569912939e-14
20260622_161419,2026-06-22T16:14:19.121,ill_conditioned,short_wide,512,1024,2.000000,20260312,4,bsqr_rinv,0.025980958000000002,0.0275805,0.026091127550000003,0.038719535974999955,17284256,1.0370686220306782e-15,3.836725981664789e-14
20260622_161419,2026-06-22T16:14:19.121,ill_conditioned,short_wide,512,1024,2.000000,20260312,4,dgeqp3_trsm,0.022815666000000002,0.024311292,0.022917770650000002,0.03529775152499997,31970416,1.081698836336637e-15,3.866671569912939e-14
20260622_161419,2026-06-22T16:14:19.121,ill_conditioned,short_wide,512,2048,4.000000,20260312,4,bsqr_full,0.052937958,0.055757083500000006,0.0530052322,0.06715745559999997,28080720,1.1269529145014087e-15,3.871227423808855e-14
20260622_161419,2026-06-22T16:14:19.121,ill_conditioned,short_wide,512,2048,4.000000,20260312,4,dgeqp3,0.040670750000000006,0.0430300625,0.040741860175000005,0.07646160625000001,36475696,1.1456205139064905e-15,3.8718214870246603e-14
20260622_161419,2026-06-22T16:14:19.121,ill_conditioned,short_wide,512,2048,4.000000,20260312,4,bsqr_rinv,0.053802958000000005,0.056117542000000006,0.05411035800000001,0.08431816547500001,34372256,1.1269529145014087e-15,3.871227423808855e-14
20260622_161419,2026-06-22T16:14:19.121,ill_conditioned,short_wide,512,2048,4.000000,20260312,4,dgeqp3_trsm,0.0449345,0.0477008125,0.044971958575,0.079908309375,61641840,1.1456205139064905e-15,3.8718214870246603e-14
20260622_161419,2026-06-22T16:14:19.121,ill_conditioned,short_wide,512,4096,8.000000,20260312,4,bsqr_full,0.153695583,0.16248162500000002,0.15439650720000003,0.1932821742,64356976,1.1510848609670288e-15,3.862163992589474e-14
20260622_161419,2026-06-22T16:14:19.121,ill_conditioned,short_wide,512,4096,8.000000,20260312,4,dgeqp3,0.096765666,0.1006971665,0.096906286275,0.13272940842500003,85300016,1.1703630419519057e-15,3.8441603331555594e-14
20260622_161419,2026-06-22T16:14:19.121,ill_conditioned,short_wide,512,4096,8.000000,20260312,4,bsqr_rinv,0.15617212500000002,0.1643375,0.15661809062500004,0.19338499622500002,85328576,1.1510848609670288e-15,3.862163992589474e-14
20260622_161419,2026-06-22T16:14:19.121,ill_conditioned,short_wide,512,4096,8.000000,20260312,4,dgeqp3_trsm,0.105658291,0.11220804150000001,0.10627837842500001,0.14721840095000002,141923440,1.1703630419519057e-15,3.8441603331555594e-14
20260622_161419,2026-06-22T16:14:19.121,ill_conditioned,short_wide,512,5120,10.000000,20260312,4,bsqr_full,0.302804167,0.305938084,0.3030363502,0.3389415828,67143312,1.1625540204695941e-15,3.844296577750768e-14
20260622_161419,2026-06-22T16:14:19.121,ill_conditioned,short_wide,512,5120,10.000000,20260312,4,dgeqp3,0.16077629200000002,0.1746382705,0.16183300382500002,0.218255439575,87724848,1.1874399489385883e-15,3.806722257751749e-14
20260622_161419,2026-06-22T16:14:19.121,ill_conditioned,short_wide,512,5120,10.000000,20260312,4,bsqr_rinv,0.30432583300000005,0.3087619375,0.30503659862500004,0.340899823125,86017760,1.1625540204695941e-15,3.844296577750768e-14
20260622_161419,2026-06-22T16:14:19.121,ill_conditioned,short_wide,512,5120,10.000000,20260312,4,dgeqp3_trsm,0.18295150000000002,0.19136714600000002,0.184132698125,0.222957786875,150639728,1.1874399489385883e-15,3.806722257751749e-14
20260622_161419,2026-06-22T16:14:19.121,orthonormal_rows,square,64,64,1.000000,20260312,4,bsqr_full,6.6291e-5,7.0813e-5,6.653315e-5,8.2217375e-5,154336,6.105544827036379e-16,6.018132572798594e-15
20260622_161419,2026-06-22T16:14:19.121,orthonormal_rows,square,64,64,1.000000,20260312,4,dgeqp3,5.6250000000000005e-5,5.7958e-5,5.6400800000000004e-5,6.824607499999998e-5,249648,6.932065975000314e-16,6.939213305570551e-15
20260622_161419,2026-06-22T16:14:19.121,orthonormal_rows,square,64,64,1.000000,20260312,4,bsqr_rinv,6.5375e-5,6.675000000000001e-5,6.55258e-5,7.813719999999997e-5,154384,6.105544827036379e-16,6.018132572798594e-15
20260622_161419,2026-06-22T16:14:19.121,orthonormal_rows,square,64,64,1.000000,20260312,4,dgeqp3_trsm,5.6542e-5,5.78335e-5,5.66319e-5,6.83197e-5,249648,6.932065975000314e-16,6.939213305570551e-15
20260622_161419,2026-06-22T16:14:19.121,orthonormal_rows,square,128,128,1.000000,20260312,4,bsqr_full,0.00042070800000000005,0.000440667,0.00042832050000000005,0.00044825217500000006,569920,7.734014774491616e-16,1.0137778852341791e-14
20260622_161419,2026-06-22T16:14:19.121,orthonormal_rows,square,128,128,1.000000,20260312,4,dgeqp3,0.00028525,0.00030291700000000004,0.000292802325,0.0006319612749999984,823184,8.667925438049398e-16,1.1154506289523932e-14
20260622_161419,2026-06-22T16:14:19.121,orthonormal_rows,square,128,128,1.000000,20260312,4,bsqr_rinv,0.00041720900000000004,0.000443146,0.0004173598,0.00046046505000000003,569968,7.734014774491616e-16,1.0137778852341791e-14
20260622_161419,2026-06-22T16:14:19.121,orthonormal_rows,square,128,128,1.000000,20260312,4,dgeqp3_trsm,0.000276666,0.000302687,0.00028174172500000004,0.00031162732500000003,823184,8.667925438049398e-16,1.1154506289523932e-14
20260622_161419,2026-06-22T16:14:19.121,orthonormal_rows,square,256,256,1.000000,20260312,4,bsqr_full,0.0024305,0.0025911875,0.0024531867,0.003907112349999999,2273616,9.912681147833167e-16,1.9722800546620317e-14
20260622_161419,2026-06-22T16:14:19.121,orthonormal_rows,square,256,256,1.000000,20260312,4,dgeqp3,0.002051834,0.0021086250000000003,0.0020745801499999997,0.004631527324999994,2857776,1.0434180918644412e-15,2.0594117009092096e-14
20260622_161419,2026-06-22T16:14:19.121,orthonormal_rows,square,256,256,1.000000,20260312,4,bsqr_rinv,0.0024481670000000002,0.002539604,0.0024865615500000004,0.0030406039249999996,2273664,9.912681147833167e-16,1.9722800546620317e-14
20260622_161419,2026-06-22T16:14:19.121,orthonormal_rows,square,256,256,1.000000,20260312,4,dgeqp3_trsm,0.002042875,0.002080334,0.002046289025,0.003395864975,2857776,1.0434180918644412e-15,2.0594117009092096e-14
20260622_161419,2026-06-22T16:14:19.121,orthonormal_rows,square,384,384,1.000000,20260312,4,bsqr_full,0.005301333,0.0054108540000000005,0.005344259525000001,0.006935750799999998,4982256,1.170816943873197e-15,2.907623859590244e-14
20260622_161419,2026-06-22T16:14:19.121,orthonormal_rows,square,384,384,1.000000,20260312,4,dgeqp3,0.00446575,0.004757041500000001,0.004470341425,0.006733731099999999,6203184,1.1949796464644909e-15,2.928675513662258e-14
20260622_161419,2026-06-22T16:14:19.121,orthonormal_rows,square,384,384,1.000000,20260312,4,bsqr_rinv,0.005351125,0.005587166,0.005365715625,0.007354555149999999,4982304,1.170816943873197e-15,2.907623859590244e-14
20260622_161419,2026-06-22T16:14:19.121,orthonormal_rows,square,384,384,1.000000,20260312,4,dgeqp3_trsm,0.004393083,0.004774167,0.0044554939,0.007341767799999996,6203184,1.1949796464644909e-15,2.928675513662258e-14
20260622_161419,2026-06-22T16:14:19.121,orthonormal_rows,square,512,512,1.000000,20260312,4,bsqr_full,0.011888708000000001,0.012281333,0.0119023322,0.017182603699999997,8739440,1.3208181175246813e-15,3.8879585593652686e-14
20260622_161419,2026-06-22T16:14:19.121,orthonormal_rows,square,512,512,1.000000,20260312,4,dgeqp3,0.009151250000000001,0.0096603125,0.00917445,0.01281901765,10859312,1.3330422450104396e-15,3.819731605729046e-14
20260622_161419,2026-06-22T16:14:19.121,orthonormal_rows,square,512,512,1.000000,20260312,4,bsqr_rinv,0.011886084,0.012130208,0.0119401864,0.015079531824999999,8739488,1.3208181175246813e-15,3.8879585593652686e-14
20260622_161419,2026-06-22T16:14:19.121,orthonormal_rows,square,512,512,1.000000,20260312,4,dgeqp3_trsm,0.009398916,0.0094601875,0.00940097065,0.0112098681,10859312,1.3330422450104396e-15,3.819731605729046e-14
20260622_161419,2026-06-22T16:14:19.121,orthonormal_rows,short_wide,32,64,2.000000,20260312,4,bsqr_full,2.5542e-5,2.6167000000000002e-5,2.56319e-5,3.4920924999999974e-5,72160,5.736828860743357e-16,3.4437525878347037e-15
20260622_161419,2026-06-22T16:14:19.121,orthonormal_rows,short_wide,32,64,2.000000,20260312,4,dgeqp3,1.9083e-5,2.1916500000000003e-5,1.911345e-5,2.7465624999999978e-5,159280,5.407549767830838e-16,3.212342367287265e-15
20260622_161419,2026-06-22T16:14:19.121,orthonormal_rows,short_wide,32,64,2.000000,20260312,4,bsqr_rinv,2.6333e-5,2.6771e-5,2.6423625e-5,3.4750149999999974e-5,80432,5.736828860743357e-16,3.4437525878347037e-15
20260622_161419,2026-06-22T16:14:19.121,orthonormal_rows,short_wide,32,64,2.000000,20260312,4,dgeqp3_trsm,2.3625e-5,2.7333500000000002e-5,2.3926600000000002e-5,0.0003763865499999982,208752,5.407549767830838e-16,3.212342367287265e-15
20260622_161419,2026-06-22T16:14:19.121,orthonormal_rows,short_wide,32,128,4.000000,20260312,4,bsqr_full,4.3875e-5,4.4416500000000004e-5,4.3996075e-5,5.074317499999999e-5,126752,5.887178339988646e-16,3.356194643551201e-15
20260622_161419,2026-06-22T16:14:19.121,orthonormal_rows,short_wide,32,128,4.000000,20260312,4,dgeqp3,3.1625e-5,3.2104500000000004e-5,3.1685175000000004e-5,3.830327499999999e-5,273520,6.239957276989072e-16,3.588076923940317e-15
20260622_161419,2026-06-22T16:14:19.121,orthonormal_rows,short_wide,32,128,4.000000,20260312,4,bsqr_rinv,4.6e-5,4.6458e-5,4.612035e-5,5.211672499999998e-5,151408,5.887178339988646e-16,3.356194643551201e-15
20260622_161419,2026-06-22T16:14:19.121,orthonormal_rows,short_wide,32,128,4.000000,20260312,4,dgeqp3_trsm,4.2375e-5,4.55e-5,4.38859e-5,6.204184999999992e-5,372144,6.239957276989072e-16,3.588076923940317e-15
20260622_161419,2026-06-22T16:14:19.121,orthonormal_rows,short_wide,32,256,8.000000,20260312,4,bsqr_full,8.7917e-5,9.2396e-5,8.849120000000002e-5,9.795814999999998e-5,234976,5.924625291579599e-16,3.3028274471170713e-15
20260622_161419,2026-06-22T16:14:19.121,orthonormal_rows,short_wide,32,256,8.000000,20260312,4,dgeqp3,5.4583e-5,6.60835e-5,5.6848625000000005e-5,6.7670925e-5,439344,5.608360219389228e-16,2.994509191242784e-15
20260622_161419,2026-06-22T16:14:19.121,orthonormal_rows,short_wide,32,256,8.000000,20260312,4,bsqr_rinv,8.995800000000001e-5,9.997900000000001e-5,9.004862500000001e-5,0.000103209375,300592,5.924625291579599e-16,3.3028274471170713e-15
20260622_161419,2026-06-22T16:14:19.121,orthonormal_rows,short_wide,32,256,8.000000,20260312,4,dgeqp3_trsm,8.675000000000001e-5,9.172950000000001e-5,8.8925e-5,9.5047675e-5,644464,5.608360219389228e-16,2.994509191242784e-15
20260622_161419,2026-06-22T16:14:19.121,orthonormal_rows,short_wide,32,320,10.000000,20260312,4,bsqr_full,0.00011004100000000001,0.0001188545,0.0001108269,0.00012294295,338400,6.255938022791229e-16,3.8064669151339055e-15
20260622_161419,2026-06-22T16:14:19.121,orthonormal_rows,short_wide,32,320,10.000000,20260312,4,dgeqp3,6.5666e-5,7.900000000000001e-5,6.66027e-5,9.146424999999998e-5,571440,6.440477150151792e-16,3.735987708048299e-15
20260622_161419,2026-06-22T16:14:19.121,orthonormal_rows,short_wide,32,320,10.000000,20260312,4,bsqr_rinv,0.00011766700000000001,0.00012795850000000002,0.00011845217500000002,0.0001307973,436784,6.255938022791229e-16,3.8064669151339055e-15
20260622_161419,2026-06-22T16:14:19.121,orthonormal_rows,short_wide,32,320,10.000000,20260312,4,dgeqp3_trsm,9.7334e-5,0.00010931250000000001,0.00010470435000000002,0.00045317689999999826,874864,6.440477150151792e-16,3.735987708048299e-15
20260622_161419,2026-06-22T16:14:19.121,orthonormal_rows,short_wide,64,128,2.000000,20260312,4,bsqr_full,0.00012350000000000002,0.0001321665,0.000124708575,0.000139363075,258080,6.664182224581597e-16,4.945129875299267e-15
20260622_161419,2026-06-22T16:14:19.121,orthonormal_rows,short_wide,64,128,2.000000,20260312,4,dgeqp3,8.995800000000001e-5,0.000100709,9.010880000000001e-5,0.000104531675,429424,7.013484506801139e-16,5.9513186685896746e-15
20260622_161419,2026-06-22T16:14:19.121,orthonormal_rows,short_wide,64,128,2.000000,20260312,4,bsqr_rinv,0.000127042,0.00013485450000000001,0.000127132625,0.000144033275,290928,6.664182224581597e-16,4.945129875299267e-15
20260622_161419,2026-06-22T16:14:19.121,orthonormal_rows,short_wide,64,128,2.000000,20260312,4,dgeqp3_trsm,0.00011037500000000001,0.0001198545,0.0001114016,0.000141030025,626352,7.013484506801139e-16,5.9513186685896746e-15
20260622_161419,2026-06-22T16:14:19.121,orthonormal_rows,short_wide,64,256,4.000000,20260312,4,bsqr_full,0.00030791600000000004,0.000317833,0.0003088527,0.000328796075,464608,7.183850361845683e-16,5.518675129988385e-15
20260622_161419,2026-06-22T16:14:19.121,orthonormal_rows,short_wide,64,256,4.000000,20260312,4,dgeqp3,0.00016591700000000002,0.000185625,0.00017416387500000002,0.000190375,726320,7.850575812363346e-16,6.583562354428314e-15
20260622_161419,2026-06-22T16:14:19.121,orthonormal_rows,short_wide,64,256,4.000000,20260312,4,bsqr_rinv,0.00031029200000000004,0.00032989600000000004,0.00031316155000000003,0.00033905747500000003,562992,7.183850361845683e-16,5.518675129988385e-15
20260622_161419,2026-06-22T16:14:19.121,orthonormal_rows,short_wide,64,256,4.000000,20260312,4,dgeqp3_trsm,0.000198084,0.0002335,0.00021430587500000003,0.00024367892499999998,1119856,7.850575812363346e-16,6.583562354428314e-15
20260622_161419,2026-06-22T16:14:19.121,orthonormal_rows,short_wide,64,512,8.000000,20260312,4,bsqr_full,0.0007397500000000001,0.0007681665000000001,0.0007398703500000001,0.000797789675,1002512,7.505718055405185e-16,5.542533306157011e-15
20260622_161419,2026-06-22T16:14:19.121,orthonormal_rows,short_wide,64,512,8.000000,20260312,4,dgeqp3,0.0004465,0.0004881045,0.00046217812500000003,0.000492251375,1320240,8.330803788223376e-16,6.5192553663145864e-15
20260622_161419,2026-06-22T16:14:19.121,orthonormal_rows,short_wide,64,512,8.000000,20260312,4,bsqr_rinv,0.0007579170000000001,0.0007916665000000001,0.0007593670000000002,0.000821259525,1231968,7.505718055405185e-16,5.542533306157011e-15
20260622_161419,2026-06-22T16:14:19.121,orthonormal_rows,short_wide,64,512,8.000000,20260312,4,dgeqp3_trsm,0.00054225,0.0005769375000000001,0.0005433976750000001,0.0010867085749999975,2106992,8.330803788223376e-16,6.5192553663145864e-15
20260622_161419,2026-06-22T16:14:19.121,orthonormal_rows,short_wide,64,640,10.000000,20260312,4,bsqr_full,0.000939708,0.0009803330000000001,0.0009603705000000001,0.0010284562500000002,1309840,7.527347224782683e-16,5.543900195061761e-15
20260622_161419,2026-06-22T16:14:19.121,orthonormal_rows,short_wide,64,640,10.000000,20260312,4,dgeqp3,0.000616167,0.000647771,0.000620184225,0.0017538124999999945,1617200,8.192853067361855e-16,6.605757129910853e-15
20260622_161419,2026-06-22T16:14:19.121,orthonormal_rows,short_wide,64,640,10.000000,20260312,4,bsqr_rinv,0.0009547090000000001,0.00101475,0.0009707793500000001,0.002077675799999995,1604832,7.527347224782683e-16,5.543900195061761e-15
20260622_161419,2026-06-22T16:14:19.121,orthonormal_rows,short_wide,64,640,10.000000,20260312,4,dgeqp3_trsm,0.000684,0.000757375,0.0006913710750000001,0.0018749179499999945,2600560,8.192853067361855e-16,6.605757129910853e-15
20260622_161419,2026-06-22T16:14:19.121,orthonormal_rows,short_wide,128,256,2.000000,20260312,4,bsqr_full,0.001026875,0.0010527085,0.0010297750000000001,0.0010807939,1045776,9.330271491424074e-16,1.0193541418452588e-14
20260622_161419,2026-06-22T16:14:19.121,orthonormal_rows,short_wide,128,256,2.000000,20260312,4,dgeqp3,0.0007390420000000001,0.0007635005,0.0007460201250000001,0.0010694482499999988,1382224,9.62521301344074e-16,1.1130567972055115e-14
20260622_161419,2026-06-22T16:14:19.121,orthonormal_rows,short_wide,128,256,2.000000,20260312,4,bsqr_rinv,0.00103225,0.0010709585,0.0010391976749999999,0.001085079725,1176928,9.330271491424074e-16,1.0193541418452588e-14
20260622_161419,2026-06-22T16:14:19.121,orthonormal_rows,short_wide,128,256,2.000000,20260312,4,dgeqp3_trsm,0.000795667,0.0008611875000000001,0.0007962412,0.0017717790749999956,2168976,9.62521301344074e-16,1.1130567972055115e-14
20260622_161419,2026-06-22T16:14:19.121,orthonormal_rows,short_wide,128,512,4.000000,20260312,4,bsqr_full,0.0018900000000000002,0.0021141875,0.0018990929500000003,0.003533306399999993,1912368,9.57891861295381e-16,1.0084089934214053e-14
20260622_161419,2026-06-22T16:14:19.121,orthonormal_rows,short_wide,128,512,4.000000,20260312,4,dgeqp3,0.001607167,0.0017762085000000002,0.0016138428000000002,0.002988630824999998,2500432,9.892547957861977e-16,1.1074899656400919e-14
20260622_161419,2026-06-22T16:14:19.121,orthonormal_rows,short_wide,128,512,4.000000,20260312,4,bsqr_rinv,0.0019767920000000002,0.0021623755,0.002016152975,0.003242420649999995,2305664,9.57891861295381e-16,1.0084089934214053e-14
20260622_161419,2026-06-22T16:14:19.121,orthonormal_rows,short_wide,128,512,4.000000,20260312,4,dgeqp3_trsm,0.001723541,0.0019586875,0.001740609675,0.005206284224999997,4073616,9.892547957861977e-16,1.1074899656400919e-14
20260622_161419,2026-06-22T16:14:19.121,orthonormal_rows,short_wide,128,1024,8.000000,20260312,4,bsqr_full,0.003837834,0.0040490000000000005,0.0038726637250000003,0.007182786850000001,3648112,9.435924560028349e-16,1.0187717188711496e-14
20260622_161419,2026-06-22T16:14:19.121,orthonormal_rows,short_wide,128,1024,8.000000,20260312,4,dgeqp3,0.002700792,0.0029228755000000003,0.0027157444,0.006800106825,4736848,9.44932107565117e-16,1.1135371143129742e-14
20260622_161419,2026-06-22T16:14:19.121,orthonormal_rows,short_wide,128,1024,8.000000,20260312,4,bsqr_rinv,0.0039454170000000005,0.004172625,0.003981877975000001,0.006939090625,4565696,9.435924560028349e-16,1.0187717188711496e-14
20260622_161419,2026-06-22T16:14:19.121,orthonormal_rows,short_wide,128,1024,8.000000,20260312,4,dgeqp3_trsm,0.003032,0.0032828540000000004,0.0030490077750000002,0.005735535324999999,7882896,9.44932107565117e-16,1.1135371143129742e-14
20260622_161419,2026-06-22T16:14:19.121,orthonormal_rows,short_wide,128,1280,10.000000,20260312,4,bsqr_full,0.0050625,0.005237521,0.005108960175000001,0.007237792949999997,4557696,9.169083870047332e-16,1.0009309318407076e-14
20260622_161419,2026-06-22T16:14:19.121,orthonormal_rows,short_wide,128,1280,10.000000,20260312,4,dgeqp3,0.003316667,0.003570854,0.003328327175,0.006125575649999999,5855056,9.550295884925629e-16,1.1429728643451145e-14
20260622_161419,2026-06-22T16:14:19.121,orthonormal_rows,short_wide,128,1280,10.000000,20260312,4,bsqr_rinv,0.005226916000000001,0.005376146,0.005235525375,0.008431804649999998,5737424,9.169083870047332e-16,1.0009309318407076e-14
20260622_161419,2026-06-22T16:14:19.121,orthonormal_rows,short_wide,128,1280,10.000000,20260312,4,dgeqp3_trsm,0.003610709,0.004015875,0.0036764114000000002,0.006924664674999999,9787536,9.550295884925629e-16,1.1429728643451145e-14
20260622_161419,2026-06-22T16:14:19.121,orthonormal_rows,short_wide,256,512,2.000000,20260312,4,bsqr_full,0.004818625,0.0049873750000000005,0.0048308891,0.00867022675,3928592,1.1551128357292181e-15,1.9877593522918306e-14
20260622_161419,2026-06-22T16:14:19.121,orthonormal_rows,short_wide,256,512,2.000000,20260312,4,dgeqp3,0.0037596670000000004,0.003941188,0.0037718404750000005,0.006247240049999995,5024560,1.1841138941111927e-15,2.028311222756101e-14
20260622_161419,2026-06-22T16:14:19.121,orthonormal_rows,short_wide,256,512,2.000000,20260312,4,bsqr_rinv,0.0048629170000000005,0.005002250000000001,0.004865091275,0.009048984225,4452960,1.1551128357292181e-15,1.9877593522918306e-14
20260622_161419,2026-06-22T16:14:19.121,orthonormal_rows,short_wide,256,512,2.000000,20260312,4,dgeqp3_trsm,0.004111167000000001,0.004196562500000001,0.004119715475000001,0.006816794974999999,8170608,1.1841138941111927e-15,2.028311222756101e-14
20260622_161419,2026-06-22T16:14:19.121,orthonormal_rows,short_wide,256,1024,4.000000,20260312,4,bsqr_full,0.009855833000000001,0.010154020500000001,0.009872085325,0.014839425149999998,7237200,1.1865027729164568e-15,2.0275743733254276e-14
20260622_161419,2026-06-22T16:14:19.121,orthonormal_rows,short_wide,256,1024,4.000000,20260312,4,dgeqp3,0.006521375,0.0067951875,0.006577713300000001,0.010885149425,9358128,1.2019939869705137e-15,2.0390754975812958e-14
20260622_161419,2026-06-22T16:14:19.121,orthonormal_rows,short_wide,256,1024,4.000000,20260312,4,bsqr_rinv,0.009922125,0.010459125000000001,0.010057035175000001,0.014704129874999996,8810144,1.1865027729164568e-15,2.0275743733254276e-14
20260622_161419,2026-06-22T16:14:19.121,orthonormal_rows,short_wide,256,1024,4.000000,20260312,4,dgeqp3_trsm,0.007488166,0.008164917,0.007501307350000001,0.010563560325,15649904,1.2019939869705137e-15,2.0390754975812958e-14
20260622_161419,2026-06-22T16:14:19.121,orthonormal_rows,short_wide,256,2048,8.000000,20260312,4,bsqr_full,0.020046750000000002,0.021185396000000002,0.02013610625,0.024502938075,13824560,1.18430669557931e-15,2.00065167610208e-14
20260622_161419,2026-06-22T16:14:19.121,orthonormal_rows,short_wide,256,2048,8.000000,20260312,4,dgeqp3,0.012299458000000001,0.013085458500000001,0.012362110325000002,0.015552535175,18058032,1.2247942808117932e-15,2.0252818348123503e-14
20260622_161419,2026-06-22T16:14:19.121,orthonormal_rows,short_wide,256,2048,8.000000,20260312,4,bsqr_rinv,0.02053125,0.021696375,0.020570671875,0.03251295122499996,17494656,1.18430669557931e-15,2.00065167610208e-14
20260622_161419,2026-06-22T16:14:19.121,orthonormal_rows,short_wide,256,2048,8.000000,20260312,4,dgeqp3_trsm,0.014387042000000001,0.015406792,0.014460417800000002,0.02666309374999996,30641264,1.2247942808117932e-15,2.0252818348123503e-14
20260622_161419,2026-06-22T16:14:19.121,orthonormal_rows,short_wide,256,2560,10.000000,20260312,4,bsqr_full,0.024735292000000002,0.025766667,0.024779486550000004,0.027712239675,17151056,1.2017584975567371e-15,2.000156493915616e-14
20260622_161419,2026-06-22T16:14:19.121,orthonormal_rows,short_wide,256,2560,10.000000,20260312,4,dgeqp3,0.014707792,0.016073313000000002,0.015110076375,0.018955864675,22391600,1.2200676884987375e-15,2.0368992661313997e-14
20260622_161419,2026-06-22T16:14:19.121,orthonormal_rows,short_wide,256,2560,10.000000,20260312,4,bsqr_rinv,0.025131667,0.0267498125,0.025433659950000003,0.03779968437499996,21869728,1.2017584975567371e-15,2.000156493915616e-14
20260622_161419,2026-06-22T16:14:19.121,orthonormal_rows,short_wide,256,2560,10.000000,20260312,4,dgeqp3_trsm,0.017746458,0.0189761875,0.017802978275000002,0.04693301250000001,38120560,1.2200676884987375e-15,2.0368992661313997e-14
20260622_161419,2026-06-22T16:14:19.121,orthonormal_rows,short_wide,512,1024,2.000000,20260312,4,bsqr_full,0.025779875,0.027574021,0.025949222675,0.029598508425000003,15187024,1.5246287044064172e-15,3.863544418074251e-14
20260622_161419,2026-06-22T16:14:19.121,orthonormal_rows,short_wide,512,1024,2.000000,20260312,4,dgeqp3,0.017003,0.018675458500000002,0.017094591425,0.029639237499999957,19387184,1.5590439029008096e-15,3.872954878288451e-14
20260622_161419,2026-06-22T16:14:19.121,orthonormal_rows,short_wide,512,1024,2.000000,20260312,4,bsqr_rinv,0.025592667000000003,0.0277811255,0.0256298537,0.029540341424999998,17284256,1.5246287044064172e-15,3.863544418074251e-14
20260622_161419,2026-06-22T16:14:19.121,orthonormal_rows,short_wide,512,1024,2.000000,20260312,4,dgeqp3_trsm,0.018767625,0.020387020500000002,0.018831002325000002,0.03141724877499996,31970416,1.5590439029008096e-15,3.872954878288451e-14
20260622_161419,2026-06-22T16:14:19.121,orthonormal_rows,short_wide,512,2048,4.000000,20260312,4,bsqr_full,0.053555209000000006,0.055228145500000006,0.053768086400000005,0.06657429337499995,28080720,1.566907185481859e-15,3.836449466695218e-14
20260622_161419,2026-06-22T16:14:19.121,orthonormal_rows,short_wide,512,2048,4.000000,20260312,4,dgeqp3,0.031091666,0.033044771,0.031288322975000005,0.06731584782500001,36475696,1.6013283332785434e-15,3.833828048913008e-14
20260622_161419,2026-06-22T16:14:19.121,orthonormal_rows,short_wide,512,2048,4.000000,20260312,4,bsqr_rinv,0.053845750000000005,0.056054458,0.054051559375,0.0849628088,34372256,1.566907185481859e-15,3.836449466695218e-14
20260622_161419,2026-06-22T16:14:19.121,orthonormal_rows,short_wide,512,2048,4.000000,20260312,4,dgeqp3_trsm,0.036194625,0.0381112085,0.036356753125,0.0677927875,61641840,1.6013283332785434e-15,3.833828048913008e-14
20260622_161419,2026-06-22T16:14:19.121,orthonormal_rows,short_wide,512,4096,8.000000,20260312,4,bsqr_full,0.154768459,0.1597846245,0.15595295747500001,0.20005584455,60162672,1.595324611382178e-15,3.8143737556683646e-14
20260622_161419,2026-06-22T16:14:19.121,orthonormal_rows,short_wide,512,4096,8.000000,20260312,4,dgeqp3,0.072223542,0.07681679150000001,0.07258006075000001,0.11219897129999999,83202864,1.6374675783658504e-15,3.858448100018676e-14
20260622_161419,2026-06-22T16:14:19.121,orthonormal_rows,short_wide,512,4096,8.000000,20260312,4,bsqr_rinv,0.155986375,0.16143712500000001,0.156202847675,0.1943923875,81134272,1.595324611382178e-15,3.8143737556683646e-14
20260622_161419,2026-06-22T16:14:19.121,orthonormal_rows,short_wide,512,4096,8.000000,20260312,4,dgeqp3_trsm,0.08118650000000001,0.08560485450000001,0.081673216425,0.11940280815000001,141923440,1.6374675783658504e-15,3.858448100018676e-14
20260622_161419,2026-06-22T16:14:19.121,orthonormal_rows,short_wide,512,5120,10.000000,20260312,4,bsqr_full,0.303339083,0.305564,0.3035304166,0.3407303418,67143312,1.602034334363298e-15,3.8227959005969506e-14
20260622_161419,2026-06-22T16:14:19.121,orthonormal_rows,short_wide,512,5120,10.000000,20260312,4,dgeqp3,0.137410625,0.1486258335,0.13807847035,0.22074813475000002,87724848,1.639715499535328e-15,3.8873941885400396e-14
20260622_161419,2026-06-22T16:14:19.121,orthonormal_rows,short_wide,512,5120,10.000000,20260312,4,bsqr_rinv,0.36654050000000005,0.3717136245,0.36692095312500006,0.40986751332500004,86017760,1.602034334363298e-15,3.8227959005969506e-14
20260622_161419,2026-06-22T16:14:19.121,orthonormal_rows,short_wide,512,5120,10.000000,20260312,4,dgeqp3_trsm,0.18239095800000002,0.19092575,0.1835458584,0.2441316582,150639728,1.639715499535328e-15,3.8873941885400396e-14
20260622_161419,2026-06-22T16:14:19.121,gaussian,square,64,64,1.000000,20260313,4,bsqr_full,6.875e-5,6.95415e-5,6.875e-5,8.024237499999997e-5,154336,5.429525720753242e-16,5.667896341504611e-15
20260622_161419,2026-06-22T16:14:19.121,gaussian,square,64,64,1.000000,20260313,4,dgeqp3,5.8125e-5,6.0125500000000006e-5,5.821562500000001e-5,7.9477325e-5,249648,5.63791297387594e-16,6.285156700037731e-15
20260622_161419,2026-06-22T16:14:19.121,gaussian,square,64,64,1.000000,20260313,4,bsqr_rinv,6.691700000000001e-5,6.7542e-5,6.694672500000001e-5,7.957484999999997e-5,154384,5.429525720753242e-16,5.667896341504611e-15
20260622_161419,2026-06-22T16:14:19.121,gaussian,square,64,64,1.000000,20260313,4,dgeqp3_trsm,5.7625000000000005e-5,5.8833000000000004e-5,5.7625000000000005e-5,6.339214999999999e-5,249648,5.63791297387594e-16,6.285156700037731e-15
20260622_161419,2026-06-22T16:14:19.121,gaussian,square,128,128,1.000000,20260313,4,bsqr_full,0.00043575000000000005,0.00044808300000000005,0.00043686722500000004,0.000469382775,569920,7.329328698484718e-16,1.0465900802935312e-14
20260622_161419,2026-06-22T16:14:19.121,gaussian,square,128,128,1.000000,20260313,4,dgeqp3,0.000284667,0.000304708,0.0002866303,0.000324725,823184,7.574662209296927e-16,1.1159476962231731e-14
20260622_161419,2026-06-22T16:14:19.121,gaussian,square,128,128,1.000000,20260313,4,bsqr_rinv,0.000426958,0.00044635450000000005,0.00043737987500000003,0.000468659375,569968,7.329328698484718e-16,1.0465900802935312e-14
20260622_161419,2026-06-22T16:14:19.121,gaussian,square,128,128,1.000000,20260313,4,dgeqp3_trsm,0.00026566700000000003,0.00030254200000000005,0.00027062092500000005,0.00031144375000000005,823184,7.574662209296927e-16,1.1159476962231731e-14
20260622_161419,2026-06-22T16:14:19.121,gaussian,square,256,256,1.000000,20260313,4,bsqr_full,0.0023919170000000003,0.0026573125,0.002393820125,0.0038928999999999995,2273616,9.013593328985955e-16,1.9601056925337135e-14
20260622_161419,2026-06-22T16:14:19.121,gaussian,square,256,256,1.000000,20260313,4,dgeqp3,0.002044666,0.002104667,0.0020646644,0.0030790955,2857776,9.43532736894234e-16,2.0279232115767925e-14
20260622_161419,2026-06-22T16:14:19.121,gaussian,square,256,256,1.000000,20260313,4,bsqr_rinv,0.0023346670000000003,0.0024258955,0.00233956075,0.00281728155,2273664,9.013593328985955e-16,1.9601056925337135e-14
20260622_161419,2026-06-22T16:14:19.121,gaussian,square,256,256,1.000000,20260313,4,dgeqp3_trsm,0.0018809170000000002,0.0019122295,0.0018826686,0.0024035305999999985,2857776,9.43532736894234e-16,2.0279232115767925e-14
20260622_161419,2026-06-22T16:14:19.121,gaussian,square,384,384,1.000000,20260313,4,bsqr_full,0.005122708,0.005319521000000001,0.0051513455000000005,0.007218342000000001,4982256,1.0773323662396739e-15,2.9516879982385314e-14
20260622_161419,2026-06-22T16:14:19.121,gaussian,square,384,384,1.000000,20260313,4,dgeqp3,0.0040405,0.004261438,0.0040633375,0.005252952974999999,6203184,1.089637197042165e-15,2.928999900976103e-14
20260622_161419,2026-06-22T16:14:19.121,gaussian,square,384,384,1.000000,20260313,4,bsqr_rinv,0.005211,0.0054695415,0.005236284375000001,0.008163902174999998,4982304,1.0773323662396739e-15,2.9516879982385314e-14
20260622_161419,2026-06-22T16:14:19.121,gaussian,square,384,384,1.000000,20260313,4,dgeqp3_trsm,0.0039891250000000005,0.0043143125000000004,0.0040944617,0.006530685974999999,6203184,1.089637197042165e-15,2.928999900976103e-14
20260622_161419,2026-06-22T16:14:19.121,gaussian,square,512,512,1.000000,20260313,4,bsqr_full,0.011763250000000001,0.0124135835,0.0118923,0.0174051348,8739440,1.2221728360237578e-15,3.825123881403811e-14
20260622_161419,2026-06-22T16:14:19.121,gaussian,square,512,512,1.000000,20260313,4,dgeqp3,0.008939625000000001,0.0093959375,0.009006627325,0.013138255149999998,10859312,1.2326984374651662e-15,3.810214649145567e-14
20260622_161419,2026-06-22T16:14:19.121,gaussian,square,512,512,1.000000,20260313,4,bsqr_rinv,0.011335333000000001,0.0121982085,0.011350527550000001,0.015652244325,8739488,1.2221728360237578e-15,3.825123881403811e-14
20260622_161419,2026-06-22T16:14:19.121,gaussian,square,512,512,1.000000,20260313,4,dgeqp3_trsm,0.009328167,0.0095798745,0.009426615475,0.011660953924999998,10859312,1.2326984374651662e-15,3.810214649145567e-14
20260622_161419,2026-06-22T16:14:19.121,gaussian,short_wide,32,64,2.000000,20260313,4,bsqr_full,2.5750000000000002e-5,2.6208e-5,2.58109e-5,3.351154999999998e-5,72160,5.79305132238083e-16,3.768525895200726e-15
20260622_161419,2026-06-22T16:14:19.121,gaussian,short_wide,32,64,2.000000,20260313,4,dgeqp3,1.9541e-5,1.98545e-5,1.957145e-5,2.398589999999999e-5,159280,5.624830328106658e-16,3.9210699804979815e-15
20260622_161419,2026-06-22T16:14:19.121,gaussian,short_wide,32,64,2.000000,20260313,4,bsqr_rinv,2.6625e-5,2.71665e-5,2.6715625e-5,3.391874999999998e-5,80432,5.79305132238083e-16,3.768525895200726e-15
20260622_161419,2026-06-22T16:14:19.121,gaussian,short_wide,32,64,2.000000,20260313,4,dgeqp3_trsm,2.6583000000000003e-5,2.96045e-5,2.6704075000000002e-5,3.477202499999999e-5,208752,5.624830328106658e-16,3.9210699804979815e-15
20260622_161419,2026-06-22T16:14:19.121,gaussian,short_wide,32,128,4.000000,20260313,4,bsqr_full,4.4291e-5,4.4833e-5,4.4351900000000005e-5,5.299484999999998e-5,126752,5.568909814792066e-16,3.496257319456952e-15
20260622_161419,2026-06-22T16:14:19.121,gaussian,short_wide,32,128,4.000000,20260313,4,dgeqp3,3.1792e-5,3.2416500000000004e-5,3.1821725e-5,3.6173774999999994e-5,273520,5.307421608551656e-16,3.010812637646707e-15
20260622_161419,2026-06-22T16:14:19.121,gaussian,short_wide,32,128,4.000000,20260313,4,bsqr_rinv,4.6416000000000004e-5,4.6833500000000005e-5,4.6416000000000004e-5,5.4609375e-5,151408,5.568909814792066e-16,3.496257319456952e-15
20260622_161419,2026-06-22T16:14:19.121,gaussian,short_wide,32,128,4.000000,20260313,4,dgeqp3_trsm,4.3834e-5,4.6166500000000006e-5,4.3863725e-5,0.0003769964499999984,372144,5.307421608551656e-16,3.010812637646707e-15
20260622_161419,2026-06-22T16:14:19.121,gaussian,short_wide,32,256,8.000000,20260313,4,bsqr_full,8.825e-5,9.3479e-5,9.139215e-5,9.88758e-5,234976,6.163991318753107e-16,3.23618626551583e-15
20260622_161419,2026-06-22T16:14:19.121,gaussian,short_wide,32,256,8.000000,20260313,4,dgeqp3,5.4208e-5,6.58335e-5,5.4782200000000006e-5,6.7722825e-5,439344,6.256597381595742e-16,3.5606013429878376e-15
20260622_161419,2026-06-22T16:14:19.121,gaussian,short_wide,32,256,8.000000,20260313,4,bsqr_rinv,9.0e-5,9.96245e-5,9.006017500000001e-5,0.00010489295000000001,300592,6.163991318753107e-16,3.23618626551583e-15
20260622_161419,2026-06-22T16:14:19.121,gaussian,short_wide,32,256,8.000000,20260313,4,dgeqp3_trsm,7.479100000000001e-5,9.28755e-5,8.394412500000001e-5,9.42662e-5,644464,6.256597381595742e-16,3.5606013429878376e-15
20260622_161419,2026-06-22T16:14:19.121,gaussian,short_wide,32,320,10.000000,20260313,4,bsqr_full,0.000111,0.00012033350000000001,0.000111271875,0.00012814215,338400,5.986975280745757e-16,3.5126775548418588e-15
20260622_161419,2026-06-22T16:14:19.121,gaussian,short_wide,32,320,10.000000,20260313,4,dgeqp3,6.641600000000001e-5,7.9125e-5,7.06761e-5,8.072347499999999e-5,571440,5.790964962228263e-16,3.0484565052622186e-15
20260622_161419,2026-06-22T16:14:19.121,gaussian,short_wide,32,320,10.000000,20260313,4,bsqr_rinv,0.00011829200000000001,0.000129312,0.00012022485000000001,0.000131766425,436784,5.986975280745757e-16,3.5126775548418588e-15
20260622_161419,2026-06-22T16:14:19.121,gaussian,short_wide,32,320,10.000000,20260313,4,dgeqp3_trsm,9.0209e-5,0.0001104165,9.449810000000001e-5,0.00011448204999999998,874864,5.790964962228263e-16,3.0484565052622186e-15
20260622_161419,2026-06-22T16:14:19.121,gaussian,short_wide,64,128,2.000000,20260313,4,bsqr_full,0.000125291,0.00013291650000000002,0.00012547297500000001,0.00014272012499999998,258080,6.568860370861041e-16,5.655726575616706e-15
20260622_161419,2026-06-22T16:14:19.121,gaussian,short_wide,64,128,2.000000,20260313,4,dgeqp3,9.1792e-5,0.00010114600000000001,9.182172499999999e-5,0.00010450530000000001,429424,7.0112148504938365e-16,6.546708130908979e-15
20260622_161419,2026-06-22T16:14:19.121,gaussian,short_wide,64,128,2.000000,20260313,4,bsqr_rinv,0.000127667,0.0001359795,0.00012790842500000002,0.0001412428,290928,6.568860370861041e-16,5.655726575616706e-15
20260622_161419,2026-06-22T16:14:19.121,gaussian,short_wide,64,128,2.000000,20260313,4,dgeqp3_trsm,0.00011954100000000001,0.00012056250000000001,0.00011963235,0.00013090137499999996,626352,7.0112148504938365e-16,6.546708130908979e-15
20260622_161419,2026-06-22T16:14:19.121,gaussian,short_wide,64,256,4.000000,20260313,4,bsqr_full,0.000307209,0.0003203125,0.00031065202500000003,0.000329533,464608,7.535151864564768e-16,6.019991757771735e-15
20260622_161419,2026-06-22T16:14:19.121,gaussian,short_wide,64,256,4.000000,20260313,4,dgeqp3,0.00016883300000000001,0.00018645800000000002,0.000169497825,0.0001919947,726320,6.96028953796563e-16,6.0620545229113795e-15
20260622_161419,2026-06-22T16:14:19.121,gaussian,short_wide,64,256,4.000000,20260313,4,bsqr_rinv,0.00031383400000000003,0.00033145850000000003,0.0003159481,0.00037654199999999995,562992,7.535151864564768e-16,6.019991757771735e-15
20260622_161419,2026-06-22T16:14:19.121,gaussian,short_wide,64,256,4.000000,20260313,4,dgeqp3_trsm,0.00020225,0.00023187550000000002,0.000210496875,0.0002369686,1119856,6.96028953796563e-16,6.0620545229113795e-15
20260622_161419,2026-06-22T16:14:19.121,gaussian,short_wide,64,512,8.000000,20260313,4,bsqr_full,0.000755083,0.0007752915000000001,0.0007600072000000001,0.000800652325,1002512,7.272671748700775e-16,5.26731031798605e-15
20260622_161419,2026-06-22T16:14:19.121,gaussian,short_wide,64,512,8.000000,20260313,4,dgeqp3,0.00044300000000000003,0.00048358350000000006,0.00045212340000000005,0.0004875242,1320240,7.976562606771036e-16,6.50058367736515e-15
20260622_161419,2026-06-22T16:14:19.121,gaussian,short_wide,64,512,8.000000,20260313,4,bsqr_rinv,0.0007741670000000001,0.0008035830000000001,0.0007752545,0.000812833,1231968,7.272671748700775e-16,5.26731031798605e-15
20260622_161419,2026-06-22T16:14:19.121,gaussian,short_wide,64,512,8.000000,20260313,4,dgeqp3_trsm,0.0005012920000000001,0.0005708125,0.0005055811,0.0008244804499999989,2106992,7.976562606771036e-16,6.50058367736515e-15
20260622_161419,2026-06-22T16:14:19.121,gaussian,short_wide,64,640,10.000000,20260313,4,bsqr_full,0.0009726250000000001,0.0009760625,0.0009728367,0.00100716345,1309840,7.548095601544073e-16,5.821687109394698e-15
20260622_161419,2026-06-22T16:14:19.121,gaussian,short_wide,64,640,10.000000,20260313,4,dgeqp3,0.000592292,0.000649812,0.0006009615500000001,0.002480024849999991,1617200,7.650968485101759e-16,6.31496300835279e-15
20260622_161419,2026-06-22T16:14:19.121,gaussian,short_wide,64,640,10.000000,20260313,4,bsqr_rinv,0.000969958,0.001012854,0.0009734322000000001,0.0029468276999999907,1604832,7.548095601544073e-16,5.821687109394698e-15
20260622_161419,2026-06-22T16:14:19.121,gaussian,short_wide,64,640,10.000000,20260313,4,dgeqp3_trsm,0.000667417,0.0007512915,0.0006689271750000001,0.0022783544999999926,2600560,7.650968485101759e-16,6.31496300835279e-15
20260622_161419,2026-06-22T16:14:19.121,gaussian,short_wide,128,256,2.000000,20260313,4,bsqr_full,0.001015833,0.001054208,0.0010261642499999999,0.0010758072,1045776,8.65547065944425e-16,1.0103533881797616e-14
20260622_161419,2026-06-22T16:14:19.121,gaussian,short_wide,128,256,2.000000,20260313,4,dgeqp3,0.000759042,0.0007748125,0.000760370925,0.0007966564,1382224,9.044308788942535e-16,1.1729865025782597e-14
20260622_161419,2026-06-22T16:14:19.121,gaussian,short_wide,128,256,2.000000,20260313,4,bsqr_rinv,0.001046625,0.0010719380000000001,0.00105339215,0.00108974825,1176928,8.65547065944425e-16,1.0103533881797616e-14
20260622_161419,2026-06-22T16:14:19.121,gaussian,short_wide,128,256,2.000000,20260313,4,dgeqp3_trsm,0.0008067500000000001,0.0008541460000000001,0.0008217937500000001,0.0024727551499999917,2168976,9.044308788942535e-16,1.1729865025782597e-14
20260622_161419,2026-06-22T16:14:19.121,gaussian,short_wide,128,512,4.000000,20260313,4,bsqr_full,0.001986083,0.002107125,0.001996474425,0.0028724503749999967,1912368,9.548671329591729e-16,1.0582250683209264e-14
20260622_161419,2026-06-22T16:14:19.121,gaussian,short_wide,128,512,4.000000,20260313,4,dgeqp3,0.0015751250000000001,0.0017527290000000002,0.00159503205,0.002270567799999999,2500432,9.55157736908543e-16,1.0987195957375804e-14
20260622_161419,2026-06-22T16:14:19.121,gaussian,short_wide,128,512,4.000000,20260313,4,bsqr_rinv,0.0020063330000000003,0.0021590415,0.00203753845,0.0034776520249999937,2305664,9.548671329591729e-16,1.0582250683209264e-14
20260622_161419,2026-06-22T16:14:19.121,gaussian,short_wide,128,512,4.000000,20260313,4,dgeqp3_trsm,0.0018442080000000002,0.0020520205,0.0018747790750000002,0.005938290474999995,4073616,9.55157736908543e-16,1.0987195957375804e-14
20260622_161419,2026-06-22T16:14:19.121,gaussian,short_wide,128,1024,8.000000,20260313,4,bsqr_full,0.00397775,0.0042742915,0.00405478125,0.008714614399999996,3648112,9.090194180434583e-16,1.0274541242167931e-14
20260622_161419,2026-06-22T16:14:19.121,gaussian,short_wide,128,1024,8.000000,20260313,4,dgeqp3,0.002914667,0.0030891045000000002,0.002926508425,0.00821230095,4736848,9.477384510412956e-16,1.1429626029234621e-14
20260622_161419,2026-06-22T16:14:19.121,gaussian,short_wide,128,1024,8.000000,20260313,4,bsqr_rinv,0.004230583,0.0044407705,0.004238347025,0.008087162349999996,4565696,9.090194180434583e-16,1.0274541242167931e-14
20260622_161419,2026-06-22T16:14:19.121,gaussian,short_wide,128,1024,8.000000,20260313,4,dgeqp3_trsm,0.003348709,0.0035560005000000003,0.0033701864000000004,0.007531683574999993,7882896,9.477384510412956e-16,1.1429626029234621e-14
20260622_161419,2026-06-22T16:14:19.121,gaussian,short_wide,128,1280,10.000000,20260313,4,bsqr_full,0.005146541,0.0053622290000000005,0.005146572175,0.008550866999999997,4557696,9.03094019930269e-16,1.0459421398308703e-14
20260622_161419,2026-06-22T16:14:19.121,gaussian,short_wide,128,1280,10.000000,20260313,4,dgeqp3,0.0034205000000000004,0.0037154375000000004,0.0034348187500000005,0.008226583149999998,5855056,9.245874221876939e-16,1.0989774987189177e-14
20260622_161419,2026-06-22T16:14:19.121,gaussian,short_wide,128,1280,10.000000,20260313,4,bsqr_rinv,0.005234375,0.005420312500000001,0.00528681715,0.008688166049999998,5737424,9.03094019930269e-16,1.0459421398308703e-14
20260622_161419,2026-06-22T16:14:19.121,gaussian,short_wide,128,1280,10.000000,20260313,4,dgeqp3_trsm,0.0038857080000000003,0.0041713955,0.003952498625,0.006373,9787536,9.245874221876939e-16,1.0989774987189177e-14
20260622_161419,2026-06-22T16:14:19.121,gaussian,short_wide,256,512,2.000000,20260313,4,bsqr_full,0.004690542000000001,0.0049644795000000005,0.004691267,0.00819695735,3928592,1.081276464185678e-15,1.9908710675229918e-14
20260622_161419,2026-06-22T16:14:19.121,gaussian,short_wide,256,512,2.000000,20260313,4,dgeqp3,0.003754083,0.0038801455000000004,0.0037586447,0.005947655674999997,5024560,1.1111884134557479e-15,2.0259486678205302e-14
20260622_161419,2026-06-22T16:14:19.121,gaussian,short_wide,256,512,2.000000,20260313,4,bsqr_rinv,0.004920792,0.0050890205,0.004928132625,0.008373907474999998,4452960,1.081276464185678e-15,1.9908710675229918e-14
20260622_161419,2026-06-22T16:14:19.121,gaussian,short_wide,256,512,2.000000,20260313,4,dgeqp3_trsm,0.004096417000000001,0.0042628545000000006,0.0040977154749999994,0.007134788875000001,8170608,1.1111884134557479e-15,2.0259486678205302e-14
20260622_161419,2026-06-22T16:14:19.121,gaussian,short_wide,256,1024,4.000000,20260313,4,bsqr_full,0.009807875,0.010179771,0.009919766425,0.014867080025,7237200,1.1345430215580535e-15,1.9563609325381212e-14
20260622_161419,2026-06-22T16:14:19.121,gaussian,short_wide,256,1024,4.000000,20260313,4,dgeqp3,0.006568084,0.006845250000000001,0.006621612925000001,0.010486555299999999,9358128,1.1810363297353971e-15,2.0564746879775894e-14
20260622_161419,2026-06-22T16:14:19.121,gaussian,short_wide,256,1024,4.000000,20260313,4,bsqr_rinv,0.010022791000000001,0.010382437500000001,0.010054510475000002,0.015591401525,8810144,1.1345430215580535e-15,1.9563609325381212e-14
20260622_161419,2026-06-22T16:14:19.121,gaussian,short_wide,256,1024,4.000000,20260313,4,dgeqp3_trsm,0.007384750000000001,0.008127687500000001,0.0073885859750000005,0.012391075800000002,15649904,1.1810363297353971e-15,2.0564746879775894e-14
20260622_161419,2026-06-22T16:14:19.121,gaussian,short_wide,256,2048,8.000000,20260313,4,bsqr_full,0.019913458000000002,0.021307666500000003,0.020080298625,0.024378267949999997,13824560,1.1689972538195102e-15,1.969137056432984e-14
20260622_161419,2026-06-22T16:14:19.121,gaussian,short_wide,256,2048,8.000000,20260313,4,dgeqp3,0.012394375000000001,0.013484791500000001,0.012548770275000001,0.015560204074999999,18058032,1.2045819913959089e-15,2.0474447812446266e-14
20260622_161419,2026-06-22T16:14:19.121,gaussian,short_wide,256,2048,8.000000,20260313,4,bsqr_rinv,0.0203995,0.021352396000000003,0.020429950000000002,0.025014789974999996,17494656,1.1689972538195102e-15,1.969137056432984e-14
20260622_161419,2026-06-22T16:14:19.121,gaussian,short_wide,256,2048,8.000000,20260313,4,dgeqp3_trsm,0.0141875,0.0154517295,0.014288365625,0.02882642674999995,30641264,1.2045819913959089e-15,2.0474447812446266e-14
20260622_161419,2026-06-22T16:14:19.121,gaussian,short_wide,256,2560,10.000000,20260313,4,bsqr_full,0.024943625,0.0259200625,0.024943715625,0.0291058035,17151056,1.1817615178983979e-15,2.0014381142472017e-14
20260622_161419,2026-06-22T16:14:19.121,gaussian,short_wide,256,2560,10.000000,20260313,4,dgeqp3,0.0152615,0.0163304795,0.015424021075,0.029228957049999952,22391600,1.202231532143214e-15,1.9946405413117813e-14
20260622_161419,2026-06-22T16:14:19.121,gaussian,short_wide,256,2560,10.000000,20260313,4,bsqr_rinv,0.025269875,0.026683479000000003,0.025311653125000003,0.03867449222499996,21869728,1.1817615178983979e-15,2.0014381142472017e-14
20260622_161419,2026-06-22T16:14:19.121,gaussian,short_wide,256,2560,10.000000,20260313,4,dgeqp3_trsm,0.017426333000000002,0.01947925,0.017666943100000002,0.052072895125000004,38120560,1.202231532143214e-15,1.9946405413117813e-14
20260622_161419,2026-06-22T16:14:19.121,gaussian,short_wide,512,1024,2.000000,20260313,4,bsqr_full,0.025389750000000003,0.0276982295,0.025577132775000004,0.030581891275000002,15187024,1.440408322023365e-15,3.871949371024513e-14
20260622_161419,2026-06-22T16:14:19.121,gaussian,short_wide,512,1024,2.000000,20260313,4,dgeqp3,0.01713525,0.0189476875,0.017225542225,0.030118752974999954,19387184,1.4663367370418206e-15,3.874814641632821e-14
20260622_161419,2026-06-22T16:14:19.121,gaussian,short_wide,512,1024,2.000000,20260313,4,bsqr_rinv,0.026107875000000003,0.0273888125,0.026176146075,0.03954460609999996,17284256,1.440408322023365e-15,3.871949371024513e-14
20260622_161419,2026-06-22T16:14:19.121,gaussian,short_wide,512,1024,2.000000,20260313,4,dgeqp3_trsm,0.019048375000000003,0.020431625000000002,0.019180264825,0.03086254062499996,31970416,1.4663367370418206e-15,3.874814641632821e-14
20260622_161419,2026-06-22T16:14:19.121,gaussian,short_wide,512,2048,4.000000,20260313,4,bsqr_full,0.052998375,0.0552016665,0.053040635975,0.06694066452499996,28080720,1.531886853369502e-15,3.850516258399699e-14
20260622_161419,2026-06-22T16:14:19.121,gaussian,short_wide,512,2048,4.000000,20260313,4,dgeqp3,0.031720625,0.0333468335,0.032003284374999996,0.068060687875,36475696,1.5618332094461019e-15,3.867895131039809e-14
20260622_161419,2026-06-22T16:14:19.121,gaussian,short_wide,512,2048,4.000000,20260313,4,bsqr_rinv,0.054342625000000006,0.056011271,0.0544388383,0.08980804862500001,34372256,1.531886853369502e-15,3.850516258399699e-14
20260622_161419,2026-06-22T16:14:19.121,gaussian,short_wide,512,2048,4.000000,20260313,4,dgeqp3_trsm,0.035987125,0.038126604,0.036280659375,0.0717411981,61641840,1.5618332094461019e-15,3.867895131039809e-14
20260622_161419,2026-06-22T16:14:19.121,gaussian,short_wide,512,4096,8.000000,20260313,4,bsqr_full,0.15415045800000002,0.1771381455,0.15420760822500001,0.219145756475,64356976,1.573764156415511e-15,3.8214320560550606e-14
20260622_161419,2026-06-22T16:14:19.121,gaussian,short_wide,512,4096,8.000000,20260313,4,dgeqp3,0.071017959,0.07603233300000001,0.07138958167500001,0.12352982854999998,87397168,1.6088922114321314e-15,3.817782439204461e-14
20260622_161419,2026-06-22T16:14:19.121,gaussian,short_wide,512,4096,8.000000,20260313,4,bsqr_rinv,0.157373167,0.18376406250000002,0.159430482625,0.22585788300000004,85328576,1.573764156415511e-15,3.8214320560550606e-14
20260622_161419,2026-06-22T16:14:19.121,gaussian,short_wide,512,4096,8.000000,20260313,4,dgeqp3_trsm,0.083429125,0.089770229,0.08371256955,0.132766807625,144020592,1.6088922114321314e-15,3.817782439204461e-14
20260622_161419,2026-06-22T16:14:19.121,gaussian,short_wide,512,5120,10.000000,20260313,4,bsqr_full,0.30253129100000004,0.36781433300000005,0.30438780790000003,0.41135308584999997,67143312,1.580796817044878e-15,3.8472193257287295e-14
20260622_161419,2026-06-22T16:14:19.121,gaussian,short_wide,512,5120,10.000000,20260313,4,dgeqp3,0.139867084,0.160741417,0.14189481765,0.21425393860000003,87724848,1.6295111859071582e-15,3.87780771750392e-14
20260622_161419,2026-06-22T16:14:19.121,gaussian,short_wide,512,5120,10.000000,20260313,4,bsqr_rinv,0.320478708,0.3720855,0.3303439478,0.40822984512500005,86017760,1.580796817044878e-15,3.8472193257287295e-14
20260622_161419,2026-06-22T16:14:19.121,gaussian,short_wide,512,5120,10.000000,20260313,4,dgeqp3_trsm,0.15510058300000001,0.17435881250000002,0.1568594359,0.22985513925,150639728,1.6295111859071582e-15,3.87780771750392e-14
20260622_161419,2026-06-22T16:14:19.121,ill_conditioned,square,64,64,1.000000,20260313,4,bsqr_full,6.675000000000001e-5,7.087550000000001e-5,6.678045e-5,9.062557499999999e-5,154336,4.290806158136156e-16,5.5949070311972106e-15
20260622_161419,2026-06-22T16:14:19.121,ill_conditioned,square,64,64,1.000000,20260313,4,dgeqp3,5.8125e-5,6.256250000000001e-5,6.0028125000000004e-5,7.4839825e-5,249648,4.297933892189025e-16,6.372178537010125e-15
20260622_161419,2026-06-22T16:14:19.121,ill_conditioned,square,64,64,1.000000,20260313,4,bsqr_rinv,6.6334e-5,7.1229e-5,6.675667500000001e-5,8.300995e-5,154384,4.290806158136156e-16,5.5949070311972106e-15
20260622_161419,2026-06-22T16:14:19.121,ill_conditioned,square,64,64,1.000000,20260313,4,dgeqp3_trsm,5.6583000000000004e-5,5.7146000000000005e-5,5.667362500000001e-5,7.236154999999999e-5,249648,4.297933892189025e-16,6.372178537010125e-15
20260622_161419,2026-06-22T16:14:19.121,ill_conditioned,square,128,128,1.000000,20260313,4,bsqr_full,0.000423917,0.000441917,0.0004300186,0.00045328285,569920,5.746034700076325e-16,1.0011308471890899e-14
20260622_161419,2026-06-22T16:14:19.121,ill_conditioned,square,128,128,1.000000,20260313,4,dgeqp3,0.000265708,0.000299771,0.000270541575,0.000309639525,823184,5.859339153945067e-16,1.1084385787572256e-14
20260622_161419,2026-06-22T16:14:19.121,ill_conditioned,square,128,128,1.000000,20260313,4,bsqr_rinv,0.000425584,0.00044264550000000004,0.000426006675,0.00046667282499999996,569968,5.746034700076325e-16,1.0011308471890899e-14
20260622_161419,2026-06-22T16:14:19.121,ill_conditioned,square,128,128,1.000000,20260313,4,dgeqp3_trsm,0.00027962500000000003,0.0003043335,0.00028261562500000005,0.00031706845000000004,823184,5.859339153945067e-16,1.1084385787572256e-14
20260622_161419,2026-06-22T16:14:19.121,ill_conditioned,square,256,256,1.000000,20260313,4,bsqr_full,0.0024326250000000003,0.002500584,0.00243368205,0.003331233575,2275568,6.964889756595804e-16,2.0171621958326806e-14
20260622_161419,2026-06-22T16:14:19.121,ill_conditioned,square,256,256,1.000000,20260313,4,dgeqp3,0.002123625,0.0022310000000000003,0.0021296367,0.0034148353249999993,2857776,7.575017203177511e-16,2.026422964809304e-14
20260622_161419,2026-06-22T16:14:19.121,ill_conditioned,square,256,256,1.000000,20260313,4,bsqr_rinv,0.0024415,0.0026548540000000003,0.002442376525,0.003582766425,2275616,6.964889756595804e-16,2.0171621958326806e-14
20260622_161419,2026-06-22T16:14:19.121,ill_conditioned,square,256,256,1.000000,20260313,4,dgeqp3_trsm,0.002130083,0.0021911875,0.002145972825,0.0036983438999999983,2857776,7.575017203177511e-16,2.026422964809304e-14
20260622_161419,2026-06-22T16:14:19.121,ill_conditioned,square,384,384,1.000000,20260313,4,bsqr_full,0.005395083,0.0055264585,0.005430789975000001,0.0066595097500000006,4984208,8.60545892354923e-16,2.977331034470392e-14
20260622_161419,2026-06-22T16:14:19.121,ill_conditioned,square,384,384,1.000000,20260313,4,dgeqp3,0.0047245,0.005257500500000001,0.004732203125000001,0.008330989524999999,6203184,8.1754875050865975e-16,2.932240234441671e-14
20260622_161419,2026-06-22T16:14:19.121,ill_conditioned,square,384,384,1.000000,20260313,4,bsqr_rinv,0.005475291,0.005529687500000001,0.0054802761000000005,0.006764626375000001,4984256,8.60545892354923e-16,2.977331034470392e-14
20260622_161419,2026-06-22T16:14:19.121,ill_conditioned,square,384,384,1.000000,20260313,4,dgeqp3_trsm,0.004619542,0.004969229,0.004640295125,0.006619342149999999,6203184,8.1754875050865975e-16,2.932240234441671e-14
20260622_161419,2026-06-22T16:14:19.121,ill_conditioned,square,512,512,1.000000,20260313,4,bsqr_full,0.011975625,0.012101645500000001,0.011988524200000001,0.014874165625,8741392,8.6952124703995895e-16,3.854091480031671e-14
20260622_161419,2026-06-22T16:14:19.121,ill_conditioned,square,512,512,1.000000,20260313,4,dgeqp3,0.010666834,0.010802854,0.01067390275,0.013296183575,10859312,9.124939031179535e-16,3.844473153662279e-14
20260622_161419,2026-06-22T16:14:19.121,ill_conditioned,square,512,512,1.000000,20260313,4,bsqr_rinv,0.011991625,0.0123735,0.012002771875,0.015586583799999998,8741440,8.6952124703995895e-16,3.854091480031671e-14
20260622_161419,2026-06-22T16:14:19.121,ill_conditioned,square,512,512,1.000000,20260313,4,dgeqp3_trsm,0.010483708000000001,0.0108762705,0.010484886125000002,0.013470258,10859312,9.124939031179535e-16,3.844473153662279e-14
20260622_161419,2026-06-22T16:14:19.121,ill_conditioned,short_wide,32,64,2.000000,20260313,4,bsqr_full,2.5833e-5,2.6229000000000002e-5,2.58939e-5,3.5495649999999976e-5,72160,3.4754502620414766e-16,3.143379240479508e-15
20260622_161419,2026-06-22T16:14:19.121,ill_conditioned,short_wide,32,64,2.000000,20260313,4,dgeqp3,1.9042e-5,1.9625000000000003e-5,1.9131900000000002e-5,2.6446874999999984e-5,159280,3.4784440416992125e-16,4.021849726981619e-15
20260622_161419,2026-06-22T16:14:19.121,ill_conditioned,short_wide,32,64,2.000000,20260313,4,bsqr_rinv,2.6791e-5,2.72295e-5,2.6822175e-5,3.460922499999999e-5,80432,3.4754502620414766e-16,3.143379240479508e-15
20260622_161419,2026-06-22T16:14:19.121,ill_conditioned,short_wide,32,64,2.000000,20260313,4,dgeqp3_trsm,2.4458000000000002e-5,2.75835e-5,2.4488450000000004e-5,3.75261e-5,208752,3.4784440416992125e-16,4.021849726981619e-15
20260622_161419,2026-06-22T16:14:19.121,ill_conditioned,short_wide,32,128,4.000000,20260313,4,bsqr_full,4.4500000000000004e-5,4.5041500000000006e-5,4.4590625e-5,5.496139999999998e-5,126752,3.4072478547844475e-16,3.4904839659196074e-15
20260622_161419,2026-06-22T16:14:19.121,ill_conditioned,short_wide,32,128,4.000000,20260313,4,dgeqp3,3.1458e-5,3.29375e-5,3.15189e-5,3.993574999999999e-5,273520,3.469468915692551e-16,3.0851505818045792e-15
20260622_161419,2026-06-22T16:14:19.121,ill_conditioned,short_wide,32,128,4.000000,20260313,4,bsqr_rinv,4.6583000000000004e-5,4.7187e-5,4.6583000000000004e-5,5.3766574999999986e-5,151408,3.4072478547844475e-16,3.4904839659196074e-15
20260622_161419,2026-06-22T16:14:19.121,ill_conditioned,short_wide,32,128,4.000000,20260313,4,dgeqp3_trsm,4.4666e-5,4.63955e-5,4.4666725e-5,5.990937499999999e-5,372144,3.469468915692551e-16,3.0851505818045792e-15
20260622_161419,2026-06-22T16:14:19.121,ill_conditioned,short_wide,32,256,8.000000,20260313,4,bsqr_full,8.6667e-5,9.45e-5,8.7270925e-5,0.000100329725,234976,8.364357127280694e-16,3.058861251853103e-15
20260622_161419,2026-06-22T16:14:19.121,ill_conditioned,short_wide,32,256,8.000000,20260313,4,dgeqp3,5.7916000000000006e-5,6.83125e-5,5.79769e-5,7.180312499999999e-5,439344,8.369586829426063e-16,3.4208455218748202e-15
20260622_161419,2026-06-22T16:14:19.121,ill_conditioned,short_wide,32,256,8.000000,20260313,4,bsqr_rinv,9.041700000000001e-5,9.789600000000001e-5,9.065842500000001e-5,0.000105584375,300592,8.364357127280694e-16,3.058861251853103e-15
20260622_161419,2026-06-22T16:14:19.121,ill_conditioned,short_wide,32,256,8.000000,20260313,4,dgeqp3_trsm,9.154200000000001e-5,9.3687e-5,9.19045e-5,0.00020240312499999948,644464,8.369586829426063e-16,3.4208455218748202e-15
20260622_161419,2026-06-22T16:14:19.121,ill_conditioned,short_wide,32,320,10.000000,20260313,4,bsqr_full,0.000116458,0.000122292,0.000117968175,0.000127883575,338400,4.04409072866148e-16,3.868403602941817e-15
20260622_161419,2026-06-22T16:14:19.121,ill_conditioned,short_wide,32,320,10.000000,20260313,4,dgeqp3,7.7791e-5,8.33745e-5,7.954405e-5,8.663395e-5,571440,3.943002856175571e-16,3.1648456218197244e-15
20260622_161419,2026-06-22T16:14:19.121,ill_conditioned,short_wide,32,320,10.000000,20260313,4,bsqr_rinv,0.00012,0.0001321875,0.00012075545000000001,0.000142552175,436784,4.04409072866148e-16,3.868403602941817e-15
20260622_161419,2026-06-22T16:14:19.121,ill_conditioned,short_wide,32,320,10.000000,20260313,4,dgeqp3_trsm,9.7417e-5,0.0001141875,0.0001037303,0.000120634375,874864,3.943002856175571e-16,3.1648456218197244e-15
20260622_161419,2026-06-22T16:14:19.121,ill_conditioned,short_wide,64,128,2.000000,20260313,4,bsqr_full,0.000125584,0.000132625,0.000126006675,0.000148033,258080,4.772141924843015e-16,5.7264389999189156e-15
20260622_161419,2026-06-22T16:14:19.121,ill_conditioned,short_wide,64,128,2.000000,20260313,4,dgeqp3,0.000101167,0.00010227100000000001,0.00010131780000000001,0.00011513829999999997,429424,4.19982992740753e-16,6.160974755984455e-15
20260622_161419,2026-06-22T16:14:19.121,ill_conditioned,short_wide,64,128,2.000000,20260313,4,bsqr_rinv,0.00012900000000000002,0.0001365,0.00013020857500000002,0.0001426511,290928,4.772141924843015e-16,5.7264389999189156e-15
20260622_161419,2026-06-22T16:14:19.121,ill_conditioned,short_wide,64,128,2.000000,20260313,4,dgeqp3_trsm,0.00010591700000000001,0.00012393700000000002,0.000112442,0.00013266810000000002,626352,4.19982992740753e-16,6.160974755984455e-15
20260622_161419,2026-06-22T16:14:19.121,ill_conditioned,short_wide,64,256,4.000000,20260313,4,bsqr_full,0.000299583,0.000321583,0.00030269469999999997,0.0003449963,464608,4.761999578005816e-16,5.715280088021509e-15
20260622_161419,2026-06-22T16:14:19.121,ill_conditioned,short_wide,64,256,4.000000,20260313,4,dgeqp3,0.00018645800000000002,0.00018822900000000002,0.00018691112500000002,0.00020287339999999998,726320,5.172235325181263e-16,6.168591246555874e-15
20260622_161419,2026-06-22T16:14:19.121,ill_conditioned,short_wide,64,256,4.000000,20260313,4,bsqr_rinv,0.00031775,0.00032916650000000005,0.000319471875,0.000343554075,562992,4.761999578005816e-16,5.715280088021509e-15
20260622_161419,2026-06-22T16:14:19.121,ill_conditioned,short_wide,64,256,4.000000,20260313,4,dgeqp3_trsm,0.00019537500000000002,0.00023641650000000002,0.00021078125000000003,0.000246548775,1119856,5.172235325181263e-16,6.168591246555874e-15
20260622_161419,2026-06-22T16:14:19.121,ill_conditioned,short_wide,64,512,8.000000,20260313,4,bsqr_full,0.000761292,0.000788542,0.0007686928,0.0008350633,1002512,6.4517921421431545e-16,5.364481083987434e-15
20260622_161419,2026-06-22T16:14:19.121,ill_conditioned,short_wide,64,512,8.000000,20260313,4,dgeqp3,0.00046375,0.0004972085,0.00046813045,0.0005077440500000001,1320240,5.369608812185036e-16,6.2672583270867386e-15
20260622_161419,2026-06-22T16:14:19.121,ill_conditioned,short_wide,64,512,8.000000,20260313,4,bsqr_rinv,0.0007944580000000001,0.0008183960000000001,0.0007976298750000001,0.00084022325,1231968,6.4517921421431545e-16,5.364481083987434e-15
20260622_161419,2026-06-22T16:14:19.121,ill_conditioned,short_wide,64,512,8.000000,20260313,4,dgeqp3_trsm,0.0005331250000000001,0.0005888335,0.0005544523250000001,0.0012954970249999965,2106992,5.369608812185036e-16,6.2672583270867386e-15
20260622_161419,2026-06-22T16:14:19.121,ill_conditioned,short_wide,64,640,10.000000,20260313,4,bsqr_full,0.0009573330000000001,0.0009889165,0.0009697790750000001,0.0010587960750000002,1309840,6.360289031409354e-16,5.719999869745496e-15
20260622_161419,2026-06-22T16:14:19.121,ill_conditioned,short_wide,64,640,10.000000,20260313,4,dgeqp3,0.0006418750000000001,0.000670896,0.0006438687500000001,0.0017565438999999946,1617200,6.184870184860844e-16,6.510559385920469e-15
20260622_161419,2026-06-22T16:14:19.121,ill_conditioned,short_wide,64,640,10.000000,20260313,4,bsqr_rinv,0.0010055,0.00102125,0.001009366425,0.002163271874999995,1604832,6.360289031409354e-16,5.719999869745496e-15
20260622_161419,2026-06-22T16:14:19.121,ill_conditioned,short_wide,64,640,10.000000,20260313,4,dgeqp3_trsm,0.00069875,0.000773771,0.0007054867000000001,0.0017298132999999964,2600560,6.184870184860844e-16,6.510559385920469e-15
20260622_161419,2026-06-22T16:14:19.121,ill_conditioned,short_wide,128,256,2.000000,20260313,4,bsqr_full,0.001029584,0.001066,0.0010306410500000001,0.001100364675,1045776,6.285601506580953e-16,9.802667904835895e-15
20260622_161419,2026-06-22T16:14:19.121,ill_conditioned,short_wide,128,256,2.000000,20260313,4,dgeqp3,0.0007284160000000001,0.0007733335,0.0007339144,0.00079395095,1382224,6.344160963967177e-16,1.13086362801299e-14
20260622_161419,2026-06-22T16:14:19.121,ill_conditioned,short_wide,128,256,2.000000,20260313,4,bsqr_rinv,0.001039208,0.0010774165,0.001045884525,0.0010945173750000002,1176928,6.285601506580953e-16,9.802667904835895e-15
20260622_161419,2026-06-22T16:14:19.121,ill_conditioned,short_wide,128,256,2.000000,20260313,4,dgeqp3_trsm,0.0008305420000000001,0.000855459,0.00083682485,0.0012366832749999986,2168976,6.344160963967177e-16,1.13086362801299e-14
20260622_161419,2026-06-22T16:14:19.121,ill_conditioned,short_wide,128,512,4.000000,20260313,4,bsqr_full,0.0019876670000000003,0.0021160415,0.00200757405,0.0033691551499999937,1912368,7.056346347030766e-16,9.956517153389092e-15
20260622_161419,2026-06-22T16:14:19.121,ill_conditioned,short_wide,128,512,4.000000,20260313,4,dgeqp3,0.001593542,0.0018073960000000002,0.0015964115500000002,0.0030917765249999984,2500432,6.740017207278051e-16,1.0904301323593455e-14
20260622_161419,2026-06-22T16:14:19.121,ill_conditioned,short_wide,128,512,4.000000,20260313,4,bsqr_rinv,0.0020189170000000003,0.0021611255,0.002029550575,0.0035926282749999938,2305664,7.056346347030766e-16,9.956517153389092e-15
20260622_161419,2026-06-22T16:14:19.121,ill_conditioned,short_wide,128,512,4.000000,20260313,4,dgeqp3_trsm,0.0016584170000000001,0.0020059375,0.0017471686,0.004396263299999999,4073616,6.740017207278051e-16,1.0904301323593455e-14
20260622_161419,2026-06-22T16:14:19.121,ill_conditioned,short_wide,128,1024,8.000000,20260313,4,bsqr_full,0.003920666000000001,0.0040731665,0.0039606019,0.007854297524999998,3648112,6.88073489701293e-16,1.0114948362816968e-14
20260622_161419,2026-06-22T16:14:19.121,ill_conditioned,short_wide,128,1024,8.000000,20260313,4,dgeqp3,0.002772834,0.0028883955000000004,0.0028048246250000006,0.005214655875,4736848,7.489501093666189e-16,1.11999700253045e-14
20260622_161419,2026-06-22T16:14:19.121,ill_conditioned,short_wide,128,1024,8.000000,20260313,4,bsqr_rinv,0.003990792,0.0042525415,0.003999763875,0.006750781249999999,4565696,6.88073489701293e-16,1.0114948362816968e-14
20260622_161419,2026-06-22T16:14:19.121,ill_conditioned,short_wide,128,1024,8.000000,20260313,4,dgeqp3_trsm,0.0030319170000000003,0.003238687,0.0030765646750000003,0.008170390625,7882896,7.489501093666189e-16,1.11999700253045e-14
20260622_161419,2026-06-22T16:14:19.121,ill_conditioned,short_wide,128,1280,10.000000,20260313,4,bsqr_full,0.005214834000000001,0.005366479,0.005224409075,0.010325307200000002,4557696,6.718612936497903e-16,1.0421318897672124e-14
20260622_161419,2026-06-22T16:14:19.121,ill_conditioned,short_wide,128,1280,10.000000,20260313,4,dgeqp3,0.0034147500000000003,0.0036602080000000003,0.003427558575,0.0073857406250000006,5855056,6.958893699243993e-16,1.1190410835083634e-14
20260622_161419,2026-06-22T16:14:19.121,ill_conditioned,short_wide,128,1280,10.000000,20260313,4,bsqr_rinv,0.005275791,0.0054926875,0.00528908315,0.00949374295,5737424,6.718612936497903e-16,1.0421318897672124e-14
20260622_161419,2026-06-22T16:14:19.121,ill_conditioned,short_wide,128,1280,10.000000,20260313,4,dgeqp3_trsm,0.003886417,0.0041057920000000005,0.003900856825,0.0071526759499999995,9787536,6.958893699243993e-16,1.1190410835083634e-14
20260622_161419,2026-06-22T16:14:19.121,ill_conditioned,short_wide,256,512,2.000000,20260313,4,bsqr_full,0.004856709000000001,0.005167688,0.004877794175,0.007546219699999999,3928592,7.988903665730522e-16,2.0169190120285657e-14
20260622_161419,2026-06-22T16:14:19.121,ill_conditioned,short_wide,256,512,2.000000,20260313,4,dgeqp3,0.004274292,0.004463834,0.004290906825,0.006397248774999998,5024560,8.354947951752486e-16,2.0360507235167704e-14
20260622_161419,2026-06-22T16:14:19.121,ill_conditioned,short_wide,256,512,2.000000,20260313,4,bsqr_rinv,0.004883875,0.005031583500000001,0.004901485975000001,0.007303702325,4452960,7.988903665730522e-16,2.0169190120285657e-14
20260622_161419,2026-06-22T16:14:19.121,ill_conditioned,short_wide,256,512,2.000000,20260313,4,dgeqp3_trsm,0.0046777500000000005,0.0048368330000000005,0.004681375000000001,0.010079679875,8170608,8.354947951752486e-16,2.0360507235167704e-14
20260622_161419,2026-06-22T16:14:19.121,ill_conditioned,short_wide,256,1024,4.000000,20260313,4,bsqr_full,0.009977666000000001,0.0107228745,0.009987030825,0.016052447825,7237200,8.185742165631891e-16,2.0183945342832246e-14
20260622_161419,2026-06-22T16:14:19.121,ill_conditioned,short_wide,256,1024,4.000000,20260313,4,dgeqp3,0.007638084000000001,0.0079501245,0.00771686685,0.013711819325,9358128,9.279200593542709e-16,2.0199102154183737e-14
20260622_161419,2026-06-22T16:14:19.121,ill_conditioned,short_wide,256,1024,4.000000,20260313,4,bsqr_rinv,0.010120792,0.010374229,0.010139490475,0.015821343325,8810144,8.185742165631891e-16,2.0183945342832246e-14
20260622_161419,2026-06-22T16:14:19.121,ill_conditioned,short_wide,256,1024,4.000000,20260313,4,dgeqp3_trsm,0.008365084,0.008973229000000001,0.008393026225000001,0.011940507775,15649904,9.279200593542709e-16,2.0199102154183737e-14
20260622_161419,2026-06-22T16:14:19.121,ill_conditioned,short_wide,256,2048,8.000000,20260313,4,bsqr_full,0.020174959000000003,0.0207641455,0.020206707475000002,0.0248058497,13824560,8.501786097866628e-16,2.008140529565447e-14
20260622_161419,2026-06-22T16:14:19.121,ill_conditioned,short_wide,256,2048,8.000000,20260313,4,dgeqp3,0.015721291000000002,0.016202208500000002,0.01578512145,0.018665392375,18058032,8.82876226778569e-16,2.088790885979563e-14
20260622_161419,2026-06-22T16:14:19.121,ill_conditioned,short_wide,256,2048,8.000000,20260313,4,bsqr_rinv,0.02071175,0.021808854000000003,0.020841101600000002,0.033393831249999964,17494656,8.501786097866628e-16,2.008140529565447e-14
20260622_161419,2026-06-22T16:14:19.121,ill_conditioned,short_wide,256,2048,8.000000,20260313,4,dgeqp3_trsm,0.017350292,0.018456604,0.017414454500000003,0.03039477012499997,30641264,8.82876226778569e-16,2.088790885979563e-14
20260622_161419,2026-06-22T16:14:19.121,ill_conditioned,short_wide,256,2560,10.000000,20260313,4,bsqr_full,0.024958750000000002,0.0258235835,0.024988685975,0.028347461275,17151056,8.469979167453894e-16,1.9862714073482574e-14
20260622_161419,2026-06-22T16:14:19.121,ill_conditioned,short_wide,256,2560,10.000000,20260313,4,dgeqp3,0.019375166000000003,0.020382312500000003,0.0194823761,0.031734037649999956,22391600,8.873702443134633e-16,2.045551887592797e-14
20260622_161419,2026-06-22T16:14:19.121,ill_conditioned,short_wide,256,2560,10.000000,20260313,4,bsqr_rinv,0.025354417,0.0269038545,0.025402477975,0.037875243374999965,21869728,8.469979167453894e-16,1.9862714073482574e-14
20260622_161419,2026-06-22T16:14:19.121,ill_conditioned,short_wide,256,2560,10.000000,20260313,4,dgeqp3_trsm,0.021564042000000002,0.022646000000000003,0.0216240662,0.052950447675,38120560,8.873702443134633e-16,2.045551887592797e-14
20260622_161419,2026-06-22T16:14:19.121,ill_conditioned,short_wide,512,1024,2.000000,20260313,4,bsqr_full,0.025931208,0.027413416500000003,0.026025609525,0.031134772825,15187024,1.0902932972834867e-15,3.822467978339067e-14
20260622_161419,2026-06-22T16:14:19.121,ill_conditioned,short_wide,512,1024,2.000000,20260313,4,dgeqp3,0.020779042,0.022264625,0.021063452975,0.03391653167499996,19387184,1.1141845089150542e-15,3.845103043146415e-14
20260622_161419,2026-06-22T16:14:19.121,ill_conditioned,short_wide,512,1024,2.000000,20260313,4,bsqr_rinv,0.026075667,0.0276982295,0.026192663875,0.03924345269999996,17284256,1.0902932972834867e-15,3.822467978339067e-14
20260622_161419,2026-06-22T16:14:19.121,ill_conditioned,short_wide,512,1024,2.000000,20260313,4,dgeqp3_trsm,0.022594875,0.024146458000000003,0.022703473475,0.03600340487499997,31970416,1.1141845089150542e-15,3.845103043146415e-14
20260622_161419,2026-06-22T16:14:19.121,ill_conditioned,short_wide,512,2048,4.000000,20260313,4,bsqr_full,0.053272917,0.055529312500000004,0.053786790475000006,0.06618937892499996,28080720,1.1164950893651707e-15,3.8814154193639696e-14
20260622_161419,2026-06-22T16:14:19.121,ill_conditioned,short_wide,512,2048,4.000000,20260313,4,dgeqp3,0.041707875000000005,0.043568813000000005,0.041847709375,0.076353077325,36475696,1.1798198143978115e-15,3.9005175365980594e-14
20260622_161419,2026-06-22T16:14:19.121,ill_conditioned,short_wide,512,2048,4.000000,20260313,4,bsqr_rinv,0.05398175,0.056294166500000006,0.054554922675000006,0.08854454157500001,34372256,1.1164950893651707e-15,3.8814154193639696e-14
20260622_161419,2026-06-22T16:14:19.121,ill_conditioned,short_wide,512,2048,4.000000,20260313,4,dgeqp3_trsm,0.046421875,0.0483413545,0.046756764825,0.08094958342500001,61641840,1.1798198143978115e-15,3.9005175365980594e-14
20260622_161419,2026-06-22T16:14:19.121,ill_conditioned,short_wide,512,4096,8.000000,20260313,4,bsqr_full,0.157768875,0.164303062,0.1580762141,0.1928842516,64356976,1.1259682276723266e-15,3.82693124456478e-14
20260622_161419,2026-06-22T16:14:19.121,ill_conditioned,short_wide,512,4096,8.000000,20260313,4,dgeqp3,0.09284650000000001,0.097676208,0.09316658750000001,0.1448887936,85300016,1.1488278694240775e-15,3.829978183175094e-14
20260622_161419,2026-06-22T16:14:19.121,ill_conditioned,short_wide,512,4096,8.000000,20260313,4,bsqr_rinv,0.157503542,0.16941275,0.16020137069999998,0.2049643036,85328576,1.1259682276723266e-15,3.82693124456478e-14
20260622_161419,2026-06-22T16:14:19.121,ill_conditioned,short_wide,512,4096,8.000000,20260313,4,dgeqp3_trsm,0.10059066600000001,0.108282021,0.10091008940000001,0.14294397987500002,141923440,1.1488278694240775e-15,3.829978183175094e-14
20260622_161419,2026-06-22T16:14:19.121,ill_conditioned,short_wide,512,5120,10.000000,20260313,4,bsqr_full,0.303234541,0.306469625,0.30336624100000004,0.3393815666000001,67143312,1.1703765469041023e-15,3.856473746010105e-14
20260622_161419,2026-06-22T16:14:19.121,ill_conditioned,short_wide,512,5120,10.000000,20260313,4,dgeqp3,0.165357667,0.172759042,0.1660047001,0.2087319373,87724848,1.2446072879077348e-15,3.875254894295104e-14
20260622_161419,2026-06-22T16:14:19.121,ill_conditioned,short_wide,512,5120,10.000000,20260313,4,bsqr_rinv,0.308091583,0.31142875000000003,0.308549864125,0.34318190062500004,86017760,1.1703765469041023e-15,3.856473746010105e-14
20260622_161419,2026-06-22T16:14:19.121,ill_conditioned,short_wide,512,5120,10.000000,20260313,4,dgeqp3_trsm,0.182021375,0.1881510415,0.18261460437500002,0.222410614875,150639728,1.2446072879077348e-15,3.875254894295104e-14
20260622_161419,2026-06-22T16:14:19.121,orthonormal_rows,square,64,64,1.000000,20260313,4,bsqr_full,6.6333e-5,7.087450000000001e-5,6.642435000000001e-5,7.624724999999998e-5,154336,5.669837238368913e-16,5.246257340559009e-15
20260622_161419,2026-06-22T16:14:19.121,orthonormal_rows,square,64,64,1.000000,20260313,4,dgeqp3,5.6042e-5,5.735400000000001e-5,5.6464675e-5,7.476439999999999e-5,249648,6.594285580384761e-16,6.2917215232648114e-15
20260622_161419,2026-06-22T16:14:19.121,orthonormal_rows,square,64,64,1.000000,20260313,4,bsqr_rinv,6.6291e-5,7.10625e-5,6.629172500000001e-5,8.785545e-5,154384,5.669837238368913e-16,5.246257340559009e-15
20260622_161419,2026-06-22T16:14:19.121,orthonormal_rows,square,64,64,1.000000,20260313,4,dgeqp3_trsm,5.7834e-5,5.839550000000001e-5,5.7863725e-5,6.523494999999998e-5,249648,6.594285580384761e-16,6.2917215232648114e-15
20260622_161419,2026-06-22T16:14:19.121,orthonormal_rows,square,128,128,1.000000,20260313,4,bsqr_full,0.000423583,0.00044347950000000005,0.0004273588,0.000452446875,569920,7.680987090179026e-16,9.91179698008748e-15
20260622_161419,2026-06-22T16:14:19.121,orthonormal_rows,square,128,128,1.000000,20260313,4,dgeqp3,0.000268,0.0003007285,0.000277092225,0.00031282855,823184,8.506874276961963e-16,1.1025438869614885e-14
20260622_161419,2026-06-22T16:14:19.121,orthonormal_rows,square,128,128,1.000000,20260313,4,bsqr_rinv,0.00042175000000000003,0.00044233300000000005,0.00042682500000000003,0.000460623625,569968,7.680987090179026e-16,9.91179698008748e-15
20260622_161419,2026-06-22T16:14:19.121,orthonormal_rows,square,128,128,1.000000,20260313,4,dgeqp3_trsm,0.00026420800000000004,0.00030333350000000004,0.000269404075,0.00031208845,823184,8.506874276961963e-16,1.1025438869614885e-14
20260622_161419,2026-06-22T16:14:19.121,orthonormal_rows,square,256,256,1.000000,20260313,4,bsqr_full,0.0024680830000000003,0.0025347715,0.002469774425,0.0032865621249999998,2273616,9.910426909686947e-16,2.0188216942916112e-14
20260622_161419,2026-06-22T16:14:19.121,orthonormal_rows,square,256,256,1.000000,20260313,4,dgeqp3,0.002058292,0.0021067290000000003,0.0020626717250000004,0.003310996075,2857776,1.02321664876321e-15,2.0584146249778086e-14
20260622_161419,2026-06-22T16:14:19.121,orthonormal_rows,square,256,256,1.000000,20260313,4,bsqr_rinv,0.002518208,0.002704146,0.0025239782750000003,0.0037239919999999998,2273664,9.910426909686947e-16,2.0188216942916112e-14
20260622_161419,2026-06-22T16:14:19.121,orthonormal_rows,square,256,256,1.000000,20260313,4,dgeqp3_trsm,0.0020405420000000002,0.00210075,0.002041447525,0.003977506674999997,2857776,1.02321664876321e-15,2.0584146249778086e-14
20260622_161419,2026-06-22T16:14:19.121,orthonormal_rows,square,384,384,1.000000,20260313,4,bsqr_full,0.005280625000000001,0.005399833000000001,0.005325545275,0.00643115625,4982256,1.1755162063532013e-15,2.959468798519838e-14
20260622_161419,2026-06-22T16:14:19.121,orthonormal_rows,square,384,384,1.000000,20260313,4,dgeqp3,0.004372125,0.004552062,0.004402333575,0.006722420649999998,6203184,1.1972591903975636e-15,2.979893328689783e-14
20260622_161419,2026-06-22T16:14:19.121,orthonormal_rows,square,384,384,1.000000,20260313,4,bsqr_rinv,0.005292583,0.0054815,0.005317595500000001,0.006844644699999999,4982304,1.1755162063532013e-15,2.959468798519838e-14
20260622_161419,2026-06-22T16:14:19.121,orthonormal_rows,square,384,384,1.000000,20260313,4,dgeqp3_trsm,0.004311125,0.004454896,0.0043376484,0.006524489099999998,6203184,1.1972591903975636e-15,2.979893328689783e-14
20260622_161419,2026-06-22T16:14:19.121,orthonormal_rows,square,512,512,1.000000,20260313,4,bsqr_full,0.011952083,0.012321625000000001,0.011979210325,0.015526858575,8739440,1.32399464156463e-15,3.8616251281510426e-14
20260622_161419,2026-06-22T16:14:19.121,orthonormal_rows,square,512,512,1.000000,20260313,4,dgeqp3,0.009372792000000001,0.009517187500000001,0.009380555300000001,0.012553592375,10859312,1.3385189253729412e-15,3.819982766726195e-14
20260622_161419,2026-06-22T16:14:19.121,orthonormal_rows,square,512,512,1.000000,20260313,4,bsqr_rinv,0.012057125,0.012147937000000001,0.012060749999999999,0.0147304537,8739488,1.32399464156463e-15,3.8616251281510426e-14
20260622_161419,2026-06-22T16:14:19.121,orthonormal_rows,square,512,512,1.000000,20260313,4,dgeqp3_trsm,0.009438042,0.009746125000000001,0.00944293575,0.012840870924999994,10859312,1.3385189253729412e-15,3.819982766726195e-14
20260622_161419,2026-06-22T16:14:19.121,orthonormal_rows,short_wide,32,64,2.000000,20260313,4,bsqr_full,2.5625000000000003e-5,2.6083500000000002e-5,2.5655450000000002e-5,3.382282499999998e-5,72160,5.401436308999979e-16,3.2355848477325273e-15
20260622_161419,2026-06-22T16:14:19.121,orthonormal_rows,short_wide,32,64,2.000000,20260313,4,dgeqp3,1.9166000000000003e-5,1.9458000000000002e-5,1.919645e-5,2.4536699999999985e-5,159280,6.02472466375673e-16,3.4631921586664446e-15
20260622_161419,2026-06-22T16:14:19.121,orthonormal_rows,short_wide,32,64,2.000000,20260313,4,bsqr_rinv,2.6291000000000003e-5,2.6854e-5,2.63519e-5,3.3746874999999985e-5,80432,5.401436308999979e-16,3.2355848477325273e-15
20260622_161419,2026-06-22T16:14:19.121,orthonormal_rows,short_wide,32,64,2.000000,20260313,4,dgeqp3_trsm,2.3833e-5,2.7417000000000002e-5,2.3893900000000002e-5,3.566525e-5,208752,6.02472466375673e-16,3.4631921586664446e-15
20260622_161419,2026-06-22T16:14:19.121,orthonormal_rows,short_wide,32,128,4.000000,20260313,4,bsqr_full,4.3875e-5,4.4291e-5,4.390545e-5,5.6020924999999986e-5,126752,5.949708817836108e-16,3.449787848010539e-15
20260622_161419,2026-06-22T16:14:19.121,orthonormal_rows,short_wide,32,128,4.000000,20260313,4,dgeqp3,3.1666000000000005e-5,3.21875e-5,3.1787075000000004e-5,3.764839999999998e-5,273520,6.180349718390934e-16,3.51947211935316e-15
20260622_161419,2026-06-22T16:14:19.121,orthonormal_rows,short_wide,32,128,4.000000,20260313,4,bsqr_rinv,4.5833e-5,4.6562000000000006e-5,4.5923625000000004e-5,5.261207499999999e-5,151408,5.949708817836108e-16,3.449787848010539e-15
20260622_161419,2026-06-22T16:14:19.121,orthonormal_rows,short_wide,32,128,4.000000,20260313,4,dgeqp3_trsm,4.375e-5,4.47085e-5,4.375e-5,5.757557499999999e-5,372144,6.180349718390934e-16,3.51947211935316e-15
20260622_161419,2026-06-22T16:14:19.121,orthonormal_rows,short_wide,32,256,8.000000,20260313,4,bsqr_full,8.6458e-5,9.22715e-5,8.715327500000001e-5,0.00011123234999999999,234976,6.162243250993103e-16,3.316940227848201e-15
20260622_161419,2026-06-22T16:14:19.121,orthonormal_rows,short_wide,32,256,8.000000,20260313,4,dgeqp3,6.4375e-5,6.5584e-5,6.4496075e-5,7.245015e-5,439344,6.25024276554742e-16,3.475273902814995e-15
20260622_161419,2026-06-22T16:14:19.121,orthonormal_rows,short_wide,32,256,8.000000,20260313,4,bsqr_rinv,8.883300000000001e-5,9.71465e-5,8.892435e-5,0.00010276562499999999,300592,6.162243250993103e-16,3.316940227848201e-15
20260622_161419,2026-06-22T16:14:19.121,orthonormal_rows,short_wide,32,256,8.000000,20260313,4,dgeqp3_trsm,7.3583e-5,9.045800000000001e-5,7.4186925e-5,9.370625e-5,644464,6.25024276554742e-16,3.475273902814995e-15
20260622_161419,2026-06-22T16:14:19.121,orthonormal_rows,short_wide,32,320,10.000000,20260313,4,bsqr_full,0.00010962500000000001,0.00011870850000000001,0.0001097758,0.00012302225,338400,5.095747000040908e-16,2.8131052411241707e-15
20260622_161419,2026-06-22T16:14:19.121,orthonormal_rows,short_wide,32,320,10.000000,20260313,4,dgeqp3,6.500000000000001e-5,7.827100000000001e-5,6.572500000000001e-5,7.986047500000001e-5,571440,6.112949092226135e-16,3.316606378292106e-15
20260622_161419,2026-06-22T16:14:19.121,orthonormal_rows,short_wide,32,320,10.000000,20260313,4,bsqr_rinv,0.000126875,0.0001285,0.000126965625,0.00014008517499999998,436784,5.095747000040908e-16,2.8131052411241707e-15
20260622_161419,2026-06-22T16:14:19.121,orthonormal_rows,short_wide,32,320,10.000000,20260313,4,dgeqp3_trsm,9.4042e-5,0.0001089585,9.4252975e-5,0.00011057565000000001,874864,6.112949092226135e-16,3.316606378292106e-15
20260622_161419,2026-06-22T16:14:19.121,orthonormal_rows,short_wide,64,128,2.000000,20260313,4,bsqr_full,0.000126666,0.0001329375,0.000127422175,0.000151064525,258080,6.557820800448121e-16,5.3759323427231906e-15
20260622_161419,2026-06-22T16:14:19.121,orthonormal_rows,short_wide,64,128,2.000000,20260313,4,dgeqp3,9.045900000000001e-5,0.000100208,9.07606e-5,0.000104007475,429424,7.616478165342665e-16,6.522355579162281e-15
20260622_161419,2026-06-22T16:14:19.121,orthonormal_rows,short_wide,64,128,2.000000,20260313,4,bsqr_rinv,0.00012720800000000002,0.0001348335,0.00012720800000000002,0.00013978639999999998,290928,6.557820800448121e-16,5.3759323427231906e-15
20260622_161419,2026-06-22T16:14:19.121,orthonormal_rows,short_wide,64,128,2.000000,20260313,4,dgeqp3_trsm,0.000107083,0.000119208,0.00010768765,0.00012125282500000001,626352,7.616478165342665e-16,6.522355579162281e-15
20260622_161419,2026-06-22T16:14:19.121,orthonormal_rows,short_wide,64,256,4.000000,20260313,4,bsqr_full,0.000297209,0.00031237500000000004,0.000301588725,0.00032232325,464608,7.460223882707117e-16,6.121109974111477e-15
20260622_161419,2026-06-22T16:14:19.121,orthonormal_rows,short_wide,64,256,4.000000,20260313,4,dgeqp3,0.000161916,0.000183625,0.0001620378,0.0002013545,726320,7.989149044972913e-16,6.444134682315914e-15
20260622_161419,2026-06-22T16:14:19.121,orthonormal_rows,short_wide,64,256,4.000000,20260313,4,bsqr_rinv,0.00031108300000000003,0.000330396,0.00031437595000000004,0.0003412705,562992,7.460223882707117e-16,6.121109974111477e-15
20260622_161419,2026-06-22T16:14:19.121,orthonormal_rows,short_wide,64,256,4.000000,20260313,4,dgeqp3_trsm,0.000192041,0.000234271,0.0001944886,0.00024064062500000002,1119856,7.989149044972913e-16,6.444134682315914e-15
20260622_161419,2026-06-22T16:14:19.121,orthonormal_rows,short_wide,64,512,8.000000,20260313,4,bsqr_full,0.000737208,0.00077775,0.00075107435,0.0007904392500000001,1002512,7.475103491638962e-16,5.6750440083228005e-15
20260622_161419,2026-06-22T16:14:19.121,orthonormal_rows,short_wide,64,512,8.000000,20260313,4,dgeqp3,0.000472333,0.0004895835,0.00047317907500000003,0.0005102054500000001,1320240,7.543509146936655e-16,6.060325015370593e-15
20260622_161419,2026-06-22T16:14:19.121,orthonormal_rows,short_wide,64,512,8.000000,20260313,4,bsqr_rinv,0.000761625,0.000808708,0.0007670320500000001,0.000817522025,1231968,7.475103491638962e-16,5.6750440083228005e-15
20260622_161419,2026-06-22T16:14:19.121,orthonormal_rows,short_wide,64,512,8.000000,20260313,4,dgeqp3_trsm,0.00051825,0.000576542,0.0005297296500000001,0.0012416229749999967,2106992,7.543509146936655e-16,6.060325015370593e-15
20260622_161419,2026-06-22T16:14:19.121,orthonormal_rows,short_wide,64,640,10.000000,20260313,4,bsqr_full,0.000923417,0.000976917,0.000939003775,0.0010014019,1309840,7.602522537763837e-16,5.534792252840547e-15
20260622_161419,2026-06-22T16:14:19.121,orthonormal_rows,short_wide,64,640,10.000000,20260313,4,dgeqp3,0.0006002500000000001,0.0006479165000000001,0.0006018508000000001,0.0019299233999999937,1617200,7.982722008574982e-16,6.598350209540396e-15
20260622_161419,2026-06-22T16:14:19.121,orthonormal_rows,short_wide,64,640,10.000000,20260313,4,bsqr_rinv,0.000967459,0.0010209375000000001,0.000968576225,0.001836976099999996,1604832,7.602522537763837e-16,5.534792252840547e-15
20260622_161419,2026-06-22T16:14:19.121,orthonormal_rows,short_wide,64,640,10.000000,20260313,4,dgeqp3_trsm,0.000681333,0.0007464795,0.00068447515,0.002194130024999993,2600560,7.982722008574982e-16,6.598350209540396e-15
20260622_161419,2026-06-22T16:14:19.121,orthonormal_rows,short_wide,128,256,2.000000,20260313,4,bsqr_full,0.001012542,0.0010571665,0.001014082625,0.00106628285,1045776,9.32505268766615e-16,1.0376925893561221e-14
20260622_161419,2026-06-22T16:14:19.121,orthonormal_rows,short_wide,128,256,2.000000,20260313,4,dgeqp3,0.0007293330000000001,0.0007604165,0.0007346197000000001,0.000784502175,1382224,9.508697649311883e-16,1.1160977593327528e-14
20260622_161419,2026-06-22T16:14:19.121,orthonormal_rows,short_wide,128,256,2.000000,20260313,4,bsqr_rinv,0.0010343750000000001,0.0010708755000000002,0.0010437695500000001,0.0010869523250000002,1176928,9.32505268766615e-16,1.0376925893561221e-14
20260622_161419,2026-06-22T16:14:19.121,orthonormal_rows,short_wide,128,256,2.000000,20260313,4,dgeqp3_trsm,0.000812333,0.0008498955000000001,0.0008185564,0.0019897146749999943,2168976,9.508697649311883e-16,1.1160977593327528e-14
20260622_161419,2026-06-22T16:14:19.121,orthonormal_rows,short_wide,128,512,4.000000,20260313,4,bsqr_full,0.001988708,0.0021029580000000003,0.0019890712249999998,0.003664810974999993,1912368,9.604423962995922e-16,1.034180801514502e-14
20260622_161419,2026-06-22T16:14:19.121,orthonormal_rows,short_wide,128,512,4.000000,20260313,4,dgeqp3,0.0015600000000000002,0.0017967915,0.0015713281250000002,0.003306446724999997,2500432,9.735818650044381e-16,1.0750977782755015e-14
20260622_161419,2026-06-22T16:14:19.121,orthonormal_rows,short_wide,128,512,4.000000,20260313,4,bsqr_rinv,0.001995167,0.0021564165,0.0019953779750000004,0.0030271620749999957,2305664,9.604423962995922e-16,1.034180801514502e-14
20260622_161419,2026-06-22T16:14:19.121,orthonormal_rows,short_wide,128,512,4.000000,20260313,4,dgeqp3_trsm,0.0017612080000000002,0.001975,0.00177827595,0.003011088149999999,4073616,9.735818650044381e-16,1.0750977782755015e-14
20260622_161419,2026-06-22T16:14:19.121,orthonormal_rows,short_wide,128,1024,8.000000,20260313,4,bsqr_full,0.003839958,0.004017958,0.0038454868500000005,0.009654309225000001,3648112,9.220878262143705e-16,1.0003115057447824e-14
20260622_161419,2026-06-22T16:14:19.121,orthonormal_rows,short_wide,128,1024,8.000000,20260313,4,dgeqp3,0.002676917,0.002931312,0.0027089678,0.006400207849999999,4736848,9.343116565215658e-16,1.1211917405075003e-14
20260622_161419,2026-06-22T16:14:19.121,orthonormal_rows,short_wide,128,1024,8.000000,20260313,4,bsqr_rinv,0.003892042,0.004151313,0.0039286545,0.008315922674999999,4565696,9.220878262143705e-16,1.0003115057447824e-14
20260622_161419,2026-06-22T16:14:19.121,orthonormal_rows,short_wide,128,1024,8.000000,20260313,4,dgeqp3_trsm,0.002967625,0.003219771,0.003014840625,0.006952764825,7882896,9.343116565215658e-16,1.1211917405075003e-14
20260622_161419,2026-06-22T16:14:19.121,orthonormal_rows,short_wide,128,1280,10.000000,20260313,4,bsqr_full,0.005090333000000001,0.005260771,0.005104077550000001,0.011359547975000002,4557696,9.167715752570074e-16,1.0115321266924295e-14
20260622_161419,2026-06-22T16:14:19.121,orthonormal_rows,short_wide,128,1280,10.000000,20260313,4,dgeqp3,0.0033259170000000003,0.0035221875,0.0033476662749999998,0.005368887924999997,5855056,9.49812489340606e-16,1.1309347674820149e-14
20260622_161419,2026-06-22T16:14:19.121,orthonormal_rows,short_wide,128,1280,10.000000,20260313,4,bsqr_rinv,0.005289167,0.0054204585,0.0052902545,0.00917850815,5737424,9.167715752570074e-16,1.0115321266924295e-14
20260622_161419,2026-06-22T16:14:19.121,orthonormal_rows,short_wide,128,1280,10.000000,20260313,4,dgeqp3_trsm,0.003791375,0.004024271,0.0038054827750000006,0.006294274999999998,9787536,9.49812489340606e-16,1.1309347674820149e-14
20260622_161419,2026-06-22T16:14:19.121,orthonormal_rows,short_wide,256,512,2.000000,20260313,4,bsqr_full,0.004873083,0.005054729,0.0048798197,0.009061802175,3928592,1.1435177385467294e-15,1.9764607075549717e-14
20260622_161419,2026-06-22T16:14:19.121,orthonormal_rows,short_wide,256,512,2.000000,20260313,4,dgeqp3,0.003779709,0.003880104,0.0037821856,0.006858589250000001,5024560,1.1758940903388528e-15,2.0264997431758186e-14
20260622_161419,2026-06-22T16:14:19.121,orthonormal_rows,short_wide,256,512,2.000000,20260313,4,bsqr_rinv,0.004912959000000001,0.0050707705,0.004917640325,0.008675849625,4452960,1.1435177385467294e-15,1.9764607075549717e-14
20260622_161419,2026-06-22T16:14:19.121,orthonormal_rows,short_wide,256,512,2.000000,20260313,4,dgeqp3_trsm,0.00407925,0.004218250000000001,0.00409393125,0.0072418318249999995,8170608,1.1758940903388528e-15,2.0264997431758186e-14
20260622_161419,2026-06-22T16:14:19.121,orthonormal_rows,short_wide,256,1024,4.000000,20260313,4,bsqr_full,0.009894917000000001,0.010291333500000001,0.009910111550000001,0.014770650799999997,7237200,1.1871326843012122e-15,2.0159971336694018e-14
20260622_161419,2026-06-22T16:14:19.121,orthonormal_rows,short_wide,256,1024,4.000000,20260313,4,dgeqp3,0.0065571660000000006,0.006785354,0.00656843395,0.011870939025,9358128,1.2095063182271715e-15,2.0283156965733687e-14
20260622_161419,2026-06-22T16:14:19.121,orthonormal_rows,short_wide,256,1024,4.000000,20260313,4,bsqr_rinv,0.010066917,0.0103506875,0.0100746803,0.015329698775000001,8810144,1.1871326843012122e-15,2.0159971336694018e-14
20260622_161419,2026-06-22T16:14:19.121,orthonormal_rows,short_wide,256,1024,4.000000,20260313,4,dgeqp3_trsm,0.0072571250000000006,0.007830416500000001,0.007278240625,0.011888629499999998,15649904,1.2095063182271715e-15,2.0283156965733687e-14
20260622_161419,2026-06-22T16:14:19.121,orthonormal_rows,short_wide,256,2048,8.000000,20260313,4,bsqr_full,0.020117459,0.021176062000000002,0.0201226239,0.024221765625,13824560,1.1855473846605938e-15,1.981826154303571e-14
20260622_161419,2026-06-22T16:14:19.121,orthonormal_rows,short_wide,256,2048,8.000000,20260313,4,dgeqp3,0.012319375,0.013440937500000001,0.012509354725000001,0.016408112199999998,18058032,1.2113615093006533e-15,2.0354084245722283e-14
20260622_161419,2026-06-22T16:14:19.121,orthonormal_rows,short_wide,256,2048,8.000000,20260313,4,bsqr_rinv,0.020491833,0.021129583,0.020504702475,0.03398814724999996,17494656,1.1855473846605938e-15,1.981826154303571e-14
20260622_161419,2026-06-22T16:14:19.121,orthonormal_rows,short_wide,256,2048,8.000000,20260313,4,dgeqp3_trsm,0.014381291000000001,0.015619979,0.01439174405,0.026585727824999968,30641264,1.2113615093006533e-15,2.0354084245722283e-14
20260622_161419,2026-06-22T16:14:19.121,orthonormal_rows,short_wide,256,2560,10.000000,20260313,4,bsqr_full,0.024692042,0.025840666,0.0247217061,0.02879461155,17151056,1.2087052942962502e-15,2.0301157849148763e-14
20260622_161419,2026-06-22T16:14:19.121,orthonormal_rows,short_wide,256,2560,10.000000,20260313,4,dgeqp3,0.015353042,0.0164314165,0.015367813875,0.029703701899999962,22391600,1.2130949490423424e-15,1.9966638635686343e-14
20260622_161419,2026-06-22T16:14:19.121,orthonormal_rows,short_wide,256,2560,10.000000,20260313,4,bsqr_rinv,0.025073167,0.026347916500000002,0.025107151375,0.039265523774999964,21869728,1.2087052942962502e-15,2.0301157849148763e-14
20260622_161419,2026-06-22T16:14:19.121,orthonormal_rows,short_wide,256,2560,10.000000,20260313,4,dgeqp3_trsm,0.017481125,0.018778875,0.01755903205,0.049170799999999994,38120560,1.2130949490423424e-15,1.9966638635686343e-14
20260622_161419,2026-06-22T16:14:19.121,orthonormal_rows,short_wide,512,1024,2.000000,20260313,4,bsqr_full,0.025807875,0.026966416500000003,0.025822496075000003,0.030286045775,15187024,1.5125634634953193e-15,3.820254950922549e-14
20260622_161419,2026-06-22T16:14:19.121,orthonormal_rows,short_wide,512,1024,2.000000,20260313,4,dgeqp3,0.017057625,0.019080604,0.017075327325,0.03041982027499996,19387184,1.5410603841283584e-15,3.816410353491997e-14
20260622_161419,2026-06-22T16:14:19.121,orthonormal_rows,short_wide,512,1024,2.000000,20260313,4,bsqr_rinv,0.025812,0.027676646000000003,0.026022068750000002,0.03795849809999996,17284256,1.5125634634953193e-15,3.820254950922549e-14
20260622_161419,2026-06-22T16:14:19.121,orthonormal_rows,short_wide,512,1024,2.000000,20260313,4,dgeqp3_trsm,0.018834459,0.020415542000000002,0.01891556765,0.032112819549999956,31970416,1.5410603841283584e-15,3.816410353491997e-14
20260622_161419,2026-06-22T16:14:19.121,orthonormal_rows,short_wide,512,2048,4.000000,20260313,4,bsqr_full,0.053346375,0.055378166500000006,0.053456272675000006,0.06696273982499996,28080720,1.5756345322535872e-15,3.8508264668155785e-14
20260622_161419,2026-06-22T16:14:19.121,orthonormal_rows,short_wide,512,2048,4.000000,20260313,4,dgeqp3,0.031811292000000005,0.033778333,0.031852978775,0.066707753275,36475696,1.590741614013972e-15,3.7906251469587736e-14
20260622_161419,2026-06-22T16:14:19.121,orthonormal_rows,short_wide,512,2048,4.000000,20260313,4,bsqr_rinv,0.054057833000000007,0.056666625000000005,0.05406330095000001,0.085945771075,34372256,1.5756345322535872e-15,3.8508264668155785e-14
20260622_161419,2026-06-22T16:14:19.121,orthonormal_rows,short_wide,512,2048,4.000000,20260313,4,dgeqp3_trsm,0.035855333,0.0385228955,0.036458200950000005,0.07038821642500001,61641840,1.590741614013972e-15,3.7906251469587736e-14
20260622_161419,2026-06-22T16:14:19.121,orthonormal_rows,short_wide,512,4096,8.000000,20260313,4,bsqr_full,0.15235583400000002,0.16225597900000002,0.1530276364,0.19970249935,60162672,1.6039556992107331e-15,3.864390829784272e-14
20260622_161419,2026-06-22T16:14:19.121,orthonormal_rows,short_wide,512,4096,8.000000,20260313,4,dgeqp3,0.07480341700000001,0.077659792,0.0749137678,0.11240787892499998,83202864,1.6350161769723668e-15,3.835171733576172e-14
20260622_161419,2026-06-22T16:14:19.121,orthonormal_rows,short_wide,512,4096,8.000000,20260313,4,bsqr_rinv,0.155820291,0.1652864165,0.1562760144,0.18975777637500002,81134272,1.6039556992107331e-15,3.864390829784272e-14
20260622_161419,2026-06-22T16:14:19.121,orthonormal_rows,short_wide,512,4096,8.000000,20260313,4,dgeqp3_trsm,0.079251666,0.084162125,0.08054171360000001,0.11791664157500001,141923440,1.6350161769723668e-15,3.835171733576172e-14
20260622_161419,2026-06-22T16:14:19.121,orthonormal_rows,short_wide,512,5120,10.000000,20260313,4,bsqr_full,0.302070959,0.319920917,0.30222350055,0.41465358355000004,67143312,1.600767621554237e-15,3.840579258757688e-14
20260622_161419,2026-06-22T16:14:19.121,orthonormal_rows,short_wide,512,5120,10.000000,20260313,4,dgeqp3,0.14492670800000002,0.16973000000000002,0.1476309837,0.2103952911,87724848,1.6379817617286726e-15,3.8304044350133296e-14
20260622_161419,2026-06-22T16:14:19.121,orthonormal_rows,short_wide,512,5120,10.000000,20260313,4,bsqr_rinv,0.367441,0.37501852100000005,0.368187525,0.41316147325,86017760,1.600767621554237e-15,3.840579258757688e-14
20260622_161419,2026-06-22T16:14:19.121,orthonormal_rows,short_wide,512,5120,10.000000,20260313,4,dgeqp3_trsm,0.179484625,0.189158041,0.17986339960000003,0.24066237499999998,150639728,1.6379817617286726e-15,3.8304044350133296e-14
20260622_161419,2026-06-22T16:14:19.121,gaussian,square,64,64,1.000000,20260314,4,bsqr_full,6.7042e-5,6.779150000000001e-5,6.710217500000001e-5,8.251169999999998e-5,154336,5.465783048054313e-16,5.699837430935465e-15
20260622_161419,2026-06-22T16:14:19.121,gaussian,square,64,64,1.000000,20260314,4,dgeqp3,5.6458e-5,5.7584e-5,5.6669700000000004e-5,6.892892499999998e-5,249648,5.835149743505014e-16,6.698802513112806e-15
20260622_161419,2026-06-22T16:14:19.121,gaussian,square,64,64,1.000000,20260314,4,bsqr_rinv,6.6042e-5,6.689550000000001e-5,6.616234999999999e-5,9.07777e-5,154384,5.465783048054313e-16,5.699837430935465e-15
20260622_161419,2026-06-22T16:14:19.121,gaussian,square,64,64,1.000000,20260314,4,dgeqp3_trsm,5.7917e-5,5.8729000000000006e-5,5.8219324999999995e-5,6.4746875e-5,249648,5.835149743505014e-16,6.698802513112806e-15
20260622_161419,2026-06-22T16:14:19.121,gaussian,square,128,128,1.000000,20260314,4,bsqr_full,0.00043008300000000005,0.000445708,0.000431654075,0.000463497525,569920,7.242286851376532e-16,1.0257728192606141e-14
20260622_161419,2026-06-22T16:14:19.121,gaussian,square,128,128,1.000000,20260314,4,dgeqp3,0.00027075,0.00030202100000000003,0.00028162500000000003,0.000313071875,823184,7.203783030524703e-16,1.1034174141850015e-14
20260622_161419,2026-06-22T16:14:19.121,gaussian,square,128,128,1.000000,20260314,4,bsqr_rinv,0.00042212500000000003,0.0004420625,0.00042472267500000006,0.0004574875000000001,569968,7.242286851376532e-16,1.0257728192606141e-14
20260622_161419,2026-06-22T16:14:19.121,gaussian,square,128,128,1.000000,20260314,4,dgeqp3_trsm,0.00026979200000000004,0.00029685400000000004,0.00027217797500000003,0.000312792225,823184,7.203783030524703e-16,1.1034174141850015e-14
20260622_161419,2026-06-22T16:14:19.121,gaussian,square,256,256,1.000000,20260314,4,bsqr_full,0.0024152500000000003,0.0025139375,0.002430504725,0.00359130705,2273616,9.056326868209464e-16,1.99222433419388e-14
20260622_161419,2026-06-22T16:14:19.121,gaussian,square,256,256,1.000000,20260314,4,dgeqp3,0.002030166,0.0021027295,0.0020369636,0.0029787374999999984,2857776,9.360087951540032e-16,1.9928346667831733e-14
20260622_161419,2026-06-22T16:14:19.121,gaussian,square,256,256,1.000000,20260314,4,bsqr_rinv,0.0024345,0.0024695625,0.0024435625,0.003086137349999999,2273664,9.056326868209464e-16,1.99222433419388e-14
20260622_161419,2026-06-22T16:14:19.121,gaussian,square,256,256,1.000000,20260314,4,dgeqp3_trsm,0.002061125,0.0021133335,0.0020657468750000002,0.003158958575,2857776,9.360087951540032e-16,1.9928346667831733e-14
20260622_161419,2026-06-22T16:14:19.121,gaussian,square,384,384,1.000000,20260314,4,bsqr_full,0.0053637500000000005,0.0055836245,0.005381210175000001,0.006963754725,4982256,1.0678153236927994e-15,2.9403607139433854e-14
20260622_161419,2026-06-22T16:14:19.121,gaussian,square,384,384,1.000000,20260314,4,dgeqp3,0.004584459,0.004782396,0.0045965114,0.006998362500000001,6203184,1.0879162558327746e-15,2.9800868746927475e-14
20260622_161419,2026-06-22T16:14:19.121,gaussian,square,384,384,1.000000,20260314,4,bsqr_rinv,0.005423750000000001,0.005597083,0.0054506359,0.007050162925,4982304,1.0678153236927994e-15,2.9403607139433854e-14
20260622_161419,2026-06-22T16:14:19.121,gaussian,square,384,384,1.000000,20260314,4,dgeqp3_trsm,0.004393875,0.004557854,0.0043980437499999995,0.0067904782749999976,6203184,1.0879162558327746e-15,2.9800868746927475e-14
20260622_161419,2026-06-22T16:14:19.121,gaussian,square,512,512,1.000000,20260314,4,bsqr_full,0.011803583000000001,0.012141437500000001,0.011810047825,0.016754612874999998,8739440,1.2187831749265287e-15,3.838545870774124e-14
20260622_161419,2026-06-22T16:14:19.121,gaussian,square,512,512,1.000000,20260314,4,dgeqp3,0.009173625000000001,0.0093683745,0.009199634375000001,0.0119564375,10859312,1.2351956336965681e-15,3.873912203969625e-14
20260622_161419,2026-06-22T16:14:19.121,gaussian,square,512,512,1.000000,20260314,4,bsqr_rinv,0.011921084,0.012126729000000001,0.0119942481,0.014716764825,8739488,1.2187831749265287e-15,3.838545870774124e-14
20260622_161419,2026-06-22T16:14:19.121,gaussian,square,512,512,1.000000,20260314,4,dgeqp3_trsm,0.009222958,0.009361395500000001,0.009235585325,0.012118127174999997,10859312,1.2351956336965681e-15,3.873912203969625e-14
20260622_161419,2026-06-22T16:14:19.121,gaussian,short_wide,32,64,2.000000,20260314,4,bsqr_full,2.5833e-5,2.65205e-5,2.5833e-5,3.484127499999998e-5,72160,5.307918584881057e-16,3.2744913224115165e-15
20260622_161419,2026-06-22T16:14:19.121,gaussian,short_wide,32,64,2.000000,20260314,4,dgeqp3,1.8958e-5,1.9416500000000003e-5,1.9018175000000002e-5,2.6620774999999986e-5,159280,5.352876338511524e-16,3.391347564137023e-15
20260622_161419,2026-06-22T16:14:19.121,gaussian,short_wide,32,64,2.000000,20260314,4,bsqr_rinv,2.6625e-5,2.7208500000000002e-5,2.6625e-5,3.6115474999999975e-5,80432,5.307918584881057e-16,3.2744913224115165e-15
20260622_161419,2026-06-22T16:14:19.121,gaussian,short_wide,32,64,2.000000,20260314,4,dgeqp3_trsm,2.3916000000000003e-5,2.68955e-5,2.39769e-5,3.2341199999999995e-5,208752,5.352876338511524e-16,3.391347564137023e-15
20260622_161419,2026-06-22T16:14:19.121,gaussian,short_wide,32,128,4.000000,20260314,4,bsqr_full,4.4000000000000006e-5,4.49585e-5,4.418125000000001e-5,5.94372e-5,126752,5.883573697040006e-16,3.418163901751136e-15
20260622_161419,2026-06-22T16:14:19.121,gaussian,short_wide,32,128,4.000000,20260314,4,dgeqp3,3.0625e-5,3.2062e-5,3.0685175e-5,3.7138074999999994e-5,273520,5.580941492868258e-16,3.3882267299892526e-15
20260622_161419,2026-06-22T16:14:19.121,gaussian,short_wide,32,128,4.000000,20260314,4,bsqr_rinv,4.6125e-5,4.6667000000000006e-5,4.6185175e-5,5.233182499999998e-5,151408,5.883573697040006e-16,3.418163901751136e-15
20260622_161419,2026-06-22T16:14:19.121,gaussian,short_wide,32,128,4.000000,20260314,4,dgeqp3_trsm,4.4041e-5,4.4625e-5,4.413235000000001e-5,5.762892499999999e-5,372144,5.580941492868258e-16,3.3882267299892526e-15
20260622_161419,2026-06-22T16:14:19.121,gaussian,short_wide,32,256,8.000000,20260314,4,bsqr_full,8.675000000000001e-5,9.3687e-5,8.6810175e-5,0.00010067325,234976,6.611707718669343e-16,3.896236574413586e-15
20260622_161419,2026-06-22T16:14:19.121,gaussian,short_wide,32,256,8.000000,20260314,4,dgeqp3,5.4833e-5,6.6458e-5,5.5104875e-5,6.974375e-5,439344,6.354754711325523e-16,3.626283697120813e-15
20260622_161419,2026-06-22T16:14:19.121,gaussian,short_wide,32,256,8.000000,20260314,4,bsqr_rinv,8.966700000000001e-5,9.512500000000001e-5,9.0120125e-5,0.00010889904999999999,300592,6.611707718669343e-16,3.896236574413586e-15
20260622_161419,2026-06-22T16:14:19.121,gaussian,short_wide,32,256,8.000000,20260314,4,dgeqp3_trsm,7.5417e-5,9.2979e-5,7.562797499999999e-5,9.4784375e-5,644464,6.354754711325523e-16,3.626283697120813e-15
20260622_161419,2026-06-22T16:14:19.121,gaussian,short_wide,32,320,10.000000,20260314,4,bsqr_full,0.00011237500000000001,0.00012060450000000001,0.00011246562500000001,0.000123877175,338400,5.537338838824646e-16,3.2048875402118395e-15
20260622_161419,2026-06-22T16:14:19.121,gaussian,short_wide,32,320,10.000000,20260314,4,dgeqp3,7.945800000000001e-5,8.05e-5,7.948845e-5,8.758952499999998e-5,571440,6.162210454698243e-16,3.5409877947114986e-15
20260622_161419,2026-06-22T16:14:19.121,gaussian,short_wide,32,320,10.000000,20260314,4,bsqr_rinv,0.000128792,0.00013027050000000002,0.00012897325,0.00014114825,436784,5.537338838824646e-16,3.2048875402118395e-15
20260622_161419,2026-06-22T16:14:19.121,gaussian,short_wide,32,320,10.000000,20260314,4,dgeqp3_trsm,9.366600000000001e-5,0.0001117085,9.8379225e-5,0.0001210947,874864,6.162210454698243e-16,3.5409877947114986e-15
20260622_161419,2026-06-22T16:14:19.121,gaussian,short_wide,64,128,2.000000,20260314,4,bsqr_full,0.000132041,0.00013322950000000002,0.00013213235,0.00014409485,258080,6.531777737252058e-16,5.4501280080274285e-15
20260622_161419,2026-06-22T16:14:19.121,gaussian,short_wide,64,128,2.000000,20260314,4,dgeqp3,0.000100167,0.00010125000000000001,0.000100438875,0.00010993684999999999,429424,6.745937158220357e-16,6.353275041938365e-15
20260622_161419,2026-06-22T16:14:19.121,gaussian,short_wide,64,128,2.000000,20260314,4,bsqr_rinv,0.00012758300000000001,0.000135959,0.000128097025,0.000147110325,290928,6.531777737252058e-16,5.4501280080274285e-15
20260622_161419,2026-06-22T16:14:19.121,gaussian,short_wide,64,128,2.000000,20260314,4,dgeqp3_trsm,0.00010275,0.00011991700000000001,0.00010284062500000001,0.00012905624999999998,626352,6.745937158220357e-16,6.353275041938365e-15
20260622_161419,2026-06-22T16:14:19.121,gaussian,short_wide,64,256,4.000000,20260314,4,bsqr_full,0.00030700000000000004,0.0003189585,0.000310171875,0.00033040582500000004,464608,7.163360837097747e-16,5.732193051974494e-15
20260622_161419,2026-06-22T16:14:19.121,gaussian,short_wide,64,256,4.000000,20260314,4,dgeqp3,0.000164875,0.0001864585,0.000166898475,0.000193321875,726320,7.377339696174065e-16,6.2292691835437104e-15
20260622_161419,2026-06-22T16:14:19.121,gaussian,short_wide,64,256,4.000000,20260314,4,bsqr_rinv,0.000312,0.000330563,0.0003165008,0.00033848125000000005,562992,7.163360837097747e-16,5.732193051974494e-15
20260622_161419,2026-06-22T16:14:19.121,gaussian,short_wide,64,256,4.000000,20260314,4,dgeqp3_trsm,0.00019429200000000002,0.00023397900000000002,0.00020948655000000002,0.000239597525,1119856,7.377339696174065e-16,6.2292691835437104e-15
20260622_161419,2026-06-22T16:14:19.121,gaussian,short_wide,64,512,8.000000,20260314,4,bsqr_full,0.0007385,0.000783521,0.000748740625,0.000810072825,1002512,7.807882796592828e-16,5.916129010351502e-15
20260622_161419,2026-06-22T16:14:19.121,gaussian,short_wide,64,512,8.000000,20260314,4,dgeqp3,0.00044870800000000003,0.00048385450000000004,0.00045021890000000004,0.0004967008,1320240,7.973368509604724e-16,6.47269794222074e-15
20260622_161419,2026-06-22T16:14:19.121,gaussian,short_wide,64,512,8.000000,20260314,4,bsqr_rinv,0.000775208,0.000811333,0.0007758728250000001,0.0008246149750000001,1231968,7.807882796592828e-16,5.916129010351502e-15
20260622_161419,2026-06-22T16:14:19.121,gaussian,short_wide,64,512,8.000000,20260314,4,dgeqp3_trsm,0.000510916,0.000573833,0.0005402487750000001,0.0009312656249999984,2106992,7.973368509604724e-16,6.47269794222074e-15
20260622_161419,2026-06-22T16:14:19.121,gaussian,short_wide,64,640,10.000000,20260314,4,bsqr_full,0.000961792,0.000985625,0.0009698873500000001,0.001008575,1309840,7.891603467507081e-16,5.6991714650834855e-15
20260622_161419,2026-06-22T16:14:19.121,gaussian,short_wide,64,640,10.000000,20260314,4,dgeqp3,0.0006015840000000001,0.0006484165,0.000605963725,0.0021860509499999924,1617200,7.708137296454529e-16,6.38031128315992e-15
20260622_161419,2026-06-22T16:14:19.121,gaussian,short_wide,64,640,10.000000,20260314,4,bsqr_rinv,0.000966459,0.0010126875000000001,0.0009847348000000002,0.0021306729749999945,1604832,7.891603467507081e-16,5.6991714650834855e-15
20260622_161419,2026-06-22T16:14:19.121,gaussian,short_wide,64,640,10.000000,20260314,4,dgeqp3_trsm,0.0006598330000000001,0.0007596045,0.0006821572,0.001974562499999994,2600560,7.708137296454529e-16,6.38031128315992e-15
20260622_161419,2026-06-22T16:14:19.121,gaussian,short_wide,128,256,2.000000,20260314,4,bsqr_full,0.0010261250000000001,0.0010614165,0.0010314109750000002,0.00107810655,1045776,8.689421062187567e-16,1.0225195019371685e-14
20260622_161419,2026-06-22T16:14:19.121,gaussian,short_wide,128,256,2.000000,20260314,4,dgeqp3,0.0007307910000000001,0.000767854,0.0007370745750000001,0.000784921875,1382224,8.693558942257383e-16,1.0795622673504266e-14
20260622_161419,2026-06-22T16:14:19.121,gaussian,short_wide,128,256,2.000000,20260314,4,bsqr_rinv,0.001045291,0.0010725415000000002,0.001046379225,0.001089279725,1176928,8.689421062187567e-16,1.0225195019371685e-14
20260622_161419,2026-06-22T16:14:19.121,gaussian,short_wide,128,256,2.000000,20260314,4,dgeqp3_trsm,0.0007782920000000001,0.000858042,0.0007985013750000001,0.0011711366999999986,2168976,8.693558942257383e-16,1.0795622673504266e-14
20260622_161419,2026-06-22T16:14:19.121,gaussian,short_wide,128,512,4.000000,20260314,4,bsqr_full,0.001945583,0.0020978535,0.001964493175,0.0028725204999999966,1912368,9.234291483479374e-16,9.762632427812722e-15
20260622_161419,2026-06-22T16:14:19.121,gaussian,short_wide,128,512,4.000000,20260314,4,dgeqp3,0.0015750830000000001,0.0018111045000000002,0.0015945978250000003,0.0028008499999999954,2500432,9.560263700428629e-16,1.1453204369884713e-14
20260622_161419,2026-06-22T16:14:19.121,gaussian,short_wide,128,512,4.000000,20260314,4,bsqr_rinv,0.002003542,0.00214525,0.00200858655,0.003830097299999992,2305664,9.234291483479374e-16,9.762632427812722e-15
20260622_161419,2026-06-22T16:14:19.121,gaussian,short_wide,128,512,4.000000,20260314,4,dgeqp3_trsm,0.0016972920000000002,0.0019490210000000002,0.0017324842250000002,0.00381369215,4073616,9.560263700428629e-16,1.1453204369884713e-14
20260622_161419,2026-06-22T16:14:19.121,gaussian,short_wide,128,1024,8.000000,20260314,4,bsqr_full,0.0038202500000000003,0.0041119375,0.003907371075,0.00873497515,3648112,9.113282525416038e-16,1.0057466313204148e-14
20260622_161419,2026-06-22T16:14:19.121,gaussian,short_wide,128,1024,8.000000,20260314,4,dgeqp3,0.002697875,0.0030204585000000003,0.0027005633,0.008854803275,4736848,9.084041496345966e-16,1.0772630048894165e-14
20260622_161419,2026-06-22T16:14:19.121,gaussian,short_wide,128,1024,8.000000,20260314,4,bsqr_rinv,0.0038912910000000003,0.004206688,0.0038948261,0.008600325299999998,4565696,9.113282525416038e-16,1.0057466313204148e-14
20260622_161419,2026-06-22T16:14:19.121,gaussian,short_wide,128,1024,8.000000,20260314,4,dgeqp3_trsm,0.0030714170000000003,0.0034769795,0.0030978186000000002,0.007499372674999997,7882896,9.084041496345966e-16,1.0772630048894165e-14
20260622_161419,2026-06-22T16:14:19.121,gaussian,short_wide,128,1280,10.000000,20260314,4,bsqr_full,0.005149292000000001,0.0053350625,0.00515454825,0.010217963449999999,4557696,8.651888226003793e-16,9.461423956989797e-15
20260622_161419,2026-06-22T16:14:19.121,gaussian,short_wide,128,1280,10.000000,20260314,4,dgeqp3,0.0034872500000000003,0.0037630625000000003,0.0035280617000000005,0.006966497675000001,5855056,9.179788829616238e-16,1.0826794461462715e-14
20260622_161419,2026-06-22T16:14:19.121,gaussian,short_wide,128,1280,10.000000,20260314,4,bsqr_rinv,0.0052054580000000005,0.0054415,0.0052180251500000005,0.011237264024999997,5737424,8.651888226003793e-16,9.461423956989797e-15
20260622_161419,2026-06-22T16:14:19.121,gaussian,short_wide,128,1280,10.000000,20260314,4,dgeqp3_trsm,0.0038963340000000004,0.004229958000000001,0.0039506481,0.007799050649999998,9787536,9.179788829616238e-16,1.0826794461462715e-14
20260622_161419,2026-06-22T16:14:19.121,gaussian,short_wide,256,512,2.000000,20260314,4,bsqr_full,0.0046535840000000005,0.004934771,0.00466297855,0.009011696074999999,3928592,1.0880024156528448e-15,2.0371742106684354e-14
20260622_161419,2026-06-22T16:14:19.121,gaussian,short_wide,256,512,2.000000,20260314,4,dgeqp3,0.003778542,0.0038883755,0.0037939178000000002,0.006452340624999996,5024560,1.1013711063459862e-15,2.013548717095951e-14
20260622_161419,2026-06-22T16:14:19.121,gaussian,short_wide,256,512,2.000000,20260314,4,bsqr_rinv,0.004847583,0.005029187500000001,0.004870088450000001,0.007533676224999999,4452960,1.0880024156528448e-15,2.0371742106684354e-14
20260622_161419,2026-06-22T16:14:19.121,gaussian,short_wide,256,512,2.000000,20260314,4,dgeqp3_trsm,0.004085125,0.004288333500000001,0.0041221,0.007524479650000001,8170608,1.1013711063459862e-15,2.013548717095951e-14
20260622_161419,2026-06-22T16:14:19.121,gaussian,short_wide,256,1024,4.000000,20260314,4,bsqr_full,0.009969,0.010711229000000001,0.009978334375000002,0.015332316425,7237200,1.164832627970787e-15,2.0126732090720263e-14
20260622_161419,2026-06-22T16:14:19.121,gaussian,short_wide,256,1024,4.000000,20260314,4,dgeqp3,0.006523875,0.006881479,0.006554898475000001,0.012395795349999995,9358128,1.1920674471257616e-15,2.0811454483778942e-14
20260622_161419,2026-06-22T16:14:19.121,gaussian,short_wide,256,1024,4.000000,20260314,4,bsqr_rinv,0.009982792,0.0102992505,0.010072177975,0.014938730299999998,8810144,1.164832627970787e-15,2.0126732090720263e-14
20260622_161419,2026-06-22T16:14:19.121,gaussian,short_wide,256,1024,4.000000,20260314,4,dgeqp3_trsm,0.007420833000000001,0.008129708000000001,0.007436179075,0.010730680025,15649904,1.1920674471257616e-15,2.0811454483778942e-14
20260622_161419,2026-06-22T16:14:19.121,gaussian,short_wide,256,2048,8.000000,20260314,4,bsqr_full,0.019956875000000002,0.021061687500000002,0.020001946075,0.025004891425000002,13824560,1.1695617306768875e-15,2.0034359632669846e-14
20260622_161419,2026-06-22T16:14:19.121,gaussian,short_wide,256,2048,8.000000,20260314,4,dgeqp3,0.012597708,0.013097791000000001,0.012598796225,0.015684182775,18058032,1.2100965578752863e-15,2.0154499679387007e-14
20260622_161419,2026-06-22T16:14:19.121,gaussian,short_wide,256,2048,8.000000,20260314,4,bsqr_rinv,0.020295333000000002,0.021121479500000002,0.020359435325,0.03339438044999996,17494656,1.1695617306768875e-15,2.0034359632669846e-14
20260622_161419,2026-06-22T16:14:19.121,gaussian,short_wide,256,2048,8.000000,20260314,4,dgeqp3_trsm,0.014445208000000001,0.0153911875,0.014475597825000002,0.026355017649999958,30641264,1.2100965578752863e-15,2.0154499679387007e-14
20260622_161419,2026-06-22T16:14:19.121,gaussian,short_wide,256,2560,10.000000,20260314,4,bsqr_full,0.024759042000000002,0.025538438,0.024769826375000005,0.029571817650000002,17151056,1.1715778338402362e-15,1.9761760102075623e-14
20260622_161419,2026-06-22T16:14:19.121,gaussian,short_wide,256,2560,10.000000,20260314,4,dgeqp3,0.01528025,0.0160757085,0.015404134375,0.027524217149999957,22391600,1.241551129520223e-15,2.0807000301075046e-14
20260622_161419,2026-06-22T16:14:19.121,gaussian,short_wide,256,2560,10.000000,20260314,4,bsqr_rinv,0.025297292000000002,0.026117208500000003,0.025321760750000002,0.03877041874999996,21869728,1.1715778338402362e-15,1.9761760102075623e-14
20260622_161419,2026-06-22T16:14:19.121,gaussian,short_wide,256,2560,10.000000,20260314,4,dgeqp3_trsm,0.017617458000000003,0.0187527085,0.017678479075000003,0.04914742347499999,38120560,1.241551129520223e-15,2.0807000301075046e-14
20260622_161419,2026-06-22T16:14:19.121,gaussian,short_wide,512,1024,2.000000,20260314,4,bsqr_full,0.024728708000000002,0.0266804165,0.024851565775,0.031310665475,15187024,1.439364700780471e-15,3.8521468516448873e-14
20260622_161419,2026-06-22T16:14:19.121,gaussian,short_wide,512,1024,2.000000,20260314,4,dgeqp3,0.017025167,0.0185186255,0.017026526375000003,0.03087860464999996,19387184,1.4481827933308296e-15,3.8594300363288545e-14
20260622_161419,2026-06-22T16:14:19.121,gaussian,short_wide,512,1024,2.000000,20260314,4,bsqr_rinv,0.025857458000000003,0.027656958500000002,0.026258050950000004,0.04094307892499996,17284256,1.439364700780471e-15,3.8521468516448873e-14
20260622_161419,2026-06-22T16:14:19.121,gaussian,short_wide,512,1024,2.000000,20260314,4,dgeqp3_trsm,0.018937917000000002,0.020803313,0.0190542795,0.031496619549999966,31970416,1.4481827933308296e-15,3.8594300363288545e-14
20260622_161419,2026-06-22T16:14:19.121,gaussian,short_wide,512,2048,4.000000,20260314,4,bsqr_full,0.053151333,0.055304354,0.05355606425000001,0.06694158407499996,28080720,1.535704538774289e-15,3.88556769189861e-14
20260622_161419,2026-06-22T16:14:19.121,gaussian,short_wide,512,2048,4.000000,20260314,4,dgeqp3,0.031743083000000005,0.033427833500000004,0.031809269700000004,0.06684905095,36475696,1.5589112956919151e-15,3.854999641774401e-14
20260622_161419,2026-06-22T16:14:19.121,gaussian,short_wide,512,2048,4.000000,20260314,4,bsqr_rinv,0.053595583,0.056198541500000004,0.053634974425,0.083484112075,34372256,1.535704538774289e-15,3.88556769189861e-14
20260622_161419,2026-06-22T16:14:19.121,gaussian,short_wide,512,2048,4.000000,20260314,4,dgeqp3_trsm,0.036257834,0.038843271000000006,0.0365220356,0.072365001225,61641840,1.5589112956919151e-15,3.854999641774401e-14
20260622_161419,2026-06-22T16:14:19.121,gaussian,short_wide,512,4096,8.000000,20260314,4,bsqr_full,0.15771020800000002,0.1649363955,0.15828866737500003,0.20676062579999996,64356976,1.5812623288956649e-15,3.840170956845676e-14
20260622_161419,2026-06-22T16:14:19.121,gaussian,short_wide,512,4096,8.000000,20260314,4,dgeqp3,0.07295362500000001,0.0836769165,0.073086178925,0.132036934675,87397168,1.6144084320224737e-15,3.863864682232413e-14
20260622_161419,2026-06-22T16:14:19.121,gaussian,short_wide,512,4096,8.000000,20260314,4,bsqr_rinv,0.161104459,0.18332204200000002,0.16649236295,0.21465600395,85328576,1.5812623288956649e-15,3.840170956845676e-14
20260622_161419,2026-06-22T16:14:19.121,gaussian,short_wide,512,4096,8.000000,20260314,4,dgeqp3_trsm,0.081846625,0.0871403545,0.08224410625,0.12572637732500003,137729136,1.6144084320224737e-15,3.863864682232413e-14
20260622_161419,2026-06-22T16:14:19.121,gaussian,short_wide,512,5120,10.000000,20260314,4,bsqr_full,0.302404333,0.366147959,0.3024067977,0.41325712885,67143312,1.5995988282263672e-15,3.8919558548566216e-14
20260622_161419,2026-06-22T16:14:19.121,gaussian,short_wide,512,5120,10.000000,20260314,4,dgeqp3,0.140463834,0.1638972495,0.14380025355,0.22739328829999997,87724848,1.6246861441073856e-15,3.849198514821968e-14
20260622_161419,2026-06-22T16:14:19.121,gaussian,short_wide,512,5120,10.000000,20260314,4,bsqr_rinv,0.326660958,0.36884866650000003,0.327307843525,0.40389245000000007,86017760,1.5995988282263672e-15,3.8919558548566216e-14
20260622_161419,2026-06-22T16:14:19.121,gaussian,short_wide,512,5120,10.000000,20260314,4,dgeqp3_trsm,0.157186833,0.17872695800000002,0.15880075635000002,0.2343648807,150639728,1.6246861441073856e-15,3.849198514821968e-14
20260622_161419,2026-06-22T16:14:19.121,ill_conditioned,square,64,64,1.000000,20260314,4,bsqr_full,6.7375e-5,7.26875e-5,6.7677325e-5,8.74955e-5,154336,4.937471828165514e-16,5.83313156551723e-15
20260622_161419,2026-06-22T16:14:19.121,ill_conditioned,square,64,64,1.000000,20260314,4,dgeqp3,5.8583000000000005e-5,6.295850000000001e-5,5.912675e-5,7.31e-5,249648,4.630689473138463e-16,6.286847194249074e-15
20260622_161419,2026-06-22T16:14:19.121,ill_conditioned,square,64,64,1.000000,20260314,4,bsqr_rinv,6.6708e-5,7.17295e-5,6.68588e-5,8.577064999999999e-5,154384,4.937471828165514e-16,5.83313156551723e-15
20260622_161419,2026-06-22T16:14:19.121,ill_conditioned,square,64,64,1.000000,20260314,4,dgeqp3_trsm,5.6750000000000004e-5,5.75e-5,5.6871075e-5,6.727325e-5,249648,4.630689473138463e-16,6.286847194249074e-15
20260622_161419,2026-06-22T16:14:19.121,ill_conditioned,square,128,128,1.000000,20260314,4,bsqr_full,0.00041929200000000004,0.000443729,0.0004228561,0.00045058422500000004,569920,5.216702577962841e-16,1.0253145077444115e-14
20260622_161419,2026-06-22T16:14:19.121,ill_conditioned,square,128,128,1.000000,20260314,4,dgeqp3,0.00027725000000000004,0.000300979,0.00027758205,0.000315514675,823184,5.011465012159221e-16,1.1189107181285664e-14
20260622_161419,2026-06-22T16:14:19.121,ill_conditioned,square,128,128,1.000000,20260314,4,bsqr_rinv,0.00042183300000000004,0.0004428125,0.00042192435,0.00045983640000000006,569968,5.216702577962841e-16,1.0253145077444115e-14
20260622_161419,2026-06-22T16:14:19.121,ill_conditioned,square,128,128,1.000000,20260314,4,dgeqp3_trsm,0.000267958,0.0003026875,0.00027248925000000003,0.00031334470000000004,823184,5.011465012159221e-16,1.1189107181285664e-14
20260622_161419,2026-06-22T16:14:19.121,ill_conditioned,square,256,256,1.000000,20260314,4,bsqr_full,0.002462709,0.002544854,0.002473976225,0.00328874455,2275568,6.971268733553067e-16,1.9913868915235218e-14
20260622_161419,2026-06-22T16:14:19.121,ill_conditioned,square,256,256,1.000000,20260314,4,dgeqp3,0.002157083,0.0022465000000000002,0.0021692267500000003,0.004250469699999997,2857776,7.952087364291054e-16,2.0534977980706117e-14
20260622_161419,2026-06-22T16:14:19.121,ill_conditioned,square,256,256,1.000000,20260314,4,bsqr_rinv,0.0024997500000000002,0.002546229,0.002507725,0.0033531637250000003,2275616,6.971268733553067e-16,1.9913868915235218e-14
20260622_161419,2026-06-22T16:14:19.121,ill_conditioned,square,256,256,1.000000,20260314,4,dgeqp3_trsm,0.002179625,0.0022243125,0.002192010175,0.003431565774999996,2857776,7.952087364291054e-16,2.0534977980706117e-14
20260622_161419,2026-06-22T16:14:19.121,ill_conditioned,square,384,384,1.000000,20260314,4,bsqr_full,0.0053716250000000005,0.0055661875,0.0054355460750000004,0.007130959075,4984208,8.189753446758971e-16,2.975465292324457e-14
20260622_161419,2026-06-22T16:14:19.121,ill_conditioned,square,384,384,1.000000,20260314,4,dgeqp3,0.004950333,0.005231625,0.005008725950000001,0.00760329295,6203184,8.377343132919687e-16,2.9700141658425003e-14
20260622_161419,2026-06-22T16:14:19.121,ill_conditioned,square,384,384,1.000000,20260314,4,bsqr_rinv,0.005350958,0.0055913125,0.005365035325,0.007442163599999999,4984256,8.189753446758971e-16,2.975465292324457e-14
20260622_161419,2026-06-22T16:14:19.121,ill_conditioned,square,384,384,1.000000,20260314,4,dgeqp3_trsm,0.0047549590000000004,0.0051583545,0.0047999989000000005,0.008036579499999993,6203184,8.377343132919687e-16,2.9700141658425003e-14
20260622_161419,2026-06-22T16:14:19.121,ill_conditioned,square,512,512,1.000000,20260314,4,bsqr_full,0.011944375,0.012327896000000001,0.011983071875000001,0.017542378275,8741392,8.972139089074562e-16,3.8797593288875847e-14
20260622_161419,2026-06-22T16:14:19.121,ill_conditioned,square,512,512,1.000000,20260314,4,dgeqp3,0.010513208000000001,0.0108550415,0.010520639250000002,0.014361588300000002,10859312,9.199489270126955e-16,3.8545106727993516e-14
20260622_161419,2026-06-22T16:14:19.121,ill_conditioned,square,512,512,1.000000,20260314,4,bsqr_rinv,0.011876584,0.012125750000000001,0.011899420775,0.017921155600000002,8741440,8.972139089074562e-16,3.8797593288875847e-14
20260622_161419,2026-06-22T16:14:19.121,ill_conditioned,square,512,512,1.000000,20260314,4,dgeqp3_trsm,0.010320292,0.0107395835,0.01032563815,0.013835300799999999,10859312,9.199489270126955e-16,3.8545106727993516e-14
20260622_161419,2026-06-22T16:14:19.121,ill_conditioned,short_wide,32,64,2.000000,20260314,4,bsqr_full,2.6000000000000002e-5,2.6458000000000003e-5,2.6090625000000002e-5,3.384484999999998e-5,72160,4.0711849525715073e-16,2.853015905089748e-15
20260622_161419,2026-06-22T16:14:19.121,ill_conditioned,short_wide,32,64,2.000000,20260314,4,dgeqp3,1.9917000000000003e-5,2.025e-5,1.9977175e-5,2.5590624999999987e-5,159280,3.999881499095322e-16,3.2977211987611587e-15
20260622_161419,2026-06-22T16:14:19.121,ill_conditioned,short_wide,32,64,2.000000,20260314,4,bsqr_rinv,2.6583000000000003e-5,2.7312500000000003e-5,2.6613450000000002e-5,3.735297499999998e-5,80432,4.0711849525715073e-16,2.853015905089748e-15
20260622_161419,2026-06-22T16:14:19.121,ill_conditioned,short_wide,32,64,2.000000,20260314,4,dgeqp3_trsm,2.7125000000000002e-5,3.05835e-5,2.7155450000000004e-5,3.808379999999998e-5,208752,3.999881499095322e-16,3.2977211987611587e-15
20260622_161419,2026-06-22T16:14:19.121,ill_conditioned,short_wide,32,128,4.000000,20260314,4,bsqr_full,4.4791000000000005e-5,4.6542e-5,4.500270000000001e-5,5.521169999999997e-5,126752,3.4257976310629624e-16,2.8642342611636878e-15
20260622_161419,2026-06-22T16:14:19.121,ill_conditioned,short_wide,32,128,4.000000,20260314,4,dgeqp3,3.1208000000000003e-5,3.33125e-5,3.160095e-5,4.039199999999999e-5,273520,3.4431970525594764e-16,3.601172611172783e-15
20260622_161419,2026-06-22T16:14:19.121,ill_conditioned,short_wide,32,128,4.000000,20260314,4,bsqr_rinv,4.6542e-5,4.7104e-5,4.6602175000000004e-5,5.691794999999999e-5,151408,3.4257976310629624e-16,2.8642342611636878e-15
20260622_161419,2026-06-22T16:14:19.121,ill_conditioned,short_wide,32,128,4.000000,20260314,4,dgeqp3_trsm,4.4958000000000006e-5,4.6896e-5,4.498845e-5,0.00040520544999999826,372144,3.4431970525594764e-16,3.601172611172783e-15
20260622_161419,2026-06-22T16:14:19.121,ill_conditioned,short_wide,32,256,8.000000,20260314,4,bsqr_full,9.1833e-5,9.50005e-5,9.34947e-5,0.00010573749999999999,234976,4.2622347128245193e-16,3.6533659264835e-15
20260622_161419,2026-06-22T16:14:19.121,ill_conditioned,short_wide,32,256,8.000000,20260314,4,dgeqp3,5.8041e-5,6.88125e-5,5.8887075000000006e-5,7.7721075e-5,439344,4.659870594163003e-16,3.4611307091865225e-15
20260622_161419,2026-06-22T16:14:19.121,ill_conditioned,short_wide,32,256,8.000000,20260314,4,bsqr_rinv,9.3584e-5,0.00010093750000000001,9.5788725e-5,0.000106586125,300592,4.2622347128245193e-16,3.6533659264835e-15
20260622_161419,2026-06-22T16:14:19.121,ill_conditioned,short_wide,32,256,8.000000,20260314,4,dgeqp3_trsm,7.925e-5,9.44165e-5,8.211955e-5,9.76731e-5,644464,4.659870594163003e-16,3.4611307091865225e-15
20260622_161419,2026-06-22T16:14:19.121,ill_conditioned,short_wide,32,320,10.000000,20260314,4,bsqr_full,0.00011237500000000001,0.00012141650000000001,0.00011267660000000002,0.000129080025,338400,5.403166414019073e-16,3.4137535677358127e-15
20260622_161419,2026-06-22T16:14:19.121,ill_conditioned,short_wide,32,320,10.000000,20260314,4,dgeqp3,7.5209e-5,8.262450000000001e-5,7.632622500000001e-5,8.701409999999998e-5,571440,5.409985331561101e-16,3.4441668181268793e-15
20260622_161419,2026-06-22T16:14:19.121,ill_conditioned,short_wide,32,320,10.000000,20260314,4,bsqr_rinv,0.00011800000000000001,0.000130917,0.00011836250000000001,0.000144993325,436784,5.403166414019073e-16,3.4137535677358127e-15
20260622_161419,2026-06-22T16:14:19.121,ill_conditioned,short_wide,32,320,10.000000,20260314,4,dgeqp3_trsm,9.300000000000001e-5,0.00011381250000000001,0.00010070312500000002,0.00011597812500000001,874864,5.409985331561101e-16,3.4441668181268793e-15
20260622_161419,2026-06-22T16:14:19.121,ill_conditioned,short_wide,64,128,2.000000,20260314,4,bsqr_full,0.000132625,0.00013387500000000002,0.000132896875,0.00014759729999999996,258080,8.00267250607515e-16,5.983467148335427e-15
20260622_161419,2026-06-22T16:14:19.121,ill_conditioned,short_wide,64,128,2.000000,20260314,4,dgeqp3,9.2583e-5,0.00010191700000000001,9.303685e-5,0.000105233,429424,7.721671184748748e-16,6.671769458709114e-15
20260622_161419,2026-06-22T16:14:19.121,ill_conditioned,short_wide,64,128,2.000000,20260314,4,bsqr_rinv,0.000129667,0.0001361465,0.00012978735,0.000141390925,290928,8.00267250607515e-16,5.983467148335427e-15
20260622_161419,2026-06-22T16:14:19.121,ill_conditioned,short_wide,64,128,2.000000,20260314,4,dgeqp3_trsm,0.00011120900000000001,0.0001243545,0.0001112989,0.000129853125,626352,7.721671184748748e-16,6.671769458709114e-15
20260622_161419,2026-06-22T16:14:19.121,ill_conditioned,short_wide,64,256,4.000000,20260314,4,bsqr_full,0.000303792,0.0003187295,0.000307053775,0.00032632340000000003,464608,5.342012969858145e-16,5.531086849237075e-15
20260622_161419,2026-06-22T16:14:19.121,ill_conditioned,short_wide,64,256,4.000000,20260314,4,dgeqp3,0.000169583,0.00018820850000000002,0.00017091192499999998,0.000195099425,726320,5.335816056591329e-16,6.199412836844022e-15
20260622_161419,2026-06-22T16:14:19.121,ill_conditioned,short_wide,64,256,4.000000,20260314,4,bsqr_rinv,0.00031845800000000003,0.00032710400000000004,0.00031960567500000005,0.000339672825,562992,5.342012969858145e-16,5.531086849237075e-15
20260622_161419,2026-06-22T16:14:19.121,ill_conditioned,short_wide,64,256,4.000000,20260314,4,dgeqp3_trsm,0.000198834,0.000237125,0.0002051473,0.00024286002500000002,1119856,5.335816056591329e-16,6.199412836844022e-15
20260622_161419,2026-06-22T16:14:19.121,ill_conditioned,short_wide,64,512,8.000000,20260314,4,bsqr_full,0.0007479580000000001,0.0007745,0.0007485322000000001,0.000830574575,1002512,5.507856707866927e-16,5.941860285522377e-15
20260622_161419,2026-06-22T16:14:19.121,ill_conditioned,short_wide,64,512,8.000000,20260314,4,dgeqp3,0.000454292,0.00048670850000000004,0.00046160217500000004,0.0004994289250000001,1320240,5.040249616488319e-16,6.317168745036151e-15
20260622_161419,2026-06-22T16:14:19.121,ill_conditioned,short_wide,64,512,8.000000,20260314,4,bsqr_rinv,0.000758208,0.0008035620000000001,0.0007756986250000001,0.0008521295,1231968,5.507856707866927e-16,5.941860285522377e-15
20260622_161419,2026-06-22T16:14:19.121,ill_conditioned,short_wide,64,512,8.000000,20260314,4,dgeqp3_trsm,0.0005144580000000001,0.000585021,0.0005150619250000001,0.0008033462999999989,2106992,5.040249616488319e-16,6.317168745036151e-15
20260622_161419,2026-06-22T16:14:19.121,ill_conditioned,short_wide,64,640,10.000000,20260314,4,bsqr_full,0.0009718750000000001,0.000985229,0.0009722679500000001,0.0010472223,1309840,5.835791821034834e-16,5.559541299081674e-15
20260622_161419,2026-06-22T16:14:19.121,ill_conditioned,short_wide,64,640,10.000000,20260314,4,dgeqp3,0.000612083,0.0006687710000000001,0.000622203275,0.002468611699999991,1617200,5.6228589857310165e-16,6.132863773036588e-15
20260622_161419,2026-06-22T16:14:19.121,ill_conditioned,short_wide,64,640,10.000000,20260314,4,bsqr_rinv,0.000980041,0.0010172290000000001,0.000990462875,0.0019917007999999954,1604832,5.835791821034834e-16,5.559541299081674e-15
20260622_161419,2026-06-22T16:14:19.121,ill_conditioned,short_wide,64,640,10.000000,20260314,4,dgeqp3_trsm,0.000702875,0.0007561045,0.000712571875,0.0018511230999999947,2600560,5.6228589857310165e-16,6.132863773036588e-15
20260622_161419,2026-06-22T16:14:19.121,ill_conditioned,short_wide,128,256,2.000000,20260314,4,bsqr_full,0.0010375830000000001,0.001065958,0.0010391540750000002,0.001085964825,1045776,7.477789776014274e-16,1.0414530615102845e-14
20260622_161419,2026-06-22T16:14:19.121,ill_conditioned,short_wide,128,256,2.000000,20260314,4,dgeqp3,0.000749125,0.000778854,0.0007542000000000001,0.0007919584250000001,1382224,6.964228185282798e-16,1.1351688622332165e-14
20260622_161419,2026-06-22T16:14:19.121,ill_conditioned,short_wide,128,256,2.000000,20260314,4,bsqr_rinv,0.0010480420000000001,0.001072917,0.0010488576250000001,0.001095766575,1176928,7.477789776014274e-16,1.0414530615102845e-14
20260622_161419,2026-06-22T16:14:19.121,ill_conditioned,short_wide,128,256,2.000000,20260314,4,dgeqp3_trsm,0.000789917,0.000845792,0.00080982405,0.0024011599499999922,2168976,6.964228185282798e-16,1.1351688622332165e-14
20260622_161419,2026-06-22T16:14:19.121,ill_conditioned,short_wide,128,512,4.000000,20260314,4,bsqr_full,0.0019893330000000002,0.0021212080000000003,0.001989816575,0.0038246562499999913,1912368,6.730837912395247e-16,9.932655250619808e-15
20260622_161419,2026-06-22T16:14:19.121,ill_conditioned,short_wide,128,512,4.000000,20260314,4,dgeqp3,0.001545333,0.0018056250000000002,0.0015647267500000003,0.004009586124999995,2500432,5.935035746950928e-16,1.0986928302078762e-14
20260622_161419,2026-06-22T16:14:19.121,ill_conditioned,short_wide,128,512,4.000000,20260314,4,bsqr_rinv,0.001966167,0.002163688,0.0019827811,0.0035040351749999936,2305664,6.730837912395247e-16,9.932655250619808e-15
20260622_161419,2026-06-22T16:14:19.121,ill_conditioned,short_wide,128,512,4.000000,20260314,4,dgeqp3_trsm,0.0016686250000000002,0.0019542500000000003,0.0017247218750000002,0.005190785024999999,4073616,5.935035746950928e-16,1.0986928302078762e-14
20260622_161419,2026-06-22T16:14:19.121,ill_conditioned,short_wide,128,1024,8.000000,20260314,4,bsqr_full,0.003925208,0.004113687,0.003931672825,0.007669858575,3648112,7.999143769334057e-16,1.035464113565106e-14
20260622_161419,2026-06-22T16:14:19.121,ill_conditioned,short_wide,128,1024,8.000000,20260314,4,dgeqp3,0.0027425830000000003,0.0030118335000000004,0.0027574455000000005,0.005454494399999997,4736848,6.983090267741201e-16,1.1093344491441862e-14
20260622_161419,2026-06-22T16:14:19.121,ill_conditioned,short_wide,128,1024,8.000000,20260314,4,bsqr_rinv,0.004018667,0.0041903545,0.004020509225,0.007617025949999999,4565696,7.999143769334057e-16,1.035464113565106e-14
20260622_161419,2026-06-22T16:14:19.121,ill_conditioned,short_wide,128,1024,8.000000,20260314,4,dgeqp3_trsm,0.003076666,0.0033489995000000002,0.0031350596750000003,0.0065050970249999965,7882896,6.983090267741201e-16,1.1093344491441862e-14
20260622_161419,2026-06-22T16:14:19.121,ill_conditioned,short_wide,128,1280,10.000000,20260314,4,bsqr_full,0.005204416,0.005349125000000001,0.00521677145,0.009361015624999997,4557696,6.412035032776731e-16,1.015683403575365e-14
20260622_161419,2026-06-22T16:14:19.121,ill_conditioned,short_wide,128,1280,10.000000,20260314,4,dgeqp3,0.0033649170000000003,0.003643896,0.0034150319,0.006531664249999999,5855056,6.157230773835386e-16,1.067892042164485e-14
20260622_161419,2026-06-22T16:14:19.121,ill_conditioned,short_wide,128,1280,10.000000,20260314,4,bsqr_rinv,0.005253916,0.0054550205,0.0052910120750000005,0.008059021874999999,5737424,6.412035032776731e-16,1.015683403575365e-14
20260622_161419,2026-06-22T16:14:19.121,ill_conditioned,short_wide,128,1280,10.000000,20260314,4,dgeqp3_trsm,0.0037790420000000003,0.004090104000000001,0.0038420263750000004,0.007061183425,9787536,6.157230773835386e-16,1.067892042164485e-14
20260622_161419,2026-06-22T16:14:19.121,ill_conditioned,short_wide,256,512,2.000000,20260314,4,bsqr_full,0.004809458,0.004967,0.00485748925,0.0104778681,3928592,8.201611390796763e-16,1.9689830982143264e-14
20260622_161419,2026-06-22T16:14:19.121,ill_conditioned,short_wide,256,512,2.000000,20260314,4,dgeqp3,0.0042167080000000004,0.004388917,0.004227129875,0.007768026224999999,5024560,8.706044610200204e-16,2.0386046009159966e-14
20260622_161419,2026-06-22T16:14:19.121,ill_conditioned,short_wide,256,512,2.000000,20260314,4,bsqr_rinv,0.004926000000000001,0.0050627295,0.0049343375,0.009243086699999998,4452960,8.201611390796763e-16,1.9689830982143264e-14
20260622_161419,2026-06-22T16:14:19.121,ill_conditioned,short_wide,256,512,2.000000,20260314,4,dgeqp3_trsm,0.0045337500000000005,0.0047005835,0.004591991425000001,0.007830102325000001,8170608,8.706044610200204e-16,2.0386046009159966e-14
20260622_161419,2026-06-22T16:14:19.121,ill_conditioned,short_wide,256,1024,4.000000,20260314,4,bsqr_full,0.010084000000000001,0.010219479,0.010105538300000001,0.015599701099999998,7237200,8.181110982640719e-16,2.0467085685997073e-14
20260622_161419,2026-06-22T16:14:19.121,ill_conditioned,short_wide,256,1024,4.000000,20260314,4,dgeqp3,0.007881833000000001,0.008092396,0.0078969072,0.014194679075000001,9358128,8.882213981181384e-16,2.014599014160513e-14
20260622_161419,2026-06-22T16:14:19.121,ill_conditioned,short_wide,256,1024,4.000000,20260314,4,bsqr_rinv,0.010050709000000001,0.010488271,0.0101255348,0.014170008799999998,8810144,8.181110982640719e-16,2.0467085685997073e-14
20260622_161419,2026-06-22T16:14:19.121,ill_conditioned,short_wide,256,1024,4.000000,20260314,4,dgeqp3_trsm,0.008687291,0.009211917,0.008748010475,0.013236482624999997,15649904,8.882213981181384e-16,2.014599014160513e-14
20260622_161419,2026-06-22T16:14:19.121,ill_conditioned,short_wide,256,2048,8.000000,20260314,4,bsqr_full,0.02009975,0.021158083,0.0202325758,0.025391995924999997,13824560,9.11219386467605e-16,1.978207419714545e-14
20260622_161419,2026-06-22T16:14:19.121,ill_conditioned,short_wide,256,2048,8.000000,20260314,4,dgeqp3,0.01571575,0.016649333000000002,0.015719556250000002,0.019088877475000002,18058032,9.694921552462158e-16,2.0681079036999064e-14
20260622_161419,2026-06-22T16:14:19.121,ill_conditioned,short_wide,256,2048,8.000000,20260314,4,bsqr_rinv,0.020515542,0.021794875000000002,0.0205484686,0.024422445350000002,17494656,9.11219386467605e-16,1.978207419714545e-14
20260622_161419,2026-06-22T16:14:19.121,ill_conditioned,short_wide,256,2048,8.000000,20260314,4,dgeqp3_trsm,0.01736625,0.0183704165,0.017518651525,0.031093078124999972,30641264,9.694921552462158e-16,2.0681079036999064e-14
20260622_161419,2026-06-22T16:14:19.121,ill_conditioned,short_wide,256,2560,10.000000,20260314,4,bsqr_full,0.024935417,0.0258456045,0.024956562350000003,0.0293589394,17151056,8.457720922722796e-16,2.001489321139285e-14
20260622_161419,2026-06-22T16:14:19.121,ill_conditioned,short_wide,256,2560,10.000000,20260314,4,dgeqp3,0.019438292000000003,0.0202304165,0.019441312350000003,0.03063805704999996,22391600,9.610945433485297e-16,1.9854863922601496e-14
20260622_161419,2026-06-22T16:14:19.121,ill_conditioned,short_wide,256,2560,10.000000,20260314,4,bsqr_rinv,0.025422916,0.026945125,0.025538130825,0.03848768407499996,21869728,8.457720922722796e-16,2.001489321139285e-14
20260622_161419,2026-06-22T16:14:19.121,ill_conditioned,short_wide,256,2560,10.000000,20260314,4,dgeqp3_trsm,0.02126575,0.022818625500000002,0.021405917150000002,0.05169426875000001,38120560,9.610945433485297e-16,1.9854863922601496e-14
20260622_161419,2026-06-22T16:14:19.121,ill_conditioned,short_wide,512,1024,2.000000,20260314,4,bsqr_full,0.025925875,0.027793021,0.0259517633,0.030276464099999997,15187024,1.0387430233968126e-15,3.8097192013863445e-14
20260622_161419,2026-06-22T16:14:19.121,ill_conditioned,short_wide,512,1024,2.000000,20260314,4,dgeqp3,0.020625541,0.0223328125,0.020711786275,0.024658577325,19387184,1.0533003635393646e-15,3.8734723299599695e-14
20260622_161419,2026-06-22T16:14:19.121,ill_conditioned,short_wide,512,1024,2.000000,20260314,4,bsqr_rinv,0.026387209000000002,0.0276377085,0.026431162125,0.03958338314999996,17284256,1.0387430233968126e-15,3.8097192013863445e-14
20260622_161419,2026-06-22T16:14:19.121,ill_conditioned,short_wide,512,1024,2.000000,20260314,4,dgeqp3_trsm,0.022718708,0.024608417,0.022872226750000002,0.03466189199999997,31970416,1.0533003635393646e-15,3.8734723299599695e-14
20260622_161419,2026-06-22T16:14:19.121,ill_conditioned,short_wide,512,2048,4.000000,20260314,4,bsqr_full,0.053534167,0.055391854000000004,0.053569963875,0.06653850434999997,28080720,1.0920852759378273e-15,3.849517795776364e-14
20260622_161419,2026-06-22T16:14:19.121,ill_conditioned,short_wide,512,2048,4.000000,20260314,4,dgeqp3,0.041324542000000006,0.043196291500000004,0.0414568545,0.07828997797500001,36475696,1.1338071662945792e-15,3.857737023866695e-14
20260622_161419,2026-06-22T16:14:19.121,ill_conditioned,short_wide,512,2048,4.000000,20260314,4,bsqr_rinv,0.054137417,0.056143521,0.054295496725,0.08769918342500001,34372256,1.0920852759378273e-15,3.849517795776364e-14
20260622_161419,2026-06-22T16:14:19.121,ill_conditioned,short_wide,512,2048,4.000000,20260314,4,dgeqp3_trsm,0.0458895,0.04868025,0.0459074742,0.08014136264999999,61641840,1.1338071662945792e-15,3.857737023866695e-14
20260622_161419,2026-06-22T16:14:19.121,ill_conditioned,short_wide,512,4096,8.000000,20260314,4,bsqr_full,0.15408337500000002,0.159553729,0.154747535175,0.20076316765000002,66454128,1.1468745339427193e-15,3.8452923111129026e-14
20260622_161419,2026-06-22T16:14:19.121,ill_conditioned,short_wide,512,4096,8.000000,20260314,4,dgeqp3,0.095113917,0.098513021,0.09519859047500001,0.12871787107500002,85300016,1.1746555053217202e-15,3.8483634162182525e-14
20260622_161419,2026-06-22T16:14:19.121,ill_conditioned,short_wide,512,4096,8.000000,20260314,4,bsqr_rinv,0.157622166,0.167711104,0.15812299092499998,0.20530790625,85328576,1.1468745339427193e-15,3.8452923111129026e-14
20260622_161419,2026-06-22T16:14:19.121,ill_conditioned,short_wide,512,4096,8.000000,20260314,4,dgeqp3_trsm,0.10386658300000001,0.10822118750000001,0.1042465439,0.14361695487499998,148214896,1.1746555053217202e-15,3.8483634162182525e-14
20260622_161419,2026-06-22T16:14:19.121,ill_conditioned,short_wide,512,5120,10.000000,20260314,4,bsqr_full,0.302018666,0.30477837500000005,0.3020470332,0.34036179180000004,67143312,1.1263227603731423e-15,3.8654324072048713e-14
20260622_161419,2026-06-22T16:14:19.121,ill_conditioned,short_wide,512,5120,10.000000,20260314,4,dgeqp3,0.16667,0.1745905,0.168777603125,0.21031585045,87724848,1.1682357619269742e-15,3.831814370006552e-14
20260622_161419,2026-06-22T16:14:19.121,ill_conditioned,short_wide,512,5120,10.000000,20260314,4,bsqr_rinv,0.305988458,0.3108268125,0.30637345812500005,0.336045067625,86017760,1.1263227603731423e-15,3.8654324072048713e-14
20260622_161419,2026-06-22T16:14:19.121,ill_conditioned,short_wide,512,5120,10.000000,20260314,4,dgeqp3_trsm,0.18508295900000002,0.2161410205,0.18614687632500002,0.259674453975,150639728,1.1682357619269742e-15,3.831814370006552e-14
20260622_161419,2026-06-22T16:14:19.121,orthonormal_rows,square,64,64,1.000000,20260314,4,bsqr_full,6.625e-5,6.675000000000001e-5,6.625e-5,7.512049999999998e-5,154336,5.726473446035663e-16,5.6190994478101705e-15
20260622_161419,2026-06-22T16:14:19.121,orthonormal_rows,square,64,64,1.000000,20260314,4,dgeqp3,5.6250000000000005e-5,5.775e-5,5.658205000000001e-5,6.394417499999997e-5,249648,6.612902763600944e-16,6.4725907915178666e-15
20260622_161419,2026-06-22T16:14:19.121,orthonormal_rows,square,64,64,1.000000,20260314,4,bsqr_rinv,6.5416e-5,6.6563e-5,6.559797500000001e-5,8.369527499999999e-5,154384,5.726473446035663e-16,5.6190994478101705e-15
20260622_161419,2026-06-22T16:14:19.121,orthonormal_rows,square,64,64,1.000000,20260314,4,dgeqp3_trsm,5.6833e-5,6.158300000000001e-5,5.704470000000001e-5,7.017797500000001e-5,249648,6.612902763600944e-16,6.4725907915178666e-15
20260622_161419,2026-06-22T16:14:19.121,orthonormal_rows,square,128,128,1.000000,20260314,4,bsqr_full,0.000416833,0.00044018700000000003,0.00041934077500000003,0.00044972660000000005,569920,7.588854278583219e-16,9.811162956158148e-15
20260622_161419,2026-06-22T16:14:19.121,orthonormal_rows,square,128,128,1.000000,20260314,4,dgeqp3,0.00028737500000000003,0.000301833,0.000291302325,0.00031152595,823184,8.558083415501541e-16,1.0899213724019294e-14
20260622_161419,2026-06-22T16:14:19.121,orthonormal_rows,square,128,128,1.000000,20260314,4,bsqr_rinv,0.00042075,0.00044227100000000005,0.00042247187500000003,0.000453492375,569968,7.588854278583219e-16,9.811162956158148e-15
20260622_161419,2026-06-22T16:14:19.121,orthonormal_rows,square,128,128,1.000000,20260314,4,dgeqp3_trsm,0.000265708,0.00029841700000000004,0.000274136125,0.0003077379250000001,823184,8.558083415501541e-16,1.0899213724019294e-14
20260622_161419,2026-06-22T16:14:19.121,orthonormal_rows,square,256,256,1.000000,20260314,4,bsqr_full,0.002422875,0.0025362500000000003,0.0024384625000000004,0.004132900949999998,2273616,9.938141152065872e-16,1.9770586337727045e-14
20260622_161419,2026-06-22T16:14:19.121,orthonormal_rows,square,256,256,1.000000,20260314,4,dgeqp3,0.002011792,0.002078375,0.0020250232500000002,0.0030880578499999996,2857776,1.0528796726725177e-15,2.042408339343248e-14
20260622_161419,2026-06-22T16:14:19.121,orthonormal_rows,square,256,256,1.000000,20260314,4,bsqr_rinv,0.002377875,0.002495583,0.00240270625,0.0030272982499999997,2273664,9.938141152065872e-16,1.9770586337727045e-14
20260622_161419,2026-06-22T16:14:19.121,orthonormal_rows,square,256,256,1.000000,20260314,4,dgeqp3_trsm,0.0020002500000000003,0.0020700835,0.0020205500000000003,0.0026934671499999996,2857776,1.0528796726725177e-15,2.042408339343248e-14
20260622_161419,2026-06-22T16:14:19.121,orthonormal_rows,square,384,384,1.000000,20260314,4,bsqr_full,0.00523575,0.005439562,0.005292058575,0.007008296075,4982256,1.1793445123121982e-15,2.985127139026877e-14
20260622_161419,2026-06-22T16:14:19.121,orthonormal_rows,square,384,384,1.000000,20260314,4,dgeqp3,0.004360709,0.0044437295,0.00436511845,0.006559995775,6203184,1.190859599862666e-15,2.9367671695945045e-14
20260622_161419,2026-06-22T16:14:19.121,orthonormal_rows,square,384,384,1.000000,20260314,4,bsqr_rinv,0.005275125,0.0054214375,0.005326297675,0.0062352686,4982304,1.1793445123121982e-15,2.985127139026877e-14
20260622_161419,2026-06-22T16:14:19.121,orthonormal_rows,square,384,384,1.000000,20260314,4,dgeqp3_trsm,0.004373917000000001,0.004889708,0.004405998250000001,0.006839043599999997,6203184,1.190859599862666e-15,2.9367671695945045e-14
20260622_161419,2026-06-22T16:14:19.121,orthonormal_rows,square,512,512,1.000000,20260314,4,bsqr_full,0.0118905,0.012516312500000001,0.01191672035,0.015393709750000002,8739440,1.3153786712140665e-15,3.817235815510807e-14
20260622_161419,2026-06-22T16:14:19.121,orthonormal_rows,square,512,512,1.000000,20260314,4,dgeqp3,0.009274042000000001,0.009714542000000001,0.009305066200000002,0.012410729075000002,10859312,1.3421198449761962e-15,3.8236552290614167e-14
20260622_161419,2026-06-22T16:14:19.121,orthonormal_rows,square,512,512,1.000000,20260314,4,bsqr_rinv,0.011806833000000001,0.011954250000000001,0.011824747025,0.014867764674999999,8739488,1.3153786712140665e-15,3.817235815510807e-14
20260622_161419,2026-06-22T16:14:19.121,orthonormal_rows,square,512,512,1.000000,20260314,4,dgeqp3_trsm,0.009393583,0.009495979500000001,0.0093943689,0.012010894325,10859312,1.3421198449761962e-15,3.8236552290614167e-14
20260622_161419,2026-06-22T16:14:19.121,orthonormal_rows,short_wide,32,64,2.000000,20260314,4,bsqr_full,2.5583000000000002e-5,2.5896e-5,2.5583000000000002e-5,3.3824999999999975e-5,72160,6.559186896773427e-16,4.010562669916833e-15
20260622_161419,2026-06-22T16:14:19.121,orthonormal_rows,short_wide,32,64,2.000000,20260314,4,dgeqp3,1.9083e-5,1.94585e-5,1.911345e-5,2.3905824999999986e-5,159280,5.889866289865472e-16,3.4912493272692055e-15
20260622_161419,2026-06-22T16:14:19.121,orthonormal_rows,short_wide,32,64,2.000000,20260314,4,bsqr_rinv,2.6166000000000003e-5,2.6854e-5,2.64386e-5,3.416722499999999e-5,80432,6.559186896773427e-16,4.010562669916833e-15
20260622_161419,2026-06-22T16:14:19.121,orthonormal_rows,short_wide,32,64,2.000000,20260314,4,dgeqp3_trsm,2.5291000000000002e-5,2.9292000000000003e-5,2.5834750000000002e-5,3.356684999999999e-5,208752,5.889866289865472e-16,3.4912493272692055e-15
20260622_161419,2026-06-22T16:14:19.121,orthonormal_rows,short_wide,32,128,4.000000,20260314,4,bsqr_full,4.4083000000000005e-5,4.80625e-5,4.453685e-5,5.2699699999999986e-5,126752,6.24053364446085e-16,3.5055402381896665e-15
20260622_161419,2026-06-22T16:14:19.121,orthonormal_rows,short_wide,32,128,4.000000,20260314,4,dgeqp3,3.1458e-5,3.2125e-5,3.1579075e-5,3.833669999999998e-5,273520,5.217677151111302e-16,2.906354564023946e-15
20260622_161419,2026-06-22T16:14:19.121,orthonormal_rows,short_wide,32,128,4.000000,20260314,4,bsqr_rinv,4.5875000000000004e-5,4.6333500000000006e-5,4.590545e-5,5.6260899999999995e-5,151408,6.24053364446085e-16,3.5055402381896665e-15
20260622_161419,2026-06-22T16:14:19.121,orthonormal_rows,short_wide,32,128,4.000000,20260314,4,dgeqp3_trsm,4.4375e-5,4.5958e-5,4.470705000000001e-5,6.294332499999999e-5,372144,5.217677151111302e-16,2.906354564023946e-15
20260622_161419,2026-06-22T16:14:19.121,orthonormal_rows,short_wide,32,256,8.000000,20260314,4,bsqr_full,8.479200000000001e-5,9.23745e-5,8.500297500000002e-5,9.782907499999997e-5,234976,5.831746970561376e-16,3.3948044950803027e-15
20260622_161419,2026-06-22T16:14:19.121,orthonormal_rows,short_wide,32,256,8.000000,20260314,4,dgeqp3,5.4584000000000005e-5,6.589600000000001e-5,5.5187925e-5,6.80508e-5,439344,5.915982805777548e-16,3.1870015709709837e-15
20260622_161419,2026-06-22T16:14:19.121,orthonormal_rows,short_wide,32,256,8.000000,20260314,4,bsqr_rinv,8.975e-5,9.92495e-5,8.9871075e-5,0.0001027372,300592,5.831746970561376e-16,3.3948044950803027e-15
20260622_161419,2026-06-22T16:14:19.121,orthonormal_rows,short_wide,32,256,8.000000,20260314,4,dgeqp3_trsm,9.0666e-5,9.235450000000001e-5,9.090815e-5,9.670202499999999e-5,644464,5.915982805777548e-16,3.1870015709709837e-15
20260622_161419,2026-06-22T16:14:19.121,orthonormal_rows,short_wide,32,320,10.000000,20260314,4,bsqr_full,0.000111334,0.00011993750000000001,0.00011178712500000001,0.000124097025,338400,6.035464755819984e-16,3.4407127775371133e-15
20260622_161419,2026-06-22T16:14:19.121,orthonormal_rows,short_wide,32,320,10.000000,20260314,4,dgeqp3,6.525e-5,7.8854e-5,6.576330000000001e-5,8.090667500000001e-5,571440,5.677270311330231e-16,2.970981110973883e-15
20260622_161419,2026-06-22T16:14:19.121,orthonormal_rows,short_wide,32,320,10.000000,20260314,4,bsqr_rinv,0.000116458,0.0001286665,0.000116760325,0.00013072557500000003,436784,6.035464755819984e-16,3.4407127775371133e-15
20260622_161419,2026-06-22T16:14:19.121,orthonormal_rows,short_wide,32,320,10.000000,20260314,4,dgeqp3_trsm,8.837500000000001e-5,0.00010962500000000001,9.073125e-5,0.000112810175,874864,5.677270311330231e-16,2.970981110973883e-15
20260622_161419,2026-06-22T16:14:19.121,orthonormal_rows,short_wide,64,128,2.000000,20260314,4,bsqr_full,0.000125458,0.000132771,0.00012554935,0.00013772405,258080,6.615105650187286e-16,5.355009436887446e-15
20260622_161419,2026-06-22T16:14:19.121,orthonormal_rows,short_wide,64,128,2.000000,20260314,4,dgeqp3,9.008300000000001e-5,0.00010008300000000001,9.020407500000002e-5,0.000105875,429424,7.869621324691761e-16,6.596635650714291e-15
20260622_161419,2026-06-22T16:14:19.121,orthonormal_rows,short_wide,64,128,2.000000,20260314,4,bsqr_rinv,0.000126709,0.0001352915,0.00012689025,0.00014180625,290928,6.615105650187286e-16,5.355009436887446e-15
20260622_161419,2026-06-22T16:14:19.121,orthonormal_rows,short_wide,64,128,2.000000,20260314,4,dgeqp3_trsm,0.000114709,0.0001225,0.000114799625,0.000135953125,626352,7.869621324691761e-16,6.596635650714291e-15
20260622_161419,2026-06-22T16:14:19.121,orthonormal_rows,short_wide,64,256,4.000000,20260314,4,bsqr_full,0.000305625,0.00031802050000000003,0.00030698437499999997,0.000324708425,464608,7.298438152867658e-16,5.756306371425868e-15
20260622_161419,2026-06-22T16:14:19.121,orthonormal_rows,short_wide,64,256,4.000000,20260314,4,dgeqp3,0.000162583,0.0001852705,0.00016361032500000002,0.00018960502500000003,726320,7.589938914482773e-16,6.269325177512504e-15
20260622_161419,2026-06-22T16:14:19.121,orthonormal_rows,short_wide,64,256,4.000000,20260314,4,bsqr_rinv,0.000315417,0.00032616650000000003,0.00031635370000000003,0.0003377141,562992,7.298438152867658e-16,5.756306371425868e-15
20260622_161419,2026-06-22T16:14:19.121,orthonormal_rows,short_wide,64,256,4.000000,20260314,4,dgeqp3_trsm,0.00019041700000000002,0.0002312915,0.00019615682500000002,0.0002413644,1119856,7.589938914482773e-16,6.269325177512504e-15
20260622_161419,2026-06-22T16:14:19.121,orthonormal_rows,short_wide,64,512,8.000000,20260314,4,bsqr_full,0.0007440000000000001,0.0007800000000000001,0.0007519750000000001,0.00079690255,1002512,7.769242743894699e-16,5.714282535293435e-15
20260622_161419,2026-06-22T16:14:19.121,orthonormal_rows,short_wide,64,512,8.000000,20260314,4,dgeqp3,0.00046637500000000005,0.00048677050000000004,0.00046737187500000004,0.000504266575,1320240,8.356156160932469e-16,6.8514072624993294e-15
20260622_161419,2026-06-22T16:14:19.121,orthonormal_rows,short_wide,64,512,8.000000,20260314,4,bsqr_rinv,0.0007748750000000001,0.000806271,0.000779889825,0.000828508575,1231968,7.769242743894699e-16,5.714282535293435e-15
20260622_161419,2026-06-22T16:14:19.121,orthonormal_rows,short_wide,64,512,8.000000,20260314,4,dgeqp3_trsm,0.000521125,0.0005779790000000001,0.000532935975,0.0009070691749999986,2106992,8.356156160932469e-16,6.8514072624993294e-15
20260622_161419,2026-06-22T16:14:19.121,orthonormal_rows,short_wide,64,640,10.000000,20260314,4,bsqr_full,0.000957708,0.0009792915000000001,0.0009598532750000001,0.001126558575,1309840,7.604178159914163e-16,5.7524255399772574e-15
20260622_161419,2026-06-22T16:14:19.121,orthonormal_rows,short_wide,64,640,10.000000,20260314,4,dgeqp3,0.000598041,0.000647104,0.00060387145,0.0020353453499999934,1617200,8.026001264462284e-16,6.5711423473960665e-15
20260622_161419,2026-06-22T16:14:19.121,orthonormal_rows,short_wide,64,640,10.000000,20260314,4,bsqr_rinv,0.0009835830000000001,0.0010181875,0.0009843986250000001,0.0020872236249999945,1604832,7.604178159914163e-16,5.7524255399772574e-15
20260622_161419,2026-06-22T16:14:19.121,orthonormal_rows,short_wide,64,640,10.000000,20260314,4,dgeqp3_trsm,0.00068475,0.0007480000000000001,0.000691184375,0.0014555355999999967,2600560,8.026001264462284e-16,6.5711423473960665e-15
20260622_161419,2026-06-22T16:14:19.121,orthonormal_rows,short_wide,128,256,2.000000,20260314,4,bsqr_full,0.0010220000000000001,0.0010552495,0.001025625,0.0010776117,1045776,9.305399537151122e-16,1.0129610671564023e-14
20260622_161419,2026-06-22T16:14:19.121,orthonormal_rows,short_wide,128,256,2.000000,20260314,4,dgeqp3,0.000723084,0.0007632295000000001,0.0007409364000000001,0.0010873164249999986,1382224,9.462538854533687e-16,1.1438651017534667e-14
20260622_161419,2026-06-22T16:14:19.121,orthonormal_rows,short_wide,128,256,2.000000,20260314,4,bsqr_rinv,0.001028959,0.001069021,0.0010380207750000001,0.0010861742000000001,1176928,9.305399537151122e-16,1.0129610671564023e-14
20260622_161419,2026-06-22T16:14:19.121,orthonormal_rows,short_wide,128,256,2.000000,20260314,4,dgeqp3_trsm,0.000771958,0.000848125,0.0007805369250000001,0.001073279224999999,2168976,9.462538854533687e-16,1.1438651017534667e-14
20260622_161419,2026-06-22T16:14:19.121,orthonormal_rows,short_wide,128,512,4.000000,20260314,4,bsqr_full,0.0019340420000000002,0.0021003955000000003,0.0019841873500000004,0.003543553924999993,1912368,9.550412147142357e-16,1.00668590736115e-14
20260622_161419,2026-06-22T16:14:19.121,orthonormal_rows,short_wide,128,512,4.000000,20260314,4,dgeqp3,0.001592833,0.0018065415000000002,0.00161983925,0.003171747449999994,2500432,9.752123961287309e-16,1.0835361610925714e-14
20260622_161419,2026-06-22T16:14:19.121,orthonormal_rows,short_wide,128,512,4.000000,20260314,4,bsqr_rinv,0.00197825,0.002133875,0.002018578125,0.0028339202749999974,2305664,9.550412147142357e-16,1.00668590736115e-14
20260622_161419,2026-06-22T16:14:19.121,orthonormal_rows,short_wide,128,512,4.000000,20260314,4,dgeqp3_trsm,0.001719833,0.0019458960000000001,0.0017230955000000002,0.00544152405,4073616,9.752123961287309e-16,1.0835361610925714e-14
20260622_161419,2026-06-22T16:14:19.121,orthonormal_rows,short_wide,128,1024,8.000000,20260314,4,bsqr_full,0.003879542,0.004082062500000001,0.0038957334250000007,0.008323841274999999,3648112,9.075843695986477e-16,1.0037058354681244e-14
20260622_161419,2026-06-22T16:14:19.121,orthonormal_rows,short_wide,128,1024,8.000000,20260314,4,dgeqp3,0.002648208,0.0028452715,0.0026695657750000004,0.007440675574999998,4736848,9.347382598240079e-16,1.1056781683416122e-14
20260622_161419,2026-06-22T16:14:19.121,orthonormal_rows,short_wide,128,1024,8.000000,20260314,4,bsqr_rinv,0.00391525,0.004171375000000001,0.003940835975,0.0076193609,4565696,9.075843695986477e-16,1.0037058354681244e-14
20260622_161419,2026-06-22T16:14:19.121,orthonormal_rows,short_wide,128,1024,8.000000,20260314,4,dgeqp3_trsm,0.0030739580000000003,0.003246188,0.003078097025,0.006011997824999999,7882896,9.347382598240079e-16,1.1056781683416122e-14
20260622_161419,2026-06-22T16:14:19.121,orthonormal_rows,short_wide,128,1280,10.000000,20260314,4,bsqr_full,0.005125833000000001,0.005263292,0.0051345032750000005,0.010130932624999995,4557696,9.298513954132111e-16,1.0149221525800675e-14
20260622_161419,2026-06-22T16:14:19.121,orthonormal_rows,short_wide,128,1280,10.000000,20260314,4,dgeqp3,0.0034512090000000002,0.0037094995000000004,0.0034535348000000006,0.0062960808250000005,5855056,9.557036788456552e-16,1.1350045484243683e-14
20260622_161419,2026-06-22T16:14:19.121,orthonormal_rows,short_wide,128,1280,10.000000,20260314,4,bsqr_rinv,0.005268084,0.0054765840000000005,0.0052906191750000005,0.010498449049999999,5737424,9.298513954132111e-16,1.0149221525800675e-14
20260622_161419,2026-06-22T16:14:19.121,orthonormal_rows,short_wide,128,1280,10.000000,20260314,4,dgeqp3_trsm,0.003977834,0.0043248125000000005,0.0041088168500000005,0.007301907199999999,9787536,9.557036788456552e-16,1.1350045484243683e-14
20260622_161419,2026-06-22T16:14:19.121,orthonormal_rows,short_wide,256,512,2.000000,20260314,4,bsqr_full,0.004709208,0.0050136665000000006,0.00472845095,0.0109029644,3928592,1.1577917270985514e-15,2.0331110036669438e-14
20260622_161419,2026-06-22T16:14:19.121,orthonormal_rows,short_wide,256,512,2.000000,20260314,4,dgeqp3,0.003645375,0.0037958540000000004,0.003684796875,0.006491074849999999,5024560,1.1805111647118712e-15,2.0181706861412737e-14
20260622_161419,2026-06-22T16:14:19.121,orthonormal_rows,short_wide,256,512,2.000000,20260314,4,bsqr_rinv,0.004728625,0.004923396,0.004751039825,0.008292646074999997,4452960,1.1577917270985514e-15,2.0331110036669438e-14
20260622_161419,2026-06-22T16:14:19.121,orthonormal_rows,short_wide,256,512,2.000000,20260314,4,dgeqp3_trsm,0.004033125,0.0042541875,0.004111153125,0.006583521074999999,8170608,1.1805111647118712e-15,2.0181706861412737e-14
20260622_161419,2026-06-22T16:14:19.121,orthonormal_rows,short_wide,256,1024,4.000000,20260314,4,bsqr_full,0.010004958000000001,0.010748812,0.010024654075,0.016810861699999995,7237200,1.1862637926378692e-15,1.9869897619932083e-14
20260622_161419,2026-06-22T16:14:19.121,orthonormal_rows,short_wide,256,1024,4.000000,20260314,4,dgeqp3,0.006510500000000001,0.0067974375000000005,0.006534999200000001,0.013841930950000001,9358128,1.2150173337703379e-15,2.0350466409707442e-14
20260622_161419,2026-06-22T16:14:19.121,orthonormal_rows,short_wide,256,1024,4.000000,20260314,4,bsqr_rinv,0.010062959,0.0104266875,0.010076038725000002,0.013483939250000002,8810144,1.1862637926378692e-15,1.9869897619932083e-14
20260622_161419,2026-06-22T16:14:19.121,orthonormal_rows,short_wide,256,1024,4.000000,20260314,4,dgeqp3_trsm,0.007307,0.008450708500000001,0.007407291425,0.012136305449999999,15649904,1.2150173337703379e-15,2.0350466409707442e-14
20260622_161419,2026-06-22T16:14:19.121,orthonormal_rows,short_wide,256,2048,8.000000,20260314,4,bsqr_full,0.019990667,0.021406083500000003,0.020118296725000002,0.024893992525000002,13824560,1.1917887515142694e-15,2.0238427098314384e-14
20260622_161419,2026-06-22T16:14:19.121,orthonormal_rows,short_wide,256,2048,8.000000,20260314,4,dgeqp3,0.012467084000000002,0.0131330625,0.01250251765,0.017826318100000002,18058032,1.2258033719585642e-15,2.0049042956354638e-14
20260622_161419,2026-06-22T16:14:19.121,orthonormal_rows,short_wide,256,2048,8.000000,20260314,4,bsqr_rinv,0.019739459,0.020770146,0.0197612989,0.03534692934999995,17494656,1.1917887515142694e-15,2.0238427098314384e-14
20260622_161419,2026-06-22T16:14:19.121,orthonormal_rows,short_wide,256,2048,8.000000,20260314,4,dgeqp3_trsm,0.014552583000000001,0.0156614165,0.014616141575000002,0.032199310974999944,30641264,1.2258033719585642e-15,2.0049042956354638e-14
20260622_161419,2026-06-22T16:14:19.121,orthonormal_rows,short_wide,256,2560,10.000000,20260314,4,bsqr_full,0.023846959,0.024795187500000003,0.023926950425000003,0.028597891724999998,17151056,1.1972782114680257e-15,2.015197036395375e-14
20260622_161419,2026-06-22T16:14:19.121,orthonormal_rows,short_wide,256,2560,10.000000,20260314,4,dgeqp3,0.015056459000000001,0.016188479000000002,0.015081078550000002,0.0180945213,22391600,1.2390579696695348e-15,2.072234095215097e-14
20260622_161419,2026-06-22T16:14:19.121,orthonormal_rows,short_wide,256,2560,10.000000,20260314,4,bsqr_rinv,0.025171541000000002,0.0261776875,0.0251853769,0.038219441849999966,21869728,1.1972782114680257e-15,2.015197036395375e-14
20260622_161419,2026-06-22T16:14:19.121,orthonormal_rows,short_wide,256,2560,10.000000,20260314,4,dgeqp3_trsm,0.017612167,0.018862187500000002,0.017675543600000003,0.03359427172499996,38120560,1.2390579696695348e-15,2.072234095215097e-14
20260622_161419,2026-06-22T16:14:19.121,orthonormal_rows,short_wide,512,1024,2.000000,20260314,4,bsqr_full,0.025099792000000003,0.027427437500000002,0.025362543600000002,0.031260228274999996,15187024,1.534261704018282e-15,3.8568293471323147e-14
20260622_161419,2026-06-22T16:14:19.121,orthonormal_rows,short_wide,512,1024,2.000000,20260314,4,dgeqp3,0.016655792000000003,0.0181948125,0.01682809985,0.03026978909999995,19387184,1.5445452331512205e-15,3.827460683607114e-14
20260622_161419,2026-06-22T16:14:19.121,orthonormal_rows,short_wide,512,1024,2.000000,20260314,4,bsqr_rinv,0.025753083000000003,0.027625687500000003,0.025788246225000002,0.029488802175,17284256,1.534261704018282e-15,3.8568293471323147e-14
20260622_161419,2026-06-22T16:14:19.121,orthonormal_rows,short_wide,512,1024,2.000000,20260314,4,dgeqp3_trsm,0.019296625,0.020054104500000003,0.019321637500000002,0.031349095124999955,31970416,1.5445452331512205e-15,3.827460683607114e-14
20260622_161419,2026-06-22T16:14:19.121,orthonormal_rows,short_wide,512,2048,4.000000,20260314,4,bsqr_full,0.052864792,0.055087250000000004,0.053077549050000006,0.06780329199999996,28080720,1.578660303407381e-15,3.86098988084923e-14
20260622_161419,2026-06-22T16:14:19.121,orthonormal_rows,short_wide,512,2048,4.000000,20260314,4,dgeqp3,0.031643250000000005,0.033526292,0.031810754725,0.068174747825,36475696,1.6010302299542629e-15,3.8293364871499626e-14
20260622_161419,2026-06-22T16:14:19.121,orthonormal_rows,short_wide,512,2048,4.000000,20260314,4,bsqr_rinv,0.053789041,0.055918021000000005,0.0538206394,0.085973375,34372256,1.578660303407381e-15,3.86098988084923e-14
20260622_161419,2026-06-22T16:14:19.121,orthonormal_rows,short_wide,512,2048,4.000000,20260314,4,dgeqp3_trsm,0.036479791000000004,0.037998646000000004,0.036605790925000006,0.067686689675,61641840,1.6010302299542629e-15,3.8293364871499626e-14
20260622_161419,2026-06-22T16:14:19.121,orthonormal_rows,short_wide,512,4096,8.000000,20260314,4,bsqr_full,0.158770875,0.179806625,0.1606512846,0.234609982775,64356976,1.5969978513469336e-15,3.828534293387493e-14
20260622_161419,2026-06-22T16:14:19.121,orthonormal_rows,short_wide,512,4096,8.000000,20260314,4,dgeqp3,0.074136875,0.0790305,0.07425704375,0.11583295232499999,87397168,1.6347642965892435e-15,3.844880105232017e-14
20260622_161419,2026-06-22T16:14:19.121,orthonormal_rows,short_wide,512,4096,8.000000,20260314,4,bsqr_rinv,0.16037225000000002,0.18000779150000001,0.161377915625,0.21399747477500003,85328576,1.5969978513469336e-15,3.828534293387493e-14
20260622_161419,2026-06-22T16:14:19.121,orthonormal_rows,short_wide,512,4096,8.000000,20260314,4,dgeqp3_trsm,0.08187704200000001,0.08788266650000001,0.08222150762500001,0.12851991002500002,148214896,1.6347642965892435e-15,3.844880105232017e-14
20260622_161419,2026-06-22T16:14:19.121,orthonormal_rows,short_wide,512,5120,10.000000,20260314,4,bsqr_full,0.303579625,0.36891927100000005,0.313831980425,0.4189592045,67143312,1.6121200302374174e-15,3.84839339629942e-14
20260622_161419,2026-06-22T16:14:19.121,orthonormal_rows,short_wide,512,5120,10.000000,20260314,4,dgeqp3,0.14867225,0.171272583,0.149054625,0.2135899001,87724848,1.6391927606217754e-15,3.857899858997843e-14
20260622_161419,2026-06-22T16:14:19.121,orthonormal_rows,short_wide,512,5120,10.000000,20260314,4,bsqr_rinv,0.3673695,0.37042029200000004,0.3678838125,0.4071981596,86017760,1.6121200302374174e-15,3.84839339629942e-14
20260622_161419,2026-06-22T16:14:19.121,orthonormal_rows,short_wide,512,5120,10.000000,20260314,4,dgeqp3_trsm,0.155846791,0.182859292,0.16280731665,0.22545879144999997,150639728,1.6391927606217754e-15,3.857899858997843e-14
