run_id,timestamp,family,regime,m,n,aspect,seed,method,bench_surface,tmin_s,tmed_s,residual,orthogonality
20260316_143619,16-Mar-2026 14:36:19,gaussian,square,64,64,1,20260310,bsqr_full,materialize_qrp,0.000106708333333333,0.000107895833333333,5.79354202731191e-16,6.55487588383399e-15
20260316_143619,16-Mar-2026 14:36:19,gaussian,square,64,64,1,20260310,qr_pivoted,materialize_qrp,9.10833333333333e-05,9.22708333333333e-05,5.78712337035822e-16,5.74533872674844e-15
20260316_143619,16-Mar-2026 14:36:19,gaussian,square,64,64,1,20260310,bsqr_rinv,materialize_qrp,0.00010225,0.000102979166666667,5.79354202731191e-16,6.55487588383399e-15
20260316_143619,16-Mar-2026 14:36:19,gaussian,square,64,64,1,20260310,qr_pivoted,materialize_qrp,8.74166666666667e-05,8.83541666666667e-05,5.78712337035822e-16,5.74533872674844e-15
20260316_143619,16-Mar-2026 14:36:19,gaussian,square,64,64,1,20260310,qr_pivoted_trsm,materialize_qrp,9.89583333333333e-05,9.95833333333333e-05,5.78712337035822e-16,5.74533872674844e-15
20260316_143619,16-Mar-2026 14:36:19,gaussian,square,128,128,1,20260310,bsqr_full,materialize_qrp,0.000400083333333333,0.000421895833333333,7.22577769352159e-16,1.10316741106512e-14
20260316_143619,16-Mar-2026 14:36:19,gaussian,square,128,128,1,20260310,qr_pivoted,materialize_qrp,0.000336166666666667,0.0003496875,7.26983865046616e-16,1.07706060512945e-14
20260316_143619,16-Mar-2026 14:36:19,gaussian,square,128,128,1,20260310,bsqr_rinv,materialize_qrp,0.000399208333333333,0.000406666666666667,7.22577769352159e-16,1.10316741106512e-14
20260316_143619,16-Mar-2026 14:36:19,gaussian,square,128,128,1,20260310,qr_pivoted,materialize_qrp,0.00032525,0.000333083333333333,7.26983865046616e-16,1.07706060512945e-14
20260316_143619,16-Mar-2026 14:36:19,gaussian,square,128,128,1,20260310,qr_pivoted_trsm,materialize_qrp,0.000332833333333333,0.0003423125,7.26983865046616e-16,1.07706060512945e-14
20260316_143619,16-Mar-2026 14:36:19,gaussian,square,256,256,1,20260310,bsqr_full,materialize_qrp,0.00309454166666667,0.0033869375,9.19001960420932e-16,2.09250808789257e-14
20260316_143619,16-Mar-2026 14:36:19,gaussian,square,256,256,1,20260310,qr_pivoted,materialize_qrp,0.00170954166666667,0.0019775,9.39842951502218e-16,2.03598268851399e-14
20260316_143619,16-Mar-2026 14:36:19,gaussian,square,256,256,1,20260310,bsqr_rinv,materialize_qrp,0.00303633333333333,0.003331625,9.19001960420932e-16,2.09250808789257e-14
20260316_143619,16-Mar-2026 14:36:19,gaussian,square,256,256,1,20260310,qr_pivoted,materialize_qrp,0.00166366666666667,0.00196952083333333,9.39842951502218e-16,2.03598268851399e-14
20260316_143619,16-Mar-2026 14:36:19,gaussian,square,256,256,1,20260310,qr_pivoted_trsm,materialize_qrp,0.00170958333333333,0.00199508333333333,9.39842951502218e-16,2.03598268851399e-14
20260316_143619,16-Mar-2026 14:36:19,gaussian,square,384,384,1,20260310,bsqr_full,materialize_qrp,0.00803745833333333,0.00833364583333333,1.06262539082122e-15,2.96954618231928e-14
20260316_143619,16-Mar-2026 14:36:19,gaussian,square,384,384,1,20260310,qr_pivoted,materialize_qrp,0.00397716666666667,0.0041638125,1.10848783901716e-15,2.95900892784761e-14
20260316_143619,16-Mar-2026 14:36:19,gaussian,square,384,384,1,20260310,bsqr_rinv,materialize_qrp,0.00837775,0.0087761875,1.06262539082122e-15,2.96954618231928e-14
20260316_143619,16-Mar-2026 14:36:19,gaussian,square,384,384,1,20260310,qr_pivoted,materialize_qrp,0.003476,0.00404060416666667,1.10848783901716e-15,2.95900892784761e-14
20260316_143619,16-Mar-2026 14:36:19,gaussian,square,384,384,1,20260310,qr_pivoted_trsm,materialize_qrp,0.003628625,0.00405666666666667,1.10848783901716e-15,2.95900892784761e-14
20260316_143619,16-Mar-2026 14:36:19,gaussian,square,512,512,1,20260310,bsqr_full,materialize_qrp,0.0181778333333333,0.0195732291666667,1.21421315796172e-15,3.85073642850007e-14
20260316_143619,16-Mar-2026 14:36:19,gaussian,square,512,512,1,20260310,qr_pivoted,materialize_qrp,0.00819620833333333,0.008736625,1.24376394515966e-15,3.85037961198162e-14
20260316_143619,16-Mar-2026 14:36:19,gaussian,square,512,512,1,20260310,bsqr_rinv,materialize_qrp,0.0179954166666667,0.0187218125,1.21421315796172e-15,3.85073642850007e-14
20260316_143619,16-Mar-2026 14:36:19,gaussian,square,512,512,1,20260310,qr_pivoted,materialize_qrp,0.00851045833333333,0.0086331875,1.24376394515966e-15,3.85037961198162e-14
20260316_143619,16-Mar-2026 14:36:19,gaussian,square,512,512,1,20260310,qr_pivoted_trsm,materialize_qrp,0.00826933333333333,0.00861029166666667,1.24376394515966e-15,3.85037961198162e-14
20260316_143619,16-Mar-2026 14:36:19,gaussian,short_wide,32,64,2,20260310,bsqr_full,materialize_qrp,2.59166666666667e-05,2.6375e-05,5.12848266907202e-16,3.17584945665263e-15
20260316_143619,16-Mar-2026 14:36:19,gaussian,short_wide,32,64,2,20260310,qr_pivoted,materialize_qrp,1.6375e-05,1.67083333333333e-05,5.15600487387384e-16,3.22107387259434e-15
20260316_143619,16-Mar-2026 14:36:19,gaussian,short_wide,32,64,2,20260310,bsqr_rinv,materialize_qrp,3.15833333333333e-05,3.19583333333333e-05,5.12848266907202e-16,3.17584945665263e-15
20260316_143619,16-Mar-2026 14:36:19,gaussian,short_wide,32,64,2,20260310,qr_pivoted,materialize_qrp,1.63333333333333e-05,1.64583333333333e-05,5.15600487387384e-16,3.22107387259434e-15
20260316_143619,16-Mar-2026 14:36:19,gaussian,short_wide,32,64,2,20260310,qr_pivoted_trsm,materialize_qrp,3.65416666666667e-05,3.75833333333333e-05,5.15600487387384e-16,3.22107387259434e-15
20260316_143619,16-Mar-2026 14:36:19,gaussian,short_wide,32,128,4,20260310,bsqr_full,materialize_qrp,4.69583333333333e-05,4.75208333333333e-05,5.4522979247429e-16,3.38792218353935e-15
20260316_143619,16-Mar-2026 14:36:19,gaussian,short_wide,32,128,4,20260310,qr_pivoted,materialize_qrp,2.7375e-05,2.75e-05,5.79970641127458e-16,3.43703719966622e-15
20260316_143619,16-Mar-2026 14:36:19,gaussian,short_wide,32,128,4,20260310,bsqr_rinv,materialize_qrp,4.7125e-05,4.73958333333333e-05,5.4522979247429e-16,3.38792218353935e-15
20260316_143619,16-Mar-2026 14:36:19,gaussian,short_wide,32,128,4,20260310,qr_pivoted,materialize_qrp,2.72083333333333e-05,2.74166666666667e-05,5.79970641127458e-16,3.43703719966622e-15
20260316_143619,16-Mar-2026 14:36:19,gaussian,short_wide,32,128,4,20260310,qr_pivoted_trsm,materialize_qrp,5.05416666666667e-05,5.12916666666667e-05,5.79970641127458e-16,3.43703719966622e-15
20260316_143619,16-Mar-2026 14:36:19,gaussian,short_wide,32,256,8,20260310,bsqr_full,materialize_qrp,8.87083333333333e-05,8.98333333333333e-05,6.59494334799184e-16,3.69559207492648e-15
20260316_143619,16-Mar-2026 14:36:19,gaussian,short_wide,32,256,8,20260310,qr_pivoted,materialize_qrp,5.1625e-05,5.37083333333333e-05,5.73142195025708e-16,3.402883539687e-15
20260316_143619,16-Mar-2026 14:36:19,gaussian,short_wide,32,256,8,20260310,bsqr_rinv,materialize_qrp,8.74166666666667e-05,8.93541666666667e-05,6.59494334799184e-16,3.69559207492648e-15
20260316_143619,16-Mar-2026 14:36:19,gaussian,short_wide,32,256,8,20260310,qr_pivoted,materialize_qrp,4.99166666666667e-05,6.75e-05,5.73142195025708e-16,3.402883539687e-15
20260316_143619,16-Mar-2026 14:36:19,gaussian,short_wide,32,256,8,20260310,qr_pivoted_trsm,materialize_qrp,9.63333333333333e-05,9.70208333333333e-05,5.73142195025708e-16,3.402883539687e-15
20260316_143619,16-Mar-2026 14:36:19,gaussian,short_wide,32,320,10,20260310,bsqr_full,materialize_qrp,0.000117333333333333,0.0001178125,6.79999524898656e-16,3.89319320900278e-15
20260316_143619,16-Mar-2026 14:36:19,gaussian,short_wide,32,320,10,20260310,qr_pivoted,materialize_qrp,5.9875e-05,6.03125e-05,5.49139473204645e-16,3.0774841155175e-15
20260316_143619,16-Mar-2026 14:36:19,gaussian,short_wide,32,320,10,20260310,bsqr_rinv,materialize_qrp,0.000118375,0.000119416666666667,6.79999524898656e-16,3.89319320900278e-15
20260316_143619,16-Mar-2026 14:36:19,gaussian,short_wide,32,320,10,20260310,qr_pivoted,materialize_qrp,5.94583333333333e-05,6.59166666666667e-05,5.49139473204645e-16,3.0774841155175e-15
20260316_143619,16-Mar-2026 14:36:19,gaussian,short_wide,32,320,10,20260310,qr_pivoted_trsm,materialize_qrp,9.14166666666667e-05,0.000115125,5.49139473204645e-16,3.0774841155175e-15
20260316_143619,16-Mar-2026 14:36:19,gaussian,short_wide,64,128,2,20260310,bsqr_full,materialize_qrp,0.000132541666666667,0.000135125,7.08693513619645e-16,6.5886337759889e-15
20260316_143619,16-Mar-2026 14:36:19,gaussian,short_wide,64,128,2,20260310,qr_pivoted,materialize_qrp,8.3625e-05,0.000114895833333333,6.76273263045459e-16,5.56232255099035e-15
20260316_143619,16-Mar-2026 14:36:19,gaussian,short_wide,64,128,2,20260310,bsqr_rinv,materialize_qrp,0.0001285,0.000129791666666667,7.08693513619645e-16,6.5886337759889e-15
20260316_143619,16-Mar-2026 14:36:19,gaussian,short_wide,64,128,2,20260310,qr_pivoted,materialize_qrp,7.8125e-05,8.16458333333333e-05,6.76273263045459e-16,5.56232255099035e-15
20260316_143619,16-Mar-2026 14:36:19,gaussian,short_wide,64,128,2,20260310,qr_pivoted_trsm,materialize_qrp,0.000104583333333333,0.000105958333333333,6.76273263045459e-16,5.56232255099035e-15
20260316_143619,16-Mar-2026 14:36:19,gaussian,short_wide,64,256,4,20260310,bsqr_full,materialize_qrp,0.000302791666666667,0.000455104166666667,7.75688327211976e-16,6.89971223384866e-15
20260316_143619,16-Mar-2026 14:36:19,gaussian,short_wide,64,256,4,20260310,qr_pivoted,materialize_qrp,0.000148291666666667,0.000149166666666667,6.66629528881048e-16,5.46225390569545e-15
20260316_143619,16-Mar-2026 14:36:19,gaussian,short_wide,64,256,4,20260310,bsqr_rinv,materialize_qrp,0.000313833333333333,0.000449833333333333,7.75688327211976e-16,6.89971223384866e-15
20260316_143619,16-Mar-2026 14:36:19,gaussian,short_wide,64,256,4,20260310,qr_pivoted,materialize_qrp,0.000151833333333333,0.000171895833333333,6.66629528881048e-16,5.46225390569545e-15
20260316_143619,16-Mar-2026 14:36:19,gaussian,short_wide,64,256,4,20260310,qr_pivoted_trsm,materialize_qrp,0.000180125,0.000180958333333333,6.66629528881048e-16,5.46225390569545e-15
20260316_143619,16-Mar-2026 14:36:19,gaussian,short_wide,64,512,8,20260310,bsqr_full,materialize_qrp,0.000844958333333333,0.00151729166666667,7.82165453125637e-16,6.38029412582776e-15
20260316_143619,16-Mar-2026 14:36:19,gaussian,short_wide,64,512,8,20260310,qr_pivoted,materialize_qrp,0.000425166666666667,0.000466270833333333,7.10520170398229e-16,5.41510968267551e-15
20260316_143619,16-Mar-2026 14:36:19,gaussian,short_wide,64,512,8,20260310,bsqr_rinv,materialize_qrp,0.0008135,0.0008634375,7.82165453125637e-16,6.38029412582776e-15
20260316_143619,16-Mar-2026 14:36:19,gaussian,short_wide,64,512,8,20260310,qr_pivoted,materialize_qrp,0.0004115,0.000419916666666667,7.10520170398229e-16,5.41510968267551e-15
20260316_143619,16-Mar-2026 14:36:19,gaussian,short_wide,64,512,8,20260310,qr_pivoted_trsm,materialize_qrp,0.000447083333333333,0.000454208333333333,7.10520170398229e-16,5.41510968267551e-15
20260316_143619,16-Mar-2026 14:36:19,gaussian,short_wide,64,640,10,20260310,bsqr_full,materialize_qrp,0.00106708333333333,0.00110814583333333,7.45509122336408e-16,5.93404531531141e-15
20260316_143619,16-Mar-2026 14:36:19,gaussian,short_wide,64,640,10,20260310,qr_pivoted,materialize_qrp,0.000548958333333333,0.000571416666666667,7.34547433607291e-16,5.60866302574007e-15
20260316_143619,16-Mar-2026 14:36:19,gaussian,short_wide,64,640,10,20260310,bsqr_rinv,materialize_qrp,0.00108433333333333,0.00110541666666667,7.45509122336408e-16,5.93404531531141e-15
20260316_143619,16-Mar-2026 14:36:19,gaussian,short_wide,64,640,10,20260310,qr_pivoted,materialize_qrp,0.000556666666666667,0.000580416666666667,7.34547433607291e-16,5.60866302574007e-15
20260316_143619,16-Mar-2026 14:36:19,gaussian,short_wide,64,640,10,20260310,qr_pivoted_trsm,materialize_qrp,0.00061125,0.000637979166666667,7.34547433607291e-16,5.60866302574007e-15
20260316_143619,16-Mar-2026 14:36:19,gaussian,short_wide,128,256,2,20260310,bsqr_full,materialize_qrp,0.00122275,0.00138839583333333,8.90019871574911e-16,1.11410348635307e-14
20260316_143619,16-Mar-2026 14:36:19,gaussian,short_wide,128,256,2,20260310,qr_pivoted,materialize_qrp,0.000773125,0.0010455,8.52361882140262e-16,9.86829084082991e-15
20260316_143619,16-Mar-2026 14:36:19,gaussian,short_wide,128,256,2,20260310,bsqr_rinv,materialize_qrp,0.00116125,0.00120395833333333,8.90019871574911e-16,1.11410348635307e-14
20260316_143619,16-Mar-2026 14:36:19,gaussian,short_wide,128,256,2,20260310,qr_pivoted,materialize_qrp,0.000731875,0.000741083333333333,8.52361882140262e-16,9.86829084082991e-15
20260316_143619,16-Mar-2026 14:36:19,gaussian,short_wide,128,256,2,20260310,qr_pivoted_trsm,materialize_qrp,0.000782041666666667,0.000828895833333333,8.52361882140262e-16,9.86829084082991e-15
20260316_143619,16-Mar-2026 14:36:19,gaussian,short_wide,128,512,4,20260310,bsqr_full,materialize_qrp,0.00290433333333333,0.00321041666666667,9.27332475469117e-16,1.07868576439737e-14
20260316_143619,16-Mar-2026 14:36:19,gaussian,short_wide,128,512,4,20260310,qr_pivoted,materialize_qrp,0.00169908333333333,0.00186766666666667,8.97526563125503e-16,9.97217828087934e-15
20260316_143619,16-Mar-2026 14:36:19,gaussian,short_wide,128,512,4,20260310,bsqr_rinv,materialize_qrp,0.00280358333333333,0.00306741666666667,9.27332475469117e-16,1.07868576439737e-14
20260316_143619,16-Mar-2026 14:36:19,gaussian,short_wide,128,512,4,20260310,qr_pivoted,materialize_qrp,0.001493625,0.0016649375,8.97526563125503e-16,9.97217828087934e-15
20260316_143619,16-Mar-2026 14:36:19,gaussian,short_wide,128,512,4,20260310,qr_pivoted_trsm,materialize_qrp,0.00169425,0.001864375,8.97526563125503e-16,9.97217828087934e-15
20260316_143619,16-Mar-2026 14:36:19,gaussian,short_wide,128,1024,8,20260310,bsqr_full,materialize_qrp,0.005254625,0.00599116666666667,9.18010266397179e-16,1.09579814185026e-14
20260316_143619,16-Mar-2026 14:36:19,gaussian,short_wide,128,1024,8,20260310,qr_pivoted,materialize_qrp,0.00241091666666667,0.00254777083333333,8.86561290251173e-16,1.00499394150611e-14
20260316_143619,16-Mar-2026 14:36:19,gaussian,short_wide,128,1024,8,20260310,bsqr_rinv,materialize_qrp,0.00503391666666667,0.00518779166666667,9.18010266397179e-16,1.09579814185026e-14
20260316_143619,16-Mar-2026 14:36:19,gaussian,short_wide,128,1024,8,20260310,qr_pivoted,materialize_qrp,0.002502375,0.00260197916666667,8.86561290251173e-16,1.00499394150611e-14
20260316_143619,16-Mar-2026 14:36:19,gaussian,short_wide,128,1024,8,20260310,qr_pivoted_trsm,materialize_qrp,0.00277554166666667,0.002933875,8.86561290251173e-16,1.00499394150611e-14
20260316_143619,16-Mar-2026 14:36:19,gaussian,short_wide,128,1280,10,20260310,bsqr_full,materialize_qrp,0.00588291666666667,0.006104875,9.20156374491413e-16,1.08359474112549e-14
20260316_143619,16-Mar-2026 14:36:19,gaussian,short_wide,128,1280,10,20260310,qr_pivoted,materialize_qrp,0.00307579166666667,0.0031561875,8.67579099186661e-16,1.0064712743723e-14
20260316_143619,16-Mar-2026 14:36:19,gaussian,short_wide,128,1280,10,20260310,bsqr_rinv,materialize_qrp,0.00591879166666667,0.0060605,9.20156374491413e-16,1.08359474112549e-14
20260316_143619,16-Mar-2026 14:36:19,gaussian,short_wide,128,1280,10,20260310,qr_pivoted,materialize_qrp,0.002892375,0.00303504166666667,8.67579099186661e-16,1.0064712743723e-14
20260316_143619,16-Mar-2026 14:36:19,gaussian,short_wide,128,1280,10,20260310,qr_pivoted_trsm,materialize_qrp,0.003229375,0.00329247916666667,8.67579099186661e-16,1.0064712743723e-14
20260316_143619,16-Mar-2026 14:36:19,gaussian,short_wide,256,512,2,20260310,bsqr_full,materialize_qrp,0.00741191666666667,0.00776360416666667,1.06289572620616e-15,2.00585897029704e-14
20260316_143619,16-Mar-2026 14:36:19,gaussian,short_wide,256,512,2,20260310,qr_pivoted,materialize_qrp,0.00346416666666667,0.00360097916666667,1.11042451690808e-15,2.01682534460185e-14
20260316_143619,16-Mar-2026 14:36:19,gaussian,short_wide,256,512,2,20260310,bsqr_rinv,materialize_qrp,0.00768254166666667,0.00855991666666667,1.06289572620616e-15,2.00585897029704e-14
20260316_143619,16-Mar-2026 14:36:19,gaussian,short_wide,256,512,2,20260310,qr_pivoted,materialize_qrp,0.00344466666666667,0.00375666666666667,1.11042451690808e-15,2.01682534460185e-14
20260316_143619,16-Mar-2026 14:36:19,gaussian,short_wide,256,512,2,20260310,qr_pivoted_trsm,materialize_qrp,0.00371216666666667,0.0041085,1.11042451690808e-15,2.01682534460185e-14
20260316_143619,16-Mar-2026 14:36:19,gaussian,short_wide,256,1024,4,20260310,bsqr_full,materialize_qrp,0.0171567916666667,0.0217342708333333,1.13457434196791e-15,2.0200057815318e-14
20260316_143619,16-Mar-2026 14:36:19,gaussian,short_wide,256,1024,4,20260310,qr_pivoted,materialize_qrp,0.00646033333333333,0.00679883333333333,1.16466413326153e-15,2.01423762394479e-14
20260316_143619,16-Mar-2026 14:36:19,gaussian,short_wide,256,1024,4,20260310,bsqr_rinv,materialize_qrp,0.0134750416666667,0.0149994166666667,1.13457434196791e-15,2.0200057815318e-14
20260316_143619,16-Mar-2026 14:36:19,gaussian,short_wide,256,1024,4,20260310,qr_pivoted,materialize_qrp,0.00613420833333333,0.00653429166666667,1.16466413326153e-15,2.01423762394479e-14
20260316_143619,16-Mar-2026 14:36:19,gaussian,short_wide,256,1024,4,20260310,qr_pivoted_trsm,materialize_qrp,0.00668595833333333,0.00721514583333333,1.16466413326153e-15,2.01423762394479e-14
20260316_143619,16-Mar-2026 14:36:19,gaussian,short_wide,256,2048,8,20260310,bsqr_full,materialize_qrp,0.0240684166666667,0.0253950833333333,1.1644857136557e-15,2.0264742320173e-14
20260316_143619,16-Mar-2026 14:36:19,gaussian,short_wide,256,2048,8,20260310,qr_pivoted,materialize_qrp,0.0109822916666667,0.0115424166666667,1.19221078546481e-15,1.99968089446611e-14
20260316_143619,16-Mar-2026 14:36:19,gaussian,short_wide,256,2048,8,20260310,bsqr_rinv,materialize_qrp,0.0240265833333333,0.0245688333333333,1.1644857136557e-15,2.0264742320173e-14
20260316_143619,16-Mar-2026 14:36:19,gaussian,short_wide,256,2048,8,20260310,qr_pivoted,materialize_qrp,0.0109465,0.0118129791666667,1.19221078546481e-15,1.99968089446611e-14
20260316_143619,16-Mar-2026 14:36:19,gaussian,short_wide,256,2048,8,20260310,qr_pivoted_trsm,materialize_qrp,0.0126324583333333,0.0136732708333333,1.19221078546481e-15,1.99968089446611e-14
20260316_143619,16-Mar-2026 14:36:19,gaussian,short_wide,256,2560,10,20260310,bsqr_full,materialize_qrp,0.029583125,0.0303919375,1.18588869027974e-15,2.05756890890202e-14
20260316_143619,16-Mar-2026 14:36:19,gaussian,short_wide,256,2560,10,20260310,qr_pivoted,materialize_qrp,0.0134025416666667,0.0144194166666667,1.22013071186865e-15,2.01565185124666e-14
20260316_143619,16-Mar-2026 14:36:19,gaussian,short_wide,256,2560,10,20260310,bsqr_rinv,materialize_qrp,0.0303745416666667,0.0318481875,1.18588869027974e-15,2.05756890890202e-14
20260316_143619,16-Mar-2026 14:36:19,gaussian,short_wide,256,2560,10,20260310,qr_pivoted,materialize_qrp,0.013740125,0.0145152083333333,1.22013071186865e-15,2.01565185124666e-14
20260316_143619,16-Mar-2026 14:36:19,gaussian,short_wide,256,2560,10,20260310,qr_pivoted_trsm,materialize_qrp,0.015519625,0.0161066666666667,1.22013071186865e-15,2.01565185124666e-14
20260316_143619,16-Mar-2026 14:36:19,gaussian,short_wide,512,1024,2,20260310,bsqr_full,materialize_qrp,0.0395185833333333,0.041624125,1.43978925734957e-15,3.89342999459584e-14
20260316_143619,16-Mar-2026 14:36:19,gaussian,short_wide,512,1024,2,20260310,qr_pivoted,materialize_qrp,0.0159053333333333,0.0175473333333333,1.46363185076668e-15,3.86032645635483e-14
20260316_143619,16-Mar-2026 14:36:19,gaussian,short_wide,512,1024,2,20260310,bsqr_rinv,materialize_qrp,0.0400224583333333,0.0417343333333333,1.43978925734957e-15,3.89342999459584e-14
20260316_143619,16-Mar-2026 14:36:19,gaussian,short_wide,512,1024,2,20260310,qr_pivoted,materialize_qrp,0.0160204166666667,0.0166399583333333,1.46363185076668e-15,3.86032645635483e-14
20260316_143619,16-Mar-2026 14:36:19,gaussian,short_wide,512,1024,2,20260310,qr_pivoted_trsm,materialize_qrp,0.0167709583333333,0.0174702916666667,1.46363185076668e-15,3.86032645635483e-14
20260316_143619,16-Mar-2026 14:36:19,gaussian,short_wide,512,2048,4,20260310,bsqr_full,materialize_qrp,0.07366075,0.07405125,1.51363396536624e-15,3.84749692544431e-14
20260316_143619,16-Mar-2026 14:36:19,gaussian,short_wide,512,2048,4,20260310,qr_pivoted,materialize_qrp,0.0300535,0.0312203333333333,1.56483245777212e-15,3.86465949677106e-14
20260316_143619,16-Mar-2026 14:36:19,gaussian,short_wide,512,2048,4,20260310,bsqr_rinv,materialize_qrp,0.075762875,0.0805359166666667,1.51363396536624e-15,3.84749692544431e-14
20260316_143619,16-Mar-2026 14:36:19,gaussian,short_wide,512,2048,4,20260310,qr_pivoted,materialize_qrp,0.0302488333333333,0.0309330833333333,1.56483245777212e-15,3.86465949677106e-14
20260316_143619,16-Mar-2026 14:36:19,gaussian,short_wide,512,2048,4,20260310,qr_pivoted_trsm,materialize_qrp,0.0327397083333333,0.0337974583333333,1.56483245777212e-15,3.86465949677106e-14
20260316_143619,16-Mar-2026 14:36:19,gaussian,short_wide,512,4096,8,20260310,bsqr_full,materialize_qrp,0.25200825,0.280473291666667,1.56992685786184e-15,3.82769380489853e-14
20260316_143619,16-Mar-2026 14:36:19,gaussian,short_wide,512,4096,8,20260310,qr_pivoted,materialize_qrp,0.069260625,0.0720459791666667,1.61140551871764e-15,3.84952476115922e-14
20260316_143619,16-Mar-2026 14:36:19,gaussian,short_wide,512,4096,8,20260310,bsqr_rinv,materialize_qrp,0.282805083333333,0.292758625,1.56992685786184e-15,3.82769380489853e-14
20260316_143619,16-Mar-2026 14:36:19,gaussian,short_wide,512,4096,8,20260310,qr_pivoted,materialize_qrp,0.0725601666666667,0.0806920416666667,1.61140551871764e-15,3.84952476115922e-14
20260316_143619,16-Mar-2026 14:36:19,gaussian,short_wide,512,4096,8,20260310,qr_pivoted_trsm,materialize_qrp,0.0780158333333333,0.0824016666666667,1.61140551871764e-15,3.84952476115922e-14
20260316_143619,16-Mar-2026 14:36:19,gaussian,short_wide,512,5120,10,20260310,bsqr_full,materialize_qrp,0.376673791666667,0.406364729166667,1.59562196828308e-15,3.88380790168078e-14
20260316_143619,16-Mar-2026 14:36:19,gaussian,short_wide,512,5120,10,20260310,qr_pivoted,materialize_qrp,0.15361775,0.164722583333333,1.61404875244874e-15,3.82882006263254e-14
20260316_143619,16-Mar-2026 14:36:19,gaussian,short_wide,512,5120,10,20260310,bsqr_rinv,materialize_qrp,0.381425875,0.411822625,1.59562196828308e-15,3.88380790168078e-14
20260316_143619,16-Mar-2026 14:36:19,gaussian,short_wide,512,5120,10,20260310,qr_pivoted,materialize_qrp,0.149591333333333,0.159833791666667,1.61404875244874e-15,3.82882006263254e-14
20260316_143619,16-Mar-2026 14:36:19,gaussian,short_wide,512,5120,10,20260310,qr_pivoted_trsm,materialize_qrp,0.15931875,0.1620144375,1.61404875244874e-15,3.82882006263254e-14
20260316_143619,16-Mar-2026 14:36:19,ill_conditioned,square,64,64,1,20260310,bsqr_full,materialize_qrp,6.875e-05,6.925e-05,4.56409842624311e-16,6.38551830448147e-15
20260316_143619,16-Mar-2026 14:36:19,ill_conditioned,square,64,64,1,20260310,qr_pivoted,materialize_qrp,5.225e-05,6.16458333333333e-05,4.64213852732763e-16,5.26450366310038e-15
20260316_143619,16-Mar-2026 14:36:19,ill_conditioned,square,64,64,1,20260310,bsqr_rinv,materialize_qrp,6.975e-05,7.01041666666667e-05,4.56409842624311e-16,6.38551830448147e-15
20260316_143619,16-Mar-2026 14:36:19,ill_conditioned,square,64,64,1,20260310,qr_pivoted,materialize_qrp,4.9625e-05,4.97916666666667e-05,4.64213852732763e-16,5.26450366310038e-15
20260316_143619,16-Mar-2026 14:36:19,ill_conditioned,square,64,64,1,20260310,qr_pivoted_trsm,materialize_qrp,5e-05,5.00833333333333e-05,4.64213852732763e-16,5.26450366310038e-15
20260316_143619,16-Mar-2026 14:36:19,ill_conditioned,square,128,128,1,20260310,bsqr_full,materialize_qrp,0.000376541666666667,0.000409541666666667,5.69061810377146e-16,1.08201649354613e-14
20260316_143619,16-Mar-2026 14:36:19,ill_conditioned,square,128,128,1,20260310,qr_pivoted,materialize_qrp,0.000295916666666667,0.000305041666666667,5.44590096148649e-16,9.88588760363973e-15
20260316_143619,16-Mar-2026 14:36:19,ill_conditioned,square,128,128,1,20260310,bsqr_rinv,materialize_qrp,0.000369583333333333,0.000372895833333333,5.69061810377146e-16,1.08201649354613e-14
20260316_143619,16-Mar-2026 14:36:19,ill_conditioned,square,128,128,1,20260310,qr_pivoted,materialize_qrp,0.000295875,0.000303104166666667,5.44590096148649e-16,9.88588760363973e-15
20260316_143619,16-Mar-2026 14:36:19,ill_conditioned,square,128,128,1,20260310,qr_pivoted_trsm,materialize_qrp,0.000296708333333333,0.000303541666666667,5.44590096148649e-16,9.88588760363973e-15
20260316_143619,16-Mar-2026 14:36:19,ill_conditioned,square,256,256,1,20260310,bsqr_full,materialize_qrp,0.00310191666666667,0.0034324375,6.41128763874466e-16,2.06027417342347e-14
20260316_143619,16-Mar-2026 14:36:19,ill_conditioned,square,256,256,1,20260310,qr_pivoted,materialize_qrp,0.00181583333333333,0.00210852083333333,7.40374609836191e-16,2.00330694520648e-14
20260316_143619,16-Mar-2026 14:36:19,ill_conditioned,square,256,256,1,20260310,bsqr_rinv,materialize_qrp,0.00328145833333333,0.00352241666666667,6.41128763874466e-16,2.06027417342347e-14
20260316_143619,16-Mar-2026 14:36:19,ill_conditioned,square,256,256,1,20260310,qr_pivoted,materialize_qrp,0.00177883333333333,0.002078875,7.40374609836191e-16,2.00330694520648e-14
20260316_143619,16-Mar-2026 14:36:19,ill_conditioned,square,256,256,1,20260310,qr_pivoted_trsm,materialize_qrp,0.00181754166666667,0.00210225,7.40374609836191e-16,2.00330694520648e-14
20260316_143619,16-Mar-2026 14:36:19,ill_conditioned,square,384,384,1,20260310,bsqr_full,materialize_qrp,0.00850258333333333,0.00861266666666667,8.16075026088091e-16,2.92891619638538e-14
20260316_143619,16-Mar-2026 14:36:19,ill_conditioned,square,384,384,1,20260310,qr_pivoted,materialize_qrp,0.00386895833333333,0.00444391666666667,8.33334969097803e-16,2.95569672325845e-14
20260316_143619,16-Mar-2026 14:36:19,ill_conditioned,square,384,384,1,20260310,bsqr_rinv,materialize_qrp,0.00842075,0.008696875,8.16075026088091e-16,2.92891619638538e-14
20260316_143619,16-Mar-2026 14:36:19,ill_conditioned,square,384,384,1,20260310,qr_pivoted,materialize_qrp,0.003798125,0.00440916666666667,8.33334969097803e-16,2.95569672325845e-14
20260316_143619,16-Mar-2026 14:36:19,ill_conditioned,square,384,384,1,20260310,qr_pivoted_trsm,materialize_qrp,0.003920625,0.00411602083333333,8.33334969097803e-16,2.95569672325845e-14
20260316_143619,16-Mar-2026 14:36:19,ill_conditioned,square,512,512,1,20260310,bsqr_full,materialize_qrp,0.0177760833333333,0.019149,8.73042027761609e-16,3.86056102920968e-14
20260316_143619,16-Mar-2026 14:36:19,ill_conditioned,square,512,512,1,20260310,qr_pivoted,materialize_qrp,0.0096505,0.00995858333333333,9.37954073399903e-16,3.84584672711724e-14
20260316_143619,16-Mar-2026 14:36:19,ill_conditioned,square,512,512,1,20260310,bsqr_rinv,materialize_qrp,0.0184180416666667,0.019538875,8.73042027761609e-16,3.86056102920968e-14
20260316_143619,16-Mar-2026 14:36:19,ill_conditioned,square,512,512,1,20260310,qr_pivoted,materialize_qrp,0.00923641666666667,0.0101270833333333,9.37954073399903e-16,3.84584672711724e-14
20260316_143619,16-Mar-2026 14:36:19,ill_conditioned,square,512,512,1,20260310,qr_pivoted_trsm,materialize_qrp,0.00946325,0.00994302083333333,9.37954073399903e-16,3.84584672711724e-14
20260316_143619,16-Mar-2026 14:36:19,ill_conditioned,short_wide,32,64,2,20260310,bsqr_full,materialize_qrp,2.5125e-05,2.55833333333333e-05,3.64202301630982e-16,2.69020783790688e-15
20260316_143619,16-Mar-2026 14:36:19,ill_conditioned,short_wide,32,64,2,20260310,qr_pivoted,materialize_qrp,1.6625e-05,1.67291666666667e-05,3.55358197983488e-16,3.66500464299143e-15
20260316_143619,16-Mar-2026 14:36:19,ill_conditioned,short_wide,32,64,2,20260310,bsqr_rinv,materialize_qrp,2.65833333333333e-05,2.68333333333333e-05,3.64202301630982e-16,2.69020783790688e-15
20260316_143619,16-Mar-2026 14:36:19,ill_conditioned,short_wide,32,64,2,20260310,qr_pivoted,materialize_qrp,1.65416666666667e-05,1.66666666666667e-05,3.55358197983488e-16,3.66500464299143e-15
20260316_143619,16-Mar-2026 14:36:19,ill_conditioned,short_wide,32,64,2,20260310,qr_pivoted_trsm,materialize_qrp,2.13333333333333e-05,2.175e-05,3.55358197983488e-16,3.66500464299143e-15
20260316_143619,16-Mar-2026 14:36:19,ill_conditioned,short_wide,32,128,4,20260310,bsqr_full,materialize_qrp,4.575e-05,4.61041666666667e-05,3.46795474637608e-16,3.24088329872009e-15
20260316_143619,16-Mar-2026 14:36:19,ill_conditioned,short_wide,32,128,4,20260310,qr_pivoted,materialize_qrp,2.64583333333333e-05,2.66041666666667e-05,3.30472878031001e-16,3.44866731314851e-15
20260316_143619,16-Mar-2026 14:36:19,ill_conditioned,short_wide,32,128,4,20260310,bsqr_rinv,materialize_qrp,4.5875e-05,4.65625e-05,3.46795474637608e-16,3.24088329872009e-15
20260316_143619,16-Mar-2026 14:36:19,ill_conditioned,short_wide,32,128,4,20260310,qr_pivoted,materialize_qrp,2.63333333333333e-05,2.6625e-05,3.30472878031001e-16,3.44866731314851e-15
20260316_143619,16-Mar-2026 14:36:19,ill_conditioned,short_wide,32,128,4,20260310,qr_pivoted_trsm,materialize_qrp,3.85833333333333e-05,3.87708333333333e-05,3.30472878031001e-16,3.44866731314851e-15
20260316_143619,16-Mar-2026 14:36:19,ill_conditioned,short_wide,32,256,8,20260310,bsqr_full,materialize_qrp,8.95833333333333e-05,9.14583333333333e-05,3.75858754285502e-16,2.94541134480983e-15
20260316_143619,16-Mar-2026 14:36:19,ill_conditioned,short_wide,32,256,8,20260310,qr_pivoted,materialize_qrp,4.8125e-05,4.83541666666667e-05,3.32851924863008e-16,3.29713620931851e-15
20260316_143619,16-Mar-2026 14:36:19,ill_conditioned,short_wide,32,256,8,20260310,bsqr_rinv,materialize_qrp,9.0625e-05,9.19583333333333e-05,3.75858754285502e-16,2.94541134480983e-15
20260316_143619,16-Mar-2026 14:36:19,ill_conditioned,short_wide,32,256,8,20260310,qr_pivoted,materialize_qrp,4.80833333333333e-05,4.84166666666667e-05,3.32851924863008e-16,3.29713620931851e-15
20260316_143619,16-Mar-2026 14:36:19,ill_conditioned,short_wide,32,256,8,20260310,qr_pivoted_trsm,materialize_qrp,6.12083333333333e-05,9.80833333333333e-05,3.32851924863008e-16,3.29713620931851e-15
20260316_143619,16-Mar-2026 14:36:19,ill_conditioned,short_wide,32,320,10,20260310,bsqr_full,materialize_qrp,0.000117916666666667,0.000118666666666667,5.06215165859896e-16,3.70753137305155e-15
20260316_143619,16-Mar-2026 14:36:19,ill_conditioned,short_wide,32,320,10,20260310,qr_pivoted,materialize_qrp,6.08333333333333e-05,9.45833333333333e-05,5.06614663549704e-16,3.53403194620992e-15
20260316_143619,16-Mar-2026 14:36:19,ill_conditioned,short_wide,32,320,10,20260310,bsqr_rinv,materialize_qrp,0.000119416666666667,0.000120041666666667,5.06215165859896e-16,3.70753137305155e-15
20260316_143619,16-Mar-2026 14:36:19,ill_conditioned,short_wide,32,320,10,20260310,qr_pivoted,materialize_qrp,6.025e-05,9.11041666666667e-05,5.06614663549704e-16,3.53403194620992e-15
20260316_143619,16-Mar-2026 14:36:19,ill_conditioned,short_wide,32,320,10,20260310,qr_pivoted_trsm,materialize_qrp,0.000141791666666667,0.0001435,5.06614663549704e-16,3.53403194620992e-15
20260316_143619,16-Mar-2026 14:36:19,ill_conditioned,short_wide,64,128,2,20260310,bsqr_full,materialize_qrp,0.000131416666666667,0.000132,4.17452659748881e-16,6.57261254944235e-15
20260316_143619,16-Mar-2026 14:36:19,ill_conditioned,short_wide,64,128,2,20260310,qr_pivoted,materialize_qrp,7.825e-05,7.8875e-05,4.17851696831255e-16,5.38290799169485e-15
20260316_143619,16-Mar-2026 14:36:19,ill_conditioned,short_wide,64,128,2,20260310,bsqr_rinv,materialize_qrp,0.000131458333333333,0.000132583333333333,4.17452659748881e-16,6.57261254944235e-15
20260316_143619,16-Mar-2026 14:36:19,ill_conditioned,short_wide,64,128,2,20260310,qr_pivoted,materialize_qrp,7.82083333333333e-05,7.84583333333333e-05,4.17851696831255e-16,5.38290799169485e-15
20260316_143619,16-Mar-2026 14:36:19,ill_conditioned,short_wide,64,128,2,20260310,qr_pivoted_trsm,materialize_qrp,9.2375e-05,9.28333333333333e-05,4.17851696831255e-16,5.38290799169485e-15
20260316_143619,16-Mar-2026 14:36:19,ill_conditioned,short_wide,64,256,4,20260310,bsqr_full,materialize_qrp,0.000299458333333333,0.000306979166666667,4.90986831260519e-16,6.56409284836661e-15
20260316_143619,16-Mar-2026 14:36:19,ill_conditioned,short_wide,64,256,4,20260310,qr_pivoted,materialize_qrp,0.000147083333333333,0.0001808125,5.04014086587939e-16,5.29996960725233e-15
20260316_143619,16-Mar-2026 14:36:19,ill_conditioned,short_wide,64,256,4,20260310,bsqr_rinv,materialize_qrp,0.000301666666666667,0.000336416666666667,4.90986831260519e-16,6.56409284836661e-15
20260316_143619,16-Mar-2026 14:36:19,ill_conditioned,short_wide,64,256,4,20260310,qr_pivoted,materialize_qrp,0.000145958333333333,0.000179020833333333,5.04014086587939e-16,5.29996960725233e-15
20260316_143619,16-Mar-2026 14:36:19,ill_conditioned,short_wide,64,256,4,20260310,qr_pivoted_trsm,materialize_qrp,0.00023475,0.000238333333333333,5.04014086587939e-16,5.29996960725233e-15
20260316_143619,16-Mar-2026 14:36:19,ill_conditioned,short_wide,64,512,8,20260310,bsqr_full,materialize_qrp,0.000808833333333333,0.000824916666666667,6.46532087591768e-16,6.31885894930601e-15
20260316_143619,16-Mar-2026 14:36:19,ill_conditioned,short_wide,64,512,8,20260310,qr_pivoted,materialize_qrp,0.000414416666666667,0.000419333333333333,6.31077580306157e-16,5.84917178526315e-15
20260316_143619,16-Mar-2026 14:36:19,ill_conditioned,short_wide,64,512,8,20260310,bsqr_rinv,materialize_qrp,0.000809791666666667,0.000819395833333333,6.46532087591768e-16,6.31885894930601e-15
20260316_143619,16-Mar-2026 14:36:19,ill_conditioned,short_wide,64,512,8,20260310,qr_pivoted,materialize_qrp,0.000416375,0.0004301875,6.31077580306157e-16,5.84917178526315e-15
20260316_143619,16-Mar-2026 14:36:19,ill_conditioned,short_wide,64,512,8,20260310,qr_pivoted_trsm,materialize_qrp,0.00046075,0.0004819375,6.31077580306157e-16,5.84917178526315e-15
20260316_143619,16-Mar-2026 14:36:19,ill_conditioned,short_wide,64,640,10,20260310,bsqr_full,materialize_qrp,0.00109545833333333,0.00111154166666667,4.87044692826948e-16,6.37369576532023e-15
20260316_143619,16-Mar-2026 14:36:19,ill_conditioned,short_wide,64,640,10,20260310,qr_pivoted,materialize_qrp,0.000563708333333333,0.0005933125,5.04754030596872e-16,5.75329136892682e-15
20260316_143619,16-Mar-2026 14:36:19,ill_conditioned,short_wide,64,640,10,20260310,bsqr_rinv,materialize_qrp,0.001093125,0.0011114375,4.87044692826948e-16,6.37369576532023e-15
20260316_143619,16-Mar-2026 14:36:19,ill_conditioned,short_wide,64,640,10,20260310,qr_pivoted,materialize_qrp,0.000544708333333333,0.000575458333333333,5.04754030596872e-16,5.75329136892682e-15
20260316_143619,16-Mar-2026 14:36:19,ill_conditioned,short_wide,64,640,10,20260310,qr_pivoted_trsm,materialize_qrp,0.000620958333333333,0.000691666666666667,5.04754030596872e-16,5.75329136892682e-15
20260316_143619,16-Mar-2026 14:36:19,ill_conditioned,short_wide,128,256,2,20260310,bsqr_full,materialize_qrp,0.00117470833333333,0.00119485416666667,6.16124432145838e-16,1.14855418348949e-14
20260316_143619,16-Mar-2026 14:36:19,ill_conditioned,short_wide,128,256,2,20260310,qr_pivoted,materialize_qrp,0.00072575,0.000750708333333333,6.02820015199576e-16,1.02155460619787e-14
20260316_143619,16-Mar-2026 14:36:19,ill_conditioned,short_wide,128,256,2,20260310,bsqr_rinv,materialize_qrp,0.001160625,0.00118639583333333,6.16124432145838e-16,1.14855418348949e-14
20260316_143619,16-Mar-2026 14:36:19,ill_conditioned,short_wide,128,256,2,20260310,qr_pivoted,materialize_qrp,0.000720916666666667,0.000736375,6.02820015199576e-16,1.02155460619787e-14
20260316_143619,16-Mar-2026 14:36:19,ill_conditioned,short_wide,128,256,2,20260310,qr_pivoted_trsm,materialize_qrp,0.000772375,0.000812479166666667,6.02820015199576e-16,1.02155460619787e-14
20260316_143619,16-Mar-2026 14:36:19,ill_conditioned,short_wide,128,512,4,20260310,bsqr_full,materialize_qrp,0.00274825,0.00287664583333333,6.27022206995731e-16,1.09921024397837e-14
20260316_143619,16-Mar-2026 14:36:19,ill_conditioned,short_wide,128,512,4,20260310,qr_pivoted,materialize_qrp,0.00160891666666667,0.00168089583333333,6.8103744438443e-16,1.06476848514217e-14
20260316_143619,16-Mar-2026 14:36:19,ill_conditioned,short_wide,128,512,4,20260310,bsqr_rinv,materialize_qrp,0.00266254166666667,0.00288504166666667,6.27022206995731e-16,1.09921024397837e-14
20260316_143619,16-Mar-2026 14:36:19,ill_conditioned,short_wide,128,512,4,20260310,qr_pivoted,materialize_qrp,0.0014305,0.00168102083333333,6.8103744438443e-16,1.06476848514217e-14
20260316_143619,16-Mar-2026 14:36:19,ill_conditioned,short_wide,128,512,4,20260310,qr_pivoted_trsm,materialize_qrp,0.00171841666666667,0.00183820833333333,6.8103744438443e-16,1.06476848514217e-14
20260316_143619,16-Mar-2026 14:36:19,ill_conditioned,short_wide,128,1024,8,20260310,bsqr_full,materialize_qrp,0.00495245833333333,0.005164,6.15991452175637e-16,1.04903343384788e-14
20260316_143619,16-Mar-2026 14:36:19,ill_conditioned,short_wide,128,1024,8,20260310,qr_pivoted,materialize_qrp,0.00240033333333333,0.00262970833333333,6.07473431419421e-16,9.88168351569876e-15
20260316_143619,16-Mar-2026 14:36:19,ill_conditioned,short_wide,128,1024,8,20260310,bsqr_rinv,materialize_qrp,0.004985125,0.00515670833333333,6.15991452175637e-16,1.04903343384788e-14
20260316_143619,16-Mar-2026 14:36:19,ill_conditioned,short_wide,128,1024,8,20260310,qr_pivoted,materialize_qrp,0.00255120833333333,0.0026588125,6.07473431419421e-16,9.88168351569876e-15
20260316_143619,16-Mar-2026 14:36:19,ill_conditioned,short_wide,128,1024,8,20260310,qr_pivoted_trsm,materialize_qrp,0.00260966666666667,0.0029350625,6.07473431419421e-16,9.88168351569876e-15
20260316_143619,16-Mar-2026 14:36:19,ill_conditioned,short_wide,128,1280,10,20260310,bsqr_full,materialize_qrp,0.00600575,0.00613077083333333,6.70254431777066e-16,1.13109924958631e-14
20260316_143619,16-Mar-2026 14:36:19,ill_conditioned,short_wide,128,1280,10,20260310,qr_pivoted,materialize_qrp,0.00298075,0.00306241666666667,6.14210686028831e-16,1.03190920971107e-14
20260316_143619,16-Mar-2026 14:36:19,ill_conditioned,short_wide,128,1280,10,20260310,bsqr_rinv,materialize_qrp,0.00604554166666667,0.00622229166666667,6.70254431777066e-16,1.13109924958631e-14
20260316_143619,16-Mar-2026 14:36:19,ill_conditioned,short_wide,128,1280,10,20260310,qr_pivoted,materialize_qrp,0.00296541666666667,0.0031621875,6.14210686028831e-16,1.03190920971107e-14
20260316_143619,16-Mar-2026 14:36:19,ill_conditioned,short_wide,128,1280,10,20260310,qr_pivoted_trsm,materialize_qrp,0.00332333333333333,0.00342072916666667,6.14210686028831e-16,1.03190920971107e-14
20260316_143619,16-Mar-2026 14:36:19,ill_conditioned,short_wide,256,512,2,20260310,bsqr_full,materialize_qrp,0.00754758333333333,0.00778245833333333,8.03246336127302e-16,2.00751864602227e-14
20260316_143619,16-Mar-2026 14:36:19,ill_conditioned,short_wide,256,512,2,20260310,qr_pivoted,materialize_qrp,0.00389516666666667,0.00405477083333333,8.50044789881791e-16,2.03072183925402e-14
20260316_143619,16-Mar-2026 14:36:19,ill_conditioned,short_wide,256,512,2,20260310,bsqr_rinv,materialize_qrp,0.00779033333333333,0.00810860416666667,8.03246336127302e-16,2.00751864602227e-14
20260316_143619,16-Mar-2026 14:36:19,ill_conditioned,short_wide,256,512,2,20260310,qr_pivoted,materialize_qrp,0.00381270833333333,0.00400885416666667,8.50044789881791e-16,2.03072183925402e-14
20260316_143619,16-Mar-2026 14:36:19,ill_conditioned,short_wide,256,512,2,20260310,qr_pivoted_trsm,materialize_qrp,0.00398241666666667,0.0041665,8.50044789881791e-16,2.03072183925402e-14
20260316_143619,16-Mar-2026 14:36:19,ill_conditioned,short_wide,256,1024,4,20260310,bsqr_full,materialize_qrp,0.0138182916666667,0.0143827291666667,8.92653468915102e-16,2.08847724234117e-14
20260316_143619,16-Mar-2026 14:36:19,ill_conditioned,short_wide,256,1024,4,20260310,qr_pivoted,materialize_qrp,0.00740758333333333,0.0077875625,8.98532159891884e-16,2.00157481594066e-14
20260316_143619,16-Mar-2026 14:36:19,ill_conditioned,short_wide,256,1024,4,20260310,bsqr_rinv,materialize_qrp,0.0141545416666667,0.0146393958333333,8.92653468915102e-16,2.08847724234117e-14
20260316_143619,16-Mar-2026 14:36:19,ill_conditioned,short_wide,256,1024,4,20260310,qr_pivoted,materialize_qrp,0.00737741666666667,0.00771677083333333,8.98532159891884e-16,2.00157481594066e-14
20260316_143619,16-Mar-2026 14:36:19,ill_conditioned,short_wide,256,1024,4,20260310,qr_pivoted_trsm,materialize_qrp,0.00792141666666667,0.00828772916666667,8.98532159891884e-16,2.00157481594066e-14
20260316_143619,16-Mar-2026 14:36:19,ill_conditioned,short_wide,256,2048,8,20260310,bsqr_full,materialize_qrp,0.0236126666666667,0.0245079791666667,8.87587192020146e-16,2.03483884007764e-14
20260316_143619,16-Mar-2026 14:36:19,ill_conditioned,short_wide,256,2048,8,20260310,qr_pivoted,materialize_qrp,0.0143241666666667,0.014837875,9.23164134206404e-16,2.00990795377559e-14
20260316_143619,16-Mar-2026 14:36:19,ill_conditioned,short_wide,256,2048,8,20260310,bsqr_rinv,materialize_qrp,0.0243340833333333,0.0247362291666667,8.87587192020146e-16,2.03483884007764e-14
20260316_143619,16-Mar-2026 14:36:19,ill_conditioned,short_wide,256,2048,8,20260310,qr_pivoted,materialize_qrp,0.0144195833333333,0.0148499583333333,9.23164134206404e-16,2.00990795377559e-14
20260316_143619,16-Mar-2026 14:36:19,ill_conditioned,short_wide,256,2048,8,20260310,qr_pivoted_trsm,materialize_qrp,0.0157855,0.0169999166666667,9.23164134206404e-16,2.00990795377559e-14
20260316_143619,16-Mar-2026 14:36:19,ill_conditioned,short_wide,256,2560,10,20260310,bsqr_full,materialize_qrp,0.0306267916666667,0.0315735833333333,8.14258360770239e-16,2.01715131493176e-14
20260316_143619,16-Mar-2026 14:36:19,ill_conditioned,short_wide,256,2560,10,20260310,qr_pivoted,materialize_qrp,0.0182394583333333,0.0185667708333333,9.43264858075975e-16,1.97366002695071e-14
20260316_143619,16-Mar-2026 14:36:19,ill_conditioned,short_wide,256,2560,10,20260310,bsqr_rinv,materialize_qrp,0.0305892916666667,0.0313777916666667,8.14258360770239e-16,2.01715131493176e-14
20260316_143619,16-Mar-2026 14:36:19,ill_conditioned,short_wide,256,2560,10,20260310,qr_pivoted,materialize_qrp,0.0178245416666667,0.0185696041666667,9.43264858075975e-16,1.97366002695071e-14
20260316_143619,16-Mar-2026 14:36:19,ill_conditioned,short_wide,256,2560,10,20260310,qr_pivoted_trsm,materialize_qrp,0.019856875,0.0208152916666667,9.43264858075975e-16,1.97366002695071e-14
20260316_143619,16-Mar-2026 14:36:19,ill_conditioned,short_wide,512,1024,2,20260310,bsqr_full,materialize_qrp,0.0400027083333333,0.04119075,1.03975919745067e-15,3.84212077231475e-14
20260316_143619,16-Mar-2026 14:36:19,ill_conditioned,short_wide,512,1024,2,20260310,qr_pivoted,materialize_qrp,0.0191979583333333,0.02000775,1.08911269334832e-15,3.85640991560757e-14
20260316_143619,16-Mar-2026 14:36:19,ill_conditioned,short_wide,512,1024,2,20260310,bsqr_rinv,materialize_qrp,0.039747875,0.0412784791666667,1.03975919745067e-15,3.84212077231475e-14
20260316_143619,16-Mar-2026 14:36:19,ill_conditioned,short_wide,512,1024,2,20260310,qr_pivoted,materialize_qrp,0.0196992916666667,0.0206545625,1.08911269334832e-15,3.85640991560757e-14
20260316_143619,16-Mar-2026 14:36:19,ill_conditioned,short_wide,512,1024,2,20260310,qr_pivoted_trsm,materialize_qrp,0.0208754583333333,0.0213342708333333,1.08911269334832e-15,3.85640991560757e-14
20260316_143619,16-Mar-2026 14:36:19,ill_conditioned,short_wide,512,2048,4,20260310,bsqr_full,materialize_qrp,0.0726745416666667,0.075005125,1.11945132390924e-15,3.85621920482983e-14
20260316_143619,16-Mar-2026 14:36:19,ill_conditioned,short_wide,512,2048,4,20260310,qr_pivoted,materialize_qrp,0.0383615416666667,0.0394715833333333,1.13993350731895e-15,3.8383174580973e-14
20260316_143619,16-Mar-2026 14:36:19,ill_conditioned,short_wide,512,2048,4,20260310,bsqr_rinv,materialize_qrp,0.0745392916666667,0.0764766875,1.11945132390924e-15,3.85621920482983e-14
20260316_143619,16-Mar-2026 14:36:19,ill_conditioned,short_wide,512,2048,4,20260310,qr_pivoted,materialize_qrp,0.0389005416666667,0.0398391458333333,1.13993350731895e-15,3.8383174580973e-14
20260316_143619,16-Mar-2026 14:36:19,ill_conditioned,short_wide,512,2048,4,20260310,qr_pivoted_trsm,materialize_qrp,0.0424923333333333,0.0432261666666667,1.13993350731895e-15,3.8383174580973e-14
20260316_143619,16-Mar-2026 14:36:19,ill_conditioned,short_wide,512,4096,8,20260310,bsqr_full,materialize_qrp,0.2432995,0.251574333333333,1.11437621973e-15,3.79564512072004e-14
20260316_143619,16-Mar-2026 14:36:19,ill_conditioned,short_wide,512,4096,8,20260310,qr_pivoted,materialize_qrp,0.0904364166666667,0.0981041458333333,1.17279393237205e-15,3.83554008164097e-14
20260316_143619,16-Mar-2026 14:36:19,ill_conditioned,short_wide,512,4096,8,20260310,bsqr_rinv,materialize_qrp,0.243925041666667,0.2520756875,1.11437621973e-15,3.79564512072004e-14
20260316_143619,16-Mar-2026 14:36:19,ill_conditioned,short_wide,512,4096,8,20260310,qr_pivoted,materialize_qrp,0.096502125,0.0981331666666667,1.17279393237205e-15,3.83554008164097e-14
20260316_143619,16-Mar-2026 14:36:19,ill_conditioned,short_wide,512,4096,8,20260310,qr_pivoted_trsm,materialize_qrp,0.09899575,0.102644854166667,1.17279393237205e-15,3.83554008164097e-14
20260316_143619,16-Mar-2026 14:36:19,ill_conditioned,short_wide,512,5120,10,20260310,bsqr_full,materialize_qrp,0.371944583333333,0.378842979166667,1.11505805314873e-15,3.8414323860022e-14
20260316_143619,16-Mar-2026 14:36:19,ill_conditioned,short_wide,512,5120,10,20260310,qr_pivoted,materialize_qrp,0.175919458333333,0.18182425,1.18155433006031e-15,3.83148900557871e-14
20260316_143619,16-Mar-2026 14:36:19,ill_conditioned,short_wide,512,5120,10,20260310,bsqr_rinv,materialize_qrp,0.379409666666667,0.3975895625,1.11505805314873e-15,3.8414323860022e-14
20260316_143619,16-Mar-2026 14:36:19,ill_conditioned,short_wide,512,5120,10,20260310,qr_pivoted,materialize_qrp,0.173674625,0.1770253125,1.18155433006031e-15,3.83148900557871e-14
20260316_143619,16-Mar-2026 14:36:19,ill_conditioned,short_wide,512,5120,10,20260310,qr_pivoted_trsm,materialize_qrp,0.190230916666667,0.1927309375,1.18155433006031e-15,3.83148900557871e-14
20260316_143619,16-Mar-2026 14:36:19,orthonormal_rows,square,64,64,1,20260310,bsqr_full,materialize_qrp,7.02916666666667e-05,7.0875e-05,6.58349760724176e-16,6.1569351221725e-15
20260316_143619,16-Mar-2026 14:36:19,orthonormal_rows,square,64,64,1,20260310,qr_pivoted,materialize_qrp,4.92083333333333e-05,4.95e-05,5.96664177537599e-16,5.49004093226311e-15
20260316_143619,16-Mar-2026 14:36:19,orthonormal_rows,square,64,64,1,20260310,bsqr_rinv,materialize_qrp,6.99166666666667e-05,7.06666666666667e-05,6.58349760724176e-16,6.1569351221725e-15
20260316_143619,16-Mar-2026 14:36:19,orthonormal_rows,square,64,64,1,20260310,qr_pivoted,materialize_qrp,4.92083333333333e-05,4.95e-05,5.96664177537599e-16,5.49004093226311e-15
20260316_143619,16-Mar-2026 14:36:19,orthonormal_rows,square,64,64,1,20260310,qr_pivoted_trsm,materialize_qrp,4.96666666666667e-05,7.59166666666667e-05,5.96664177537599e-16,5.49004093226311e-15
20260316_143619,16-Mar-2026 14:36:19,orthonormal_rows,square,128,128,1,20260310,bsqr_full,materialize_qrp,0.000377083333333333,0.000387583333333333,8.41030241075078e-16,1.09106647222282e-14
20260316_143619,16-Mar-2026 14:36:19,orthonormal_rows,square,128,128,1,20260310,qr_pivoted,materialize_qrp,0.000295333333333333,0.000300270833333333,7.82658429854799e-16,1.01774843885858e-14
20260316_143619,16-Mar-2026 14:36:19,orthonormal_rows,square,128,128,1,20260310,bsqr_rinv,materialize_qrp,0.0003685,0.000376770833333333,8.41030241075078e-16,1.09106647222282e-14
20260316_143619,16-Mar-2026 14:36:19,orthonormal_rows,square,128,128,1,20260310,qr_pivoted,materialize_qrp,0.000295541666666667,0.000306708333333333,7.82658429854799e-16,1.01774843885858e-14
20260316_143619,16-Mar-2026 14:36:19,orthonormal_rows,square,128,128,1,20260310,qr_pivoted_trsm,materialize_qrp,0.000302791666666667,0.000324895833333333,7.82658429854799e-16,1.01774843885858e-14
20260316_143619,16-Mar-2026 14:36:19,orthonormal_rows,square,256,256,1,20260310,bsqr_full,materialize_qrp,0.00307975,0.00340820833333333,1.03112708515187e-15,2.02005223898368e-14
20260316_143619,16-Mar-2026 14:36:19,orthonormal_rows,square,256,256,1,20260310,qr_pivoted,materialize_qrp,0.001698125,0.00198245833333333,1.03222476469962e-15,2.00428599532699e-14
20260316_143619,16-Mar-2026 14:36:19,orthonormal_rows,square,256,256,1,20260310,bsqr_rinv,materialize_qrp,0.00305833333333333,0.0034011875,1.03112708515187e-15,2.02005223898368e-14
20260316_143619,16-Mar-2026 14:36:19,orthonormal_rows,square,256,256,1,20260310,qr_pivoted,materialize_qrp,0.00170416666666667,0.0019515625,1.03222476469962e-15,2.00428599532699e-14
20260316_143619,16-Mar-2026 14:36:19,orthonormal_rows,square,256,256,1,20260310,qr_pivoted_trsm,materialize_qrp,0.00168566666666667,0.00196808333333333,1.03222476469962e-15,2.00428599532699e-14
20260316_143619,16-Mar-2026 14:36:19,orthonormal_rows,square,384,384,1,20260310,bsqr_full,materialize_qrp,0.007954375,0.008377375,1.19338064334545e-15,2.95410460868531e-14
20260316_143619,16-Mar-2026 14:36:19,orthonormal_rows,square,384,384,1,20260310,qr_pivoted,materialize_qrp,0.003528125,0.00389764583333333,1.21239271072559e-15,2.94352950841901e-14
20260316_143619,16-Mar-2026 14:36:19,orthonormal_rows,square,384,384,1,20260310,bsqr_rinv,materialize_qrp,0.00817141666666667,0.00854995833333333,1.19338064334545e-15,2.95410460868531e-14
20260316_143619,16-Mar-2026 14:36:19,orthonormal_rows,square,384,384,1,20260310,qr_pivoted,materialize_qrp,0.003543375,0.00410025,1.21239271072559e-15,2.94352950841901e-14
20260316_143619,16-Mar-2026 14:36:19,orthonormal_rows,square,384,384,1,20260310,qr_pivoted_trsm,materialize_qrp,0.00354570833333333,0.0040639375,1.21239271072559e-15,2.94352950841901e-14
20260316_143619,16-Mar-2026 14:36:19,orthonormal_rows,square,512,512,1,20260310,bsqr_full,materialize_qrp,0.0179614166666667,0.0189360625,1.34910224229193e-15,3.81421081386591e-14
20260316_143619,16-Mar-2026 14:36:19,orthonormal_rows,square,512,512,1,20260310,qr_pivoted,materialize_qrp,0.00784875,0.00811625,1.35570210607071e-15,3.80896666315003e-14
20260316_143619,16-Mar-2026 14:36:19,orthonormal_rows,square,512,512,1,20260310,bsqr_rinv,materialize_qrp,0.0182702916666667,0.0194338125,1.34910224229193e-15,3.81421081386591e-14
20260316_143619,16-Mar-2026 14:36:19,orthonormal_rows,square,512,512,1,20260310,qr_pivoted,materialize_qrp,0.007921375,0.00859991666666667,1.35570210607071e-15,3.80896666315003e-14
20260316_143619,16-Mar-2026 14:36:19,orthonormal_rows,square,512,512,1,20260310,qr_pivoted_trsm,materialize_qrp,0.00838845833333333,0.00873177083333333,1.35570210607071e-15,3.80896666315003e-14
20260316_143619,16-Mar-2026 14:36:19,orthonormal_rows,short_wide,32,64,2,20260310,bsqr_full,materialize_qrp,2.85e-05,3.32083333333333e-05,4.92330829572403e-16,2.96923803221272e-15
20260316_143619,16-Mar-2026 14:36:19,orthonormal_rows,short_wide,32,64,2,20260310,qr_pivoted,materialize_qrp,1.87916666666667e-05,2.10208333333333e-05,5.84931682992407e-16,3.58725528687209e-15
20260316_143619,16-Mar-2026 14:36:19,orthonormal_rows,short_wide,32,64,2,20260310,bsqr_rinv,materialize_qrp,2.6125e-05,2.70208333333333e-05,4.92330829572403e-16,2.96923803221272e-15
20260316_143619,16-Mar-2026 14:36:19,orthonormal_rows,short_wide,32,64,2,20260310,qr_pivoted,materialize_qrp,1.65e-05,1.65416666666667e-05,5.84931682992407e-16,3.58725528687209e-15
20260316_143619,16-Mar-2026 14:36:19,orthonormal_rows,short_wide,32,64,2,20260310,qr_pivoted_trsm,materialize_qrp,2.0875e-05,2.11041666666667e-05,5.84931682992407e-16,3.58725528687209e-15
20260316_143619,16-Mar-2026 14:36:19,orthonormal_rows,short_wide,32,128,4,20260310,bsqr_full,materialize_qrp,4.57916666666667e-05,4.6125e-05,5.88894478547306e-16,3.37400154590088e-15
20260316_143619,16-Mar-2026 14:36:19,orthonormal_rows,short_wide,32,128,4,20260310,qr_pivoted,materialize_qrp,2.6e-05,2.6125e-05,5.15336164607458e-16,2.75129323536457e-15
20260316_143619,16-Mar-2026 14:36:19,orthonormal_rows,short_wide,32,128,4,20260310,bsqr_rinv,materialize_qrp,4.6e-05,4.66875e-05,5.88894478547306e-16,3.37400154590088e-15
20260316_143619,16-Mar-2026 14:36:19,orthonormal_rows,short_wide,32,128,4,20260310,qr_pivoted,materialize_qrp,2.60416666666667e-05,2.65e-05,5.15336164607458e-16,2.75129323536457e-15
20260316_143619,16-Mar-2026 14:36:19,orthonormal_rows,short_wide,32,128,4,20260310,qr_pivoted_trsm,materialize_qrp,3.36666666666667e-05,3.87708333333333e-05,5.15336164607458e-16,2.75129323536457e-15
20260316_143619,16-Mar-2026 14:36:19,orthonormal_rows,short_wide,32,256,8,20260310,bsqr_full,materialize_qrp,9.025e-05,9.29375e-05,6.37845971892738e-16,3.45219618729812e-15
20260316_143619,16-Mar-2026 14:36:19,orthonormal_rows,short_wide,32,256,8,20260310,qr_pivoted,materialize_qrp,4.675e-05,4.69583333333333e-05,5.78591571090168e-16,3.1049363718355e-15
20260316_143619,16-Mar-2026 14:36:19,orthonormal_rows,short_wide,32,256,8,20260310,bsqr_rinv,materialize_qrp,9.0125e-05,9.15833333333333e-05,6.37845971892738e-16,3.45219618729812e-15
20260316_143619,16-Mar-2026 14:36:19,orthonormal_rows,short_wide,32,256,8,20260310,qr_pivoted,materialize_qrp,4.59166666666667e-05,4.62083333333333e-05,5.78591571090168e-16,3.1049363718355e-15
20260316_143619,16-Mar-2026 14:36:19,orthonormal_rows,short_wide,32,256,8,20260310,qr_pivoted_trsm,materialize_qrp,6.35416666666667e-05,6.3875e-05,5.78591571090168e-16,3.1049363718355e-15
20260316_143619,16-Mar-2026 14:36:19,orthonormal_rows,short_wide,32,320,10,20260310,bsqr_full,materialize_qrp,0.000120458333333333,0.000123645833333333,5.9868108592779e-16,3.37056296135774e-15
20260316_143619,16-Mar-2026 14:36:19,orthonormal_rows,short_wide,32,320,10,20260310,qr_pivoted,materialize_qrp,5.59583333333333e-05,5.62291666666667e-05,6.23805915937833e-16,3.61513921570077e-15
20260316_143619,16-Mar-2026 14:36:19,orthonormal_rows,short_wide,32,320,10,20260310,bsqr_rinv,materialize_qrp,0.000118666666666667,0.000120145833333333,5.9868108592779e-16,3.37056296135774e-15
20260316_143619,16-Mar-2026 14:36:19,orthonormal_rows,short_wide,32,320,10,20260310,qr_pivoted,materialize_qrp,5.59583333333333e-05,5.625e-05,6.23805915937833e-16,3.61513921570077e-15
20260316_143619,16-Mar-2026 14:36:19,orthonormal_rows,short_wide,32,320,10,20260310,qr_pivoted_trsm,materialize_qrp,7.6625e-05,7.70625e-05,6.23805915937833e-16,3.61513921570077e-15
20260316_143619,16-Mar-2026 14:36:19,orthonormal_rows,short_wide,64,128,2,20260310,bsqr_full,materialize_qrp,0.000133791666666667,0.000135770833333333,7.44208845880935e-16,6.40271101803817e-15
20260316_143619,16-Mar-2026 14:36:19,orthonormal_rows,short_wide,64,128,2,20260310,qr_pivoted,materialize_qrp,8.025e-05,8.075e-05,6.831514934223e-16,5.48550715076344e-15
20260316_143619,16-Mar-2026 14:36:19,orthonormal_rows,short_wide,64,128,2,20260310,bsqr_rinv,materialize_qrp,0.000130333333333333,0.000132020833333333,7.44208845880935e-16,6.40271101803817e-15
20260316_143619,16-Mar-2026 14:36:19,orthonormal_rows,short_wide,64,128,2,20260310,qr_pivoted,materialize_qrp,7.73333333333333e-05,7.75e-05,6.831514934223e-16,5.48550715076344e-15
20260316_143619,16-Mar-2026 14:36:19,orthonormal_rows,short_wide,64,128,2,20260310,qr_pivoted_trsm,materialize_qrp,9.34583333333333e-05,9.36875e-05,6.831514934223e-16,5.48550715076344e-15
20260316_143619,16-Mar-2026 14:36:19,orthonormal_rows,short_wide,64,256,4,20260310,bsqr_full,materialize_qrp,0.000303416666666667,0.000307229166666667,7.38556055438493e-16,5.84490803028825e-15
20260316_143619,16-Mar-2026 14:36:19,orthonormal_rows,short_wide,64,256,4,20260310,qr_pivoted,materialize_qrp,0.000147583333333333,0.000148104166666667,7.89942808019987e-16,6.28916455411305e-15
20260316_143619,16-Mar-2026 14:36:19,orthonormal_rows,short_wide,64,256,4,20260310,bsqr_rinv,materialize_qrp,0.000328083333333333,0.0003314375,7.38556055438493e-16,5.84490803028825e-15
20260316_143619,16-Mar-2026 14:36:19,orthonormal_rows,short_wide,64,256,4,20260310,qr_pivoted,materialize_qrp,0.00015125,0.000151958333333333,7.89942808019987e-16,6.28916455411305e-15
20260316_143619,16-Mar-2026 14:36:19,orthonormal_rows,short_wide,64,256,4,20260310,qr_pivoted_trsm,materialize_qrp,0.000177,0.000178020833333333,7.89942808019987e-16,6.28916455411305e-15
20260316_143619,16-Mar-2026 14:36:19,orthonormal_rows,short_wide,64,512,8,20260310,bsqr_full,materialize_qrp,0.000799708333333333,0.000821020833333333,8.33218264947372e-16,6.78307543591166e-15
20260316_143619,16-Mar-2026 14:36:19,orthonormal_rows,short_wide,64,512,8,20260310,qr_pivoted,materialize_qrp,0.000409625,0.000419145833333333,7.33982162043837e-16,6.0007723953053e-15
20260316_143619,16-Mar-2026 14:36:19,orthonormal_rows,short_wide,64,512,8,20260310,bsqr_rinv,materialize_qrp,0.000806083333333333,0.000817666666666667,8.33218264947372e-16,6.78307543591166e-15
20260316_143619,16-Mar-2026 14:36:19,orthonormal_rows,short_wide,64,512,8,20260310,qr_pivoted,materialize_qrp,0.000405416666666667,0.000410625,7.33982162043837e-16,6.0007723953053e-15
20260316_143619,16-Mar-2026 14:36:19,orthonormal_rows,short_wide,64,512,8,20260310,qr_pivoted_trsm,materialize_qrp,0.00046075,0.000515791666666667,7.33982162043837e-16,6.0007723953053e-15
20260316_143619,16-Mar-2026 14:36:19,orthonormal_rows,short_wide,64,640,10,20260310,bsqr_full,materialize_qrp,0.00107745833333333,0.0010906875,8.43019883647021e-16,6.846421130385e-15
20260316_143619,16-Mar-2026 14:36:19,orthonormal_rows,short_wide,64,640,10,20260310,qr_pivoted,materialize_qrp,0.000530625,0.00055125,7.36695930215507e-16,5.60352763383783e-15
20260316_143619,16-Mar-2026 14:36:19,orthonormal_rows,short_wide,64,640,10,20260310,bsqr_rinv,materialize_qrp,0.00108754166666667,0.001102625,8.43019883647021e-16,6.846421130385e-15
20260316_143619,16-Mar-2026 14:36:19,orthonormal_rows,short_wide,64,640,10,20260310,qr_pivoted,materialize_qrp,0.0005365,0.000557791666666667,7.36695930215507e-16,5.60352763383783e-15
20260316_143619,16-Mar-2026 14:36:19,orthonormal_rows,short_wide,64,640,10,20260310,qr_pivoted_trsm,materialize_qrp,0.000601666666666667,0.000626354166666667,7.36695930215507e-16,5.60352763383783e-15
20260316_143619,16-Mar-2026 14:36:19,orthonormal_rows,short_wide,128,256,2,20260310,bsqr_full,materialize_qrp,0.00114629166666667,0.00115779166666667,9.7621828943417e-16,1.12835529148565e-14
20260316_143619,16-Mar-2026 14:36:19,orthonormal_rows,short_wide,128,256,2,20260310,qr_pivoted,materialize_qrp,0.000711,0.000737979166666667,9.03983577987654e-16,1.02027429043724e-14
20260316_143619,16-Mar-2026 14:36:19,orthonormal_rows,short_wide,128,256,2,20260310,bsqr_rinv,materialize_qrp,0.00115233333333333,0.00116785416666667,9.7621828943417e-16,1.12835529148565e-14
20260316_143619,16-Mar-2026 14:36:19,orthonormal_rows,short_wide,128,256,2,20260310,qr_pivoted,materialize_qrp,0.000719333333333333,0.000722791666666667,9.03983577987654e-16,1.02027429043724e-14
20260316_143619,16-Mar-2026 14:36:19,orthonormal_rows,short_wide,128,256,2,20260310,qr_pivoted_trsm,materialize_qrp,0.000763916666666667,0.000780583333333333,9.03983577987654e-16,1.02027429043724e-14
20260316_143619,16-Mar-2026 14:36:19,orthonormal_rows,short_wide,128,512,4,20260310,bsqr_full,materialize_qrp,0.00274329166666667,0.00286110416666667,9.72202404559229e-16,1.09907403732647e-14
20260316_143619,16-Mar-2026 14:36:19,orthonormal_rows,short_wide,128,512,4,20260310,qr_pivoted,materialize_qrp,0.0015175,0.0016451875,9.69033909278221e-16,1.04259862231065e-14
20260316_143619,16-Mar-2026 14:36:19,orthonormal_rows,short_wide,128,512,4,20260310,bsqr_rinv,materialize_qrp,0.00276008333333333,0.00283970833333333,9.72202404559229e-16,1.09907403732647e-14
20260316_143619,16-Mar-2026 14:36:19,orthonormal_rows,short_wide,128,512,4,20260310,qr_pivoted,materialize_qrp,0.00148458333333333,0.00164883333333333,9.69033909278221e-16,1.04259862231065e-14
20260316_143619,16-Mar-2026 14:36:19,orthonormal_rows,short_wide,128,512,4,20260310,qr_pivoted_trsm,materialize_qrp,0.0016985,0.00176766666666667,9.69033909278221e-16,1.04259862231065e-14
20260316_143619,16-Mar-2026 14:36:19,orthonormal_rows,short_wide,128,1024,8,20260310,bsqr_full,materialize_qrp,0.00483608333333333,0.0050169375,9.72052418420658e-16,1.13472418837231e-14
20260316_143619,16-Mar-2026 14:36:19,orthonormal_rows,short_wide,128,1024,8,20260310,qr_pivoted,materialize_qrp,0.00228725,0.002555125,9.21070663772343e-16,1.04346249800712e-14
20260316_143619,16-Mar-2026 14:36:19,orthonormal_rows,short_wide,128,1024,8,20260310,bsqr_rinv,materialize_qrp,0.00486491666666667,0.00503166666666667,9.72052418420658e-16,1.13472418837231e-14
20260316_143619,16-Mar-2026 14:36:19,orthonormal_rows,short_wide,128,1024,8,20260310,qr_pivoted,materialize_qrp,0.00246354166666667,0.0026040625,9.21070663772343e-16,1.04346249800712e-14
20260316_143619,16-Mar-2026 14:36:19,orthonormal_rows,short_wide,128,1024,8,20260310,qr_pivoted_trsm,materialize_qrp,0.00270504166666667,0.00288591666666667,9.21070663772343e-16,1.04346249800712e-14
20260316_143619,16-Mar-2026 14:36:19,orthonormal_rows,short_wide,128,1280,10,20260310,bsqr_full,materialize_qrp,0.00585354166666667,0.0059870625,9.35574447157717e-16,1.10786174455625e-14
20260316_143619,16-Mar-2026 14:36:19,orthonormal_rows,short_wide,128,1280,10,20260310,qr_pivoted,materialize_qrp,0.00292533333333333,0.0030340625,8.87825573257958e-16,1.00574647646567e-14
20260316_143619,16-Mar-2026 14:36:19,orthonormal_rows,short_wide,128,1280,10,20260310,bsqr_rinv,materialize_qrp,0.00594708333333333,0.00621264583333333,9.35574447157717e-16,1.10786174455625e-14
20260316_143619,16-Mar-2026 14:36:19,orthonormal_rows,short_wide,128,1280,10,20260310,qr_pivoted,materialize_qrp,0.00292004166666667,0.00310775,8.87825573257958e-16,1.00574647646567e-14
20260316_143619,16-Mar-2026 14:36:19,orthonormal_rows,short_wide,128,1280,10,20260310,qr_pivoted_trsm,materialize_qrp,0.00332041666666667,0.003457,8.87825573257958e-16,1.00574647646567e-14
20260316_143619,16-Mar-2026 14:36:19,orthonormal_rows,short_wide,256,512,2,20260310,bsqr_full,materialize_qrp,0.00751183333333333,0.00787727083333333,1.13779574198893e-15,2.01518264556386e-14
20260316_143619,16-Mar-2026 14:36:19,orthonormal_rows,short_wide,256,512,2,20260310,qr_pivoted,materialize_qrp,0.00349454166666667,0.00356522916666667,1.15480041863397e-15,1.98701225834857e-14
20260316_143619,16-Mar-2026 14:36:19,orthonormal_rows,short_wide,256,512,2,20260310,bsqr_rinv,materialize_qrp,0.00731125,0.00774335416666667,1.13779574198893e-15,2.01518264556386e-14
20260316_143619,16-Mar-2026 14:36:19,orthonormal_rows,short_wide,256,512,2,20260310,qr_pivoted,materialize_qrp,0.00329920833333333,0.00354608333333333,1.15480041863397e-15,1.98701225834857e-14
20260316_143619,16-Mar-2026 14:36:19,orthonormal_rows,short_wide,256,512,2,20260310,qr_pivoted_trsm,materialize_qrp,0.00354608333333333,0.00373108333333333,1.15480041863397e-15,1.98701225834857e-14
20260316_143619,16-Mar-2026 14:36:19,orthonormal_rows,short_wide,256,1024,4,20260310,bsqr_full,materialize_qrp,0.013605125,0.01402725,1.17747792732818e-15,2.03554147073318e-14
20260316_143619,16-Mar-2026 14:36:19,orthonormal_rows,short_wide,256,1024,4,20260310,qr_pivoted,materialize_qrp,0.00599320833333333,0.00639952083333333,1.20285676580833e-15,2.03002636382437e-14
20260316_143619,16-Mar-2026 14:36:19,orthonormal_rows,short_wide,256,1024,4,20260310,bsqr_rinv,materialize_qrp,0.014063,0.0144343541666667,1.17747792732818e-15,2.03554147073318e-14
20260316_143619,16-Mar-2026 14:36:19,orthonormal_rows,short_wide,256,1024,4,20260310,qr_pivoted,materialize_qrp,0.00604470833333333,0.00639108333333333,1.20285676580833e-15,2.03002636382437e-14
20260316_143619,16-Mar-2026 14:36:19,orthonormal_rows,short_wide,256,1024,4,20260310,qr_pivoted_trsm,materialize_qrp,0.006573,0.007229875,1.20285676580833e-15,2.03002636382437e-14
20260316_143619,16-Mar-2026 14:36:19,orthonormal_rows,short_wide,256,2048,8,20260310,bsqr_full,materialize_qrp,0.0236529583333333,0.0243002708333333,1.17667677478989e-15,2.01930876095785e-14
20260316_143619,16-Mar-2026 14:36:19,orthonormal_rows,short_wide,256,2048,8,20260310,qr_pivoted,materialize_qrp,0.010745875,0.0111870833333333,1.20319934397482e-15,1.98560431416774e-14
20260316_143619,16-Mar-2026 14:36:19,orthonormal_rows,short_wide,256,2048,8,20260310,bsqr_rinv,materialize_qrp,0.023786375,0.0245622708333333,1.17667677478989e-15,2.01930876095785e-14
20260316_143619,16-Mar-2026 14:36:19,orthonormal_rows,short_wide,256,2048,8,20260310,qr_pivoted,materialize_qrp,0.0107462916666667,0.0113052291666667,1.20319934397482e-15,1.98560431416774e-14
20260316_143619,16-Mar-2026 14:36:19,orthonormal_rows,short_wide,256,2048,8,20260310,qr_pivoted_trsm,materialize_qrp,0.011583375,0.0125556875,1.20319934397482e-15,1.98560431416774e-14
20260316_143619,16-Mar-2026 14:36:19,orthonormal_rows,short_wide,256,2560,10,20260310,bsqr_full,materialize_qrp,0.0291005,0.0300682083333333,1.2028656461616e-15,2.06045315833609e-14
20260316_143619,16-Mar-2026 14:36:19,orthonormal_rows,short_wide,256,2560,10,20260310,qr_pivoted,materialize_qrp,0.0129742916666667,0.0140948125,1.22232059321639e-15,1.99047111737374e-14
20260316_143619,16-Mar-2026 14:36:19,orthonormal_rows,short_wide,256,2560,10,20260310,bsqr_rinv,materialize_qrp,0.0293726666666667,0.0304627291666667,1.2028656461616e-15,2.06045315833609e-14
20260316_143619,16-Mar-2026 14:36:19,orthonormal_rows,short_wide,256,2560,10,20260310,qr_pivoted,materialize_qrp,0.013193875,0.0140348958333333,1.22232059321639e-15,1.99047111737374e-14
20260316_143619,16-Mar-2026 14:36:19,orthonormal_rows,short_wide,256,2560,10,20260310,qr_pivoted_trsm,materialize_qrp,0.016004125,0.0165214583333333,1.22232059321639e-15,1.99047111737374e-14
20260316_143619,16-Mar-2026 14:36:19,orthonormal_rows,short_wide,512,1024,2,20260310,bsqr_full,materialize_qrp,0.0396431666666667,0.0406334791666667,1.51615339803273e-15,3.86920663665575e-14
20260316_143619,16-Mar-2026 14:36:19,orthonormal_rows,short_wide,512,1024,2,20260310,qr_pivoted,materialize_qrp,0.0161548333333333,0.0170153958333333,1.54558745802408e-15,3.82450851225573e-14
20260316_143619,16-Mar-2026 14:36:19,orthonormal_rows,short_wide,512,1024,2,20260310,bsqr_rinv,materialize_qrp,0.0394023333333333,0.0409260833333333,1.51615339803273e-15,3.86920663665575e-14
20260316_143619,16-Mar-2026 14:36:19,orthonormal_rows,short_wide,512,1024,2,20260310,qr_pivoted,materialize_qrp,0.0160196666666667,0.0165866458333333,1.54558745802408e-15,3.82450851225573e-14
20260316_143619,16-Mar-2026 14:36:19,orthonormal_rows,short_wide,512,1024,2,20260310,qr_pivoted_trsm,materialize_qrp,0.016729375,0.0177176875,1.54558745802408e-15,3.82450851225573e-14
20260316_143619,16-Mar-2026 14:36:19,orthonormal_rows,short_wide,512,2048,4,20260310,bsqr_full,materialize_qrp,0.0735235416666667,0.07403675,1.5674390643769e-15,3.84930057808778e-14
20260316_143619,16-Mar-2026 14:36:19,orthonormal_rows,short_wide,512,2048,4,20260310,qr_pivoted,materialize_qrp,0.0292833333333333,0.03082775,1.59568095372589e-15,3.812855428686e-14
20260316_143619,16-Mar-2026 14:36:19,orthonormal_rows,short_wide,512,2048,4,20260310,bsqr_rinv,materialize_qrp,0.0737475416666667,0.0749152708333333,1.5674390643769e-15,3.84930057808778e-14
20260316_143619,16-Mar-2026 14:36:19,orthonormal_rows,short_wide,512,2048,4,20260310,qr_pivoted,materialize_qrp,0.0293272916666667,0.0303986875,1.59568095372589e-15,3.812855428686e-14
20260316_143619,16-Mar-2026 14:36:19,orthonormal_rows,short_wide,512,2048,4,20260310,qr_pivoted_trsm,materialize_qrp,0.0328225,0.033397,1.59568095372589e-15,3.812855428686e-14
20260316_143619,16-Mar-2026 14:36:19,orthonormal_rows,short_wide,512,4096,8,20260310,bsqr_full,materialize_qrp,0.24488825,0.247497833333333,1.59138400744959e-15,3.86958241980438e-14
20260316_143619,16-Mar-2026 14:36:19,orthonormal_rows,short_wide,512,4096,8,20260310,qr_pivoted,materialize_qrp,0.0778526666666667,0.0832104583333333,1.63157117181753e-15,3.85700052809569e-14
20260316_143619,16-Mar-2026 14:36:19,orthonormal_rows,short_wide,512,4096,8,20260310,bsqr_rinv,materialize_qrp,0.245811958333333,0.254355645833333,1.59138400744959e-15,3.86958241980438e-14
20260316_143619,16-Mar-2026 14:36:19,orthonormal_rows,short_wide,512,4096,8,20260310,qr_pivoted,materialize_qrp,0.0769735833333333,0.0795142708333333,1.63157117181753e-15,3.85700052809569e-14
20260316_143619,16-Mar-2026 14:36:19,orthonormal_rows,short_wide,512,4096,8,20260310,qr_pivoted_trsm,materialize_qrp,0.08449225,0.0869251041666667,1.63157117181753e-15,3.85700052809569e-14
20260316_143619,16-Mar-2026 14:36:19,orthonormal_rows,short_wide,512,5120,10,20260310,bsqr_full,materialize_qrp,0.381042375,0.388576375,1.60175647200029e-15,3.87485013647498e-14
20260316_143619,16-Mar-2026 14:36:19,orthonormal_rows,short_wide,512,5120,10,20260310,qr_pivoted,materialize_qrp,0.147554416666667,0.153851979166667,1.62922698205424e-15,3.82321921814386e-14
20260316_143619,16-Mar-2026 14:36:19,orthonormal_rows,short_wide,512,5120,10,20260310,bsqr_rinv,materialize_qrp,0.372260458333333,0.380668083333333,1.60175647200029e-15,3.87485013647498e-14
20260316_143619,16-Mar-2026 14:36:19,orthonormal_rows,short_wide,512,5120,10,20260310,qr_pivoted,materialize_qrp,0.148126583333333,0.1521624375,1.62922698205424e-15,3.82321921814386e-14
20260316_143619,16-Mar-2026 14:36:19,orthonormal_rows,short_wide,512,5120,10,20260310,qr_pivoted_trsm,materialize_qrp,0.174047666666667,0.179181583333333,1.62922698205424e-15,3.82321921814386e-14
20260316_143619,16-Mar-2026 14:36:19,gaussian,square,64,64,1,20260311,bsqr_full,materialize_qrp,6.75e-05,7.06041666666667e-05,5.83823826293545e-16,6.18839565584046e-15
20260316_143619,16-Mar-2026 14:36:19,gaussian,square,64,64,1,20260311,qr_pivoted,materialize_qrp,4.95833333333333e-05,4.97083333333333e-05,5.865627100028e-16,6.08178397042081e-15
20260316_143619,16-Mar-2026 14:36:19,gaussian,square,64,64,1,20260311,bsqr_rinv,materialize_qrp,6.66666666666667e-05,7.04791666666667e-05,5.83823826293545e-16,6.18839565584046e-15
20260316_143619,16-Mar-2026 14:36:19,gaussian,square,64,64,1,20260311,qr_pivoted,materialize_qrp,5.09166666666667e-05,5.79375e-05,5.865627100028e-16,6.08178397042081e-15
20260316_143619,16-Mar-2026 14:36:19,gaussian,square,64,64,1,20260311,qr_pivoted_trsm,materialize_qrp,4.87083333333333e-05,4.99166666666667e-05,5.865627100028e-16,6.08178397042081e-15
20260316_143619,16-Mar-2026 14:36:19,gaussian,square,128,128,1,20260311,bsqr_full,materialize_qrp,0.000383583333333333,0.0003913125,7.59507282869478e-16,1.09364848213374e-14
20260316_143619,16-Mar-2026 14:36:19,gaussian,square,128,128,1,20260311,qr_pivoted,materialize_qrp,0.000306166666666667,0.000308416666666667,7.14793688866313e-16,9.75513311554116e-15
20260316_143619,16-Mar-2026 14:36:19,gaussian,square,128,128,1,20260311,bsqr_rinv,materialize_qrp,0.00036875,0.000375958333333333,7.59507282869478e-16,1.09364848213374e-14
20260316_143619,16-Mar-2026 14:36:19,gaussian,square,128,128,1,20260311,qr_pivoted,materialize_qrp,0.000303166666666667,0.000303833333333333,7.14793688866313e-16,9.75513311554116e-15
20260316_143619,16-Mar-2026 14:36:19,gaussian,square,128,128,1,20260311,qr_pivoted_trsm,materialize_qrp,0.000313458333333333,0.000364666666666667,7.14793688866313e-16,9.75513311554116e-15
20260316_143619,16-Mar-2026 14:36:19,gaussian,square,256,256,1,20260311,bsqr_full,materialize_qrp,0.00308025,0.00343154166666667,8.93850559179198e-16,2.00501084368991e-14
20260316_143619,16-Mar-2026 14:36:19,gaussian,square,256,256,1,20260311,qr_pivoted,materialize_qrp,0.00172295833333333,0.00193716666666667,9.36799117274322e-16,2.02171112696499e-14
20260316_143619,16-Mar-2026 14:36:19,gaussian,square,256,256,1,20260311,bsqr_rinv,materialize_qrp,0.00305529166666667,0.00336239583333333,8.93850559179198e-16,2.00501084368991e-14
20260316_143619,16-Mar-2026 14:36:19,gaussian,square,256,256,1,20260311,qr_pivoted,materialize_qrp,0.00171658333333333,0.00195258333333333,9.36799117274322e-16,2.02171112696499e-14
20260316_143619,16-Mar-2026 14:36:19,gaussian,square,256,256,1,20260311,qr_pivoted_trsm,materialize_qrp,0.00168,0.00190395833333333,9.36799117274322e-16,2.02171112696499e-14
20260316_143619,16-Mar-2026 14:36:19,gaussian,square,384,384,1,20260311,bsqr_full,materialize_qrp,0.00829704166666667,0.00870975,1.06017512997756e-15,2.97002811651696e-14
20260316_143619,16-Mar-2026 14:36:19,gaussian,square,384,384,1,20260311,qr_pivoted,materialize_qrp,0.0035395,0.00409297916666667,1.09652730790636e-15,2.98809996462596e-14
20260316_143619,16-Mar-2026 14:36:19,gaussian,square,384,384,1,20260311,bsqr_rinv,materialize_qrp,0.00828233333333333,0.00867827083333333,1.06017512997756e-15,2.97002811651696e-14
20260316_143619,16-Mar-2026 14:36:19,gaussian,square,384,384,1,20260311,qr_pivoted,materialize_qrp,0.00345808333333333,0.00394116666666667,1.09652730790636e-15,2.98809996462596e-14
20260316_143619,16-Mar-2026 14:36:19,gaussian,square,384,384,1,20260311,qr_pivoted_trsm,materialize_qrp,0.003490375,0.00402366666666667,1.09652730790636e-15,2.98809996462596e-14
20260316_143619,16-Mar-2026 14:36:19,gaussian,square,512,512,1,20260311,bsqr_full,materialize_qrp,0.0180283333333333,0.0189064583333333,1.20491370287683e-15,3.86638692635506e-14
20260316_143619,16-Mar-2026 14:36:19,gaussian,square,512,512,1,20260311,qr_pivoted,materialize_qrp,0.00836716666666667,0.00887464583333333,1.23503429237034e-15,3.8519506697154e-14
20260316_143619,16-Mar-2026 14:36:19,gaussian,square,512,512,1,20260311,bsqr_rinv,materialize_qrp,0.0187928333333333,0.0195683333333333,1.20491370287683e-15,3.86638692635506e-14
20260316_143619,16-Mar-2026 14:36:19,gaussian,square,512,512,1,20260311,qr_pivoted,materialize_qrp,0.00828995833333333,0.008802375,1.23503429237034e-15,3.8519506697154e-14
20260316_143619,16-Mar-2026 14:36:19,gaussian,square,512,512,1,20260311,qr_pivoted_trsm,materialize_qrp,0.00784395833333333,0.008514375,1.23503429237034e-15,3.8519506697154e-14
20260316_143619,16-Mar-2026 14:36:19,gaussian,short_wide,32,64,2,20260311,bsqr_full,materialize_qrp,2.5375e-05,2.57083333333333e-05,5.23763716460288e-16,3.4342283403794e-15
20260316_143619,16-Mar-2026 14:36:19,gaussian,short_wide,32,64,2,20260311,qr_pivoted,materialize_qrp,1.59166666666667e-05,1.60625e-05,5.02537652209018e-16,2.8124901703792e-15
20260316_143619,16-Mar-2026 14:36:19,gaussian,short_wide,32,64,2,20260311,bsqr_rinv,materialize_qrp,2.57083333333333e-05,2.59583333333333e-05,5.23763716460288e-16,3.4342283403794e-15
20260316_143619,16-Mar-2026 14:36:19,gaussian,short_wide,32,64,2,20260311,qr_pivoted,materialize_qrp,1.5875e-05,1.59791666666667e-05,5.02537652209018e-16,2.8124901703792e-15
20260316_143619,16-Mar-2026 14:36:19,gaussian,short_wide,32,64,2,20260311,qr_pivoted_trsm,materialize_qrp,2.12916666666667e-05,2.42083333333333e-05,5.02537652209018e-16,2.8124901703792e-15
20260316_143619,16-Mar-2026 14:36:19,gaussian,short_wide,32,128,4,20260311,bsqr_full,materialize_qrp,4.7375e-05,4.75208333333333e-05,5.50953307058496e-16,3.19520750462275e-15
20260316_143619,16-Mar-2026 14:36:19,gaussian,short_wide,32,128,4,20260311,qr_pivoted,materialize_qrp,2.7e-05,2.71041666666667e-05,5.73137395796663e-16,3.12556598198176e-15
20260316_143619,16-Mar-2026 14:36:19,gaussian,short_wide,32,128,4,20260311,bsqr_rinv,materialize_qrp,4.78333333333333e-05,4.81666666666667e-05,5.50953307058496e-16,3.19520750462275e-15
20260316_143619,16-Mar-2026 14:36:19,gaussian,short_wide,32,128,4,20260311,qr_pivoted,materialize_qrp,2.71666666666667e-05,2.72916666666667e-05,5.73137395796663e-16,3.12556598198176e-15
20260316_143619,16-Mar-2026 14:36:19,gaussian,short_wide,32,128,4,20260311,qr_pivoted_trsm,materialize_qrp,3.97916666666667e-05,4.00625e-05,5.73137395796663e-16,3.12556598198176e-15
20260316_143619,16-Mar-2026 14:36:19,gaussian,short_wide,32,256,8,20260311,bsqr_full,materialize_qrp,9.20833333333333e-05,9.36666666666667e-05,5.73048751285389e-16,3.33070332231235e-15
20260316_143619,16-Mar-2026 14:36:19,gaussian,short_wide,32,256,8,20260311,qr_pivoted,materialize_qrp,4.8625e-05,4.90416666666667e-05,5.07710808428351e-16,2.8865193270986e-15
20260316_143619,16-Mar-2026 14:36:19,gaussian,short_wide,32,256,8,20260311,bsqr_rinv,materialize_qrp,9.2875e-05,9.57916666666667e-05,5.73048751285389e-16,3.33070332231235e-15
20260316_143619,16-Mar-2026 14:36:19,gaussian,short_wide,32,256,8,20260311,qr_pivoted,materialize_qrp,4.94583333333333e-05,4.99375e-05,5.07710808428351e-16,2.8865193270986e-15
20260316_143619,16-Mar-2026 14:36:19,gaussian,short_wide,32,256,8,20260311,qr_pivoted_trsm,materialize_qrp,6.77916666666667e-05,9.53541666666667e-05,5.07710808428351e-16,2.8865193270986e-15
20260316_143619,16-Mar-2026 14:36:19,gaussian,short_wide,32,320,10,20260311,bsqr_full,materialize_qrp,0.000122291666666667,0.0001229375,5.87147669265652e-16,3.51853075189379e-15
20260316_143619,16-Mar-2026 14:36:19,gaussian,short_wide,32,320,10,20260311,qr_pivoted,materialize_qrp,5.8125e-05,5.83958333333333e-05,5.61796763976698e-16,3.1693239085731e-15
20260316_143619,16-Mar-2026 14:36:19,gaussian,short_wide,32,320,10,20260311,bsqr_rinv,materialize_qrp,0.000121083333333333,0.000122125,5.87147669265652e-16,3.51853075189379e-15
20260316_143619,16-Mar-2026 14:36:19,gaussian,short_wide,32,320,10,20260311,qr_pivoted,materialize_qrp,5.79583333333333e-05,5.84375e-05,5.61796763976698e-16,3.1693239085731e-15
20260316_143619,16-Mar-2026 14:36:19,gaussian,short_wide,32,320,10,20260311,qr_pivoted_trsm,materialize_qrp,7.64166666666667e-05,7.76875e-05,5.61796763976698e-16,3.1693239085731e-15
20260316_143619,16-Mar-2026 14:36:19,gaussian,short_wide,64,128,2,20260311,bsqr_full,materialize_qrp,0.000133625,0.0001364375,6.69766290741711e-16,6.05401371485343e-15
20260316_143619,16-Mar-2026 14:36:19,gaussian,short_wide,64,128,2,20260311,qr_pivoted,materialize_qrp,7.78333333333333e-05,7.81666666666667e-05,6.65231895812376e-16,5.96546407328577e-15
20260316_143619,16-Mar-2026 14:36:19,gaussian,short_wide,64,128,2,20260311,bsqr_rinv,materialize_qrp,0.000130458333333333,0.0001313125,6.69766290741711e-16,6.05401371485343e-15
20260316_143619,16-Mar-2026 14:36:19,gaussian,short_wide,64,128,2,20260311,qr_pivoted,materialize_qrp,7.80416666666667e-05,7.81041666666667e-05,6.65231895812376e-16,5.96546407328577e-15
20260316_143619,16-Mar-2026 14:36:19,gaussian,short_wide,64,128,2,20260311,qr_pivoted_trsm,materialize_qrp,0.000108208333333333,0.000109104166666667,6.65231895812376e-16,5.96546407328577e-15
20260316_143619,16-Mar-2026 14:36:19,gaussian,short_wide,64,256,4,20260311,bsqr_full,materialize_qrp,0.000315,0.000319125,7.51248963425002e-16,6.59265552681973e-15
20260316_143619,16-Mar-2026 14:36:19,gaussian,short_wide,64,256,4,20260311,qr_pivoted,materialize_qrp,0.000153208333333333,0.0001539375,7.09699890005729e-16,5.82766599030318e-15
20260316_143619,16-Mar-2026 14:36:19,gaussian,short_wide,64,256,4,20260311,bsqr_rinv,materialize_qrp,0.000341083333333333,0.000344729166666667,7.51248963425002e-16,6.59265552681973e-15
20260316_143619,16-Mar-2026 14:36:19,gaussian,short_wide,64,256,4,20260311,qr_pivoted,materialize_qrp,0.000163541666666667,0.000164708333333333,7.09699890005729e-16,5.82766599030318e-15
20260316_143619,16-Mar-2026 14:36:19,gaussian,short_wide,64,256,4,20260311,qr_pivoted_trsm,materialize_qrp,0.000204458333333333,0.0002266875,7.09699890005729e-16,5.82766599030318e-15
20260316_143619,16-Mar-2026 14:36:19,gaussian,short_wide,64,512,8,20260311,bsqr_full,materialize_qrp,0.000795833333333333,0.000833895833333333,7.9447818267922e-16,6.70411705960206e-15
20260316_143619,16-Mar-2026 14:36:19,gaussian,short_wide,64,512,8,20260311,qr_pivoted,materialize_qrp,0.000405666666666667,0.0004120625,7.28936859862114e-16,5.70789213199402e-15
20260316_143619,16-Mar-2026 14:36:19,gaussian,short_wide,64,512,8,20260311,bsqr_rinv,materialize_qrp,0.000808625,0.000855916666666667,7.9447818267922e-16,6.70411705960206e-15
20260316_143619,16-Mar-2026 14:36:19,gaussian,short_wide,64,512,8,20260311,qr_pivoted,materialize_qrp,0.000410416666666667,0.00041625,7.28936859862114e-16,5.70789213199402e-15
20260316_143619,16-Mar-2026 14:36:19,gaussian,short_wide,64,512,8,20260311,qr_pivoted_trsm,materialize_qrp,0.000452875,0.000456958333333333,7.28936859862114e-16,5.70789213199402e-15
20260316_143619,16-Mar-2026 14:36:19,gaussian,short_wide,64,640,10,20260311,bsqr_full,materialize_qrp,0.00108070833333333,0.0011306875,7.79010151475442e-16,6.46506787257735e-15
20260316_143619,16-Mar-2026 14:36:19,gaussian,short_wide,64,640,10,20260311,qr_pivoted,materialize_qrp,0.000555458333333333,0.000577041666666667,7.6464253530813e-16,5.72773859347563e-15
20260316_143619,16-Mar-2026 14:36:19,gaussian,short_wide,64,640,10,20260311,bsqr_rinv,materialize_qrp,0.00108920833333333,0.0011040625,7.79010151475442e-16,6.46506787257735e-15
20260316_143619,16-Mar-2026 14:36:19,gaussian,short_wide,64,640,10,20260311,qr_pivoted,materialize_qrp,0.000553958333333333,0.0005768125,7.6464253530813e-16,5.72773859347563e-15
20260316_143619,16-Mar-2026 14:36:19,gaussian,short_wide,64,640,10,20260311,qr_pivoted_trsm,materialize_qrp,0.000597791666666667,0.000631541666666667,7.6464253530813e-16,5.72773859347563e-15
20260316_143619,16-Mar-2026 14:36:19,gaussian,short_wide,128,256,2,20260311,bsqr_full,materialize_qrp,0.00119995833333333,0.00124795833333333,8.8620396244467e-16,1.11841646196891e-14
20260316_143619,16-Mar-2026 14:36:19,gaussian,short_wide,128,256,2,20260311,qr_pivoted,materialize_qrp,0.000795166666666667,0.000836916666666667,8.36091253053455e-16,9.80653047198255e-15
20260316_143619,16-Mar-2026 14:36:19,gaussian,short_wide,128,256,2,20260311,bsqr_rinv,materialize_qrp,0.00123245833333333,0.0012775625,8.8620396244467e-16,1.11841646196891e-14
20260316_143619,16-Mar-2026 14:36:19,gaussian,short_wide,128,256,2,20260311,qr_pivoted,materialize_qrp,0.000759583333333333,0.000785666666666667,8.36091253053455e-16,9.80653047198255e-15
20260316_143619,16-Mar-2026 14:36:19,gaussian,short_wide,128,256,2,20260311,qr_pivoted_trsm,materialize_qrp,0.000769,0.000796166666666667,8.36091253053455e-16,9.80653047198255e-15
20260316_143619,16-Mar-2026 14:36:19,gaussian,short_wide,128,512,4,20260311,bsqr_full,materialize_qrp,0.002729875,0.00285745833333333,9.34886638000891e-16,1.06875309331008e-14
20260316_143619,16-Mar-2026 14:36:19,gaussian,short_wide,128,512,4,20260311,qr_pivoted,materialize_qrp,0.00155829166666667,0.00168675,8.92759297595607e-16,9.90977762672978e-15
20260316_143619,16-Mar-2026 14:36:19,gaussian,short_wide,128,512,4,20260311,bsqr_rinv,materialize_qrp,0.00270795833333333,0.0028555,9.34886638000891e-16,1.06875309331008e-14
20260316_143619,16-Mar-2026 14:36:19,gaussian,short_wide,128,512,4,20260311,qr_pivoted,materialize_qrp,0.00146816666666667,0.0016533125,8.92759297595607e-16,9.90977762672978e-15
20260316_143619,16-Mar-2026 14:36:19,gaussian,short_wide,128,512,4,20260311,qr_pivoted_trsm,materialize_qrp,0.00176725,0.001869125,8.92759297595607e-16,9.90977762672978e-15
20260316_143619,16-Mar-2026 14:36:19,gaussian,short_wide,128,1024,8,20260311,bsqr_full,materialize_qrp,0.00485970833333333,0.00495702083333333,9.39339106277353e-16,1.1153626217477e-14
20260316_143619,16-Mar-2026 14:36:19,gaussian,short_wide,128,1024,8,20260311,qr_pivoted,materialize_qrp,0.00248029166666667,0.00259775,8.9509046992308e-16,1.02938727069648e-14
20260316_143619,16-Mar-2026 14:36:19,gaussian,short_wide,128,1024,8,20260311,bsqr_rinv,materialize_qrp,0.00482645833333333,0.00505095833333333,9.39339106277353e-16,1.1153626217477e-14
20260316_143619,16-Mar-2026 14:36:19,gaussian,short_wide,128,1024,8,20260311,qr_pivoted,materialize_qrp,0.00251779166666667,0.00257352083333333,8.9509046992308e-16,1.02938727069648e-14
20260316_143619,16-Mar-2026 14:36:19,gaussian,short_wide,128,1024,8,20260311,qr_pivoted_trsm,materialize_qrp,0.00280016666666667,0.002873,8.9509046992308e-16,1.02938727069648e-14
20260316_143619,16-Mar-2026 14:36:19,gaussian,short_wide,128,1280,10,20260311,bsqr_full,materialize_qrp,0.00591433333333333,0.00610085416666667,9.00464210635727e-16,1.0879049033262e-14
20260316_143619,16-Mar-2026 14:36:19,gaussian,short_wide,128,1280,10,20260311,qr_pivoted,materialize_qrp,0.00290333333333333,0.00309041666666667,8.86737284016407e-16,1.02143087451045e-14
20260316_143619,16-Mar-2026 14:36:19,gaussian,short_wide,128,1280,10,20260311,bsqr_rinv,materialize_qrp,0.00585291666666667,0.0061035625,9.00464210635727e-16,1.0879049033262e-14
20260316_143619,16-Mar-2026 14:36:19,gaussian,short_wide,128,1280,10,20260311,qr_pivoted,materialize_qrp,0.0028835,0.00310960416666667,8.86737284016407e-16,1.02143087451045e-14
20260316_143619,16-Mar-2026 14:36:19,gaussian,short_wide,128,1280,10,20260311,qr_pivoted_trsm,materialize_qrp,0.00322245833333333,0.003441375,8.86737284016407e-16,1.02143087451045e-14
20260316_143619,16-Mar-2026 14:36:19,gaussian,short_wide,256,512,2,20260311,bsqr_full,materialize_qrp,0.00752279166666667,0.007883625,1.05895817787554e-15,2.01127860422797e-14
20260316_143619,16-Mar-2026 14:36:19,gaussian,short_wide,256,512,2,20260311,qr_pivoted,materialize_qrp,0.003407875,0.00363441666666667,1.10353603398516e-15,1.98529404960889e-14
20260316_143619,16-Mar-2026 14:36:19,gaussian,short_wide,256,512,2,20260311,bsqr_rinv,materialize_qrp,0.00741808333333333,0.00781508333333333,1.05895817787554e-15,2.01127860422797e-14
20260316_143619,16-Mar-2026 14:36:19,gaussian,short_wide,256,512,2,20260311,qr_pivoted,materialize_qrp,0.00330095833333333,0.00353541666666667,1.10353603398516e-15,1.98529404960889e-14
20260316_143619,16-Mar-2026 14:36:19,gaussian,short_wide,256,512,2,20260311,qr_pivoted_trsm,materialize_qrp,0.003455,0.003961875,1.10353603398516e-15,1.98529404960889e-14
20260316_143619,16-Mar-2026 14:36:19,gaussian,short_wide,256,1024,4,20260311,bsqr_full,materialize_qrp,0.013471875,0.0143669583333333,1.14526584525704e-15,2.05306748539844e-14
20260316_143619,16-Mar-2026 14:36:19,gaussian,short_wide,256,1024,4,20260311,qr_pivoted,materialize_qrp,0.00619766666666667,0.00655695833333333,1.16356687146509e-15,1.9712758264555e-14
20260316_143619,16-Mar-2026 14:36:19,gaussian,short_wide,256,1024,4,20260311,bsqr_rinv,materialize_qrp,0.0137515833333333,0.0143323541666667,1.14526584525704e-15,2.05306748539844e-14
20260316_143619,16-Mar-2026 14:36:19,gaussian,short_wide,256,1024,4,20260311,qr_pivoted,materialize_qrp,0.00622820833333333,0.00688779166666667,1.16356687146509e-15,1.9712758264555e-14
20260316_143619,16-Mar-2026 14:36:19,gaussian,short_wide,256,1024,4,20260311,qr_pivoted_trsm,materialize_qrp,0.00701458333333333,0.00725304166666667,1.16356687146509e-15,1.9712758264555e-14
20260316_143619,16-Mar-2026 14:36:19,gaussian,short_wide,256,2048,8,20260311,bsqr_full,materialize_qrp,0.0235120416666667,0.0246394166666667,1.18042391056158e-15,2.03982767544012e-14
20260316_143619,16-Mar-2026 14:36:19,gaussian,short_wide,256,2048,8,20260311,qr_pivoted,materialize_qrp,0.0114257083333333,0.0119719583333333,1.19860989783704e-15,2.01065490621215e-14
20260316_143619,16-Mar-2026 14:36:19,gaussian,short_wide,256,2048,8,20260311,bsqr_rinv,materialize_qrp,0.0243733333333333,0.0261409166666667,1.18042391056158e-15,2.03982767544012e-14
20260316_143619,16-Mar-2026 14:36:19,gaussian,short_wide,256,2048,8,20260311,qr_pivoted,materialize_qrp,0.01110675,0.011878625,1.19860989783704e-15,2.01065490621215e-14
20260316_143619,16-Mar-2026 14:36:19,gaussian,short_wide,256,2048,8,20260311,qr_pivoted_trsm,materialize_qrp,0.0130402916666667,0.0140975208333333,1.19860989783704e-15,2.01065490621215e-14
20260316_143619,16-Mar-2026 14:36:19,gaussian,short_wide,256,2560,10,20260311,bsqr_full,materialize_qrp,0.0295529583333333,0.0314918958333333,1.17762362544126e-15,2.04334502659937e-14
20260316_143619,16-Mar-2026 14:36:19,gaussian,short_wide,256,2560,10,20260311,qr_pivoted,materialize_qrp,0.0133688333333333,0.0140164791666667,1.20569563659214e-15,1.99511292504601e-14
20260316_143619,16-Mar-2026 14:36:19,gaussian,short_wide,256,2560,10,20260311,bsqr_rinv,materialize_qrp,0.0293533333333333,0.0307736458333333,1.17762362544126e-15,2.04334502659937e-14
20260316_143619,16-Mar-2026 14:36:19,gaussian,short_wide,256,2560,10,20260311,qr_pivoted,materialize_qrp,0.0132520416666667,0.013869,1.20569563659214e-15,1.99511292504601e-14
20260316_143619,16-Mar-2026 14:36:19,gaussian,short_wide,256,2560,10,20260311,qr_pivoted_trsm,materialize_qrp,0.016601375,0.0172167708333333,1.20569563659214e-15,1.99511292504601e-14
20260316_143619,16-Mar-2026 14:36:19,gaussian,short_wide,512,1024,2,20260311,bsqr_full,materialize_qrp,0.039434125,0.0410509166666667,1.42033000141379e-15,3.84603494810865e-14
20260316_143619,16-Mar-2026 14:36:19,gaussian,short_wide,512,1024,2,20260311,qr_pivoted,materialize_qrp,0.0164074166666667,0.0171683125,1.45676360477652e-15,3.81418582839077e-14
20260316_143619,16-Mar-2026 14:36:19,gaussian,short_wide,512,1024,2,20260311,bsqr_rinv,materialize_qrp,0.0396993333333333,0.041116875,1.42033000141379e-15,3.84603494810865e-14
20260316_143619,16-Mar-2026 14:36:19,gaussian,short_wide,512,1024,2,20260311,qr_pivoted,materialize_qrp,0.015995125,0.0164883958333333,1.45676360477652e-15,3.81418582839077e-14
20260316_143619,16-Mar-2026 14:36:19,gaussian,short_wide,512,1024,2,20260311,qr_pivoted_trsm,materialize_qrp,0.0167120416666667,0.0172693958333333,1.45676360477652e-15,3.81418582839077e-14
20260316_143619,16-Mar-2026 14:36:19,gaussian,short_wide,512,2048,4,20260311,bsqr_full,materialize_qrp,0.0715416666666667,0.074459375,1.52878844646083e-15,3.88371680391912e-14
20260316_143619,16-Mar-2026 14:36:19,gaussian,short_wide,512,2048,4,20260311,qr_pivoted,materialize_qrp,0.0296725416666667,0.0308270833333333,1.55493258811828e-15,3.82441554691513e-14
20260316_143619,16-Mar-2026 14:36:19,gaussian,short_wide,512,2048,4,20260311,bsqr_rinv,materialize_qrp,0.073642125,0.0757851041666667,1.52878844646083e-15,3.88371680391912e-14
20260316_143619,16-Mar-2026 14:36:19,gaussian,short_wide,512,2048,4,20260311,qr_pivoted,materialize_qrp,0.0290248333333333,0.0307186458333333,1.55493258811828e-15,3.82441554691513e-14
20260316_143619,16-Mar-2026 14:36:19,gaussian,short_wide,512,2048,4,20260311,qr_pivoted_trsm,materialize_qrp,0.0327006666666667,0.033283375,1.55493258811828e-15,3.82441554691513e-14
20260316_143619,16-Mar-2026 14:36:19,gaussian,short_wide,512,4096,8,20260311,bsqr_full,materialize_qrp,0.246064416666667,0.254818104166667,1.56670271741965e-15,3.8266271963076e-14
20260316_143619,16-Mar-2026 14:36:19,gaussian,short_wide,512,4096,8,20260311,qr_pivoted,materialize_qrp,0.0771630833333333,0.0824885208333333,1.61766150075406e-15,3.85703219068771e-14
20260316_143619,16-Mar-2026 14:36:19,gaussian,short_wide,512,4096,8,20260311,bsqr_rinv,materialize_qrp,0.241761791666667,0.253035083333333,1.56670271741965e-15,3.8266271963076e-14
20260316_143619,16-Mar-2026 14:36:19,gaussian,short_wide,512,4096,8,20260311,qr_pivoted,materialize_qrp,0.0708419166666667,0.0751886875,1.61766150075406e-15,3.85703219068771e-14
20260316_143619,16-Mar-2026 14:36:19,gaussian,short_wide,512,4096,8,20260311,qr_pivoted_trsm,materialize_qrp,0.0774209166666667,0.0797414166666667,1.61766150075406e-15,3.85703219068771e-14
20260316_143619,16-Mar-2026 14:36:19,gaussian,short_wide,512,5120,10,20260311,bsqr_full,materialize_qrp,0.371547625,0.384701458333333,1.58233559885748e-15,3.83376910723988e-14
20260316_143619,16-Mar-2026 14:36:19,gaussian,short_wide,512,5120,10,20260311,qr_pivoted,materialize_qrp,0.152475208333333,0.1550295,1.62110004608035e-15,3.8389053846798e-14
20260316_143619,16-Mar-2026 14:36:19,gaussian,short_wide,512,5120,10,20260311,bsqr_rinv,materialize_qrp,0.381887458333333,0.3923024375,1.58233559885748e-15,3.83376910723988e-14
20260316_143619,16-Mar-2026 14:36:19,gaussian,short_wide,512,5120,10,20260311,qr_pivoted,materialize_qrp,0.149038208333333,0.150880541666667,1.62110004608035e-15,3.8389053846798e-14
20260316_143619,16-Mar-2026 14:36:19,gaussian,short_wide,512,5120,10,20260311,qr_pivoted_trsm,materialize_qrp,0.162771375,0.1659231875,1.62110004608035e-15,3.8389053846798e-14
20260316_143619,16-Mar-2026 14:36:19,ill_conditioned,square,64,64,1,20260311,bsqr_full,materialize_qrp,6.75416666666667e-05,6.94375e-05,4.72187416720895e-16,6.57959148153564e-15
20260316_143619,16-Mar-2026 14:36:19,ill_conditioned,square,64,64,1,20260311,qr_pivoted,materialize_qrp,4.77916666666667e-05,4.78958333333333e-05,4.29833647929e-16,5.63426183306696e-15
20260316_143619,16-Mar-2026 14:36:19,ill_conditioned,square,64,64,1,20260311,bsqr_rinv,materialize_qrp,6.75416666666667e-05,6.80833333333333e-05,4.72187416720895e-16,6.57959148153564e-15
20260316_143619,16-Mar-2026 14:36:19,ill_conditioned,square,64,64,1,20260311,qr_pivoted,materialize_qrp,4.78333333333333e-05,4.8e-05,4.29833647929e-16,5.63426183306696e-15
20260316_143619,16-Mar-2026 14:36:19,ill_conditioned,square,64,64,1,20260311,qr_pivoted_trsm,materialize_qrp,4.80416666666667e-05,4.82291666666667e-05,4.29833647929e-16,5.63426183306696e-15
20260316_143619,16-Mar-2026 14:36:19,ill_conditioned,square,128,128,1,20260311,bsqr_full,materialize_qrp,0.000372291666666667,0.000377770833333333,5.44651859334715e-16,1.10063665225718e-14
20260316_143619,16-Mar-2026 14:36:19,ill_conditioned,square,128,128,1,20260311,qr_pivoted,materialize_qrp,0.000302666666666667,0.000303395833333333,5.76066312918399e-16,9.98211462896386e-15
20260316_143619,16-Mar-2026 14:36:19,ill_conditioned,square,128,128,1,20260311,bsqr_rinv,materialize_qrp,0.000367708333333333,0.000373875,5.44651859334715e-16,1.10063665225718e-14
20260316_143619,16-Mar-2026 14:36:19,ill_conditioned,square,128,128,1,20260311,qr_pivoted,materialize_qrp,0.000303208333333333,0.000322583333333333,5.76066312918399e-16,9.98211462896386e-15
20260316_143619,16-Mar-2026 14:36:19,ill_conditioned,square,128,128,1,20260311,qr_pivoted_trsm,materialize_qrp,0.000324375,0.000325041666666667,5.76066312918399e-16,9.98211462896386e-15
20260316_143619,16-Mar-2026 14:36:19,ill_conditioned,square,256,256,1,20260311,bsqr_full,materialize_qrp,0.00304283333333333,0.00343875,7.11570412012026e-16,2.03365935431411e-14
20260316_143619,16-Mar-2026 14:36:19,ill_conditioned,square,256,256,1,20260311,qr_pivoted,materialize_qrp,0.00201141666666667,0.00214664583333333,7.61584708550467e-16,1.97683987790974e-14
20260316_143619,16-Mar-2026 14:36:19,ill_conditioned,square,256,256,1,20260311,bsqr_rinv,materialize_qrp,0.0030985,0.00337954166666667,7.11570412012026e-16,2.03365935431411e-14
20260316_143619,16-Mar-2026 14:36:19,ill_conditioned,square,256,256,1,20260311,qr_pivoted,materialize_qrp,0.00186158333333333,0.00214102083333333,7.61584708550467e-16,1.97683987790974e-14
20260316_143619,16-Mar-2026 14:36:19,ill_conditioned,square,256,256,1,20260311,qr_pivoted_trsm,materialize_qrp,0.00187279166666667,0.00214216666666667,7.61584708550467e-16,1.97683987790974e-14
20260316_143619,16-Mar-2026 14:36:19,ill_conditioned,square,384,384,1,20260311,bsqr_full,materialize_qrp,0.00837208333333333,0.00860891666666667,7.86682373378012e-16,2.95732083246469e-14
20260316_143619,16-Mar-2026 14:36:19,ill_conditioned,square,384,384,1,20260311,qr_pivoted,materialize_qrp,0.00388629166666667,0.00443127083333333,8.29358292255136e-16,2.96545866692165e-14
20260316_143619,16-Mar-2026 14:36:19,ill_conditioned,square,384,384,1,20260311,bsqr_rinv,materialize_qrp,0.00844541666666667,0.00856229166666667,7.86682373378012e-16,2.95732083246469e-14
20260316_143619,16-Mar-2026 14:36:19,ill_conditioned,square,384,384,1,20260311,qr_pivoted,materialize_qrp,0.00389366666666667,0.0043915625,8.29358292255136e-16,2.96545866692165e-14
20260316_143619,16-Mar-2026 14:36:19,ill_conditioned,square,384,384,1,20260311,qr_pivoted_trsm,materialize_qrp,0.00383866666666667,0.00434091666666667,8.29358292255136e-16,2.96545866692165e-14
20260316_143619,16-Mar-2026 14:36:19,ill_conditioned,square,512,512,1,20260311,bsqr_full,materialize_qrp,0.018413,0.019152625,9.07227589170124e-16,3.85205908215264e-14
20260316_143619,16-Mar-2026 14:36:19,ill_conditioned,square,512,512,1,20260311,qr_pivoted,materialize_qrp,0.00962029166666667,0.0098283125,9.15390496471056e-16,3.84847628904205e-14
20260316_143619,16-Mar-2026 14:36:19,ill_conditioned,square,512,512,1,20260311,bsqr_rinv,materialize_qrp,0.0181615416666667,0.0192160833333333,9.07227589170124e-16,3.85205908215264e-14
20260316_143619,16-Mar-2026 14:36:19,ill_conditioned,square,512,512,1,20260311,qr_pivoted,materialize_qrp,0.00961204166666667,0.009876125,9.15390496471056e-16,3.84847628904205e-14
20260316_143619,16-Mar-2026 14:36:19,ill_conditioned,square,512,512,1,20260311,qr_pivoted_trsm,materialize_qrp,0.00961691666666667,0.00998964583333333,9.15390496471056e-16,3.84847628904205e-14
20260316_143619,16-Mar-2026 14:36:19,ill_conditioned,short_wide,32,64,2,20260311,bsqr_full,materialize_qrp,2.55833333333333e-05,2.60208333333333e-05,6.2032665880127e-16,3.86521956065173e-15
20260316_143619,16-Mar-2026 14:36:19,ill_conditioned,short_wide,32,64,2,20260311,qr_pivoted,materialize_qrp,1.60416666666667e-05,1.61875e-05,6.37583200762173e-16,3.94846033016511e-15
20260316_143619,16-Mar-2026 14:36:19,ill_conditioned,short_wide,32,64,2,20260311,bsqr_rinv,materialize_qrp,2.5875e-05,2.60625e-05,6.2032665880127e-16,3.86521956065173e-15
20260316_143619,16-Mar-2026 14:36:19,ill_conditioned,short_wide,32,64,2,20260311,qr_pivoted,materialize_qrp,1.6125e-05,1.61875e-05,6.37583200762173e-16,3.94846033016511e-15
20260316_143619,16-Mar-2026 14:36:19,ill_conditioned,short_wide,32,64,2,20260311,qr_pivoted_trsm,materialize_qrp,2.2e-05,2.34166666666667e-05,6.37583200762173e-16,3.94846033016511e-15
20260316_143619,16-Mar-2026 14:36:19,ill_conditioned,short_wide,32,128,4,20260311,bsqr_full,materialize_qrp,4.66666666666667e-05,4.71041666666667e-05,3.13702904986454e-16,3.1883585935574e-15
20260316_143619,16-Mar-2026 14:36:19,ill_conditioned,short_wide,32,128,4,20260311,qr_pivoted,materialize_qrp,2.72916666666667e-05,2.74375e-05,3.11102635115845e-16,3.38093798229132e-15
20260316_143619,16-Mar-2026 14:36:19,ill_conditioned,short_wide,32,128,4,20260311,bsqr_rinv,materialize_qrp,4.73333333333333e-05,4.74375e-05,3.13702904986454e-16,3.1883585935574e-15
20260316_143619,16-Mar-2026 14:36:19,ill_conditioned,short_wide,32,128,4,20260311,qr_pivoted,materialize_qrp,2.70833333333333e-05,2.71666666666667e-05,3.11102635115845e-16,3.38093798229132e-15
20260316_143619,16-Mar-2026 14:36:19,ill_conditioned,short_wide,32,128,4,20260311,qr_pivoted_trsm,materialize_qrp,3.75e-05,3.77916666666667e-05,3.11102635115845e-16,3.38093798229132e-15
20260316_143619,16-Mar-2026 14:36:19,ill_conditioned,short_wide,32,256,8,20260311,bsqr_full,materialize_qrp,9.1875e-05,9.41458333333333e-05,3.17602007956374e-16,3.24164140280282e-15
20260316_143619,16-Mar-2026 14:36:19,ill_conditioned,short_wide,32,256,8,20260311,qr_pivoted,materialize_qrp,4.8e-05,4.86875e-05,3.17109607908724e-16,3.21197426549665e-15
20260316_143619,16-Mar-2026 14:36:19,ill_conditioned,short_wide,32,256,8,20260311,bsqr_rinv,materialize_qrp,9.0125e-05,9.2125e-05,3.17602007956374e-16,3.24164140280282e-15
20260316_143619,16-Mar-2026 14:36:19,ill_conditioned,short_wide,32,256,8,20260311,qr_pivoted,materialize_qrp,4.78333333333333e-05,4.825e-05,3.17109607908724e-16,3.21197426549665e-15
20260316_143619,16-Mar-2026 14:36:19,ill_conditioned,short_wide,32,256,8,20260311,qr_pivoted_trsm,materialize_qrp,6.52083333333333e-05,6.5625e-05,3.17109607908724e-16,3.21197426549665e-15
20260316_143619,16-Mar-2026 14:36:19,ill_conditioned,short_wide,32,320,10,20260311,bsqr_full,materialize_qrp,0.000118083333333333,0.000118541666666667,5.77933525921946e-16,3.3196451728919e-15
20260316_143619,16-Mar-2026 14:36:19,ill_conditioned,short_wide,32,320,10,20260311,qr_pivoted,materialize_qrp,5.88333333333333e-05,5.92708333333333e-05,5.71639552560384e-16,3.38731154669597e-15
20260316_143619,16-Mar-2026 14:36:19,ill_conditioned,short_wide,32,320,10,20260311,bsqr_rinv,materialize_qrp,0.000120208333333333,0.000120770833333333,5.77933525921946e-16,3.3196451728919e-15
20260316_143619,16-Mar-2026 14:36:19,ill_conditioned,short_wide,32,320,10,20260311,qr_pivoted,materialize_qrp,5.87083333333333e-05,5.90208333333333e-05,5.71639552560384e-16,3.38731154669597e-15
20260316_143619,16-Mar-2026 14:36:19,ill_conditioned,short_wide,32,320,10,20260311,qr_pivoted_trsm,materialize_qrp,8.46666666666667e-05,8.73541666666667e-05,5.71639552560384e-16,3.38731154669597e-15
20260316_143619,16-Mar-2026 14:36:19,ill_conditioned,short_wide,64,128,2,20260311,bsqr_full,materialize_qrp,0.00014225,0.000143541666666667,4.0143542967211e-16,6.25732582957838e-15
20260316_143619,16-Mar-2026 14:36:19,ill_conditioned,short_wide,64,128,2,20260311,qr_pivoted,materialize_qrp,8.66666666666667e-05,8.69166666666667e-05,4.15239074167146e-16,5.47232605239539e-15
20260316_143619,16-Mar-2026 14:36:19,ill_conditioned,short_wide,64,128,2,20260311,bsqr_rinv,materialize_qrp,0.000142666666666667,0.000143520833333333,4.0143542967211e-16,6.25732582957838e-15
20260316_143619,16-Mar-2026 14:36:19,ill_conditioned,short_wide,64,128,2,20260311,qr_pivoted,materialize_qrp,8.62083333333333e-05,8.69791666666667e-05,4.15239074167146e-16,5.47232605239539e-15
20260316_143619,16-Mar-2026 14:36:19,ill_conditioned,short_wide,64,128,2,20260311,qr_pivoted_trsm,materialize_qrp,0.0001,0.0001029375,4.15239074167146e-16,5.47232605239539e-15
20260316_143619,16-Mar-2026 14:36:19,ill_conditioned,short_wide,64,256,4,20260311,bsqr_full,materialize_qrp,0.00030775,0.0003125,7.69181985265114e-16,6.35109764144121e-15
20260316_143619,16-Mar-2026 14:36:19,ill_conditioned,short_wide,64,256,4,20260311,qr_pivoted,materialize_qrp,0.000150583333333333,0.000151291666666667,7.81669659011438e-16,5.40018499498522e-15
20260316_143619,16-Mar-2026 14:36:19,ill_conditioned,short_wide,64,256,4,20260311,bsqr_rinv,materialize_qrp,0.000343625,0.000347166666666667,7.69181985265114e-16,6.35109764144121e-15
20260316_143619,16-Mar-2026 14:36:19,ill_conditioned,short_wide,64,256,4,20260311,qr_pivoted,materialize_qrp,0.000165833333333333,0.000166791666666667,7.81669659011438e-16,5.40018499498522e-15
20260316_143619,16-Mar-2026 14:36:19,ill_conditioned,short_wide,64,256,4,20260311,qr_pivoted_trsm,materialize_qrp,0.000189333333333333,0.000192666666666667,7.81669659011438e-16,5.40018499498522e-15
20260316_143619,16-Mar-2026 14:36:19,ill_conditioned,short_wide,64,512,8,20260311,bsqr_full,materialize_qrp,0.000839416666666667,0.000847458333333333,4.61926984318734e-16,6.31942543449668e-15
20260316_143619,16-Mar-2026 14:36:19,ill_conditioned,short_wide,64,512,8,20260311,qr_pivoted,materialize_qrp,0.000433791666666667,0.000439125,4.37695120249124e-16,5.45452092791793e-15
20260316_143619,16-Mar-2026 14:36:19,ill_conditioned,short_wide,64,512,8,20260311,bsqr_rinv,materialize_qrp,0.000805625,0.000815395833333333,4.61926984318734e-16,6.31942543449668e-15
20260316_143619,16-Mar-2026 14:36:19,ill_conditioned,short_wide,64,512,8,20260311,qr_pivoted,materialize_qrp,0.000414958333333333,0.0004401875,4.37695120249124e-16,5.45452092791793e-15
20260316_143619,16-Mar-2026 14:36:19,ill_conditioned,short_wide,64,512,8,20260311,qr_pivoted_trsm,materialize_qrp,0.00049875,0.000506083333333333,4.37695120249124e-16,5.45452092791793e-15
20260316_143619,16-Mar-2026 14:36:19,ill_conditioned,short_wide,64,640,10,20260311,bsqr_full,materialize_qrp,0.001091125,0.00110877083333333,5.89332226186133e-16,6.25413402792924e-15
20260316_143619,16-Mar-2026 14:36:19,ill_conditioned,short_wide,64,640,10,20260311,qr_pivoted,materialize_qrp,0.0005575,0.000572895833333333,4.49753177330199e-16,5.26558241186186e-15
20260316_143619,16-Mar-2026 14:36:19,ill_conditioned,short_wide,64,640,10,20260311,bsqr_rinv,materialize_qrp,0.0010965,0.00111629166666667,5.89332226186133e-16,6.25413402792924e-15
20260316_143619,16-Mar-2026 14:36:19,ill_conditioned,short_wide,64,640,10,20260311,qr_pivoted,materialize_qrp,0.000550541666666667,0.000571041666666667,4.49753177330199e-16,5.26558241186186e-15
20260316_143619,16-Mar-2026 14:36:19,ill_conditioned,short_wide,64,640,10,20260311,qr_pivoted_trsm,materialize_qrp,0.00060675,0.000654104166666667,4.49753177330199e-16,5.26558241186186e-15
20260316_143619,16-Mar-2026 14:36:19,ill_conditioned,short_wide,128,256,2,20260311,bsqr_full,materialize_qrp,0.00115220833333333,0.0011695,6.21264027815078e-16,1.09096650168134e-14
20260316_143619,16-Mar-2026 14:36:19,ill_conditioned,short_wide,128,256,2,20260311,qr_pivoted,materialize_qrp,0.000710833333333333,0.000767333333333333,6.51815969758833e-16,1.03214360050946e-14
20260316_143619,16-Mar-2026 14:36:19,ill_conditioned,short_wide,128,256,2,20260311,bsqr_rinv,materialize_qrp,0.00121008333333333,0.00122427083333333,6.21264027815078e-16,1.09096650168134e-14
20260316_143619,16-Mar-2026 14:36:19,ill_conditioned,short_wide,128,256,2,20260311,qr_pivoted,materialize_qrp,0.000760791666666667,0.0007895,6.51815969758833e-16,1.03214360050946e-14
20260316_143619,16-Mar-2026 14:36:19,ill_conditioned,short_wide,128,256,2,20260311,qr_pivoted_trsm,materialize_qrp,0.000802,0.000820458333333333,6.51815969758833e-16,1.03214360050946e-14
20260316_143619,16-Mar-2026 14:36:19,ill_conditioned,short_wide,128,512,4,20260311,bsqr_full,materialize_qrp,0.00260095833333333,0.00285804166666667,7.4696452115789e-16,1.12283637423873e-14
20260316_143619,16-Mar-2026 14:36:19,ill_conditioned,short_wide,128,512,4,20260311,qr_pivoted,materialize_qrp,0.001505375,0.001685125,7.31076318000803e-16,1.02663298913826e-14
20260316_143619,16-Mar-2026 14:36:19,ill_conditioned,short_wide,128,512,4,20260311,bsqr_rinv,materialize_qrp,0.00272983333333333,0.00282277083333333,7.4696452115789e-16,1.12283637423873e-14
20260316_143619,16-Mar-2026 14:36:19,ill_conditioned,short_wide,128,512,4,20260311,qr_pivoted,materialize_qrp,0.00158516666666667,0.00165204166666667,7.31076318000803e-16,1.02663298913826e-14
20260316_143619,16-Mar-2026 14:36:19,ill_conditioned,short_wide,128,512,4,20260311,qr_pivoted_trsm,materialize_qrp,0.00170970833333333,0.00178420833333333,7.31076318000803e-16,1.02663298913826e-14
20260316_143619,16-Mar-2026 14:36:19,ill_conditioned,short_wide,128,1024,8,20260311,bsqr_full,materialize_qrp,0.00500970833333333,0.00507689583333333,6.08023799697417e-16,1.09573284318642e-14
20260316_143619,16-Mar-2026 14:36:19,ill_conditioned,short_wide,128,1024,8,20260311,qr_pivoted,materialize_qrp,0.00250158333333333,0.00256414583333333,6.41829038528317e-16,9.90511008954957e-15
20260316_143619,16-Mar-2026 14:36:19,ill_conditioned,short_wide,128,1024,8,20260311,bsqr_rinv,materialize_qrp,0.00489154166666667,0.0050910625,6.08023799697417e-16,1.09573284318642e-14
20260316_143619,16-Mar-2026 14:36:19,ill_conditioned,short_wide,128,1024,8,20260311,qr_pivoted,materialize_qrp,0.002457375,0.00260870833333333,6.41829038528317e-16,9.90511008954957e-15
20260316_143619,16-Mar-2026 14:36:19,ill_conditioned,short_wide,128,1024,8,20260311,qr_pivoted_trsm,materialize_qrp,0.00280295833333333,0.00291908333333333,6.41829038528317e-16,9.90511008954957e-15
20260316_143619,16-Mar-2026 14:36:19,ill_conditioned,short_wide,128,1280,10,20260311,bsqr_full,materialize_qrp,0.00589991666666667,0.00605541666666667,6.30739579232055e-16,1.06439470619261e-14
20260316_143619,16-Mar-2026 14:36:19,ill_conditioned,short_wide,128,1280,10,20260311,qr_pivoted,materialize_qrp,0.00296429166666667,0.003208375,6.75774972551113e-16,1.03552350947055e-14
20260316_143619,16-Mar-2026 14:36:19,ill_conditioned,short_wide,128,1280,10,20260311,bsqr_rinv,materialize_qrp,0.00609954166666667,0.00622102083333333,6.30739579232055e-16,1.06439470619261e-14
20260316_143619,16-Mar-2026 14:36:19,ill_conditioned,short_wide,128,1280,10,20260311,qr_pivoted,materialize_qrp,0.00303079166666667,0.0031771875,6.75774972551113e-16,1.03552350947055e-14
20260316_143619,16-Mar-2026 14:36:19,ill_conditioned,short_wide,128,1280,10,20260311,qr_pivoted_trsm,materialize_qrp,0.00332133333333333,0.003529,6.75774972551113e-16,1.03552350947055e-14
20260316_143619,16-Mar-2026 14:36:19,ill_conditioned,short_wide,256,512,2,20260311,bsqr_full,materialize_qrp,0.00757575,0.0078248125,7.8209552976639e-16,2.03471706320044e-14
20260316_143619,16-Mar-2026 14:36:19,ill_conditioned,short_wide,256,512,2,20260311,qr_pivoted,materialize_qrp,0.00381704166666667,0.00416358333333333,8.6169421193601e-16,1.99859097794667e-14
20260316_143619,16-Mar-2026 14:36:19,ill_conditioned,short_wide,256,512,2,20260311,bsqr_rinv,materialize_qrp,0.00750975,0.00785327083333333,7.8209552976639e-16,2.03471706320044e-14
20260316_143619,16-Mar-2026 14:36:19,ill_conditioned,short_wide,256,512,2,20260311,qr_pivoted,materialize_qrp,0.00376654166666667,0.00404964583333333,8.6169421193601e-16,1.99859097794667e-14
20260316_143619,16-Mar-2026 14:36:19,ill_conditioned,short_wide,256,512,2,20260311,qr_pivoted_trsm,materialize_qrp,0.004041125,0.00416445833333333,8.6169421193601e-16,1.99859097794667e-14
20260316_143619,16-Mar-2026 14:36:19,ill_conditioned,short_wide,256,1024,4,20260311,bsqr_full,materialize_qrp,0.01390975,0.0143719583333333,8.10387603719578e-16,2.01389944183261e-14
20260316_143619,16-Mar-2026 14:36:19,ill_conditioned,short_wide,256,1024,4,20260311,qr_pivoted,materialize_qrp,0.00754620833333333,0.00788447916666667,8.75891698972037e-16,2.00130877368772e-14
20260316_143619,16-Mar-2026 14:36:19,ill_conditioned,short_wide,256,1024,4,20260311,bsqr_rinv,materialize_qrp,0.0138735833333333,0.0146403333333333,8.10387603719578e-16,2.01389944183261e-14
20260316_143619,16-Mar-2026 14:36:19,ill_conditioned,short_wide,256,1024,4,20260311,qr_pivoted,materialize_qrp,0.00754995833333333,0.0078830625,8.75891698972037e-16,2.00130877368772e-14
20260316_143619,16-Mar-2026 14:36:19,ill_conditioned,short_wide,256,1024,4,20260311,qr_pivoted_trsm,materialize_qrp,0.00796883333333333,0.00868179166666667,8.75891698972037e-16,2.00130877368772e-14
20260316_143619,16-Mar-2026 14:36:19,ill_conditioned,short_wide,256,2048,8,20260311,bsqr_full,materialize_qrp,0.0238853333333333,0.0245822916666667,8.87680332884138e-16,2.11358127964559e-14
20260316_143619,16-Mar-2026 14:36:19,ill_conditioned,short_wide,256,2048,8,20260311,qr_pivoted,materialize_qrp,0.0147866666666667,0.0155279375,8.95457369183378e-16,2.0272491556989e-14
20260316_143619,16-Mar-2026 14:36:19,ill_conditioned,short_wide,256,2048,8,20260311,bsqr_rinv,materialize_qrp,0.0244582083333333,0.0253005416666667,8.87680332884138e-16,2.11358127964559e-14
20260316_143619,16-Mar-2026 14:36:19,ill_conditioned,short_wide,256,2048,8,20260311,qr_pivoted,materialize_qrp,0.01472225,0.0150220416666667,8.95457369183378e-16,2.0272491556989e-14
20260316_143619,16-Mar-2026 14:36:19,ill_conditioned,short_wide,256,2048,8,20260311,qr_pivoted_trsm,materialize_qrp,0.015821375,0.016631,8.95457369183378e-16,2.0272491556989e-14
20260316_143619,16-Mar-2026 14:36:19,ill_conditioned,short_wide,256,2560,10,20260311,bsqr_full,materialize_qrp,0.0298385416666667,0.0306086041666667,8.14387323224381e-16,2.04585916244003e-14
20260316_143619,16-Mar-2026 14:36:19,ill_conditioned,short_wide,256,2560,10,20260311,qr_pivoted,materialize_qrp,0.0179469583333333,0.0183076041666667,8.72361434525534e-16,1.96562813395875e-14
20260316_143619,16-Mar-2026 14:36:19,ill_conditioned,short_wide,256,2560,10,20260311,bsqr_rinv,materialize_qrp,0.0302180833333333,0.0311041875,8.14387323224381e-16,2.04585916244003e-14
20260316_143619,16-Mar-2026 14:36:19,ill_conditioned,short_wide,256,2560,10,20260311,qr_pivoted,materialize_qrp,0.017856875,0.0184419791666667,8.72361434525534e-16,1.96562813395875e-14
20260316_143619,16-Mar-2026 14:36:19,ill_conditioned,short_wide,256,2560,10,20260311,qr_pivoted_trsm,materialize_qrp,0.019085375,0.0200255208333333,8.72361434525534e-16,1.96562813395875e-14
20260316_143619,16-Mar-2026 14:36:19,ill_conditioned,short_wide,512,1024,2,20260311,bsqr_full,materialize_qrp,0.0390865416666667,0.0399151875,1.02356713515277e-15,3.82424267626055e-14
20260316_143619,16-Mar-2026 14:36:19,ill_conditioned,short_wide,512,1024,2,20260311,qr_pivoted,materialize_qrp,0.0199472916666667,0.0207852083333333,1.08197293839126e-15,3.83162003299483e-14
20260316_143619,16-Mar-2026 14:36:19,ill_conditioned,short_wide,512,1024,2,20260311,bsqr_rinv,materialize_qrp,0.0387212916666667,0.0404782291666667,1.02356713515277e-15,3.82424267626055e-14
20260316_143619,16-Mar-2026 14:36:19,ill_conditioned,short_wide,512,1024,2,20260311,qr_pivoted,materialize_qrp,0.019333875,0.0208869791666667,1.08197293839126e-15,3.83162003299483e-14
20260316_143619,16-Mar-2026 14:36:19,ill_conditioned,short_wide,512,1024,2,20260311,qr_pivoted_trsm,materialize_qrp,0.0206970416666667,0.0217115,1.08197293839126e-15,3.83162003299483e-14
20260316_143619,16-Mar-2026 14:36:19,ill_conditioned,short_wide,512,2048,4,20260311,bsqr_full,materialize_qrp,0.0740095,0.0748877291666667,1.09347460177605e-15,3.86664380691433e-14
20260316_143619,16-Mar-2026 14:36:19,ill_conditioned,short_wide,512,2048,4,20260311,qr_pivoted,materialize_qrp,0.03824775,0.0401420416666667,1.1671265899376e-15,3.81299756883532e-14
20260316_143619,16-Mar-2026 14:36:19,ill_conditioned,short_wide,512,2048,4,20260311,bsqr_rinv,materialize_qrp,0.0739910416666667,0.0759063958333333,1.09347460177605e-15,3.86664380691433e-14
20260316_143619,16-Mar-2026 14:36:19,ill_conditioned,short_wide,512,2048,4,20260311,qr_pivoted,materialize_qrp,0.0387784583333333,0.0398162083333333,1.1671265899376e-15,3.81299756883532e-14
20260316_143619,16-Mar-2026 14:36:19,ill_conditioned,short_wide,512,2048,4,20260311,qr_pivoted_trsm,materialize_qrp,0.042137375,0.0427035833333333,1.1671265899376e-15,3.81299756883532e-14
20260316_143619,16-Mar-2026 14:36:19,ill_conditioned,short_wide,512,4096,8,20260311,bsqr_full,materialize_qrp,0.239254541666667,0.243454395833333,1.1166299852154e-15,3.83376822785338e-14
20260316_143619,16-Mar-2026 14:36:19,ill_conditioned,short_wide,512,4096,8,20260311,qr_pivoted,materialize_qrp,0.0918737916666667,0.0947963333333333,1.20449926484164e-15,3.83350392085634e-14
20260316_143619,16-Mar-2026 14:36:19,ill_conditioned,short_wide,512,4096,8,20260311,bsqr_rinv,materialize_qrp,0.241433291666667,0.2510530625,1.1166299852154e-15,3.83376822785338e-14
20260316_143619,16-Mar-2026 14:36:19,ill_conditioned,short_wide,512,4096,8,20260311,qr_pivoted,materialize_qrp,0.0955197916666667,0.0984922708333333,1.20449926484164e-15,3.83350392085634e-14
20260316_143619,16-Mar-2026 14:36:19,ill_conditioned,short_wide,512,4096,8,20260311,qr_pivoted_trsm,materialize_qrp,0.09959225,0.1023169375,1.20449926484164e-15,3.83350392085634e-14
20260316_143619,16-Mar-2026 14:36:19,ill_conditioned,short_wide,512,5120,10,20260311,bsqr_full,materialize_qrp,0.371766208333333,0.382060354166667,1.15703295657129e-15,3.83685474312011e-14
20260316_143619,16-Mar-2026 14:36:19,ill_conditioned,short_wide,512,5120,10,20260311,qr_pivoted,materialize_qrp,0.176745625,0.181147895833333,1.16342205205519e-15,3.82715776362068e-14
20260316_143619,16-Mar-2026 14:36:19,ill_conditioned,short_wide,512,5120,10,20260311,bsqr_rinv,materialize_qrp,0.376062458333333,0.390075375,1.15703295657129e-15,3.83685474312011e-14
20260316_143619,16-Mar-2026 14:36:19,ill_conditioned,short_wide,512,5120,10,20260311,qr_pivoted,materialize_qrp,0.17702975,0.183224833333333,1.16342205205519e-15,3.82715776362068e-14
20260316_143619,16-Mar-2026 14:36:19,ill_conditioned,short_wide,512,5120,10,20260311,qr_pivoted_trsm,materialize_qrp,0.191867041666667,0.193848833333333,1.16342205205519e-15,3.82715776362068e-14
20260316_143619,16-Mar-2026 14:36:19,orthonormal_rows,square,64,64,1,20260311,bsqr_full,materialize_qrp,6.4375e-05,6.50208333333333e-05,6.89457473685809e-16,6.62806781959983e-15
20260316_143619,16-Mar-2026 14:36:19,orthonormal_rows,square,64,64,1,20260311,qr_pivoted,materialize_qrp,4.94166666666667e-05,4.96458333333333e-05,6.1239601354332e-16,5.81614036865857e-15
20260316_143619,16-Mar-2026 14:36:19,orthonormal_rows,square,64,64,1,20260311,bsqr_rinv,materialize_qrp,6.42083333333333e-05,6.48541666666667e-05,6.89457473685809e-16,6.62806781959983e-15
20260316_143619,16-Mar-2026 14:36:19,orthonormal_rows,square,64,64,1,20260311,qr_pivoted,materialize_qrp,4.73333333333333e-05,4.75625e-05,6.1239601354332e-16,5.81614036865857e-15
20260316_143619,16-Mar-2026 14:36:19,orthonormal_rows,square,64,64,1,20260311,qr_pivoted_trsm,materialize_qrp,4.7625e-05,4.78958333333333e-05,6.1239601354332e-16,5.81614036865857e-15
20260316_143619,16-Mar-2026 14:36:19,orthonormal_rows,square,128,128,1,20260311,bsqr_full,materialize_qrp,0.0004235,0.000426020833333333,8.73386496525112e-16,1.10421339436213e-14
20260316_143619,16-Mar-2026 14:36:19,orthonormal_rows,square,128,128,1,20260311,qr_pivoted,materialize_qrp,0.000295333333333333,0.0002975625,8.13249554801321e-16,1.01735049299638e-14
20260316_143619,16-Mar-2026 14:36:19,orthonormal_rows,square,128,128,1,20260311,bsqr_rinv,materialize_qrp,0.000361333333333333,0.000368625,8.73386496525112e-16,1.10421339436213e-14
20260316_143619,16-Mar-2026 14:36:19,orthonormal_rows,square,128,128,1,20260311,qr_pivoted,materialize_qrp,0.000323041666666667,0.000325333333333333,8.13249554801321e-16,1.01735049299638e-14
20260316_143619,16-Mar-2026 14:36:19,orthonormal_rows,square,128,128,1,20260311,qr_pivoted_trsm,materialize_qrp,0.000321583333333333,0.000324791666666667,8.13249554801321e-16,1.01735049299638e-14
20260316_143619,16-Mar-2026 14:36:19,orthonormal_rows,square,256,256,1,20260311,bsqr_full,materialize_qrp,0.00302558333333333,0.003383125,1.02057406949717e-15,1.98157426397955e-14
20260316_143619,16-Mar-2026 14:36:19,orthonormal_rows,square,256,256,1,20260311,qr_pivoted,materialize_qrp,0.00170075,0.00197552083333333,1.0118324341122e-15,1.98408685895318e-14
20260316_143619,16-Mar-2026 14:36:19,orthonormal_rows,square,256,256,1,20260311,bsqr_rinv,materialize_qrp,0.00308445833333333,0.00341010416666667,1.02057406949717e-15,1.98157426397955e-14
20260316_143619,16-Mar-2026 14:36:19,orthonormal_rows,square,256,256,1,20260311,qr_pivoted,materialize_qrp,0.00171520833333333,0.0020099375,1.0118324341122e-15,1.98408685895318e-14
20260316_143619,16-Mar-2026 14:36:19,orthonormal_rows,square,256,256,1,20260311,qr_pivoted_trsm,materialize_qrp,0.00173570833333333,0.0020074375,1.0118324341122e-15,1.98408685895318e-14
20260316_143619,16-Mar-2026 14:36:19,orthonormal_rows,square,384,384,1,20260311,bsqr_full,materialize_qrp,0.00813758333333333,0.00858464583333333,1.19770179422061e-15,2.95679094075773e-14
20260316_143619,16-Mar-2026 14:36:19,orthonormal_rows,square,384,384,1,20260311,qr_pivoted,materialize_qrp,0.00355041666666667,0.00410910416666667,1.20843651689136e-15,2.93901674676528e-14
20260316_143619,16-Mar-2026 14:36:19,orthonormal_rows,square,384,384,1,20260311,bsqr_rinv,materialize_qrp,0.00805108333333333,0.0084503125,1.19770179422061e-15,2.95679094075773e-14
20260316_143619,16-Mar-2026 14:36:19,orthonormal_rows,square,384,384,1,20260311,qr_pivoted,materialize_qrp,0.003549125,0.00411152083333333,1.20843651689136e-15,2.93901674676528e-14
20260316_143619,16-Mar-2026 14:36:19,orthonormal_rows,square,384,384,1,20260311,qr_pivoted_trsm,materialize_qrp,0.00360366666666667,0.00408916666666667,1.20843651689136e-15,2.93901674676528e-14
20260316_143619,16-Mar-2026 14:36:19,orthonormal_rows,square,512,512,1,20260311,bsqr_full,materialize_qrp,0.018151125,0.018943875,1.34826967422043e-15,3.80502385049115e-14
20260316_143619,16-Mar-2026 14:36:19,orthonormal_rows,square,512,512,1,20260311,qr_pivoted,materialize_qrp,0.00851341666666667,0.00875616666666667,1.36659021662262e-15,3.80759943345697e-14
20260316_143619,16-Mar-2026 14:36:19,orthonormal_rows,square,512,512,1,20260311,bsqr_rinv,materialize_qrp,0.0181439583333333,0.0188920416666667,1.34826967422043e-15,3.80502385049115e-14
20260316_143619,16-Mar-2026 14:36:19,orthonormal_rows,square,512,512,1,20260311,qr_pivoted,materialize_qrp,0.00830595833333333,0.00852816666666667,1.36659021662262e-15,3.80759943345697e-14
20260316_143619,16-Mar-2026 14:36:19,orthonormal_rows,square,512,512,1,20260311,qr_pivoted_trsm,materialize_qrp,0.00799733333333333,0.00838185416666667,1.36659021662262e-15,3.80759943345697e-14
20260316_143619,16-Mar-2026 14:36:19,orthonormal_rows,short_wide,32,64,2,20260311,bsqr_full,materialize_qrp,2.49583333333333e-05,2.53125e-05,5.35536827898827e-16,3.23976250477905e-15
20260316_143619,16-Mar-2026 14:36:19,orthonormal_rows,short_wide,32,64,2,20260311,qr_pivoted,materialize_qrp,1.55833333333333e-05,1.57291666666667e-05,5.37535541196521e-16,3.16361773690395e-15
20260316_143619,16-Mar-2026 14:36:19,orthonormal_rows,short_wide,32,64,2,20260311,bsqr_rinv,materialize_qrp,2.52916666666667e-05,2.54583333333333e-05,5.35536827898827e-16,3.23976250477905e-15
20260316_143619,16-Mar-2026 14:36:19,orthonormal_rows,short_wide,32,64,2,20260311,qr_pivoted,materialize_qrp,1.55833333333333e-05,1.56666666666667e-05,5.37535541196521e-16,3.16361773690395e-15
20260316_143619,16-Mar-2026 14:36:19,orthonormal_rows,short_wide,32,64,2,20260311,qr_pivoted_trsm,materialize_qrp,2.14583333333333e-05,2.275e-05,5.37535541196521e-16,3.16361773690395e-15
20260316_143619,16-Mar-2026 14:36:19,orthonormal_rows,short_wide,32,128,4,20260311,bsqr_full,materialize_qrp,4.51666666666667e-05,4.57083333333333e-05,6.40688654185965e-16,3.71401368676997e-15
20260316_143619,16-Mar-2026 14:36:19,orthonormal_rows,short_wide,32,128,4,20260311,qr_pivoted,materialize_qrp,2.59166666666667e-05,2.60208333333333e-05,5.83601074125021e-16,3.24830840693331e-15
20260316_143619,16-Mar-2026 14:36:19,orthonormal_rows,short_wide,32,128,4,20260311,bsqr_rinv,materialize_qrp,4.56666666666667e-05,4.61666666666667e-05,6.40688654185965e-16,3.71401368676997e-15
20260316_143619,16-Mar-2026 14:36:19,orthonormal_rows,short_wide,32,128,4,20260311,qr_pivoted,materialize_qrp,2.59166666666667e-05,2.60208333333333e-05,5.83601074125021e-16,3.24830840693331e-15
20260316_143619,16-Mar-2026 14:36:19,orthonormal_rows,short_wide,32,128,4,20260311,qr_pivoted_trsm,materialize_qrp,3.80833333333333e-05,3.83125e-05,5.83601074125021e-16,3.24830840693331e-15
20260316_143619,16-Mar-2026 14:36:19,orthonormal_rows,short_wide,32,256,8,20260311,bsqr_full,materialize_qrp,9.04583333333333e-05,9.12291666666667e-05,5.87766301548505e-16,3.22296054132772e-15
20260316_143619,16-Mar-2026 14:36:19,orthonormal_rows,short_wide,32,256,8,20260311,qr_pivoted,materialize_qrp,5.10416666666667e-05,5.31875e-05,5.8288293838577e-16,3.047415970365e-15
20260316_143619,16-Mar-2026 14:36:19,orthonormal_rows,short_wide,32,256,8,20260311,bsqr_rinv,materialize_qrp,9.25833333333333e-05,9.31041666666667e-05,5.87766301548505e-16,3.22296054132772e-15
20260316_143619,16-Mar-2026 14:36:19,orthonormal_rows,short_wide,32,256,8,20260311,qr_pivoted,materialize_qrp,5.17083333333333e-05,5.25416666666667e-05,5.8288293838577e-16,3.047415970365e-15
20260316_143619,16-Mar-2026 14:36:19,orthonormal_rows,short_wide,32,256,8,20260311,qr_pivoted_trsm,materialize_qrp,6.49583333333333e-05,6.62291666666667e-05,5.8288293838577e-16,3.047415970365e-15
20260316_143619,16-Mar-2026 14:36:19,orthonormal_rows,short_wide,32,320,10,20260311,bsqr_full,materialize_qrp,0.000115041666666667,0.000115479166666667,5.97982510038204e-16,3.25911126125868e-15
20260316_143619,16-Mar-2026 14:36:19,orthonormal_rows,short_wide,32,320,10,20260311,qr_pivoted,materialize_qrp,5.56666666666667e-05,5.58125e-05,5.66184854573583e-16,3.06607953461634e-15
20260316_143619,16-Mar-2026 14:36:19,orthonormal_rows,short_wide,32,320,10,20260311,bsqr_rinv,materialize_qrp,0.000116791666666667,0.0001175,5.97982510038204e-16,3.25911126125868e-15
20260316_143619,16-Mar-2026 14:36:19,orthonormal_rows,short_wide,32,320,10,20260311,qr_pivoted,materialize_qrp,5.92083333333333e-05,6.05833333333333e-05,5.66184854573583e-16,3.06607953461634e-15
20260316_143619,16-Mar-2026 14:36:19,orthonormal_rows,short_wide,32,320,10,20260311,qr_pivoted_trsm,materialize_qrp,7.70416666666667e-05,7.74583333333333e-05,5.66184854573583e-16,3.06607953461634e-15
20260316_143619,16-Mar-2026 14:36:19,orthonormal_rows,short_wide,64,128,2,20260311,bsqr_full,materialize_qrp,0.000129916666666667,0.0001329375,7.52825061648266e-16,6.70752308422175e-15
20260316_143619,16-Mar-2026 14:36:19,orthonormal_rows,short_wide,64,128,2,20260311,qr_pivoted,materialize_qrp,8.275e-05,8.30625e-05,6.85906780424052e-16,5.6727620870821e-15
20260316_143619,16-Mar-2026 14:36:19,orthonormal_rows,short_wide,64,128,2,20260311,bsqr_rinv,materialize_qrp,0.000134416666666667,0.000134833333333333,7.52825061648266e-16,6.70752308422175e-15
20260316_143619,16-Mar-2026 14:36:19,orthonormal_rows,short_wide,64,128,2,20260311,qr_pivoted,materialize_qrp,8.28333333333333e-05,8.57708333333333e-05,6.85906780424052e-16,5.6727620870821e-15
20260316_143619,16-Mar-2026 14:36:19,orthonormal_rows,short_wide,64,128,2,20260311,qr_pivoted_trsm,materialize_qrp,0.000105208333333333,0.0001074375,6.85906780424052e-16,5.6727620870821e-15
20260316_143619,16-Mar-2026 14:36:19,orthonormal_rows,short_wide,64,256,4,20260311,bsqr_full,materialize_qrp,0.000294958333333333,0.000299208333333333,7.83301188167462e-16,6.43815303795717e-15
20260316_143619,16-Mar-2026 14:36:19,orthonormal_rows,short_wide,64,256,4,20260311,qr_pivoted,materialize_qrp,0.000143625,0.000145958333333333,7.07097676553156e-16,5.47451155943184e-15
20260316_143619,16-Mar-2026 14:36:19,orthonormal_rows,short_wide,64,256,4,20260311,bsqr_rinv,materialize_qrp,0.000336708333333333,0.000346104166666667,7.83301188167462e-16,6.43815303795717e-15
20260316_143619,16-Mar-2026 14:36:19,orthonormal_rows,short_wide,64,256,4,20260311,qr_pivoted,materialize_qrp,0.000159125,0.0001615,7.07097676553156e-16,5.47451155943184e-15
20260316_143619,16-Mar-2026 14:36:19,orthonormal_rows,short_wide,64,256,4,20260311,qr_pivoted_trsm,materialize_qrp,0.000182166666666667,0.000184833333333333,7.07097676553156e-16,5.47451155943184e-15
20260316_143619,16-Mar-2026 14:36:19,orthonormal_rows,short_wide,64,512,8,20260311,bsqr_full,materialize_qrp,0.00079125,0.000821145833333333,7.48191588085237e-16,6.01474637725547e-15
20260316_143619,16-Mar-2026 14:36:19,orthonormal_rows,short_wide,64,512,8,20260311,qr_pivoted,materialize_qrp,0.000405083333333333,0.000436625,7.42649774256986e-16,5.50665375625697e-15
20260316_143619,16-Mar-2026 14:36:19,orthonormal_rows,short_wide,64,512,8,20260311,bsqr_rinv,materialize_qrp,0.000813875,0.000830770833333333,7.48191588085237e-16,6.01474637725547e-15
20260316_143619,16-Mar-2026 14:36:19,orthonormal_rows,short_wide,64,512,8,20260311,qr_pivoted,materialize_qrp,0.000405083333333333,0.0004186875,7.42649774256986e-16,5.50665375625697e-15
20260316_143619,16-Mar-2026 14:36:19,orthonormal_rows,short_wide,64,512,8,20260311,qr_pivoted_trsm,materialize_qrp,0.000448083333333333,0.000454625,7.42649774256986e-16,5.50665375625697e-15
20260316_143619,16-Mar-2026 14:36:19,orthonormal_rows,short_wide,64,640,10,20260311,bsqr_full,materialize_qrp,0.00107,0.00108222916666667,8.14799958386722e-16,6.75730989791424e-15
20260316_143619,16-Mar-2026 14:36:19,orthonormal_rows,short_wide,64,640,10,20260311,qr_pivoted,materialize_qrp,0.000544791666666667,0.000559583333333333,7.02521383113427e-16,5.41671651133222e-15
20260316_143619,16-Mar-2026 14:36:19,orthonormal_rows,short_wide,64,640,10,20260311,bsqr_rinv,materialize_qrp,0.00108233333333333,0.00109972916666667,8.14799958386722e-16,6.75730989791424e-15
20260316_143619,16-Mar-2026 14:36:19,orthonormal_rows,short_wide,64,640,10,20260311,qr_pivoted,materialize_qrp,0.000536083333333333,0.0005550625,7.02521383113427e-16,5.41671651133222e-15
20260316_143619,16-Mar-2026 14:36:19,orthonormal_rows,short_wide,64,640,10,20260311,qr_pivoted_trsm,materialize_qrp,0.000611708333333333,0.0006254375,7.02521383113427e-16,5.41671651133222e-15
20260316_143619,16-Mar-2026 14:36:19,orthonormal_rows,short_wide,128,256,2,20260311,bsqr_full,materialize_qrp,0.00114416666666667,0.001163875,9.48949845755717e-16,1.10795797980274e-14
20260316_143619,16-Mar-2026 14:36:19,orthonormal_rows,short_wide,128,256,2,20260311,qr_pivoted,materialize_qrp,0.000719916666666667,0.000738333333333333,9.02040621592427e-16,1.03893458358821e-14
20260316_143619,16-Mar-2026 14:36:19,orthonormal_rows,short_wide,128,256,2,20260311,bsqr_rinv,materialize_qrp,0.00116554166666667,0.00117604166666667,9.48949845755717e-16,1.10795797980274e-14
20260316_143619,16-Mar-2026 14:36:19,orthonormal_rows,short_wide,128,256,2,20260311,qr_pivoted,materialize_qrp,0.000724083333333333,0.000728791666666667,9.02040621592427e-16,1.03893458358821e-14
20260316_143619,16-Mar-2026 14:36:19,orthonormal_rows,short_wide,128,256,2,20260311,qr_pivoted_trsm,materialize_qrp,0.000756125,0.0007848125,9.02040621592427e-16,1.03893458358821e-14
20260316_143619,16-Mar-2026 14:36:19,orthonormal_rows,short_wide,128,512,4,20260311,bsqr_full,materialize_qrp,0.002702875,0.00284310416666667,1.00011246435803e-15,1.15261973114553e-14
20260316_143619,16-Mar-2026 14:36:19,orthonormal_rows,short_wide,128,512,4,20260311,qr_pivoted,materialize_qrp,0.00148583333333333,0.0016539375,9.34621943800877e-16,9.98147815601372e-15
20260316_143619,16-Mar-2026 14:36:19,orthonormal_rows,short_wide,128,512,4,20260311,bsqr_rinv,materialize_qrp,0.00274908333333333,0.002843125,1.00011246435803e-15,1.15261973114553e-14
20260316_143619,16-Mar-2026 14:36:19,orthonormal_rows,short_wide,128,512,4,20260311,qr_pivoted,materialize_qrp,0.00144358333333333,0.00164125,9.34621943800877e-16,9.98147815601372e-15
20260316_143619,16-Mar-2026 14:36:19,orthonormal_rows,short_wide,128,512,4,20260311,qr_pivoted_trsm,materialize_qrp,0.00155958333333333,0.00175733333333333,9.34621943800877e-16,9.98147815601372e-15
20260316_143619,16-Mar-2026 14:36:19,orthonormal_rows,short_wide,128,1024,8,20260311,bsqr_full,materialize_qrp,0.00481154166666667,0.00499347916666667,9.6753658850393e-16,1.12604688553825e-14
20260316_143619,16-Mar-2026 14:36:19,orthonormal_rows,short_wide,128,1024,8,20260311,qr_pivoted,materialize_qrp,0.00247233333333333,0.00257116666666667,8.84790123833525e-16,9.98724057954508e-15
20260316_143619,16-Mar-2026 14:36:19,orthonormal_rows,short_wide,128,1024,8,20260311,bsqr_rinv,materialize_qrp,0.004897625,0.00503797916666667,9.6753658850393e-16,1.12604688553825e-14
20260316_143619,16-Mar-2026 14:36:19,orthonormal_rows,short_wide,128,1024,8,20260311,qr_pivoted,materialize_qrp,0.00247283333333333,0.00255364583333333,8.84790123833525e-16,9.98724057954508e-15
20260316_143619,16-Mar-2026 14:36:19,orthonormal_rows,short_wide,128,1024,8,20260311,qr_pivoted_trsm,materialize_qrp,0.00279420833333333,0.0028884375,8.84790123833525e-16,9.98724057954508e-15
20260316_143619,16-Mar-2026 14:36:19,orthonormal_rows,short_wide,128,1280,10,20260311,bsqr_full,materialize_qrp,0.00586583333333333,0.00597435416666667,9.58714676888177e-16,1.13321036050909e-14
20260316_143619,16-Mar-2026 14:36:19,orthonormal_rows,short_wide,128,1280,10,20260311,qr_pivoted,materialize_qrp,0.002937625,0.00303666666666667,8.74905198448588e-16,9.67541883664914e-15
20260316_143619,16-Mar-2026 14:36:19,orthonormal_rows,short_wide,128,1280,10,20260311,bsqr_rinv,materialize_qrp,0.00590583333333333,0.006101625,9.58714676888177e-16,1.13321036050909e-14
20260316_143619,16-Mar-2026 14:36:19,orthonormal_rows,short_wide,128,1280,10,20260311,qr_pivoted,materialize_qrp,0.00296916666666667,0.003206125,8.74905198448588e-16,9.67541883664914e-15
20260316_143619,16-Mar-2026 14:36:19,orthonormal_rows,short_wide,128,1280,10,20260311,qr_pivoted_trsm,materialize_qrp,0.00327079166666667,0.00347575,8.74905198448588e-16,9.67541883664914e-15
20260316_143619,16-Mar-2026 14:36:19,orthonormal_rows,short_wide,256,512,2,20260311,bsqr_full,materialize_qrp,0.00757716666666667,0.00786425,1.15962270924627e-15,2.04421281338034e-14
20260316_143619,16-Mar-2026 14:36:19,orthonormal_rows,short_wide,256,512,2,20260311,qr_pivoted,materialize_qrp,0.00351595833333333,0.003588875,1.17840587749096e-15,2.01976441190826e-14
20260316_143619,16-Mar-2026 14:36:19,orthonormal_rows,short_wide,256,512,2,20260311,bsqr_rinv,materialize_qrp,0.00748875,0.0077714375,1.15962270924627e-15,2.04421281338034e-14
20260316_143619,16-Mar-2026 14:36:19,orthonormal_rows,short_wide,256,512,2,20260311,qr_pivoted,materialize_qrp,0.003379125,0.003595375,1.17840587749096e-15,2.01976441190826e-14
20260316_143619,16-Mar-2026 14:36:19,orthonormal_rows,short_wide,256,512,2,20260311,qr_pivoted_trsm,materialize_qrp,0.00345275,0.0037535625,1.17840587749096e-15,2.01976441190826e-14
20260316_143619,16-Mar-2026 14:36:19,orthonormal_rows,short_wide,256,1024,4,20260311,bsqr_full,materialize_qrp,0.013697,0.014028125,1.17619999542405e-15,2.02604564955709e-14
20260316_143619,16-Mar-2026 14:36:19,orthonormal_rows,short_wide,256,1024,4,20260311,qr_pivoted,materialize_qrp,0.006006125,0.00640191666666667,1.18899794555903e-15,1.99296822844693e-14
20260316_143619,16-Mar-2026 14:36:19,orthonormal_rows,short_wide,256,1024,4,20260311,bsqr_rinv,materialize_qrp,0.0142650833333333,0.014552375,1.17619999542405e-15,2.02604564955709e-14
20260316_143619,16-Mar-2026 14:36:19,orthonormal_rows,short_wide,256,1024,4,20260311,qr_pivoted,materialize_qrp,0.00598554166666667,0.00633777083333333,1.18899794555903e-15,1.99296822844693e-14
20260316_143619,16-Mar-2026 14:36:19,orthonormal_rows,short_wide,256,1024,4,20260311,qr_pivoted_trsm,materialize_qrp,0.00691420833333333,0.00718260416666667,1.18899794555903e-15,1.99296822844693e-14
20260316_143619,16-Mar-2026 14:36:19,orthonormal_rows,short_wide,256,2048,8,20260311,bsqr_full,materialize_qrp,0.0237444583333333,0.0243951875,1.17134785910233e-15,1.99093738986262e-14
20260316_143619,16-Mar-2026 14:36:19,orthonormal_rows,short_wide,256,2048,8,20260311,qr_pivoted,materialize_qrp,0.0107544166666667,0.0113804791666667,1.21209101388628e-15,2.00734100501877e-14
20260316_143619,16-Mar-2026 14:36:19,orthonormal_rows,short_wide,256,2048,8,20260311,bsqr_rinv,materialize_qrp,0.025439875,0.0266631458333333,1.17134785910233e-15,1.99093738986262e-14
20260316_143619,16-Mar-2026 14:36:19,orthonormal_rows,short_wide,256,2048,8,20260311,qr_pivoted,materialize_qrp,0.011332125,0.0123101666666667,1.21209101388628e-15,2.00734100501877e-14
20260316_143619,16-Mar-2026 14:36:19,orthonormal_rows,short_wide,256,2048,8,20260311,qr_pivoted_trsm,materialize_qrp,0.012322,0.0129597083333333,1.21209101388628e-15,2.00734100501877e-14
20260316_143619,16-Mar-2026 14:36:19,orthonormal_rows,short_wide,256,2560,10,20260311,bsqr_full,materialize_qrp,0.0292616666666667,0.0306135,1.21081239111024e-15,2.04452460932177e-14
20260316_143619,16-Mar-2026 14:36:19,orthonormal_rows,short_wide,256,2560,10,20260311,qr_pivoted,materialize_qrp,0.0132349166666667,0.0144559583333333,1.22358358169537e-15,2.01054040678893e-14
20260316_143619,16-Mar-2026 14:36:19,orthonormal_rows,short_wide,256,2560,10,20260311,bsqr_rinv,materialize_qrp,0.02980675,0.030293125,1.21081239111024e-15,2.04452460932177e-14
20260316_143619,16-Mar-2026 14:36:19,orthonormal_rows,short_wide,256,2560,10,20260311,qr_pivoted,materialize_qrp,0.0132865,0.01387175,1.22358358169537e-15,2.01054040678893e-14
20260316_143619,16-Mar-2026 14:36:19,orthonormal_rows,short_wide,256,2560,10,20260311,qr_pivoted_trsm,materialize_qrp,0.0157049583333333,0.0161371875,1.22358358169537e-15,2.01054040678893e-14
20260316_143619,16-Mar-2026 14:36:19,orthonormal_rows,short_wide,512,1024,2,20260311,bsqr_full,materialize_qrp,0.0392831666666667,0.0404551666666667,1.52120683539353e-15,3.8667936523981e-14
20260316_143619,16-Mar-2026 14:36:19,orthonormal_rows,short_wide,512,1024,2,20260311,qr_pivoted,materialize_qrp,0.0162004166666667,0.0171862083333333,1.55043302587844e-15,3.87656964199413e-14
20260316_143619,16-Mar-2026 14:36:19,orthonormal_rows,short_wide,512,1024,2,20260311,bsqr_rinv,materialize_qrp,0.0397525,0.0404054791666667,1.52120683539353e-15,3.8667936523981e-14
20260316_143619,16-Mar-2026 14:36:19,orthonormal_rows,short_wide,512,1024,2,20260311,qr_pivoted,materialize_qrp,0.0158820416666667,0.0166366041666667,1.55043302587844e-15,3.87656964199413e-14
20260316_143619,16-Mar-2026 14:36:19,orthonormal_rows,short_wide,512,1024,2,20260311,qr_pivoted_trsm,materialize_qrp,0.0169936666666667,0.0177135,1.55043302587844e-15,3.87656964199413e-14
20260316_143619,16-Mar-2026 14:36:19,orthonormal_rows,short_wide,512,2048,4,20260311,bsqr_full,materialize_qrp,0.0722594166666667,0.0747827083333333,1.55965462026628e-15,3.81938937275413e-14
20260316_143619,16-Mar-2026 14:36:19,orthonormal_rows,short_wide,512,2048,4,20260311,qr_pivoted,materialize_qrp,0.029289625,0.0307762708333333,1.58571856548402e-15,3.80152179012612e-14
20260316_143619,16-Mar-2026 14:36:19,orthonormal_rows,short_wide,512,2048,4,20260311,bsqr_rinv,materialize_qrp,0.0736457916666667,0.075111125,1.55965462026628e-15,3.81938937275413e-14
20260316_143619,16-Mar-2026 14:36:19,orthonormal_rows,short_wide,512,2048,4,20260311,qr_pivoted,materialize_qrp,0.02895,0.0305017291666667,1.58571856548402e-15,3.80152179012612e-14
20260316_143619,16-Mar-2026 14:36:19,orthonormal_rows,short_wide,512,2048,4,20260311,qr_pivoted_trsm,materialize_qrp,0.0321894583333333,0.0330063125,1.58571856548402e-15,3.80152179012612e-14
20260316_143619,16-Mar-2026 14:36:19,orthonormal_rows,short_wide,512,4096,8,20260311,bsqr_full,materialize_qrp,0.236768041666667,0.2423233125,1.59120863488342e-15,3.84726721175079e-14
20260316_143619,16-Mar-2026 14:36:19,orthonormal_rows,short_wide,512,4096,8,20260311,qr_pivoted,materialize_qrp,0.0678657916666667,0.0742808958333333,1.62743770076656e-15,3.83037884539713e-14
20260316_143619,16-Mar-2026 14:36:19,orthonormal_rows,short_wide,512,4096,8,20260311,bsqr_rinv,materialize_qrp,0.240289166666667,0.244304229166667,1.59120863488342e-15,3.84726721175079e-14
20260316_143619,16-Mar-2026 14:36:19,orthonormal_rows,short_wide,512,4096,8,20260311,qr_pivoted,materialize_qrp,0.070774,0.0715998541666667,1.62743770076656e-15,3.83037884539713e-14
20260316_143619,16-Mar-2026 14:36:19,orthonormal_rows,short_wide,512,4096,8,20260311,qr_pivoted_trsm,materialize_qrp,0.077712875,0.0799780625,1.62743770076656e-15,3.83037884539713e-14
20260316_143619,16-Mar-2026 14:36:19,orthonormal_rows,short_wide,512,5120,10,20260311,bsqr_full,materialize_qrp,0.378066166666667,0.3893133125,1.5988206671503e-15,3.86601880737838e-14
20260316_143619,16-Mar-2026 14:36:19,orthonormal_rows,short_wide,512,5120,10,20260311,qr_pivoted,materialize_qrp,0.156445125,0.159801,1.62546448718754e-15,3.82176382097238e-14
20260316_143619,16-Mar-2026 14:36:19,orthonormal_rows,short_wide,512,5120,10,20260311,bsqr_rinv,materialize_qrp,0.4052805,0.4674159375,1.5988206671503e-15,3.86601880737838e-14
20260316_143619,16-Mar-2026 14:36:19,orthonormal_rows,short_wide,512,5120,10,20260311,qr_pivoted,materialize_qrp,0.191892208333333,0.197262770833333,1.62546448718754e-15,3.82176382097238e-14
20260316_143619,16-Mar-2026 14:36:19,orthonormal_rows,short_wide,512,5120,10,20260311,qr_pivoted_trsm,materialize_qrp,0.206511625,0.209091145833333,1.62546448718754e-15,3.82176382097238e-14
