timestamp,family,regime,m,n,k,tol,method,tmin_s,tmed_s,tci_low_s,tci_high_s,alloc_bytes,residual,orthogonality,pivot_pct,householder_pct,apply_pct,w_update_pct,downdate_pct,recompute_count
20260225_124912,gaussian,fixed_m_vary_n,32,128,32,1.4901161193847656e-8,bsqr_full,4.7709e-5,4.9166500000000004e-5,4.781205e-5,8.044557500000001e-5,74000,5.275844755402703e-16,3.2532037617662274e-15,1.6067006674428899,1.8949146427458634,16.652864100756,41.98699552304892,30.477295462372293,96
20260225_124912,gaussian,fixed_m_vary_n,32,128,32,1.4901161193847656e-8,dgeqp3,2.3417000000000003e-5,2.52085e-5,2.3426225000000005e-5,4.08545e-5,132768,6.026133173452692e-16,3.5899554576396024e-15,NaN,NaN,NaN,NaN,NaN,NaN
20260225_124912,gaussian,fixed_m_vary_n,32,128,32,1.0e-10,bsqr_full,4.7542e-5,4.8208e-5,4.7542e-5,6.538627500000001e-5,74000,5.275844755402703e-16,3.2532037617662274e-15,1.7609492988133766,1.9581445523193095,17.243581445523194,43.97583603020497,31.0891046386192,96
20260225_124912,gaussian,fixed_m_vary_n,32,128,32,1.0e-10,dgeqp3,2.3084e-5,2.3979000000000002e-5,2.3102675000000003e-5,3.589512500000001e-5,132768,6.026133173452692e-16,3.5899554576396024e-15,NaN,NaN,NaN,NaN,NaN,NaN
20260225_124912,gaussian,fixed_m_vary_n,32,128,32,1.0e-12,bsqr_full,4.8917000000000006e-5,5.4333500000000004e-5,4.8945125e-5,9.05901e-5,74000,5.275844755402703e-16,3.2532037617662274e-15,1.6742242261530091,1.998364312904372,16.94691724365315,43.73150752972711,31.57732475239893,96
20260225_124912,gaussian,fixed_m_vary_n,32,128,32,1.0e-12,dgeqp3,2.4e-5,2.5791500000000002e-5,2.400945e-5,4.004725000000001e-5,132768,6.026133173452692e-16,3.5899554576396024e-15,NaN,NaN,NaN,NaN,NaN,NaN
20260225_124912,gaussian,fixed_m_vary_n,32,128,32,0.0,bsqr_full,4.5542000000000005e-5,4.6333500000000006e-5,4.559825000000001e-5,6.108765000000001e-5,74000,5.275844755402703e-16,3.2532037617662274e-15,1.7127366109900959,1.857810382085338,16.764465154146293,44.17214843428591,31.77635254225544,37
20260225_124912,gaussian,fixed_m_vary_n,32,128,32,0.0,dgeqp3,2.3833e-5,2.43125e-5,2.3833225e-5,3.8700075000000004e-5,132768,6.026133173452692e-16,3.5899554576396024e-15,NaN,NaN,NaN,NaN,NaN,NaN
20260225_124912,gaussian,fixed_m_vary_n,32,512,32,1.4901161193847656e-8,bsqr_full,0.00023016600000000002,0.000245646,0.000230934825,0.00026443292500000004,291888,4.902324084428587e-16,2.656845694019556e-15,1.6933681474415352,0.5427788474910924,17.02427520121601,46.93518973754263,31.633174737180248,480
20260225_124912,gaussian,fixed_m_vary_n,32,512,32,1.4901161193847656e-8,dgeqp3,0.000105333,0.000129354,0.00010861440000000002,0.00019633750000000005,430720,5.613723454699621e-16,3.152529023683529e-15,NaN,NaN,NaN,NaN,NaN,NaN
20260225_124912,gaussian,fixed_m_vary_n,32,512,32,1.0e-10,bsqr_full,0.000238625,0.000253,0.000240115625,0.0004654748500000001,291888,4.902324084428587e-16,2.656845694019556e-15,1.6686654405775314,0.4500676180961335,16.667222790340727,46.6173286828309,32.65904973512157,480
20260225_124912,gaussian,fixed_m_vary_n,32,512,32,1.0e-10,dgeqp3,9.5666e-5,9.71665e-5,9.57785e-5,0.0001116955,430720,5.613723454699621e-16,3.152529023683529e-15,NaN,NaN,NaN,NaN,NaN,NaN
20260225_124912,gaussian,fixed_m_vary_n,32,512,32,1.0e-12,bsqr_full,0.00022562500000000002,0.00023687500000000002,0.00022678757500000003,0.00026893010000000005,291888,4.902324084428587e-16,2.656845694019556e-15,1.7022467797870928,0.3954664783304548,16.94758832711151,46.819155691927854,32.218944802850366,480
20260225_124912,gaussian,fixed_m_vary_n,32,512,32,1.0e-12,dgeqp3,9.475e-5,9.7083e-5,9.489984999999999e-5,0.000121917,430720,5.613723454699621e-16,3.152529023683529e-15,NaN,NaN,NaN,NaN,NaN,NaN
20260225_124912,gaussian,fixed_m_vary_n,32,512,32,0.0,bsqr_full,0.000232,0.00024425,0.00023277805000000002,0.00029072775000000005,291888,4.902324084428587e-16,2.656845694019556e-15,1.708372437638923,0.4610521116325018,16.913805877994566,47.06485551988145,31.94625833539145,314
20260225_124912,gaussian,fixed_m_vary_n,32,512,32,0.0,dgeqp3,9.6833e-5,0.0001074375,9.717995e-5,0.000120286975,430720,5.613723454699621e-16,3.152529023683529e-15,NaN,NaN,NaN,NaN,NaN,NaN
20260225_124912,gaussian,fixed_m_vary_n,32,2048,32,1.4901161193847656e-8,bsqr_full,0.001345375,0.001408708,0.0013499407,0.001590586125,1164336,4.986258998505379e-16,2.6040530352359404e-15,1.3765509019605415,0.10308562547348309,22.19342615423505,48.06888518021321,26.953487108204513,2016
20260225_124912,gaussian,fixed_m_vary_n,32,2048,32,1.4901161193847656e-8,dgeqp3,0.000553917,0.000639146,0.000566469975,0.0008578794250000001,1655424,5.890600599567929e-16,3.320475180141627e-15,NaN,NaN,NaN,NaN,NaN,NaN
20260225_124912,gaussian,fixed_m_vary_n,32,2048,32,1.0e-10,bsqr_full,0.0013375000000000001,0.0014024375,0.0013393749250000002,0.0015121795000000002,1164336,4.986258998505379e-16,2.6040530352359404e-15,1.4161439872271646,0.10494904771182413,22.194389883678728,46.97669662462638,27.932676125185875,2016
20260225_124912,gaussian,fixed_m_vary_n,32,2048,32,1.0e-10,dgeqp3,0.000611375,0.0006568335000000001,0.0006123875,0.000772756175,1655424,5.890600599567929e-16,3.320475180141627e-15,NaN,NaN,NaN,NaN,NaN,NaN
20260225_124912,gaussian,fixed_m_vary_n,32,2048,32,1.0e-12,bsqr_full,0.0012670840000000001,0.0013787505000000002,0.001285112125,0.00150717995,1164336,4.986258998505379e-16,2.6040530352359404e-15,1.391670526117643,0.07989015055832958,21.60651512804621,48.23723090385982,27.260473490175993,2016
20260225_124912,gaussian,fixed_m_vary_n,32,2048,32,1.0e-12,dgeqp3,0.0005812910000000001,0.0006386045,0.0005884631,0.0007285279750000001,1655424,5.890600599567929e-16,3.320475180141627e-15,NaN,NaN,NaN,NaN,NaN,NaN
20260225_124912,gaussian,fixed_m_vary_n,32,2048,32,0.0,bsqr_full,0.0013201250000000001,0.0013972295,0.001320153125,0.0015964281250000001,1164336,4.986258998505379e-16,2.6040530352359404e-15,1.422421863917916,0.08586694406354911,23.72375053194005,46.559704950588674,26.82275284883446,1170
20260225_124912,gaussian,fixed_m_vary_n,32,2048,32,0.0,dgeqp3,0.000544041,0.0006211665,0.00054406935,0.000667584525,1655424,5.890600599567929e-16,3.320475180141627e-15,NaN,NaN,NaN,NaN,NaN,NaN
20260225_124912,gaussian,fixed_m_vary_n,64,128,64,1.4901161193847656e-8,bsqr_full,0.00011216700000000001,0.000113312,0.00011225115000000002,0.00012997202500000002,139792,6.234713263226564e-16,6.000367149642155e-15,1.3717316036661793,1.7737174862794918,22.832117161115686,43.782199835290065,27.011153033408032,64
20260225_124912,gaussian,fixed_m_vary_n,64,128,64,1.4901161193847656e-8,dgeqp3,6.0542000000000004e-5,6.23125e-5,6.0551225e-5,7.693437500000001e-5,198560,6.938689324134819e-16,6.81030329755709e-15,NaN,NaN,NaN,NaN,NaN,NaN
20260225_124912,gaussian,fixed_m_vary_n,64,128,64,1.0e-10,bsqr_full,0.00012020900000000001,0.0001264585,0.00012031205000000001,0.0001371651,139792,6.234713263226564e-16,6.000367149642155e-15,1.3280865715691095,1.7794392523364484,21.773733398917855,47.95927201180522,23.9706837186424,64
20260225_124912,gaussian,fixed_m_vary_n,64,128,64,1.0e-10,dgeqp3,6.8459e-5,7.216650000000001e-5,6.879627500000001e-5,9.29968e-5,198560,6.938689324134819e-16,6.81030329755709e-15,NaN,NaN,NaN,NaN,NaN,NaN
20260225_124912,gaussian,fixed_m_vary_n,64,128,64,1.0e-12,bsqr_full,0.00011300000000000001,0.0001182295,0.00011315930000000001,0.00013933307500000003,139792,6.234713263226564e-16,6.000367149642155e-15,1.4181518334176333,2.053801786025477,23.909024061614055,42.74389958813453,26.891542094010738,64
20260225_124912,gaussian,fixed_m_vary_n,64,128,64,1.0e-12,dgeqp3,5.9625000000000006e-5,6.15e-5,5.9690475000000006e-5,7.665952500000002e-5,198560,6.938689324134819e-16,6.81030329755709e-15,NaN,NaN,NaN,NaN,NaN,NaN
20260225_124912,gaussian,fixed_m_vary_n,64,128,64,0.0,bsqr_full,0.000114041,0.0001160415,0.0001141724,0.00013658490000000001,139792,6.234713263226564e-16,6.000367149642155e-15,1.4298571437821177,1.9866920767568899,23.022534548586005,43.764419974402855,26.694191866325085,32
20260225_124912,gaussian,fixed_m_vary_n,64,128,64,0.0,dgeqp3,5.9417000000000004e-5,5.985400000000001e-5,5.9445125e-5,7.188552500000001e-5,198560,6.938689324134819e-16,6.81030329755709e-15,NaN,NaN,NaN,NaN,NaN,NaN
20260225_124912,gaussian,fixed_m_vary_n,64,512,64,1.4901161193847656e-8,bsqr_full,0.0008487080000000001,0.0008663955,0.0008512300250000001,0.0010314369,554288,6.785506332065648e-16,5.723386059726197e-15,1.080403557305615,0.4971836376670378,26.090708759230118,47.08070350571331,23.95462234344564,450
20260225_124912,gaussian,fixed_m_vary_n,64,512,64,1.4901161193847656e-8,dgeqp3,0.00044787500000000003,0.0004706875,0.000448362575,0.0008791529750000002,693120,7.743749678098777e-16,6.581887996312116e-15,NaN,NaN,NaN,NaN,NaN,NaN
20260225_124912,gaussian,fixed_m_vary_n,64,512,64,1.0e-10,bsqr_full,0.0008688330000000001,0.0008879580000000001,0.0008704269000000001,0.0010126263,554288,6.785506332065648e-16,5.723386059726197e-15,1.208860086596812,0.3647809056183695,27.469854066791143,46.90281936483163,22.84798722519827,448
20260225_124912,gaussian,fixed_m_vary_n,64,512,64,1.0e-10,dgeqp3,0.000408875,0.0004396665,0.0004091,0.000515578725,693120,7.743749678098777e-16,6.581887996312116e-15,NaN,NaN,NaN,NaN,NaN,NaN
20260225_124912,gaussian,fixed_m_vary_n,64,512,64,1.0e-12,bsqr_full,0.0008607500000000001,0.0008941875,0.0008622782,0.0009646106750000001,554288,6.785506332065648e-16,5.723386059726197e-15,1.1985662102065138,0.3309223865782687,27.083279371088597,46.9471874532687,23.2112595116011,448
20260225_124912,gaussian,fixed_m_vary_n,64,512,64,1.0e-12,dgeqp3,0.000414959,0.000425771,0.00041569025,0.0005714988500000001,693120,7.743749678098777e-16,6.581887996312116e-15,NaN,NaN,NaN,NaN,NaN,NaN
20260225_124912,gaussian,fixed_m_vary_n,64,512,64,0.0,bsqr_full,0.000856541,0.000878354,0.0008566631750000001,0.0010568531250000001,554288,6.785506332065648e-16,5.723386059726197e-15,1.1734546067037221,0.3119083712312616,27.988209533434393,47.00235809331313,22.33265959238673,257
20260225_124912,gaussian,fixed_m_vary_n,64,512,64,0.0,dgeqp3,0.000397542,0.0004113545,0.00039789817500000005,0.000440472475,693120,7.743749678098777e-16,6.581887996312116e-15,NaN,NaN,NaN,NaN,NaN,NaN
20260225_124912,gaussian,fixed_m_vary_n,64,2048,64,1.4901161193847656e-8,bsqr_full,0.0036965830000000002,0.004472333,0.0037234050250000003,0.007252937500000001,2213168,7.183806393696271e-16,6.263457093817611e-15,1.157284829100836,0.07305416795774898,27.253717805157596,47.57420272953436,23.05277141826734,1985
20260225_124912,gaussian,fixed_m_vary_n,64,2048,64,1.4901161193847656e-8,dgeqp3,0.0015889580000000001,0.001741146,0.001607998625,0.0020414624250000004,2704256,8.27463896679283e-16,7.083972169305299e-15,NaN,NaN,NaN,NaN,NaN,NaN
20260225_124912,gaussian,fixed_m_vary_n,64,2048,64,1.0e-10,bsqr_full,0.003619792,0.0037730205000000004,0.0036389730250000005,0.004008704950000001,2213168,7.183806393696271e-16,6.263457093817611e-15,1.1812199810306465,0.06427814234781727,27.38695931182984,47.51642767880933,22.98333141072697,1984
20260225_124912,gaussian,fixed_m_vary_n,64,2048,64,1.0e-10,dgeqp3,0.001563542,0.001782958,0.00157224185,0.0019946512250000005,2704256,8.27463896679283e-16,7.083972169305299e-15,NaN,NaN,NaN,NaN,NaN,NaN
20260225_124912,gaussian,fixed_m_vary_n,64,2048,64,1.0e-12,bsqr_full,0.0037292920000000004,0.003812708,0.0037341295000000003,0.004057731175,2213168,7.183806393696271e-16,6.263457093817611e-15,1.1725128969168055,0.06757729412693436,27.68705692370723,47.33595968271015,22.85576512527706,1984
20260225_124912,gaussian,fixed_m_vary_n,64,2048,64,1.0e-12,dgeqp3,0.0015894580000000002,0.0017491875,0.0015914173,0.0019469192000000004,2704256,8.27463896679283e-16,7.083972169305299e-15,NaN,NaN,NaN,NaN,NaN,NaN
20260225_124912,gaussian,fixed_m_vary_n,64,2048,64,0.0,bsqr_full,0.0036494170000000003,0.0037819375,0.0036720011500000005,0.0050302999250000004,2213168,7.183806393696271e-16,6.263457093817611e-15,1.1509666842757114,0.07657810852725334,26.585067203497502,47.8309757142199,23.48489526212157,992
20260225_124912,gaussian,fixed_m_vary_n,64,2048,64,0.0,dgeqp3,0.001618167,0.001772771,0.001624438875,0.0021334643250000003,2704256,8.27463896679283e-16,7.083972169305299e-15,NaN,NaN,NaN,NaN,NaN,NaN
20260225_124912,gaussian,fixed_n_vary_m,32,128,32,1.4901161193847656e-8,bsqr_full,4.7000000000000004e-5,5.01875e-5,4.748735e-5,6.1729875e-5,74000,5.304376841751333e-16,3.3015681269593132e-15,1.5964873061332951,1.6163115870813174,16.344486951827,46.438589017348356,30.34717799251739,96
20260225_124912,gaussian,fixed_n_vary_m,32,128,32,1.4901161193847656e-8,dgeqp3,2.3041000000000002e-5,2.3895500000000002e-5,2.3106925000000002e-5,3.4739325e-5,132768,5.255548585890391e-16,3.034795793941915e-15,NaN,NaN,NaN,NaN,NaN,NaN
20260225_124912,gaussian,fixed_n_vary_m,32,128,32,1.0e-10,bsqr_full,4.5291000000000004e-5,4.5708000000000004e-5,4.5291000000000004e-5,6.086752500000001e-5,74000,5.304376841751333e-16,3.3015681269593132e-15,1.5923220965646685,1.5575647247433386,16.81735435575039,44.06148579075194,31.843835128406766,96
20260225_124912,gaussian,fixed_n_vary_m,32,128,32,1.0e-10,dgeqp3,2.3e-5,2.3875e-5,2.3074925e-5,3.826250000000001e-5,132768,5.255548585890391e-16,3.034795793941915e-15,NaN,NaN,NaN,NaN,NaN,NaN
20260225_124912,gaussian,fixed_n_vary_m,32,128,32,1.0e-12,bsqr_full,4.6792e-5,4.8499500000000005e-5,4.7017e-5,7.122615000000001e-5,74000,5.304376841751333e-16,3.3015681269593132e-15,1.7273198548470707,2.626023846552618,18.19554173146708,41.88906168999482,31.690202177293934,96
20260225_124912,gaussian,fixed_n_vary_m,32,128,32,1.0e-12,dgeqp3,2.4e-5,2.4708500000000002e-5,2.405625e-5,4.0567525e-5,132768,5.255548585890391e-16,3.034795793941915e-15,NaN,NaN,NaN,NaN,NaN,NaN
20260225_124912,gaussian,fixed_n_vary_m,32,128,32,0.0,bsqr_full,4.6e-5,4.88125e-5,4.6384525000000005e-5,7.272950000000001e-5,74000,5.304376841751333e-16,3.3015681269593132e-15,1.7316722075607496,1.9454536107207732,17.226325530383523,43.59041368200981,31.77588511498783,28
20260225_124912,gaussian,fixed_n_vary_m,32,128,32,0.0,dgeqp3,2.275e-5,2.3416500000000002e-5,2.28625e-5,3.44888e-5,132768,5.255548585890391e-16,3.034795793941915e-15,NaN,NaN,NaN,NaN,NaN,NaN
20260225_124912,gaussian,fixed_n_vary_m,32,256,32,1.4901161193847656e-8,bsqr_full,9.7e-5,9.833300000000001e-5,9.7e-5,0.00011406205000000001,146480,5.290489365071972e-16,3.2890619339932244e-15,1.7719257560531492,0.8679258247657332,15.299286248035248,45.954331898958145,33.636957063224166,224
20260225_124912,gaussian,fixed_n_vary_m,32,256,32,1.4901161193847656e-8,dgeqp3,4.4625e-5,4.9500000000000004e-5,4.4812425e-5,5.678932500000001e-5,232064,6.100700991988337e-16,3.625040534355659e-15,NaN,NaN,NaN,NaN,NaN,NaN
20260225_124912,gaussian,fixed_n_vary_m,32,256,32,1.0e-10,bsqr_full,9.220800000000001e-5,9.293800000000001e-5,9.2245575e-5,0.00011786182500000001,146480,5.290489365071972e-16,3.2890619339932244e-15,1.792545260915868,0.9401490947816827,15.423855165069222,45.57997870074548,33.697550585729495,224
20260225_124912,gaussian,fixed_n_vary_m,32,256,32,1.0e-10,dgeqp3,4.8584e-5,5.1020500000000004e-5,4.9033775e-5,5.968605e-5,232064,6.100700991988337e-16,3.625040534355659e-15,NaN,NaN,NaN,NaN,NaN,NaN
20260225_124912,gaussian,fixed_n_vary_m,32,256,32,1.0e-12,bsqr_full,9.187500000000001e-5,9.29995e-5,9.190312500000002e-5,0.000113840625,146480,5.290489365071972e-16,3.2890619339932244e-15,1.8113490364025695,0.9556745182012848,15.542184154175589,45.99528907922912,33.242612419700215,224
20260225_124912,gaussian,fixed_n_vary_m,32,256,32,1.0e-12,dgeqp3,4.3625e-5,4.4646000000000006e-5,4.378430000000001e-5,5.708925000000001e-5,232064,6.100700991988337e-16,3.625040534355659e-15,NaN,NaN,NaN,NaN,NaN,NaN
20260225_124912,gaussian,fixed_n_vary_m,32,256,32,0.0,bsqr_full,9.329100000000001e-5,9.7083e-5,9.341317500000001e-5,0.00011737020000000001,146480,5.290489365071972e-16,3.2890619339932244e-15,1.8339708818582534,0.9564291045331506,15.256086125398953,45.724880977947684,33.597070749812346,95
20260225_124912,gaussian,fixed_n_vary_m,32,256,32,0.0,dgeqp3,4.3792000000000004e-5,4.4896000000000005e-5,4.3838800000000005e-5,5.9775000000000016e-5,232064,6.100700991988337e-16,3.625040534355659e-15,NaN,NaN,NaN,NaN,NaN,NaN
20260225_124912,gaussian,fixed_n_vary_m,128,128,128,1.4901161193847656e-8,bsqr_full,0.00029062500000000003,0.00029850000000000005,0.000291618825,0.00038297377500000004,271408,6.727925361101386e-16,1.0884203470415126e-14,1.071609718015956,2.2299104382094,35.53105614377091,38.85141230308718,18.876965724147873,0
20260225_124912,gaussian,fixed_n_vary_m,128,128,128,1.4901161193847656e-8,dgeqp3,0.0001675,0.000170354,0.00016776235000000002,0.00018746302500000003,330176,7.299760689177417e-16,1.115728144452711e-14,NaN,NaN,NaN,NaN,NaN,NaN
20260225_124912,gaussian,fixed_n_vary_m,128,128,128,1.0e-10,bsqr_full,0.000297,0.0003077495,0.000297440775,0.00043204237500000007,271408,6.727925361101386e-16,1.0884203470415126e-14,1.0653882908710626,2.2732190187699466,35.94800851048485,38.33944122897171,18.880046338868752,0
20260225_124912,gaussian,fixed_n_vary_m,128,128,128,1.0e-10,dgeqp3,0.000169667,0.000178063,0.0001697138,0.00018972507500000002,330176,7.299760689177417e-16,1.115728144452711e-14,NaN,NaN,NaN,NaN,NaN,NaN
20260225_124912,gaussian,fixed_n_vary_m,128,128,128,1.0e-12,bsqr_full,0.00028166700000000004,0.00029229150000000003,0.0002817138,0.0004530593750000001,271408,6.727925361101386e-16,1.0884203470415126e-14,1.0204267425320057,2.18674253200569,35.72210526315789,38.563527738264575,18.965689900426746,0
20260225_124912,gaussian,fixed_n_vary_m,128,128,128,1.0e-12,dgeqp3,0.00016783300000000002,0.0001695,0.00016786135,0.00018421685000000003,330176,7.299760689177417e-16,1.115728144452711e-14,NaN,NaN,NaN,NaN,NaN,NaN
20260225_124912,gaussian,fixed_n_vary_m,128,128,128,0.0,bsqr_full,0.000290459,0.000294958,0.000290468225,0.00031906615000000006,271408,6.727925361101386e-16,1.0884203470415126e-14,1.1059470781511964,2.275832775228224,36.00620732743315,38.271252567658074,18.812337344198777,0
20260225_124912,gaussian,fixed_n_vary_m,128,128,128,0.0,dgeqp3,0.000170459,0.0001768955,0.000170805725,0.00018996875,330176,7.299760689177417e-16,1.115728144452711e-14,NaN,NaN,NaN,NaN,NaN,NaN
20260225_124912,gaussian,fixed_n_vary_m,128,256,128,1.4901161193847656e-8,bsqr_full,0.001139917,0.0011689375,0.0011404138000000001,0.0012216186,540496,7.874698054591217e-16,1.0958492950540854e-14,0.8247811480937184,0.629361189900823,39.7339372202404,41.78268445650032,15.666215449771887,128
20260225_124912,gaussian,fixed_n_vary_m,128,256,128,1.4901161193847656e-8,dgeqp3,0.0005961660000000001,0.0006174375,0.0005970849000000001,0.0006301769,626080,8.807469722711452e-16,1.0916859226636283e-14,NaN,NaN,NaN,NaN,NaN,NaN
20260225_124912,gaussian,fixed_n_vary_m,128,256,128,1.0e-10,bsqr_full,0.001122125,0.0011574165,0.0011272343,0.0013290269000000004,540496,7.874698054591217e-16,1.0958492950540854e-14,0.8667110988249461,0.6217977604677494,37.473760412209245,43.1764764541118,16.437531793607576,128
20260225_124912,gaussian,fixed_n_vary_m,128,256,128,1.0e-10,dgeqp3,0.000601125,0.000625271,0.000602718675,0.0007657775250000001,626080,8.807469722711452e-16,1.0916859226636283e-14,NaN,NaN,NaN,NaN,NaN,NaN
20260225_124912,gaussian,fixed_n_vary_m,128,256,128,1.0e-12,bsqr_full,0.001138792,0.001157208,0.001140657475,0.0013654563250000001,540496,7.874698054591217e-16,1.0958492950540854e-14,0.8681055819729993,0.6398173442436887,37.64421764170732,43.0833728651259,16.308751898469772,128
20260225_124912,gaussian,fixed_n_vary_m,128,256,128,1.0e-12,dgeqp3,0.000601583,0.000619146,0.0006029987,0.0007337343750000001,626080,8.807469722711452e-16,1.0916859226636283e-14,NaN,NaN,NaN,NaN,NaN,NaN
20260225_124912,gaussian,fixed_n_vary_m,128,256,128,0.0,bsqr_full,0.0011162090000000002,0.0011464580000000002,0.0011198558000000002,0.001159828125,540496,7.874698054591217e-16,1.0958492950540854e-14,0.8261362373597068,0.6690817498240546,37.50801940956402,43.85254657924955,15.717983479645886,64
20260225_124912,gaussian,fixed_n_vary_m,128,256,128,0.0,dgeqp3,0.0006195840000000001,0.0006267085000000001,0.000619743075,0.0006318875000000001,626080,8.807469722711452e-16,1.0916859226636283e-14,NaN,NaN,NaN,NaN,NaN,NaN
20260225_124912,gaussian,fixed_n_vary_m,512,128,128,1.4901161193847656e-8,bsqr_full,0.001280791,0.0013168960000000001,0.0012812972500000001,0.0013874407,664624,6.459158744472858e-16,2.5666187308087498e-14,0.37474783490993846,2.3802059848206953,72.00009435358733,15.346303305076258,6.5998966896590865,0
20260225_124912,gaussian,fixed_n_vary_m,512,128,128,1.4901161193847656e-8,dgeqp3,0.001210333,0.0012459580000000001,0.0012128080000000001,0.0013272670750000002,1116608,6.571459883235822e-16,8.522797567198375e-15,NaN,NaN,NaN,NaN,NaN,NaN
20260225_124912,gaussian,fixed_n_vary_m,512,128,128,1.0e-10,bsqr_full,0.0012795,0.0013109165,0.0012803437500000002,0.0013895707249999998,664624,6.459158744472858e-16,2.5666187308087498e-14,0.38085603241727306,2.379435844494253,72.16404067616956,15.579730647351743,6.577340204705804,0
20260225_124912,gaussian,fixed_n_vary_m,512,128,128,1.0e-10,dgeqp3,0.001199292,0.0012284795000000002,0.001200144975,0.00137254375,1116608,6.571459883235822e-16,8.522797567198375e-15,NaN,NaN,NaN,NaN,NaN,NaN
20260225_124912,gaussian,fixed_n_vary_m,512,128,128,1.0e-12,bsqr_full,0.001283084,0.001313771,0.0012845838500000002,0.0014740249250000002,664624,6.459158744472858e-16,2.5666187308087498e-14,0.3649018621071362,2.410973474097575,72.23846033979765,15.442524344850145,6.584504123205288,0
20260225_124912,gaussian,fixed_n_vary_m,512,128,128,1.0e-12,dgeqp3,0.0012026670000000001,0.0012372915000000001,0.0012076451250000002,0.001308491225,1116608,6.571459883235822e-16,8.522797567198375e-15,NaN,NaN,NaN,NaN,NaN,NaN
20260225_124912,gaussian,fixed_n_vary_m,512,128,128,0.0,bsqr_full,0.0012787080000000001,0.0013203330000000001,0.00128166135,0.0015313255250000001,664624,6.459158744472858e-16,2.5666187308087498e-14,0.3671878996005307,2.3543383555198605,72.33815024692032,15.50667695967064,6.403736644979771,0
20260225_124912,gaussian,fixed_n_vary_m,512,128,128,0.0,dgeqp3,0.0012175,0.0012352085000000002,0.001219075,0.0012956593,1116608,6.571459883235822e-16,8.522797567198375e-15,NaN,NaN,NaN,NaN,NaN,NaN
20260225_124912,gaussian,fixed_n_vary_m,512,256,256,1.4901161193847656e-8,bsqr_full,0.0045242500000000005,0.004606771,0.0045254407,0.004931265625,1590064,8.79013285777016e-16,3.304252301139912e-14,0.40310736161537447,1.17830211867986,62.65275026577671,26.238667867005866,7.619496785947203,0
20260225_124912,gaussian,fixed_n_vary_m,512,256,256,1.4901161193847656e-8,dgeqp3,0.0024537910000000003,0.0025050835,0.0024570724000000004,0.002553794275,2199936,9.043145028939154e-16,1.6280197431913668e-14,NaN,NaN,NaN,NaN,NaN,NaN
20260225_124912,gaussian,fixed_n_vary_m,512,256,256,1.0e-10,bsqr_full,0.004441666,0.004575937,0.004448341075000001,0.00483365625,1590064,8.79013285777016e-16,3.304252301139912e-14,0.392446454936448,1.1728934652270764,62.73336780821845,26.248428245144986,7.436763546076336,0
20260225_124912,gaussian,fixed_n_vary_m,512,256,256,1.0e-10,dgeqp3,0.002454542,0.0024896875,0.002455010675,0.0026339543500000003,2199936,9.043145028939154e-16,1.6280197431913668e-14,NaN,NaN,NaN,NaN,NaN,NaN
20260225_124912,gaussian,fixed_n_vary_m,512,256,256,1.0e-12,bsqr_full,0.004467083,0.0045938540000000005,0.004475267375,0.005045552975000001,1590064,8.79013285777016e-16,3.304252301139912e-14,0.5789576570358249,1.1799271324511063,62.95075637759655,25.74195048877009,7.4090937659439335,0
20260225_124912,gaussian,fixed_n_vary_m,512,256,256,1.0e-12,dgeqp3,0.002451375,0.0025026035,0.0024516657,0.00266907195,2199936,9.043145028939154e-16,1.6280197431913668e-14,NaN,NaN,NaN,NaN,NaN,NaN
20260225_124912,gaussian,fixed_n_vary_m,512,256,256,0.0,bsqr_full,0.004461083,0.004572604,0.004467411125,0.004830286275,1590064,8.79013285777016e-16,3.304252301139912e-14,0.4155233403658362,1.1980543004611892,61.783831755303105,26.775086248805167,7.824189327072117,0
20260225_124912,gaussian,fixed_n_vary_m,512,256,256,0.0,dgeqp3,0.002440125,0.0024913540000000003,0.002441324925,0.00258229055,2199936,9.043145028939154e-16,1.6280197431913668e-14,NaN,NaN,NaN,NaN,NaN,NaN
20260225_124912,gaussian,short_wide,64,512,64,1.4901161193847656e-8,bsqr_full,0.000851375,0.000871979,0.000852078125,0.0008872362000000001,554288,6.974933294690473e-16,6.222121070074839e-15,1.2084921561589939,0.3216588144964541,27.445667653473787,46.72489189796524,23.160448127623475,448
20260225_124912,gaussian,short_wide,64,512,64,1.4901161193847656e-8,dgeqp3,0.000405333,0.000419104,0.00040744237500000007,0.00042716615000000003,693120,8.027413131360844e-16,6.346724317665213e-15,NaN,NaN,NaN,NaN,NaN,NaN
20260225_124912,gaussian,short_wide,64,512,64,1.0e-10,bsqr_full,0.000855625,0.0008777920000000001,0.0008572,0.0009086019000000001,554288,6.974933294690473e-16,6.222121070074839e-15,1.1660383923169317,0.31300726171730603,28.09841372985184,44.78920297631915,24.394036105202165,448
20260225_124912,gaussian,short_wide,64,512,64,1.0e-10,dgeqp3,0.000413958,0.0004342295,0.00041443612500000006,0.0004915513750000001,693120,8.027413131360844e-16,6.346724317665213e-15,NaN,NaN,NaN,NaN,NaN,NaN
20260225_124912,gaussian,short_wide,64,512,64,1.0e-12,bsqr_full,0.0008597920000000001,0.0008843335,0.0008603169250000001,0.0010893032,554288,6.974933294690473e-16,6.222121070074839e-15,1.198863738045778,0.3415049482597461,27.225340265990468,46.56302784764122,23.324722576701816,448
20260225_124912,gaussian,short_wide,64,512,64,1.0e-12,dgeqp3,0.00040658400000000004,0.00042008350000000003,0.000406696275,0.000449426375,693120,8.027413131360844e-16,6.346724317665213e-15,NaN,NaN,NaN,NaN,NaN,NaN
20260225_124912,gaussian,short_wide,64,512,64,0.0,bsqr_full,0.0008712500000000001,0.0008931875000000001,0.0008714282,0.001006970425,554288,6.974933294690473e-16,6.222121070074839e-15,1.2303977201391596,0.3110122894769696,26.94475517773217,47.03924717625669,23.34724766148395,195
20260225_124912,gaussian,short_wide,64,512,64,0.0,dgeqp3,0.00039925000000000003,0.0004178955,0.00039946577500000005,0.00043203817500000005,693120,8.027413131360844e-16,6.346724317665213e-15,NaN,NaN,NaN,NaN,NaN,NaN
20260225_124912,gaussian,short_wide,64,1024,64,1.4901161193847656e-8,bsqr_full,0.002100667,0.0022081460000000002,0.0021057763000000003,0.002463842075,1107248,6.975441176329648e-16,6.006941226189316e-15,1.0617455489733485,0.1798448726351828,28.742571204222457,47.438773268658245,21.730779190858808,962
20260225_124912,gaussian,short_wide,64,1024,64,1.4901161193847656e-8,dgeqp3,0.0007731670000000001,0.0010001665,0.0008171263750000001,0.0011408218750000002,1352576,7.783461399014594e-16,6.364337972482549e-15,NaN,NaN,NaN,NaN,NaN,NaN
20260225_124912,gaussian,short_wide,64,1024,64,1.0e-10,bsqr_full,0.00211225,0.0022151875,0.002124081175,0.00246328125,1107248,6.975441176329648e-16,6.006941226189316e-15,1.0248957418926607,0.16907400779553744,29.637621401265907,47.607541226830335,20.583767048365743,960
20260225_124912,gaussian,short_wide,64,1024,64,1.0e-10,dgeqp3,0.0008102500000000001,0.0009887705,0.0008205532000000001,0.0010096800250000001,1352576,7.783461399014594e-16,6.364337972482549e-15,NaN,NaN,NaN,NaN,NaN,NaN
20260225_124912,gaussian,short_wide,64,1024,64,1.0e-12,bsqr_full,0.0021953330000000003,0.002231229,0.0021986517500000003,0.0024686436,1107248,6.975441176329648e-16,6.006941226189316e-15,1.0331315955057734,0.1666164864689049,28.758333702728674,48.43656541780339,20.78548224513305,960
20260225_124912,gaussian,short_wide,64,1024,64,1.0e-12,dgeqp3,0.000894792,0.001008271,0.00091161075,0.0012361342250000002,1352576,7.783461399014594e-16,6.364337972482549e-15,NaN,NaN,NaN,NaN,NaN,NaN
20260225_124912,gaussian,short_wide,64,1024,64,0.0,bsqr_full,0.002176959,0.0022426250000000003,0.0021774837000000003,0.002514232925,1107248,6.975441176329648e-16,6.006941226189316e-15,1.1056638033382218,0.15649137509602623,28.843354982889856,48.578364410922546,20.482645436133808,552
20260225_124912,gaussian,short_wide,64,1024,64,0.0,dgeqp3,0.0009905,0.001004562,0.000992421725,0.001072140475,1352576,7.783461399014594e-16,6.364337972482549e-15,NaN,NaN,NaN,NaN,NaN,NaN
20260225_124912,gaussian,square,64,64,64,1.4901161193847656e-8,bsqr_full,4.9500000000000004e-5,5.0771000000000006e-5,4.955625e-5,6.913322500000001e-5,70448,5.029719245992879e-16,6.669817063945811e-15,1.241503169017761,4.566622464002673,28.499232544298376,37.69825938958558,22.25151663864844,0
20260225_124912,gaussian,square,64,64,64,1.4901161193847656e-8,dgeqp3,2.875e-5,2.9271e-5,2.8806250000000002e-5,4.358742500000001e-5,84864,5.977633499144763e-16,6.673032343583512e-15,NaN,NaN,NaN,NaN,NaN,NaN
20260225_124912,gaussian,square,64,64,64,1.0e-10,bsqr_full,4.9916e-5,5.0833000000000006e-5,4.9944125000000004e-5,7.095747500000002e-5,70448,5.029719245992879e-16,6.669817063945811e-15,1.285623016579562,4.780632390368562,28.43190649252715,38.0062631573435,21.562333078477984,0
20260225_124912,gaussian,square,64,64,64,1.0e-10,dgeqp3,2.8958000000000003e-5,2.9375000000000003e-5,2.8986125000000005e-5,4.310945000000001e-5,84864,5.977633499144763e-16,6.673032343583512e-15,NaN,NaN,NaN,NaN,NaN,NaN
20260225_124912,gaussian,square,64,64,64,1.0e-12,bsqr_full,4.8292000000000005e-5,4.9354e-5,4.83388e-5,6.975892500000001e-5,70448,5.029719245992879e-16,6.669817063945811e-15,0.9774126453738408,4.976724546871497,28.40543597816851,38.047676885624476,21.377969379616644,0
20260225_124912,gaussian,square,64,64,64,1.0e-12,dgeqp3,2.8625e-5,2.9e-5,2.8653125e-5,4.1971425000000004e-5,84864,5.977633499144763e-16,6.673032343583512e-15,NaN,NaN,NaN,NaN,NaN,NaN
20260225_124912,gaussian,square,64,64,64,0.0,bsqr_full,4.9583e-5,5.025e-5,4.9583e-5,7.307980000000001e-5,70448,5.029719245992879e-16,6.669817063945811e-15,1.3888961163987574,4.769809592698018,28.27176362226605,37.950324457373014,21.43968527374627,0
20260225_124912,gaussian,square,64,64,64,0.0,dgeqp3,2.9208000000000002e-5,2.98545e-5,2.92737e-5,4.553552500000001e-5,84864,5.977633499144763e-16,6.673032343583512e-15,NaN,NaN,NaN,NaN,NaN,NaN
20260225_124912,gaussian,square,128,128,128,1.4901161193847656e-8,bsqr_full,0.000297333,0.000302563,0.0002980737,0.000319753725,271408,6.485429782232556e-16,1.0380254640822645e-14,0.9922366922637219,2.3637765478981017,35.938642395990726,38.784413121408036,18.436415762350617,0
20260225_124912,gaussian,square,128,128,128,1.4901161193847656e-8,dgeqp3,0.000169917,0.0001824375,0.0001712949,0.0003061999250000001,330176,7.302837480511966e-16,1.100246565233021e-14,NaN,NaN,NaN,NaN,NaN,NaN
20260225_124912,gaussian,square,128,128,128,1.0e-10,bsqr_full,0.000284,0.00029266700000000004,0.0002847218,0.00030848750000000004,271408,6.485429782232556e-16,1.0380254640822645e-14,0.998041936771667,2.1294916080608237,36.34225737516648,37.96573892564839,18.6969877584705,0
20260225_124912,gaussian,square,128,128,128,1.0e-10,dgeqp3,0.000169834,0.000183021,0.0001700212,0.00026650625000000004,330176,7.302837480511966e-16,1.100246565233021e-14,NaN,NaN,NaN,NaN,NaN,NaN
20260225_124912,gaussian,square,128,128,128,1.0e-12,bsqr_full,0.000295875,0.000301625,0.00029593125,0.0003168631,271408,6.485429782232556e-16,1.0380254640822645e-14,1.027312693744185,2.284362446589441,35.7407587055353,38.644992305351856,18.850675321124786,0
20260225_124912,gaussian,square,128,128,128,1.0e-12,dgeqp3,0.000185667,0.00019725000000000002,0.00018597615000000002,0.00029738132500000005,330176,7.302837480511966e-16,1.100246565233021e-14,NaN,NaN,NaN,NaN,NaN,NaN
20260225_124912,gaussian,square,128,128,128,0.0,bsqr_full,0.00028500000000000004,0.0002900625,0.00028527202500000005,0.0003098112,271408,6.485429782232556e-16,1.0380254640822645e-14,1.0266298342541436,2.2565745856353594,35.82386740331492,37.84453038674034,19.136022099447512,0
20260225_124912,gaussian,square,128,128,128,0.0,dgeqp3,0.000171167,0.00018147900000000002,0.000171916925,0.000217078275,330176,7.302837480511966e-16,1.100246565233021e-14,NaN,NaN,NaN,NaN,NaN,NaN
20260225_124912,gaussian,tall_skinny,512,64,64,1.4901161193847656e-8,bsqr_full,0.00034258300000000004,0.00034620850000000004,0.00034270495,0.000369357475,299824,4.351054930398859e-16,1.8396152863824316e-14,0.3298453865718946,4.363616853029735,73.05564320489121,11.274273720571646,5.951141492429013,0
20260225_124912,gaussian,tall_skinny,512,64,64,1.4901161193847656e-8,dgeqp3,0.00036700000000000003,0.0003811045,0.00036732805,0.00039691890000000005,543616,4.559476270266006e-16,5.962395699944785e-15,NaN,NaN,NaN,NaN,NaN,NaN
20260225_124912,gaussian,tall_skinny,512,64,64,1.0e-10,bsqr_full,0.000344833,0.000353396,0.00034538627500000003,0.00038515800000000003,299824,4.351054930398859e-16,1.8396152863824316e-14,0.30716145311293586,4.419891646372456,72.92077562470172,11.435847228886368,5.840982192395587,0
20260225_124912,gaussian,tall_skinny,512,64,64,1.0e-10,dgeqp3,0.000361167,0.000370896,0.000361748175,0.000399263725,543616,4.559476270266006e-16,5.962395699944785e-15,NaN,NaN,NaN,NaN,NaN,NaN
20260225_124912,gaussian,tall_skinny,512,64,64,1.0e-12,bsqr_full,0.000340792,0.000349604,0.000340857475,0.00038308255000000005,299824,4.351054930398859e-16,1.8396152863824316e-14,0.33749134060872155,4.249849304099828,74.06444836303766,11.546004984210668,5.121523872929618,0
20260225_124912,gaussian,tall_skinny,512,64,64,1.0e-12,dgeqp3,0.00036075,0.000377771,0.000361350075,0.00038621190000000006,543616,4.559476270266006e-16,5.962395699944785e-15,NaN,NaN,NaN,NaN,NaN,NaN
20260225_124912,gaussian,tall_skinny,512,64,64,0.0,bsqr_full,0.000346041,0.000352417,0.000346641075,0.00036702455000000005,299824,4.351054930398859e-16,1.8396152863824316e-14,0.357667142547256,4.361243813972728,73.56289947484979,10.808837253883134,5.8968415317637675,0
20260225_124912,gaussian,tall_skinny,512,64,64,0.0,dgeqp3,0.000378416,0.000384834,0.00037876295000000004,0.00040487135,543616,4.559476270266006e-16,5.962395699944785e-15,NaN,NaN,NaN,NaN,NaN,NaN
20260225_124912,gaussian,tall_skinny,1024,64,64,1.4901161193847656e-8,bsqr_full,0.0007562500000000001,0.0007968125000000001,0.0007622219500000001,0.00090833445,561968,4.3442015034385475e-16,2.7868096750903324e-14,0.17267101337164328,6.262934628638022,79.55983333165896,6.202593958147059,3.0167195772511284,0
20260225_124912,gaussian,tall_skinny,1024,64,64,1.4901161193847656e-8,dgeqp3,0.0007553330000000001,0.000785709,0.000759036275,0.000818191925,1067904,4.408814398963876e-16,5.019462864723388e-15,NaN,NaN,NaN,NaN,NaN,NaN
20260225_124912,gaussian,tall_skinny,1024,64,64,1.0e-10,bsqr_full,0.000750166,0.000762271,0.00075064435,0.0008343641750000002,561968,4.3442015034385475e-16,2.7868096750903324e-14,0.1692956426674996,6.353959081680462,79.58032172419178,6.168920818366391,3.0064032484772762,0
20260225_124912,gaussian,tall_skinny,1024,64,64,1.0e-10,dgeqp3,0.000768167,0.0007897495,0.000769376375,0.0009167661500000001,1067904,4.408814398963876e-16,5.019462864723388e-15,NaN,NaN,NaN,NaN,NaN,NaN
20260225_124912,gaussian,tall_skinny,1024,64,64,1.0e-12,bsqr_full,0.0007505000000000001,0.000764542,0.0007522437500000001,0.0008031362,561968,4.3442015034385475e-16,2.7868096750903324e-14,0.1785247784573895,6.293044979929149,79.45562663314182,6.416653377109239,3.0099761656700013,0
20260225_124912,gaussian,tall_skinny,1024,64,64,1.0e-12,dgeqp3,0.0007620420000000001,0.000794,0.0007627732500000001,0.0009043561000000001,1067904,4.408814398963876e-16,5.019462864723388e-15,NaN,NaN,NaN,NaN,NaN,NaN
20260225_124912,gaussian,tall_skinny,1024,64,64,0.0,bsqr_full,0.000755208,0.0007714795,0.0007553673,0.0008892138000000001,561968,4.3442015034385475e-16,2.7868096750903324e-14,0.15749593243976137,6.37657085302549,79.2824358875029,6.458882776787789,3.0038273804912055,0
20260225_124912,gaussian,tall_skinny,1024,64,64,0.0,dgeqp3,0.0007537080000000001,0.000782604,0.0007559863500000001,0.0008076683,1067904,4.408814398963876e-16,5.019462864723388e-15,NaN,NaN,NaN,NaN,NaN,NaN
20260225_124912,ill_conditioned,fixed_m_vary_n,32,128,32,1.4901161193847656e-8,bsqr_full,4.7459e-5,4.8292000000000005e-5,4.7468224999999996e-5,6.662515e-5,74000,3.1893719277874876e-16,2.8527648054146097e-15,1.5991331474960024,1.785261759745537,17.076644791457312,44.293366655889265,32.13165322404466,308
20260225_124912,ill_conditioned,fixed_m_vary_n,32,128,32,1.4901161193847656e-8,dgeqp3,2.3625e-5,2.4229500000000002e-5,2.3625e-5,4.079565000000001e-5,132768,3.296749114977828e-16,3.0240445073607575e-15,NaN,NaN,NaN,NaN,NaN,NaN
20260225_124912,ill_conditioned,fixed_m_vary_n,32,128,32,1.0e-10,bsqr_full,4.8875e-5,5.3083000000000007e-5,4.897805e-5,0.00012264985,74000,3.1893719277874876e-16,2.8527648054146097e-15,1.7000385978151031,1.8964971398585326,17.21896236929869,43.98502925193964,32.057437018340465,223
20260225_124912,ill_conditioned,fixed_m_vary_n,32,128,32,1.0e-10,dgeqp3,2.3834000000000003e-5,2.4541500000000002e-5,2.3918150000000004e-5,3.977507500000001e-5,132768,3.296749114977828e-16,3.0240445073607575e-15,NaN,NaN,NaN,NaN,NaN,NaN
20260225_124912,ill_conditioned,fixed_m_vary_n,32,128,32,1.0e-12,bsqr_full,4.6e-5,4.6895500000000005e-5,4.6047025e-5,6.274992500000001e-5,74000,3.1893719277874876e-16,2.8527648054146097e-15,1.669226205019022,1.963718543855363,17.05176084604377,44.26677951903948,31.991466266447947,202
20260225_124912,ill_conditioned,fixed_m_vary_n,32,128,32,1.0e-12,dgeqp3,2.4e-5,2.4354e-5,2.4018675e-5,4.0434000000000006e-5,132768,3.296749114977828e-16,3.0240445073607575e-15,NaN,NaN,NaN,NaN,NaN,NaN
20260225_124912,ill_conditioned,fixed_m_vary_n,32,128,32,0.0,bsqr_full,4.6e-5,4.6728500000000005e-5,4.6018675000000005e-5,6.408697500000002e-5,74000,3.1652050643582183e-16,2.8255523619017057e-15,1.6087391694696103,1.7015262617541054,16.913024988079435,44.21261990369044,32.09101726441314,85
20260225_124912,ill_conditioned,fixed_m_vary_n,32,128,32,0.0,dgeqp3,2.4041000000000002e-5,2.43125e-5,2.4041225e-5,4.173377500000001e-5,132768,3.296749114977828e-16,3.0240445073607575e-15,NaN,NaN,NaN,NaN,NaN,NaN
20260225_124912,ill_conditioned,fixed_m_vary_n,32,512,32,1.4901161193847656e-8,bsqr_full,0.00023104100000000003,0.0002389585,0.0002318474,0.00026521607500000006,291888,5.759911250251173e-16,3.23957309609188e-15,1.6881812700710166,0.3533765086439907,16.4242154466833,47.425114472365436,32.538301123928214,1462
20260225_124912,ill_conditioned,fixed_m_vary_n,32,512,32,1.4901161193847656e-8,dgeqp3,0.000103875,0.00011375000000000001,0.00010413735000000001,0.0001306849,430720,5.82103966694378e-16,2.9866277946177667e-15,NaN,NaN,NaN,NaN,NaN,NaN
20260225_124912,ill_conditioned,fixed_m_vary_n,32,512,32,1.0e-10,bsqr_full,0.00023433400000000002,0.00023889550000000002,0.000234783775,0.00028960435,291888,5.759911250251173e-16,3.23957309609188e-15,1.6819346206435506,0.46864294880503377,16.84270505205895,47.16580968698169,32.17578362085564,1106
20260225_124912,ill_conditioned,fixed_m_vary_n,32,512,32,1.0e-10,dgeqp3,0.00010137500000000001,0.000111625,0.00010278125000000001,0.00013927637500000002,430720,5.82103966694378e-16,2.9866277946177667e-15,NaN,NaN,NaN,NaN,NaN,NaN
20260225_124912,ill_conditioned,fixed_m_vary_n,32,512,32,1.0e-12,bsqr_full,0.00022716700000000002,0.00023843750000000002,0.000227401225,0.0002601356000000001,291888,5.759911250251173e-16,3.23957309609188e-15,1.6951709037829947,0.4132830555893444,16.964651502250337,47.26013866926166,32.04476341077728,974
20260225_124912,ill_conditioned,fixed_m_vary_n,32,512,32,1.0e-12,dgeqp3,0.00011087500000000001,0.00011322900000000001,0.00011126875000000002,0.00014249695,430720,5.82103966694378e-16,2.9866277946177667e-15,NaN,NaN,NaN,NaN,NaN,NaN
20260225_124912,ill_conditioned,fixed_m_vary_n,32,512,32,0.0,bsqr_full,0.00022958400000000002,0.00024183300000000003,0.00023057760000000003,0.0002567506,291888,5.762862280718314e-16,3.2571893195515023e-15,1.6989325632534948,0.3881408232702398,16.770019139835597,47.28509250260773,32.30396513264282,637
20260225_124912,ill_conditioned,fixed_m_vary_n,32,512,32,0.0,dgeqp3,0.0001015,0.00010895800000000001,0.000101809375,0.00013156547500000002,430720,5.82103966694378e-16,2.9866277946177667e-15,NaN,NaN,NaN,NaN,NaN,NaN
20260225_124912,ill_conditioned,fixed_m_vary_n,32,2048,32,1.4901161193847656e-8,bsqr_full,0.0014142080000000001,0.0014351045000000002,0.001414536275,0.00166554315,1164336,6.337319822189421e-16,3.369577258556834e-15,1.453200359439791,0.08517741951068322,21.167313425403236,49.129774413624816,27.20509919899035,6072
20260225_124912,ill_conditioned,fixed_m_vary_n,32,2048,32,1.4901161193847656e-8,dgeqp3,0.000610167,0.0006978535000000001,0.0006167388,0.0007403037250000001,1655424,6.354791385767708e-16,3.4775799879331533e-15,NaN,NaN,NaN,NaN,NaN,NaN
20260225_124912,ill_conditioned,fixed_m_vary_n,32,2048,32,1.0e-10,bsqr_full,0.0013420840000000001,0.001413208,0.001345861975,0.0016734814000000002,1164336,6.337319822189421e-16,3.369577258556834e-15,1.3676487544894325,0.08083016696748276,21.59155452872169,48.63930062105677,27.299981248333026,4486
20260225_124912,ill_conditioned,fixed_m_vary_n,32,2048,32,1.0e-10,dgeqp3,0.000606917,0.0007258750000000001,0.00062034185,0.000839479575,1655424,6.354791385767708e-16,3.4775799879331533e-15,NaN,NaN,NaN,NaN,NaN,NaN
20260225_124912,ill_conditioned,fixed_m_vary_n,32,2048,32,1.0e-12,bsqr_full,0.001395542,0.0014247295000000002,0.001397313875,0.00153979565,1164336,6.337319822189421e-16,3.369577258556834e-15,1.3882696988468204,0.09133379010005067,22.19878424968245,47.689964897790624,27.60591669325925,4047
20260225_124912,ill_conditioned,fixed_m_vary_n,32,2048,32,1.0e-12,dgeqp3,0.000634708,0.0007045,0.0006447205000000001,0.00081851135,1655424,6.354791385767708e-16,3.4775799879331533e-15,NaN,NaN,NaN,NaN,NaN,NaN
20260225_124912,ill_conditioned,fixed_m_vary_n,32,2048,32,0.0,bsqr_full,0.001371959,0.0014113755,0.0013743494,0.0014735588500000003,1164336,6.325095847268272e-16,3.388681555142896e-15,1.3691114667712911,0.09703581814361799,22.65598388499357,47.76933068948099,26.758337685792107,2817
20260225_124912,ill_conditioned,fixed_m_vary_n,32,2048,32,0.0,dgeqp3,0.000641208,0.0007051045000000001,0.0006523362750000001,0.0007418017500000001,1655424,6.354791385767708e-16,3.4775799879331533e-15,NaN,NaN,NaN,NaN,NaN,NaN
20260225_124912,ill_conditioned,fixed_m_vary_n,64,128,64,1.4901161193847656e-8,bsqr_full,0.000115916,0.00011960450000000001,0.0001164974,0.00014741707500000003,139792,5.383773733142193e-16,6.148481169016908e-15,1.477860962566845,1.8819251336898393,22.78053475935829,43.12877005347594,27.789946524064174,235
20260225_124912,ill_conditioned,fixed_m_vary_n,64,128,64,1.4901161193847656e-8,dgeqp3,6.0709000000000004e-5,6.14165e-5,6.0718225000000006e-5,8.356120000000002e-5,198560,5.496509617035413e-16,6.633131998648466e-15,NaN,NaN,NaN,NaN,NaN,NaN
20260225_124912,ill_conditioned,fixed_m_vary_n,64,128,64,1.0e-10,bsqr_full,0.00011833400000000001,0.0001215005,0.00011872775000000002,0.00014130670000000003,139792,5.383773733142193e-16,6.148481169016908e-15,1.4970500836026235,1.8520363519800394,22.604546596550204,44.031292505219746,27.163272024742913,171
20260225_124912,ill_conditioned,fixed_m_vary_n,64,128,64,1.0e-10,dgeqp3,6.5042e-5,6.68125e-5,6.50699e-5,8.385175e-5,198560,5.496509617035413e-16,6.633131998648466e-15,NaN,NaN,NaN,NaN,NaN,NaN
20260225_124912,ill_conditioned,fixed_m_vary_n,64,128,64,1.0e-12,bsqr_full,0.00011362500000000001,0.000115729,0.00011369070000000001,0.00013805305,139792,5.383773733142193e-16,6.148481169016908e-15,1.4064935064935065,1.9638528138528135,23.16147186147186,43.61385281385281,27.093073593073594,147
20260225_124912,ill_conditioned,fixed_m_vary_n,64,128,64,1.0e-12,dgeqp3,6.4583e-5,6.595800000000001e-5,6.4676825e-5,8.2006175e-5,198560,5.496509617035413e-16,6.633131998648466e-15,NaN,NaN,NaN,NaN,NaN,NaN
20260225_124912,ill_conditioned,fixed_m_vary_n,64,128,64,0.0,bsqr_full,0.000114,0.00011962500000000001,0.00011486242500000001,0.00013400130000000001,139792,5.381683479300402e-16,6.161065642553379e-15,1.5015645717316364,1.8916998143728456,22.911058074781227,43.00185627154602,27.40450808804031,22
20260225_124912,ill_conditioned,fixed_m_vary_n,64,128,64,0.0,dgeqp3,6.6833e-5,6.9625e-5,6.7339475e-5,8.21599e-5,198560,5.496509617035413e-16,6.633131998648466e-15,NaN,NaN,NaN,NaN,NaN,NaN
20260225_124912,ill_conditioned,fixed_m_vary_n,64,512,64,1.4901161193847656e-8,bsqr_full,0.000872417,0.0009082710000000001,0.00087393575,0.0010734606750000002,554288,4.799964880907487e-16,6.073056482425368e-15,1.1671543853901445,0.341369400925014,26.62189226775387,48.09705434069664,22.538503488857295,1390
20260225_124912,ill_conditioned,fixed_m_vary_n,64,512,64,1.4901161193847656e-8,dgeqp3,0.00042666700000000004,0.00043647900000000003,0.00042709810000000003,0.00045594185000000004,693120,8.253165479927192e-16,6.877058215542087e-15,NaN,NaN,NaN,NaN,NaN,NaN
20260225_124912,ill_conditioned,fixed_m_vary_n,64,512,64,1.0e-10,bsqr_full,0.0008519580000000001,0.000880708,0.0008557643250000001,0.0009598595250000002,554288,4.799964880907487e-16,6.073056482425368e-15,1.2102817915871364,0.31094099627506233,27.287882972227237,46.875524795851135,23.225295360778492,1039
20260225_124912,ill_conditioned,fixed_m_vary_n,64,512,64,1.0e-10,dgeqp3,0.00041000000000000005,0.000430521,0.00041248422500000004,0.0004463169250000001,693120,8.253165479927192e-16,6.877058215542087e-15,NaN,NaN,NaN,NaN,NaN,NaN
20260225_124912,ill_conditioned,fixed_m_vary_n,64,512,64,1.0e-12,bsqr_full,0.0008859580000000001,0.0008924795,0.000885976675,0.0009398755250000001,554288,4.799964880907487e-16,6.073056482425368e-15,1.1839584769474067,0.36897125015206195,27.30620818296095,47.34422772799157,22.773155995296214,919
20260225_124912,ill_conditioned,fixed_m_vary_n,64,512,64,1.0e-12,dgeqp3,0.00042508400000000005,0.00043766650000000003,0.00042578690000000003,0.0004644051,693120,8.253165479927192e-16,6.877058215542087e-15,NaN,NaN,NaN,NaN,NaN,NaN
20260225_124912,ill_conditioned,fixed_m_vary_n,64,512,64,0.0,bsqr_full,0.0008544160000000001,0.0008816045000000001,0.0008573693500000001,0.0009449093000000002,554288,4.821948725068217e-16,6.0481820617872204e-15,1.4095321381722783,0.2960034980323568,27.45196327066025,46.63566243987757,23.236134674245733,394
20260225_124912,ill_conditioned,fixed_m_vary_n,64,512,64,0.0,dgeqp3,0.00041679200000000003,0.0004386875,0.00041892005000000005,0.000468283,693120,8.253165479927192e-16,6.877058215542087e-15,NaN,NaN,NaN,NaN,NaN,NaN
20260225_124912,ill_conditioned,fixed_m_vary_n,64,2048,64,1.4901161193847656e-8,bsqr_full,0.003706375,0.003885771,0.0037247782,0.0044422137250000006,2213168,5.994576033560715e-16,6.2729749512463416e-15,1.1668731732284359,0.061152882122499364,26.94184000700215,47.63269616474131,23.44839156327054,6000
20260225_124912,ill_conditioned,fixed_m_vary_n,64,2048,64,1.4901161193847656e-8,dgeqp3,0.001675917,0.001849729,0.001680651225,0.0021481706500000005,2704256,5.260889635777798e-16,6.5187737129867356e-15,NaN,NaN,NaN,NaN,NaN,NaN
20260225_124912,ill_conditioned,fixed_m_vary_n,64,2048,64,1.0e-10,bsqr_full,0.0036933340000000004,0.003860229,0.0037068805750000004,0.00402579635,2213168,5.994576033560715e-16,6.2729749512463416e-15,1.1679576981620625,0.06899307533575828,27.14666344448947,47.181740495861426,23.65596605429808,4450
20260225_124912,ill_conditioned,fixed_m_vary_n,64,2048,64,1.0e-10,dgeqp3,0.0017475420000000001,0.0019620625000000003,0.001757066925,0.0023108506000000003,2704256,5.260889635777798e-16,6.5187737129867356e-15,NaN,NaN,NaN,NaN,NaN,NaN
20260225_124912,ill_conditioned,fixed_m_vary_n,64,2048,64,1.0e-12,bsqr_full,0.003693584,0.003843042,0.0036975683,0.004208616925,2213168,5.994576033560715e-16,6.2729749512463416e-15,1.1467729374848503,0.0699270759324381,26.990476017395157,47.29039129773831,23.43077690192928,3990
20260225_124912,ill_conditioned,fixed_m_vary_n,64,2048,64,1.0e-12,dgeqp3,0.0017184580000000002,0.001833896,0.0017265769000000002,0.0021325566250000004,2704256,5.260889635777798e-16,6.5187737129867356e-15,NaN,NaN,NaN,NaN,NaN,NaN
20260225_124912,ill_conditioned,fixed_m_vary_n,64,2048,64,0.0,bsqr_full,0.0036957500000000003,0.0037825205000000003,0.003698206325,0.00404923385,2213168,5.969137312511037e-16,6.163905482885135e-15,1.13973537505458,0.06942393809847784,28.05371297433971,47.021322312371154,22.971622376344193,1242
20260225_124912,ill_conditioned,fixed_m_vary_n,64,2048,64,0.0,dgeqp3,0.0017274590000000002,0.0018667710000000001,0.0017312464250000001,0.002164731325,2704256,5.260889635777798e-16,6.5187737129867356e-15,NaN,NaN,NaN,NaN,NaN,NaN
20260225_124912,ill_conditioned,fixed_n_vary_m,32,128,32,1.4901161193847656e-8,bsqr_full,4.725e-5,4.8375000000000004e-5,4.7296800000000004e-5,6.777812500000002e-5,74000,4.1665913061062154e-16,2.8734192115809275e-15,1.7869049783943403,1.6414239818495135,17.210921466240613,44.051299370448305,32.24265883840352,310
20260225_124912,ill_conditioned,fixed_n_vary_m,32,128,32,1.4901161193847656e-8,dgeqp3,2.4125e-5,2.52915e-5,2.4143675000000002e-5,4.005815000000001e-5,132768,4.0012214026453976e-16,2.987962779755725e-15,NaN,NaN,NaN,NaN,NaN,NaN
20260225_124912,ill_conditioned,fixed_n_vary_m,32,128,32,1.0e-10,bsqr_full,4.6625e-5,4.8917000000000006e-5,4.672805e-5,6.6356325e-5,74000,4.1665913061062154e-16,2.8734192115809275e-15,1.7844492440604753,1.8725701943844495,17.38574514038877,44.13131749460044,31.640172786177107,213
20260225_124912,ill_conditioned,fixed_n_vary_m,32,128,32,1.0e-10,dgeqp3,2.3916000000000003e-5,2.45205e-5,2.3963025000000003e-5,4.081677500000001e-5,132768,4.0012214026453976e-16,2.987962779755725e-15,NaN,NaN,NaN,NaN,NaN,NaN
20260225_124912,ill_conditioned,fixed_n_vary_m,32,128,32,1.0e-12,bsqr_full,4.6583000000000004e-5,4.81455e-5,4.676120000000001e-5,6.908270000000001e-5,74000,4.1665913061062154e-16,2.8734192115809275e-15,1.6503268670655313,1.9189847291459665,17.12928413340782,44.45477379434455,31.684570083454513,203
20260225_124912,ill_conditioned,fixed_n_vary_m,32,128,32,1.0e-12,dgeqp3,2.3666e-5,2.40835e-5,2.3703575e-5,4.199680000000001e-5,132768,4.0012214026453976e-16,2.987962779755725e-15,NaN,NaN,NaN,NaN,NaN,NaN
20260225_124912,ill_conditioned,fixed_n_vary_m,32,128,32,0.0,bsqr_full,4.5708000000000004e-5,4.65415e-5,4.5792375000000004e-5,6.31269e-5,74000,4.141771963993169e-16,2.858598058560584e-15,1.7441985968699407,1.962655153804641,17.142363734484622,44.21543443065299,31.71419320021587,131
20260225_124912,ill_conditioned,fixed_n_vary_m,32,128,32,0.0,dgeqp3,2.4209e-5,2.5542e-5,2.4255800000000002e-5,4.088612500000001e-5,132768,4.0012214026453976e-16,2.987962779755725e-15,NaN,NaN,NaN,NaN,NaN,NaN
20260225_124912,ill_conditioned,fixed_n_vary_m,32,256,32,1.4901161193847656e-8,bsqr_full,0.00010233300000000001,0.0001062085,0.00010254877500000001,0.00012725442500000002,146480,3.7282576549914884e-16,2.9976498615289688e-15,1.7336070533138304,0.9642472735918954,15.498013973305932,45.21347398634089,34.44137559150902,693
20260225_124912,ill_conditioned,fixed_n_vary_m,32,256,32,1.4901161193847656e-8,dgeqp3,5.0666000000000006e-5,5.16245e-5,5.0713025e-5,7.028125000000002e-5,232064,3.7870926134931126e-16,3.1897008503549255e-15,NaN,NaN,NaN,NaN,NaN,NaN
20260225_124912,ill_conditioned,fixed_n_vary_m,32,256,32,1.0e-10,bsqr_full,9.2834e-5,9.400000000000001e-5,9.2955725e-5,0.00011250990000000003,146480,3.7282576549914884e-16,2.9976498615289688e-15,1.7441537640149496,1.0947143619861186,15.626695141484252,45.82680192205019,33.48318206086492,507
20260225_124912,ill_conditioned,fixed_n_vary_m,32,256,32,1.0e-10,dgeqp3,4.6167e-5,4.7708500000000006e-5,4.6185675e-5,6.71856e-5,232064,3.7870926134931126e-16,3.1897008503549255e-15,NaN,NaN,NaN,NaN,NaN,NaN
20260225_124912,ill_conditioned,fixed_n_vary_m,32,256,32,1.0e-12,bsqr_full,9.175000000000001e-5,9.65415e-5,9.1787575e-5,0.00011439200000000003,146480,3.7282576549914884e-16,2.9976498615289688e-15,1.786468424839084,0.8756199478363106,15.438584577119709,46.21091702408061,33.504453437858785,456
20260225_124912,ill_conditioned,fixed_n_vary_m,32,256,32,1.0e-12,dgeqp3,4.7292e-5,5.0e-5,4.7329575e-5,7.265572500000002e-5,232064,3.7870926134931126e-16,3.1897008503549255e-15,NaN,NaN,NaN,NaN,NaN,NaN
20260225_124912,ill_conditioned,fixed_n_vary_m,32,256,32,0.0,bsqr_full,9.1959e-5,9.295850000000001e-5,9.206205e-5,0.00011244420000000002,146480,3.7395491017378645e-16,2.8306516829113855e-15,1.7959352702671294,1.00318831332098,15.344259662659972,45.68859327559578,33.78133114722232,273
20260225_124912,ill_conditioned,fixed_n_vary_m,32,256,32,0.0,dgeqp3,4.6167e-5,4.92705e-5,4.6279499999999996e-5,7.205755000000002e-5,232064,3.7870926134931126e-16,3.1897008503549255e-15,NaN,NaN,NaN,NaN,NaN,NaN
20260225_124912,ill_conditioned,fixed_n_vary_m,128,128,128,1.4901161193847656e-8,bsqr_full,0.000288125,0.0002940625,0.00028828430000000003,0.00030916745,271408,5.230183905375834e-16,1.0576580457043663e-14,1.1120421832692036,2.23708137380647,35.69878865612085,38.6147926464301,19.102180418982467,77
20260225_124912,ill_conditioned,fixed_n_vary_m,128,128,128,1.4901161193847656e-8,dgeqp3,0.00016925000000000002,0.0001734585,0.00016928757500000004,0.000187567,330176,5.001040900688529e-16,1.1174708777060075e-14,NaN,NaN,NaN,NaN,NaN,NaN
20260225_124912,ill_conditioned,fixed_n_vary_m,128,128,128,1.0e-10,bsqr_full,0.00028741700000000004,0.0003174585,0.00028742622500000005,0.00035753567500000004,271408,5.230183905375834e-16,1.0576580457043663e-14,1.0091209882239065,2.219523392745275,36.160771835075884,38.1943926163644,19.06202860005383,52
20260225_124912,ill_conditioned,fixed_n_vary_m,128,128,128,1.0e-10,dgeqp3,0.000174,0.000182396,0.000174825075,0.00019940740000000002,330176,5.001040900688529e-16,1.1174708777060075e-14,NaN,NaN,NaN,NaN,NaN,NaN
20260225_124912,ill_conditioned,fixed_n_vary_m,128,128,128,1.0e-12,bsqr_full,0.000293083,0.00031229150000000003,0.00029427370000000003,0.00036188002500000003,271408,5.230183905375834e-16,1.0576580457043663e-14,1.0012656033483536,2.273100660221191,35.54940441862126,38.95758245966668,18.78021670483116,38
20260225_124912,ill_conditioned,fixed_n_vary_m,128,128,128,1.0e-12,dgeqp3,0.00016929100000000002,0.00017839600000000002,0.00016980670000000002,0.00019376425,330176,5.001040900688529e-16,1.1174708777060075e-14,NaN,NaN,NaN,NaN,NaN,NaN
20260225_124912,ill_conditioned,fixed_n_vary_m,128,128,128,0.0,bsqr_full,0.000283666,0.00029347950000000004,0.000283713025,0.0003145388,271408,5.234687233625778e-16,1.0595147418415768e-14,1.1250707439473357,2.2687028776986606,35.49461548885349,39.02014081604068,18.738121564577124,12
20260225_124912,ill_conditioned,fixed_n_vary_m,128,128,128,0.0,dgeqp3,0.00016962500000000002,0.000176083,0.0001698968,0.000193180875,330176,5.001040900688529e-16,1.1174708777060075e-14,NaN,NaN,NaN,NaN,NaN,NaN
20260225_124912,ill_conditioned,fixed_n_vary_m,128,256,128,1.4901161193847656e-8,bsqr_full,0.00113525,0.0011638745,0.001136449925,0.0013508144000000002,540496,5.731758936224935e-16,1.0701769051169847e-14,0.8724603362538479,0.607593338069303,37.63630910095509,42.915873391743624,16.57188412660826,467
20260225_124912,ill_conditioned,fixed_n_vary_m,128,256,128,1.4901161193847656e-8,dgeqp3,0.0006095,0.0006299795000000001,0.000612218675,0.0007736424500000001,626080,5.783903518746344e-16,1.1398331046406046e-14,NaN,NaN,NaN,NaN,NaN,NaN
20260225_124912,ill_conditioned,fixed_n_vary_m,128,256,128,1.0e-10,bsqr_full,0.001132542,0.001146937,0.001133844975,0.0013330713500000002,540496,5.731758936224935e-16,1.0701769051169847e-14,0.8768379105921729,0.5991151675673934,37.831879309892635,42.884480420846806,16.45955166846938,332
20260225_124912,ill_conditioned,fixed_n_vary_m,128,256,128,1.0e-10,dgeqp3,0.000602209,0.0006238750000000001,0.0006046651,0.00063458255,626080,5.783903518746344e-16,1.1398331046406046e-14,NaN,NaN,NaN,NaN,NaN,NaN
20260225_124912,ill_conditioned,fixed_n_vary_m,128,256,128,1.0e-12,bsqr_full,0.001139375,0.001160271,0.0011411282,0.0013992356000000002,540496,5.731758936224935e-16,1.0701769051169847e-14,0.8836747019761606,0.6079364499098422,37.72446109184849,42.9403977317287,16.395755786831987,296
20260225_124912,ill_conditioned,fixed_n_vary_m,128,256,128,1.0e-12,dgeqp3,0.0006024170000000001,0.0006172710000000001,0.000603729425,0.0008278454250000002,626080,5.783903518746344e-16,1.1398331046406046e-14,NaN,NaN,NaN,NaN,NaN,NaN
20260225_124912,ill_conditioned,fixed_n_vary_m,128,256,128,0.0,bsqr_full,0.0011252080000000002,0.0011524375,0.0011292393250000002,0.001220135825,540496,5.704662624486572e-16,1.0602241286674947e-14,0.8687835515783243,0.6335635996256674,37.81352405869424,43.05096211428503,16.316755296156277,86
20260225_124912,ill_conditioned,fixed_n_vary_m,128,256,128,0.0,dgeqp3,0.0006066660000000001,0.000627542,0.000609694275,0.0006643907000000001,626080,5.783903518746344e-16,1.1398331046406046e-14,NaN,NaN,NaN,NaN,NaN,NaN
20260225_124912,ill_conditioned,fixed_n_vary_m,512,128,128,1.4901161193847656e-8,bsqr_full,0.001291292,0.001339146,0.001294048025,0.0015107913000000001,664624,5.011591325527394e-16,2.5254555487612716e-14,0.3531769701225848,2.275611090594128,71.53824585634463,15.318982118205081,6.941811311398696,78
20260225_124912,ill_conditioned,fixed_n_vary_m,512,128,128,1.4901161193847656e-8,dgeqp3,0.0012265420000000002,0.001251375,0.0012269825500000001,0.0013788388750000003,1116608,6.716934029852888e-16,8.189998400313334e-15,NaN,NaN,NaN,NaN,NaN,NaN
20260225_124912,ill_conditioned,fixed_n_vary_m,512,128,128,1.0e-10,bsqr_full,0.001285584,0.0013150625,0.0012865589250000001,0.0014658870500000002,664624,5.011591325527394e-16,2.5254555487612716e-14,0.3736575109611963,2.313513470409754,72.73124170185281,14.927627530644171,6.746734234683233,53
20260225_124912,ill_conditioned,fixed_n_vary_m,512,128,128,1.0e-10,dgeqp3,0.0012075,0.0012550205,0.001209477975,0.0012748112,1116608,6.716934029852888e-16,8.189998400313334e-15,NaN,NaN,NaN,NaN,NaN,NaN
20260225_124912,ill_conditioned,fixed_n_vary_m,512,128,128,1.0e-12,bsqr_full,0.0012908330000000001,0.0013166665000000001,0.0012913019,0.0014681965000000001,664624,5.011591325527394e-16,2.5254555487612716e-14,0.3667020779331152,2.403603450473803,71.59508774911826,15.663043385883656,7.013130497599118,39
20260225_124912,ill_conditioned,fixed_n_vary_m,512,128,128,1.0e-12,dgeqp3,0.001185167,0.0012246875,0.001187032475,0.001414754425,1116608,6.716934029852888e-16,8.189998400313334e-15,NaN,NaN,NaN,NaN,NaN,NaN
20260225_124912,ill_conditioned,fixed_n_vary_m,512,128,128,0.0,bsqr_full,0.0012865420000000001,0.001305958,0.001286719975,0.0014735830750000002,664624,5.008973699282864e-16,2.5540613712744222e-14,0.3637598862869405,2.2994980366965,72.61733507788324,15.27860007745692,6.558361666289427,7
20260225_124912,ill_conditioned,fixed_n_vary_m,512,128,128,0.0,dgeqp3,0.00122675,0.001263646,0.0012277062500000002,0.001387848625,1116608,6.716934029852888e-16,8.189998400313334e-15,NaN,NaN,NaN,NaN,NaN,NaN
20260225_124912,ill_conditioned,fixed_n_vary_m,512,256,256,1.4901161193847656e-8,bsqr_full,0.004506125000000001,0.004625375,0.004515790775,0.004898501825,1590064,7.891790620206397e-16,3.391386464414232e-14,0.4069758071792999,1.1551778264533021,62.0107081220775,26.427341872127315,7.948810470832918,150
20260225_124912,ill_conditioned,fixed_n_vary_m,512,256,256,1.4901161193847656e-8,dgeqp3,0.003024,0.0030682295,0.003024478125,0.0031494420750000003,2199936,7.744927436049415e-16,1.6267184374234025e-14,NaN,NaN,NaN,NaN,NaN,NaN
20260225_124912,ill_conditioned,fixed_n_vary_m,512,256,256,1.0e-10,bsqr_full,0.004463042,0.004592938,0.004475754275,0.004815738725000001,1590064,7.891790620206397e-16,3.391386464414232e-14,0.3917643678237629,1.1323622422742088,62.81835621803425,26.06438122833555,7.7236270752538045,104
20260225_124912,ill_conditioned,fixed_n_vary_m,512,256,256,1.0e-10,dgeqp3,0.0030019580000000003,0.003044333,0.0030032330750000003,0.003297534375,2199936,7.744927436049415e-16,1.6267184374234025e-14,NaN,NaN,NaN,NaN,NaN,NaN
20260225_124912,ill_conditioned,fixed_n_vary_m,512,256,256,1.0e-12,bsqr_full,0.0044514590000000005,0.0045865210000000005,0.0044608901,0.004924345575,1590064,7.891790620206397e-16,3.391386464414232e-14,0.36987065927387974,1.0727519842437496,65.0708933032962,24.512688804953044,7.135887475541952,79
20260225_124912,ill_conditioned,fixed_n_vary_m,512,256,256,1.0e-12,dgeqp3,0.002940125,0.0030564790000000004,0.002961471875,0.003179410675,2199936,7.744927436049415e-16,1.6267184374234025e-14,NaN,NaN,NaN,NaN,NaN,NaN
20260225_124912,ill_conditioned,fixed_n_vary_m,512,256,256,0.0,bsqr_full,0.004498125,0.004624979,0.00449896875,0.0047712483250000005,1590064,7.879337379763843e-16,3.3057946684533537e-14,0.4064821607407744,1.2232953806291103,61.786029345541024,26.387210341528153,7.86712909898058,12
20260225_124912,ill_conditioned,fixed_n_vary_m,512,256,256,0.0,dgeqp3,0.003041625,0.0030814170000000004,0.0030452812500000002,0.003265247025,2199936,7.744927436049415e-16,1.6267184374234025e-14,NaN,NaN,NaN,NaN,NaN,NaN
20260225_124912,ill_conditioned,short_wide,64,512,64,1.4901161193847656e-8,bsqr_full,0.000877292,0.0008958330000000001,0.00087824825,0.00099905,554288,5.463252460441793e-16,6.163629516321163e-15,1.202765475597433,0.2939501850714237,27.588415811429382,46.524401184097584,23.356542595466397,1387
20260225_124912,ill_conditioned,short_wide,64,512,64,1.4901161193847656e-8,dgeqp3,0.000420375,0.000441125,0.000422934375,0.000552239325,693120,4.679604273332245e-16,6.468734621677501e-15,NaN,NaN,NaN,NaN,NaN,NaN
20260225_124912,ill_conditioned,short_wide,64,512,64,1.0e-10,bsqr_full,0.000867041,0.0009010000000000001,0.0008692817750000001,0.00106491685,554288,5.463252460441793e-16,6.163629516321163e-15,1.2178624030252847,0.3085012789590617,27.188118401885465,46.77045729147037,23.447641286461916,1028
20260225_124912,ill_conditioned,short_wide,64,512,64,1.0e-10,dgeqp3,0.00041395900000000004,0.00043929200000000004,0.00041424947500000005,0.0005681375,693120,4.679604273332245e-16,6.468734621677501e-15,NaN,NaN,NaN,NaN,NaN,NaN
20260225_124912,ill_conditioned,short_wide,64,512,64,1.0e-12,bsqr_full,0.000866792,0.0008761665,0.0008669231750000001,0.00098597545,554288,5.463252460441793e-16,6.163629516321163e-15,1.2068748314042903,0.3140722149733579,26.902448821060148,47.27690665389905,23.187288590140295,918
20260225_124912,ill_conditioned,short_wide,64,512,64,1.0e-12,dgeqp3,0.000419958,0.00045314600000000003,0.000423576675,0.000503258075,693120,4.679604273332245e-16,6.468734621677501e-15,NaN,NaN,NaN,NaN,NaN,NaN
20260225_124912,ill_conditioned,short_wide,64,512,64,0.0,bsqr_full,0.0008699580000000001,0.0008959375,0.0008705862000000001,0.001003925075,554288,5.503546299114032e-16,6.0953716549036935e-15,1.2131466177827974,0.31847278126502704,27.255697761554444,46.67716735320978,23.159906951410324,146
20260225_124912,ill_conditioned,short_wide,64,512,64,0.0,dgeqp3,0.000409667,0.000442083,0.00041309825,0.0005386579250000001,693120,4.679604273332245e-16,6.468734621677501e-15,NaN,NaN,NaN,NaN,NaN,NaN
20260225_124912,ill_conditioned,short_wide,64,1024,64,1.4901161193847656e-8,bsqr_full,0.002232333,0.0022910630000000003,0.0022331205,0.002524031175,1107248,4.562146024072653e-16,5.870424736574987e-15,1.0197606146662714,0.20774604944509295,31.869902608150255,46.06908375002178,20.119629945815984,2926
20260225_124912,ill_conditioned,short_wide,64,1024,64,1.4901161193847656e-8,dgeqp3,0.0008617500000000001,0.001007729,0.000862096725,0.0011215876499999998,1352576,5.026639093803495e-16,6.413451965028357e-15,NaN,NaN,NaN,NaN,NaN,NaN
20260225_124912,ill_conditioned,short_wide,64,1024,64,1.0e-10,bsqr_full,0.002228166,0.002262229,0.00222990975,0.00248494375,1107248,4.562146024072653e-16,5.870424736574987e-15,1.027730563690606,0.13194322201853362,27.79666420836716,49.21042466037726,21.1057878988357,2218
20260225_124912,ill_conditioned,short_wide,64,1024,64,1.0e-10,dgeqp3,0.0008205420000000001,0.0010441665,0.0008350731750000001,0.0011979545000000002,1352576,5.026639093803495e-16,6.413451965028357e-15,NaN,NaN,NaN,NaN,NaN,NaN
20260225_124912,ill_conditioned,short_wide,64,1024,64,1.0e-12,bsqr_full,0.002184917,0.0022498545,0.002187054275,0.002464928125,1107248,4.562146024072653e-16,5.870424736574987e-15,1.0243507952196962,0.13606253931170814,29.008334980681106,47.72975828915446,21.3804223200647,1946
20260225_124912,ill_conditioned,short_wide,64,1024,64,1.0e-12,dgeqp3,0.0008630420000000001,0.0010550210000000002,0.0008693606750000001,0.001142993675,1352576,5.026639093803495e-16,6.413451965028357e-15,NaN,NaN,NaN,NaN,NaN,NaN
20260225_124912,ill_conditioned,short_wide,64,1024,64,0.0,bsqr_full,0.002121167,0.0022055210000000002,0.0021289574,0.002335551825,1107248,4.567201529275891e-16,5.9738824254450796e-15,1.0455614074105988,0.13166673847253774,28.967279228967964,47.530324395637145,21.554322499962158,585
20260225_124912,ill_conditioned,short_wide,64,1024,64,0.0,dgeqp3,0.000864458,0.0010371875000000001,0.0008656673750000001,0.00116975755,1352576,5.026639093803495e-16,6.413451965028357e-15,NaN,NaN,NaN,NaN,NaN,NaN
20260225_124912,ill_conditioned,square,64,64,64,1.4901161193847656e-8,bsqr_full,5.0084000000000004e-5,5.16875e-5,5.0224400000000007e-5,7.704122500000002e-5,70448,3.507165915638421e-16,5.734490829730995e-15,1.295869022409052,4.60665634185657,28.3595141017942,38.76334060284248,21.42187384767745,37
20260225_124912,ill_conditioned,square,64,64,64,1.4901161193847656e-8,dgeqp3,2.8709000000000002e-5,2.9292000000000003e-5,2.8718225e-5,4.307980000000001e-5,84864,4.0175620057334424e-16,6.7332534469170555e-15,NaN,NaN,NaN,NaN,NaN,NaN
20260225_124912,ill_conditioned,square,64,64,64,1.0e-10,bsqr_full,4.825e-5,4.9500000000000004e-5,4.8409300000000004e-5,7.491622500000001e-5,70448,3.507165915638421e-16,5.734490829730995e-15,1.3763679818860328,4.478699316533188,28.302549373139332,38.50004193047926,21.9511300264162,28
20260225_124912,ill_conditioned,square,64,64,64,1.0e-10,dgeqp3,2.9041000000000002e-5,2.9583500000000002e-5,2.906935e-5,4.55032e-5,84864,4.0175620057334424e-16,6.7332534469170555e-15,NaN,NaN,NaN,NaN,NaN,NaN
20260225_124912,ill_conditioned,square,64,64,64,1.0e-12,bsqr_full,5.0167e-5,5.0770500000000005e-5,5.0176225000000004e-5,7.278505e-5,70448,3.507165915638421e-16,5.734490829730995e-15,1.2693468997391206,4.6077042096250045,28.25110535829632,37.83004271214617,22.57584785863431,20
20260225_124912,ill_conditioned,square,64,64,64,1.0e-12,dgeqp3,3.0583e-5,3.2812000000000004e-5,3.0648700000000004e-5,7.697500000000001e-5,84864,4.0175620057334424e-16,6.7332534469170555e-15,NaN,NaN,NaN,NaN,NaN,NaN
20260225_124912,ill_conditioned,square,64,64,64,0.0,bsqr_full,4.8958e-5,5.04165e-5,4.901425e-5,6.862630000000001e-5,70448,3.5092301733636785e-16,6.044730652962571e-15,1.2000041201858205,4.381302596747114,27.787563219101184,39.057301484296936,21.60779951175798,3
20260225_124912,ill_conditioned,square,64,64,64,0.0,dgeqp3,2.9125000000000003e-5,2.9416500000000002e-5,2.9134225000000005e-5,4.5682550000000005e-5,84864,4.0175620057334424e-16,6.7332534469170555e-15,NaN,NaN,NaN,NaN,NaN,NaN
20260225_124912,ill_conditioned,square,128,128,128,1.4901161193847656e-8,bsqr_full,0.000286375,0.000305979,0.00028719985,0.00031995115,271408,5.42696210777113e-16,1.0437497033937497e-14,1.0406201719344728,2.2178025852605865,35.82108189534314,38.60011783175941,18.939355240050993,79
20260225_124912,ill_conditioned,square,128,128,128,1.4901161193847656e-8,dgeqp3,0.00017925000000000002,0.00018325,0.00017925945000000002,0.00019800625000000003,330176,6.454441186323551e-16,1.0979970347371943e-14,NaN,NaN,NaN,NaN,NaN,NaN
20260225_124912,ill_conditioned,square,128,128,128,1.0e-10,bsqr_full,0.000282167,0.000295104,0.000282701375,0.0003138724,271408,5.42696210777113e-16,1.0437497033937497e-14,0.9849232350014491,2.2229569879534465,35.152018030593,37.711479121782894,19.828943747521475,53
20260225_124912,ill_conditioned,square,128,128,128,1.0e-10,dgeqp3,0.00016941700000000002,0.00017658350000000002,0.0001695295,0.000238814175,330176,6.454441186323551e-16,1.0979970347371943e-14,NaN,NaN,NaN,NaN,NaN,NaN
20260225_124912,ill_conditioned,square,128,128,128,1.0e-12,bsqr_full,0.000284458,0.000289146,0.0002845705,0.00030930495000000004,271408,5.42696210777113e-16,1.0437497033937497e-14,1.01247477047808,2.2338278338560023,35.769754559487154,38.40702757897678,19.111852678901016,38
20260225_124912,ill_conditioned,square,128,128,128,1.0e-12,dgeqp3,0.00017383400000000002,0.00017904150000000002,0.00017401197500000002,0.00019358880000000002,330176,6.454441186323551e-16,1.0979970347371943e-14,NaN,NaN,NaN,NaN,NaN,NaN
20260225_124912,ill_conditioned,square,128,128,128,0.0,bsqr_full,0.00029075,0.000294396,0.00029104992500000003,0.00031156707500000003,271408,5.410332722027222e-16,1.035891112711282e-14,1.0283151598447307,2.2315719028995606,36.347650920801314,38.21294590172953,18.879992095065816,6
20260225_124912,ill_conditioned,square,128,128,128,0.0,dgeqp3,0.0001705,0.00017639600000000002,0.000170640625,0.00019579375000000003,330176,6.454441186323551e-16,1.0979970347371943e-14,NaN,NaN,NaN,NaN,NaN,NaN
20260225_124912,ill_conditioned,tall_skinny,512,64,64,1.4901161193847656e-8,bsqr_full,0.00035079100000000004,0.0003537915,0.0003510254500000001,0.00037877050000000007,299824,6.803597204057696e-16,1.8661879367445678e-14,0.35027962128133816,4.29811042279541,72.23290394481873,11.11808351489473,7.096080281930541,38
20260225_124912,ill_conditioned,tall_skinny,512,64,64,1.4901161193847656e-8,dgeqp3,0.0003705,0.000388875,0.00037088430000000003,0.000394415775,543616,6.551229684750211e-16,5.209776247980632e-15,NaN,NaN,NaN,NaN,NaN,NaN
20260225_124912,ill_conditioned,tall_skinny,512,64,64,1.0e-10,bsqr_full,0.000345958,0.000352583,0.000347279875,0.00038514885,299824,6.803597204057696e-16,1.8661879367445678e-14,0.3152049795707612,4.2917457140985515,71.89319509184489,10.986319281836153,7.556955895707483,27
20260225_124912,ill_conditioned,tall_skinny,512,64,64,1.0e-10,dgeqp3,0.00036170800000000003,0.00038681200000000005,0.00036385495000000004,0.000394325,543616,6.551229684750211e-16,5.209776247980632e-15,NaN,NaN,NaN,NaN,NaN,NaN
20260225_124912,ill_conditioned,tall_skinny,512,64,64,1.0e-12,bsqr_full,0.00034379100000000003,0.0003554585,0.0003443256,0.0006105249250000001,299824,6.803597204057696e-16,1.8661879367445678e-14,0.31147088295905784,4.336113619947642,71.199735677826,11.17557045717366,6.244370190922125,19
20260225_124912,ill_conditioned,tall_skinny,512,64,64,1.0e-12,dgeqp3,0.00036825000000000003,0.000390896,0.000372159375,0.000408396875,543616,6.551229684750211e-16,5.209776247980632e-15,NaN,NaN,NaN,NaN,NaN,NaN
20260225_124912,ill_conditioned,tall_skinny,512,64,64,0.0,bsqr_full,0.000346833,0.00035270850000000003,0.00034747042500000004,0.00037241302500000005,299824,6.807004174473174e-16,1.8803347427581407e-14,0.32392825300665384,4.2939960365509435,72.76225405267209,11.40419523425749,6.19642562822744,4
20260225_124912,ill_conditioned,tall_skinny,512,64,64,0.0,dgeqp3,0.00037454100000000004,0.00038554150000000005,0.00037564755000000003,0.00039497630000000006,543616,6.551229684750211e-16,5.209776247980632e-15,NaN,NaN,NaN,NaN,NaN,NaN
20260225_124912,ill_conditioned,tall_skinny,1024,64,64,1.4901161193847656e-8,bsqr_full,0.0007709170000000001,0.0007888750000000001,0.0007710200500000001,0.0009027125000000001,561968,6.403243136484846e-16,2.8115058608195713e-14,0.20497299073265712,6.33393920876941,78.32955101954462,5.940669839786291,4.572938711582344,39
20260225_124912,ill_conditioned,tall_skinny,1024,64,64,1.4901161193847656e-8,dgeqp3,0.000771125,0.0008027920000000001,0.0007726437500000001,0.0009531406250000001,1067904,6.733449266121905e-16,4.938389445304542e-15,NaN,NaN,NaN,NaN,NaN,NaN
20260225_124912,ill_conditioned,tall_skinny,1024,64,64,1.0e-10,bsqr_full,0.0007651660000000001,0.0007938130000000001,0.000766103575,0.0009572736250000001,561968,6.403243136484846e-16,2.8115058608195713e-14,0.1764167439824292,6.540105116272128,78.43499630625499,6.039521827918744,4.081028577398261,27
20260225_124912,ill_conditioned,tall_skinny,1024,64,64,1.0e-10,dgeqp3,0.0007617090000000001,0.0007951255,0.0007649058,0.0008232000000000001,1067904,6.733449266121905e-16,4.938389445304542e-15,NaN,NaN,NaN,NaN,NaN,NaN
20260225_124912,ill_conditioned,tall_skinny,1024,64,64,1.0e-12,bsqr_full,0.000752334,0.000773166,0.0007545183000000001,0.000816411125,561968,6.403243136484846e-16,2.8115058608195713e-14,0.18978187219088855,4.689274654655238,80.05433780202497,6.749754885305739,3.63000300932892,18
20260225_124912,ill_conditioned,tall_skinny,1024,64,64,1.0e-12,dgeqp3,0.000745209,0.0007911455,0.0007476651,0.0008719220250000001,1067904,6.733449266121905e-16,4.938389445304542e-15,NaN,NaN,NaN,NaN,NaN,NaN
20260225_124912,ill_conditioned,tall_skinny,1024,64,64,0.0,bsqr_full,0.000722208,0.0007504370000000001,0.000725226825,0.0009679894000000001,561968,6.401596579021708e-16,2.800731113239645e-14,0.18357275961802746,6.593048442531388,79.13133269284596,6.093770882031809,3.254444957170559,3
20260225_124912,ill_conditioned,tall_skinny,1024,64,64,0.0,dgeqp3,0.0007874580000000001,0.0008019580000000001,0.0007885548750000001,0.000825018225,1067904,6.733449266121905e-16,4.938389445304542e-15,NaN,NaN,NaN,NaN,NaN,NaN
20260225_124912,orthonormal_rows,fixed_m_vary_n,32,128,32,1.4901161193847656e-8,bsqr_full,4.5625000000000004e-5,4.5979e-5,4.563445e-5,6.2963725e-5,74000,5.077634009161251e-16,2.9340710521632784e-15,1.704174511513497,2.0878875564934267,17.4469393514365,43.56006520173366,32.290021354831374,96
20260225_124912,orthonormal_rows,fixed_m_vary_n,32,128,32,1.4901161193847656e-8,dgeqp3,2.3e-5,2.3333000000000002e-5,2.3018675000000002e-5,3.5904275000000006e-5,132768,5.636394317541364e-16,3.0260539300471356e-15,NaN,NaN,NaN,NaN,NaN,NaN
20260225_124912,orthonormal_rows,fixed_m_vary_n,32,128,32,1.0e-10,bsqr_full,4.5125000000000006e-5,4.5708000000000004e-5,4.5125000000000006e-5,6.55612e-5,74000,5.077634009161251e-16,2.9340710521632784e-15,1.6426045963464937,1.8063884363409477,17.422614302055532,43.96426219279698,31.95041422579639,96
20260225_124912,orthonormal_rows,fixed_m_vary_n,32,128,32,1.0e-10,dgeqp3,2.3416e-5,2.3854000000000002e-5,2.342545e-5,3.5742375000000004e-5,132768,5.636394317541364e-16,3.0260539300471356e-15,NaN,NaN,NaN,NaN,NaN,NaN
20260225_124912,orthonormal_rows,fixed_m_vary_n,32,128,32,1.0e-12,bsqr_full,4.5e-5,4.58955e-5,4.508437500000001e-5,8.119230000000001e-5,74000,5.077634009161251e-16,2.9340710521632784e-15,1.8101984356202578,1.9374508688344458,17.408393448888386,43.97375038544892,31.758385414178445,96
20260225_124912,orthonormal_rows,fixed_m_vary_n,32,128,32,1.0e-12,dgeqp3,2.2625e-5,2.2812500000000002e-5,2.2634449999999998e-5,3.5256250000000007e-5,132768,5.636394317541364e-16,3.0260539300471356e-15,NaN,NaN,NaN,NaN,NaN,NaN
20260225_124912,orthonormal_rows,fixed_m_vary_n,32,128,32,0.0,bsqr_full,4.775e-5,5.325e-5,4.7768675e-5,0.00010568750000000001,74000,5.077634009161251e-16,2.9340710521632784e-15,1.7527431318740867,1.8242748204121093,17.48667993254345,44.67218978007257,31.230301690315475,52
20260225_124912,orthonormal_rows,fixed_m_vary_n,32,128,32,0.0,dgeqp3,2.2625e-5,2.3146e-5,2.26718e-5,3.517440000000001e-5,132768,5.636394317541364e-16,3.0260539300471356e-15,NaN,NaN,NaN,NaN,NaN,NaN
20260225_124912,orthonormal_rows,fixed_m_vary_n,32,512,32,1.4901161193847656e-8,bsqr_full,0.00022466600000000002,0.00023416650000000002,0.00022494725000000003,0.00033435372500000005,291888,6.012546351324928e-16,3.2937408256857777e-15,1.6656766871906312,0.5075455752746589,17.247857056622,46.29201979958952,32.66961245925389,481
20260225_124912,orthonormal_rows,fixed_m_vary_n,32,512,32,1.4901161193847656e-8,dgeqp3,0.00010087500000000001,0.00010314650000000001,0.00010096882500000001,0.00011016867500000002,430720,6.226673383384089e-16,3.3307863117958187e-15,NaN,NaN,NaN,NaN,NaN,NaN
20260225_124912,orthonormal_rows,fixed_m_vary_n,32,512,32,1.0e-10,bsqr_full,0.000230833,0.00023806250000000002,0.00023128300000000001,0.00027341525000000003,291888,6.012546351324928e-16,3.2937408256857777e-15,1.7041150347147416,0.4389357124489555,16.98088480146623,46.94626438008398,32.25854812655566,480
20260225_124912,orthonormal_rows,fixed_m_vary_n,32,512,32,1.0e-10,dgeqp3,9.466700000000001e-5,9.7854e-5,9.47138e-5,0.000114574475,430720,6.226673383384089e-16,3.3307863117958187e-15,NaN,NaN,NaN,NaN,NaN,NaN
20260225_124912,orthonormal_rows,fixed_m_vary_n,32,512,32,1.0e-12,bsqr_full,0.00022150000000000002,0.00022418750000000002,0.00022180937500000002,0.00025405610000000004,291888,6.012546351324928e-16,3.2937408256857777e-15,1.5743948694579961,0.6141773441269501,16.96627218141854,48.323661073285805,31.052310620275566,480
20260225_124912,orthonormal_rows,fixed_m_vary_n,32,512,32,1.0e-12,dgeqp3,9.375e-5,9.758350000000001e-5,9.375945e-5,0.00011470870000000001,430720,6.226673383384089e-16,3.3307863117958187e-15,NaN,NaN,NaN,NaN,NaN,NaN
20260225_124912,orthonormal_rows,fixed_m_vary_n,32,512,32,0.0,bsqr_full,0.000218375,0.000223271,0.00021926555000000003,0.00023700945,291888,6.012546351324928e-16,3.2937408256857777e-15,1.7118828024818722,0.43573028096644584,16.88245926966432,47.22112515904654,32.31507079622248,230
20260225_124912,orthonormal_rows,fixed_m_vary_n,32,512,32,0.0,dgeqp3,9.5167e-5,0.000112417,9.541067500000001e-5,0.00019446112500000004,430720,6.226673383384089e-16,3.3307863117958187e-15,NaN,NaN,NaN,NaN,NaN,NaN
20260225_124912,orthonormal_rows,fixed_m_vary_n,32,2048,32,1.4901161193847656e-8,bsqr_full,0.001358166,0.0013939165,0.001359394275,0.0015871639500000003,1164336,5.403613601282551e-16,3.1281850813684853e-15,1.3770040960883423,0.08798411048396537,21.700473710984898,48.20061549790661,27.441837558505423,2016
20260225_124912,orthonormal_rows,fixed_m_vary_n,32,2048,32,1.4901161193847656e-8,dgeqp3,0.000489625,0.0006073335,0.000491415775,0.0006324974000000001,1655424,6.116996776811813e-16,3.527383683723107e-15,NaN,NaN,NaN,NaN,NaN,NaN
20260225_124912,orthonormal_rows,fixed_m_vary_n,32,2048,32,1.0e-10,bsqr_full,0.001329625,0.0013858750000000002,0.001339252975,0.0015853426000000002,1164336,5.403613601282551e-16,3.1281850813684853e-15,1.3975538160469667,0.09119373776908024,21.890195694716244,48.36025440313112,27.211193737769083,2016
20260225_124912,orthonormal_rows,fixed_m_vary_n,32,2048,32,1.0e-10,dgeqp3,0.000499167,0.000597479,0.000504567,0.00064955,1655424,6.116996776811813e-16,3.527383683723107e-15,NaN,NaN,NaN,NaN,NaN,NaN
20260225_124912,orthonormal_rows,fixed_m_vary_n,32,2048,32,1.0e-12,bsqr_full,0.0013655000000000002,0.0013943955,0.0013657907000000002,0.0015941657000000003,1164336,5.403613601282551e-16,3.1281850813684853e-15,1.4106258309124036,0.08366733960313164,22.08370673100596,47.769126988034856,27.587493229602643,2016
20260225_124912,orthonormal_rows,fixed_m_vary_n,32,2048,32,1.0e-12,dgeqp3,0.0005519580000000001,0.0006080205000000001,0.000562551675,0.0008291420750000001,1655424,6.116996776811813e-16,3.527383683723107e-15,NaN,NaN,NaN,NaN,NaN,NaN
20260225_124912,orthonormal_rows,fixed_m_vary_n,32,2048,32,0.0,bsqr_full,0.0013288330000000002,0.0013537500000000001,0.001330005025,0.0015065724,1164336,5.403613601282551e-16,3.1281850813684853e-15,1.351034574090044,0.07002569601227102,23.72877398622909,47.4870786807525,26.380168364262122,1248
20260225_124912,orthonormal_rows,fixed_m_vary_n,32,2048,32,0.0,dgeqp3,0.000487916,0.000581896,0.00050329115,0.00063841205,1655424,6.116996776811813e-16,3.527383683723107e-15,NaN,NaN,NaN,NaN,NaN,NaN
20260225_124912,orthonormal_rows,fixed_m_vary_n,64,128,64,1.4901161193847656e-8,bsqr_full,0.00011225,0.0001139585,0.000112512575,0.000129991075,139792,6.897279382309187e-16,6.0998374864906905e-15,1.4713403956516462,1.862527523969693,22.827773635938073,44.030332714947036,26.746796816755374,64
20260225_124912,orthonormal_rows,fixed_m_vary_n,64,128,64,1.4901161193847656e-8,dgeqp3,5.9166e-5,6.325e-5,5.9213025e-5,7.9919275e-5,198560,7.669173657488292e-16,6.7730661491971874e-15,NaN,NaN,NaN,NaN,NaN,NaN
20260225_124912,orthonormal_rows,fixed_m_vary_n,64,128,64,1.0e-10,bsqr_full,0.000112125,0.00011539650000000001,0.00011213445,0.00013373575000000002,139792,6.897279382309187e-16,6.0998374864906905e-15,1.5280100465046538,1.70232439963596,22.310987635551804,44.22690438951449,27.06599995418261,64
20260225_124912,orthonormal_rows,fixed_m_vary_n,64,128,64,1.0e-10,dgeqp3,6.175000000000001e-5,7.13125e-5,6.20686e-5,0.00018027020000000005,198560,7.669173657488292e-16,6.7730661491971874e-15,NaN,NaN,NaN,NaN,NaN,NaN
20260225_124912,orthonormal_rows,fixed_m_vary_n,64,128,64,1.0e-12,bsqr_full,0.000112125,0.000114896,0.000112537425,0.000131317375,139792,6.897279382309187e-16,6.0998374864906905e-15,1.4576790934243733,1.811674463251806,22.973213626432813,43.833313787576714,26.992038361804983,64
20260225_124912,orthonormal_rows,fixed_m_vary_n,64,128,64,1.0e-12,dgeqp3,5.9000000000000004e-5,6.1229e-5,5.902812500000001e-5,7.243560000000001e-5,198560,7.669173657488292e-16,6.7730661491971874e-15,NaN,NaN,NaN,NaN,NaN,NaN
20260225_124912,orthonormal_rows,fixed_m_vary_n,64,128,64,0.0,bsqr_full,0.000112541,0.00011485400000000001,0.0001126256,0.000137201375,139792,6.897279382309187e-16,6.0998374864906905e-15,1.4332022029897717,3.3216889588250718,22.59931812221348,43.50946761080514,26.329714135851034,30
20260225_124912,orthonormal_rows,fixed_m_vary_n,64,128,64,0.0,dgeqp3,5.9958000000000004e-5,6.5438e-5,6.0473700000000003e-5,8.280632500000001e-5,198560,7.669173657488292e-16,6.7730661491971874e-15,NaN,NaN,NaN,NaN,NaN,NaN
20260225_124912,orthonormal_rows,fixed_m_vary_n,64,512,64,1.4901161193847656e-8,bsqr_full,0.000843375,0.000869146,0.0008450343750000001,0.000887780025,554288,7.23047299246634e-16,6.18108728769401e-15,1.2157243582986303,0.31676634270931353,27.134250443980687,46.69444077695132,23.25446686070721,448
20260225_124912,orthonormal_rows,fixed_m_vary_n,64,512,64,1.4901161193847656e-8,dgeqp3,0.000415458,0.00042227100000000005,0.00041598315000000003,0.00043323750000000006,693120,7.890771164724042e-16,6.421654722409929e-15,NaN,NaN,NaN,NaN,NaN,NaN
20260225_124912,orthonormal_rows,fixed_m_vary_n,64,512,64,1.0e-10,bsqr_full,0.0008526670000000001,0.0008789585000000001,0.0008543263750000001,0.0009010168500000001,554288,7.23047299246634e-16,6.18108728769401e-15,1.1993407059939982,0.3290573566361576,27.828915147807006,46.60516308231047,23.049761990979103,448
20260225_124912,orthonormal_rows,fixed_m_vary_n,64,512,64,1.0e-10,dgeqp3,0.000401542,0.0004260415,0.0004020388,0.000446708075,693120,7.890771164724042e-16,6.421654722409929e-15,NaN,NaN,NaN,NaN,NaN,NaN
20260225_124912,orthonormal_rows,fixed_m_vary_n,64,512,64,1.0e-12,bsqr_full,0.000861958,0.0008839375000000001,0.0008627923,0.000901836975,554288,7.23047299246634e-16,6.18108728769401e-15,1.1632241320665921,0.3411028047709795,27.48491845682681,46.88274836537572,22.760533117491264,448
20260225_124912,orthonormal_rows,fixed_m_vary_n,64,512,64,1.0e-12,dgeqp3,0.000402958,0.0004117295,0.000403173775,0.00043797485,693120,7.890771164724042e-16,6.421654722409929e-15,NaN,NaN,NaN,NaN,NaN,NaN
20260225_124912,orthonormal_rows,fixed_m_vary_n,64,512,64,0.0,bsqr_full,0.000869167,0.0008910005,0.000871323175,0.00097855115,554288,7.23047299246634e-16,6.18108728769401e-15,1.192201663976158,0.3739558756571051,28.936065234488186,45.95296162920651,22.33767953971605,234
20260225_124912,orthonormal_rows,fixed_m_vary_n,64,512,64,0.0,dgeqp3,0.000397541,0.000422833,0.000398431775,0.00045217935000000005,693120,7.890771164724042e-16,6.421654722409929e-15,NaN,NaN,NaN,NaN,NaN,NaN
20260225_124912,orthonormal_rows,fixed_m_vary_n,64,2048,64,1.4901161193847656e-8,bsqr_full,0.0036430000000000004,0.0037906665000000004,0.00365023735,0.004206878125000001,2213168,7.125706702204485e-16,6.1636118616931594e-15,1.1708736001871674,0.0901935047279499,26.953178289710262,47.6242127367508,23.41484159811683,1985
20260225_124912,orthonormal_rows,fixed_m_vary_n,64,2048,64,1.4901161193847656e-8,dgeqp3,0.001547208,0.0017208330000000002,0.001549392525,0.0020644026750000002,2704256,7.722282908680691e-16,6.3756357097031615e-15,NaN,NaN,NaN,NaN,NaN,NaN
20260225_124912,orthonormal_rows,fixed_m_vary_n,64,2048,64,1.0e-10,bsqr_full,0.0036482080000000004,0.0037708335,0.0036505237000000004,0.0039332044250000005,2213168,7.125706702204485e-16,6.1636118616931594e-15,1.1423128864880232,0.06465278271376787,27.37431637947666,47.53152523785832,23.133795680472772,1984
20260225_124912,orthonormal_rows,fixed_m_vary_n,64,2048,64,1.0e-10,dgeqp3,0.0016055840000000002,0.0017765830000000002,0.001621502525,0.001896776675,2704256,7.722282908680691e-16,6.3756357097031615e-15,NaN,NaN,NaN,NaN,NaN,NaN
20260225_124912,orthonormal_rows,fixed_m_vary_n,64,2048,64,1.0e-12,bsqr_full,0.0036671250000000002,0.0037428125,0.003671981175,0.003954193900000001,2213168,7.125706702204485e-16,6.1636118616931594e-15,1.1584590101101833,0.060586468853206746,27.756923167620627,46.64043539298205,23.630739679948302,1984
20260225_124912,orthonormal_rows,fixed_m_vary_n,64,2048,64,1.0e-12,dgeqp3,0.001626042,0.0017316045,0.00162664185,0.002027997025,2704256,7.722282908680691e-16,6.3756357097031615e-15,NaN,NaN,NaN,NaN,NaN,NaN
20260225_124912,orthonormal_rows,fixed_m_vary_n,64,2048,64,0.0,bsqr_full,0.0036381250000000003,0.0037423755,0.0036492157000000006,0.00398605015,2213168,7.125706702204485e-16,6.1636118616931594e-15,1.1238992548005515,0.06247732447574493,29.21322181231124,46.39901448851362,22.42732739449921,1071
20260225_124912,orthonormal_rows,fixed_m_vary_n,64,2048,64,0.0,dgeqp3,0.001578125,0.0017073750000000001,0.001587725075,0.0021766701250000003,2704256,7.722282908680691e-16,6.3756357097031615e-15,NaN,NaN,NaN,NaN,NaN,NaN
20260225_124912,orthonormal_rows,fixed_n_vary_m,32,128,32,1.4901161193847656e-8,bsqr_full,4.6375e-5,4.6895500000000005e-5,4.638445e-5,6.0935675000000005e-5,74000,5.054916043566762e-16,2.8417719259214507e-15,1.666181511684994,1.8278032906541772,17.43212536984016,43.95026220092368,31.97200293699792,96
20260225_124912,orthonormal_rows,fixed_n_vary_m,32,128,32,1.4901161193847656e-8,dgeqp3,2.3250000000000003e-5,2.3917e-5,2.3268675e-5,3.809635000000001e-5,132768,5.186086175516372e-16,2.8832319570143636e-15,NaN,NaN,NaN,NaN,NaN,NaN
20260225_124912,orthonormal_rows,fixed_n_vary_m,32,128,32,1.0e-10,bsqr_full,4.5084000000000004e-5,4.5708500000000005e-5,4.5102675e-5,6.374505000000001e-5,74000,5.054916043566762e-16,2.8417719259214507e-15,1.688319046104097,1.9245268217851557,17.17823227679019,44.48725044561338,31.486670821366783,96
20260225_124912,orthonormal_rows,fixed_n_vary_m,32,128,32,1.0e-10,dgeqp3,2.275e-5,2.3583500000000002e-5,2.2778125e-5,3.6812875000000006e-5,132768,5.186086175516372e-16,2.8832319570143636e-15,NaN,NaN,NaN,NaN,NaN,NaN
20260225_124912,orthonormal_rows,fixed_n_vary_m,32,128,32,1.0e-12,bsqr_full,4.5084000000000004e-5,4.76875e-5,4.5168375000000004e-5,6.553932500000001e-5,74000,5.054916043566762e-16,2.8417719259214507e-15,1.6783683298485972,1.7951137759626414,16.661242952561484,42.39283418892424,34.09821261501664,96
20260225_124912,orthonormal_rows,fixed_n_vary_m,32,128,32,1.0e-12,dgeqp3,2.2292000000000003e-5,2.30205e-5,2.2366925000000003e-5,3.5101225000000004e-5,132768,5.186086175516372e-16,2.8832319570143636e-15,NaN,NaN,NaN,NaN,NaN,NaN
20260225_124912,orthonormal_rows,fixed_n_vary_m,32,128,32,0.0,bsqr_full,4.5791e-5,4.7729500000000004e-5,4.593185e-5,7.489687500000002e-5,74000,5.054916043566762e-16,2.8417719259214507e-15,1.6869964676608258,1.8657885120673756,17.272355530807914,44.28517983608555,31.53787259218013,53
20260225_124912,orthonormal_rows,fixed_n_vary_m,32,128,32,0.0,dgeqp3,2.3209e-5,2.37295e-5,2.3227675e-5,3.618765e-5,132768,5.186086175516372e-16,2.8832319570143636e-15,NaN,NaN,NaN,NaN,NaN,NaN
20260225_124912,orthonormal_rows,fixed_n_vary_m,32,256,32,1.4901161193847656e-8,bsqr_full,9.091700000000001e-5,9.7312e-5,9.099192500000001e-5,0.00014123445,146480,4.986653313585862e-16,2.673334348020982e-15,1.7796732054753401,0.9396541122373897,15.528888944473275,45.528826412034576,34.000554454289826,224
20260225_124912,orthonormal_rows,fixed_n_vary_m,32,256,32,1.4901161193847656e-8,dgeqp3,4.4458e-5,4.7729e-5,4.4467450000000004e-5,6.338497500000001e-5,232064,5.671387540377577e-16,3.1238759462983875e-15,NaN,NaN,NaN,NaN,NaN,NaN
20260225_124912,orthonormal_rows,fixed_n_vary_m,32,256,32,1.0e-10,bsqr_full,9.0167e-5,9.1e-5,9.01949e-5,0.00010988582500000002,146480,4.986653313585862e-16,2.673334348020982e-15,1.4526281291267846,0.816601280728981,12.765037962400676,55.63186592509053,27.43976300409024,224
20260225_124912,orthonormal_rows,fixed_n_vary_m,32,256,32,1.0e-10,dgeqp3,4.3542000000000004e-5,4.4979000000000004e-5,4.357012500000001e-5,5.673582500000001e-5,232064,5.671387540377577e-16,3.1238759462983875e-15,NaN,NaN,NaN,NaN,NaN,NaN
20260225_124912,orthonormal_rows,fixed_n_vary_m,32,256,32,1.0e-12,bsqr_full,9.1166e-5,9.477050000000001e-5,9.124115e-5,0.00010667005000000001,146480,4.986653313585862e-16,2.673334348020982e-15,1.7971012004284026,1.0104804074545464,15.595266968150979,46.05798886926211,33.27609853257125,224
20260225_124912,orthonormal_rows,fixed_n_vary_m,32,256,32,1.0e-12,dgeqp3,4.3459000000000005e-5,4.3916500000000005e-5,4.3459000000000005e-5,5.5776150000000006e-5,232064,5.671387540377577e-16,3.1238759462983875e-15,NaN,NaN,NaN,NaN,NaN,NaN
20260225_124912,orthonormal_rows,fixed_n_vary_m,32,256,32,0.0,bsqr_full,9.141600000000001e-5,9.3979e-5,9.1509825e-5,0.000107801825,146480,4.986653313585862e-16,2.673334348020982e-15,1.8265064670512765,0.9257576955879553,15.49676914625518,46.09272967063033,33.64555300716281,89
20260225_124912,orthonormal_rows,fixed_n_vary_m,32,256,32,0.0,dgeqp3,4.2916e-5,4.38125e-5,4.2953575e-5,5.6722475e-5,232064,5.671387540377577e-16,3.1238759462983875e-15,NaN,NaN,NaN,NaN,NaN,NaN
20260225_124912,orthonormal_rows,fixed_n_vary_m,128,128,128,1.4901161193847656e-8,bsqr_full,0.000281916,0.00029310400000000003,0.000283200525,0.000317092375,271408,7.438385213451489e-16,1.039976009622545e-14,1.0602774274905422,2.209780019616085,36.201429171920964,37.97573210032226,19.23284293120359,0
20260225_124912,orthonormal_rows,fixed_n_vary_m,128,128,128,1.4901161193847656e-8,dgeqp3,0.000169375,0.00017760400000000002,0.00016945015,0.00019586830000000002,330176,8.346095498169538e-16,1.0690695493541456e-14,NaN,NaN,NaN,NaN,NaN,NaN
20260225_124912,orthonormal_rows,fixed_n_vary_m,128,128,128,1.0e-10,bsqr_full,0.00029062500000000003,0.00029597900000000003,0.000290718825,0.0003071875,271408,7.438385213451489e-16,1.039976009622545e-14,0.9916257975230665,2.2257187941238152,36.33239763274855,38.416920217973754,18.675918251993178,0
20260225_124912,orthonormal_rows,fixed_n_vary_m,128,128,128,1.0e-10,dgeqp3,0.00016475000000000002,0.00017004200000000002,0.0001652468,0.00023596380000000006,330176,8.346095498169538e-16,1.0690695493541456e-14,NaN,NaN,NaN,NaN,NaN,NaN
20260225_124912,orthonormal_rows,fixed_n_vary_m,128,128,128,1.0e-12,bsqr_full,0.000282084,0.00028975,0.000282252525,0.000307611975,271408,7.438385213451489e-16,1.039976009622545e-14,1.0565229642152723,2.127359819667512,35.873992673992674,38.73384051845591,18.841138348830658,0
20260225_124912,orthonormal_rows,fixed_n_vary_m,128,128,128,1.0e-12,dgeqp3,0.000175334,0.00017900000000000001,0.00017555877500000002,0.00020548620000000002,330176,8.346095498169538e-16,1.0690695493541456e-14,NaN,NaN,NaN,NaN,NaN,NaN
20260225_124912,orthonormal_rows,fixed_n_vary_m,128,128,128,0.0,bsqr_full,0.00028875,0.000297083,0.0002890218,0.00033395312500000005,271408,7.438385213451489e-16,1.039976009622545e-14,1.0117812456066357,2.0622522142555884,35.79800365527907,38.82749894559257,18.814115000702937,0
20260225_124912,orthonormal_rows,fixed_n_vary_m,128,128,128,0.0,dgeqp3,0.000168541,0.0001752505,0.00016913185,0.00018874375,330176,8.346095498169538e-16,1.0690695493541456e-14,NaN,NaN,NaN,NaN,NaN,NaN
20260225_124912,orthonormal_rows,fixed_n_vary_m,128,256,128,1.4901161193847656e-8,bsqr_full,0.0011512500000000001,0.0011632505000000002,0.001152224925,0.001306422475,540496,8.534916871528265e-16,1.0808378253951422e-14,0.8567084860625759,0.596763289199015,37.70590564164064,43.099456492405835,16.37258520365234,128
20260225_124912,orthonormal_rows,fixed_n_vary_m,128,256,128,1.4901161193847656e-8,dgeqp3,0.0006067910000000001,0.0006254170000000001,0.00060699755,0.00064328445,626080,9.720443747158398e-16,1.1315284073111551e-14,NaN,NaN,NaN,NaN,NaN,NaN
20260225_124912,orthonormal_rows,fixed_n_vary_m,128,256,128,1.0e-10,bsqr_full,0.0011217920000000001,0.00114575,0.0011227106750000002,0.0012579567,540496,8.534916871528265e-16,1.0808378253951422e-14,0.8458561938125533,0.6856297498913657,38.52663159054582,42.989576123660314,15.464362761649278,128
20260225_124912,orthonormal_rows,fixed_n_vary_m,128,256,128,1.0e-10,dgeqp3,0.000598041,0.0006060835,0.000598069125,0.0006185660000000001,626080,9.720443747158398e-16,1.1315284073111551e-14,NaN,NaN,NaN,NaN,NaN,NaN
20260225_124912,orthonormal_rows,fixed_n_vary_m,128,256,128,1.0e-12,bsqr_full,0.0011349160000000001,0.0011582085000000002,0.0011350847500000002,0.0013000049500000001,540496,8.534916871528265e-16,1.0808378253951422e-14,0.8618897821274613,0.6342459901355393,38.256584721736765,42.8921666860849,16.00593421103732,128
20260225_124912,orthonormal_rows,fixed_n_vary_m,128,256,128,1.0e-12,dgeqp3,0.000614959,0.0006466255,0.00061684315,0.0007709987000000001,626080,9.720443747158398e-16,1.1315284073111551e-14,NaN,NaN,NaN,NaN,NaN,NaN
20260225_124912,orthonormal_rows,fixed_n_vary_m,128,256,128,0.0,bsqr_full,0.001130958,0.0011544375,0.0011348019,0.001206827525,540496,8.534916871528265e-16,1.0808378253951422e-14,0.8601531772798361,0.6205896224871155,37.82569810877276,43.02424283421298,16.324892445783355,63
20260225_124912,orthonormal_rows,fixed_n_vary_m,128,256,128,0.0,dgeqp3,0.0005894170000000001,0.000604854,0.0005905512250000001,0.000630780725,626080,9.720443747158398e-16,1.1315284073111551e-14,NaN,NaN,NaN,NaN,NaN,NaN
20260225_124912,orthonormal_rows,short_wide,64,512,64,1.4901161193847656e-8,bsqr_full,0.0008462500000000001,0.0008592080000000001,0.000847009375,0.0008966343,554288,6.947984402879483e-16,5.933905553482238e-15,1.2095853805706402,0.34186708042410135,28.038927678648395,46.606947676924406,22.779484527195933,449
20260225_124912,orthonormal_rows,short_wide,64,512,64,1.4901161193847656e-8,dgeqp3,0.00040591700000000005,0.00041972950000000004,0.00040597325000000004,0.00043626380000000005,693120,7.95650152621539e-16,6.540392191027496e-15,NaN,NaN,NaN,NaN,NaN,NaN
20260225_124912,orthonormal_rows,short_wide,64,512,64,1.0e-10,bsqr_full,0.000857333,0.0008794995,0.0008576048000000001,0.0009343437500000001,554288,6.947984402879483e-16,5.933905553482238e-15,1.2034925347070637,0.32428184755086,27.226089234261767,46.741744521086176,23.5249454291452,448
20260225_124912,orthonormal_rows,short_wide,64,512,64,1.0e-10,dgeqp3,0.000395583,0.0004162495,0.00039726127500000003,0.00042486205000000004,693120,7.95650152621539e-16,6.540392191027496e-15,NaN,NaN,NaN,NaN,NaN,NaN
20260225_124912,orthonormal_rows,short_wide,64,512,64,1.0e-12,bsqr_full,0.000848709,0.0008626045000000001,0.000850227525,0.00089282545,554288,6.947984402879483e-16,5.933905553482238e-15,1.2171973995099217,0.35051807399029994,27.389688877389272,47.07163171919047,22.947892127097667,448
20260225_124912,orthonormal_rows,short_wide,64,512,64,1.0e-12,dgeqp3,0.00042,0.00042670800000000004,0.00042014062500000005,0.00043478087500000004,693120,7.95650152621539e-16,6.540392191027496e-15,NaN,NaN,NaN,NaN,NaN,NaN
20260225_124912,orthonormal_rows,short_wide,64,512,64,0.0,bsqr_full,0.0008418340000000001,0.0008680415,0.0008447119750000001,0.000903981175,554288,6.947984402879483e-16,5.933905553482238e-15,1.2252881592734892,0.3478868319944114,27.51473978344394,46.41477471184072,23.465420887181278,267
20260225_124912,orthonormal_rows,short_wide,64,512,64,0.0,dgeqp3,0.00040012500000000004,0.00042224950000000004,0.00040076265000000004,0.00043729627500000004,693120,7.95650152621539e-16,6.540392191027496e-15,NaN,NaN,NaN,NaN,NaN,NaN
20260225_124912,orthonormal_rows,short_wide,64,1024,64,1.4901161193847656e-8,bsqr_full,0.002154041,0.002216813,0.00215951615,0.002446746875,1107248,7.0127507711347e-16,5.967843258673657e-15,1.0307115657741541,0.17231617097368607,28.6003662418143,48.69089070342133,20.779502167117272,961
20260225_124912,orthonormal_rows,short_wide,64,1024,64,1.4901161193847656e-8,dgeqp3,0.0008322500000000001,0.000991979,0.0008403500000000001,0.0011527737000000002,1352576,7.960008752403118e-16,6.35858831765151e-15,NaN,NaN,NaN,NaN,NaN,NaN
20260225_124912,orthonormal_rows,short_wide,64,1024,64,1.0e-10,bsqr_full,0.0021576250000000003,0.0022480835000000003,0.00216589375,0.002438988025,1107248,7.0127507711347e-16,5.967843258673657e-15,1.033966195462792,0.16825391123165628,28.763285614211558,47.926312575215995,21.250933127368747,960
20260225_124912,orthonormal_rows,short_wide,64,1024,64,1.0e-10,dgeqp3,0.0007970000000000001,0.0009974165,0.0008343873500000001,0.0010443763,1352576,7.960008752403118e-16,6.35858831765151e-15,NaN,NaN,NaN,NaN,NaN,NaN
20260225_124912,orthonormal_rows,short_wide,64,1024,64,1.0e-12,bsqr_full,0.0020947500000000003,0.0022272915000000003,0.002107275075,0.002311125375,1107248,7.0127507711347e-16,5.967843258673657e-15,1.0047407905397105,0.14718482991734597,28.882190244391087,49.13842736746484,20.081655097953004,960
20260225_124912,orthonormal_rows,short_wide,64,1024,64,1.0e-12,dgeqp3,0.000763416,0.0009686460000000001,0.0007691724000000001,0.0010555955,1352576,7.960008752403118e-16,6.35858831765151e-15,NaN,NaN,NaN,NaN,NaN,NaN
20260225_124912,orthonormal_rows,short_wide,64,1024,64,0.0,bsqr_full,0.002114459,0.002237896,0.0021270493249999998,0.0023576856750000003,1107248,7.0127507711347e-16,5.967843258673657e-15,1.0187067873993865,0.1311037907572876,30.57435733422199,47.06272433649236,20.46590420798577,508
20260225_124912,orthonormal_rows,short_wide,64,1024,64,0.0,dgeqp3,0.000813625,0.000968979,0.0008176844500000001,0.0010138343750000002,1352576,7.960008752403118e-16,6.35858831765151e-15,NaN,NaN,NaN,NaN,NaN,NaN
20260225_124912,orthonormal_rows,square,64,64,64,1.4901161193847656e-8,bsqr_full,4.8209000000000005e-5,4.9167000000000005e-5,4.8255575000000004e-5,6.739557500000001e-5,70448,6.010335118970321e-16,6.1726023940783546e-15,1.3175161132220645,4.588645119129806,28.524223851257698,38.92996611348556,21.36589530489958,0
20260225_124912,orthonormal_rows,square,64,64,64,1.4901161193847656e-8,dgeqp3,2.975e-5,3.2583e-5,2.9796800000000002e-5,4.8725075000000004e-5,84864,6.765746485030938e-16,6.476478531437967e-15,NaN,NaN,NaN,NaN,NaN,NaN
20260225_124912,orthonormal_rows,square,64,64,64,1.0e-10,bsqr_full,4.7834e-5,4.975e-5,4.7936825e-5,6.971135000000001e-5,70448,6.010335118970321e-16,6.1726023940783546e-15,1.445147457591491,4.7285224812393585,28.312803480966092,38.23334664620688,21.894246736594283,0
20260225_124912,orthonormal_rows,square,64,64,64,1.0e-10,dgeqp3,2.875e-5,2.9521e-5,2.8787575e-5,4.292377500000001e-5,84864,6.765746485030938e-16,6.476478531437967e-15,NaN,NaN,NaN,NaN,NaN,NaN
20260225_124912,orthonormal_rows,square,64,64,64,1.0e-12,bsqr_full,4.8541e-5,5.0979e-5,4.8747325e-5,7.008315000000001e-5,70448,6.010335118970321e-16,6.1726023940783546e-15,1.3495635171538027,4.404677778427174,27.96199969183196,38.58529613355366,21.870898841181877,0
20260225_124912,orthonormal_rows,square,64,64,64,1.0e-12,dgeqp3,2.8791000000000003e-5,2.9291500000000002e-5,2.8809900000000003e-5,4.190572500000001e-5,84864,6.765746485030938e-16,6.476478531437967e-15,NaN,NaN,NaN,NaN,NaN,NaN
20260225_124912,orthonormal_rows,square,64,64,64,0.0,bsqr_full,4.9500000000000004e-5,5.1125e-5,4.9509225000000005e-5,7.194557500000002e-5,70448,6.010335118970321e-16,6.1726023940783546e-15,1.2473786407766991,4.747702265372168,28.76375404530745,37.36388349514563,21.794174757281553,0
20260225_124912,orthonormal_rows,square,64,64,64,0.0,dgeqp3,2.8583e-5,2.92705e-5,2.8648700000000002e-5,4.221112500000001e-5,84864,6.765746485030938e-16,6.476478531437967e-15,NaN,NaN,NaN,NaN,NaN,NaN
20260225_124912,orthonormal_rows,square,128,128,128,1.4901161193847656e-8,bsqr_full,0.00028754100000000004,0.000297667,0.00028822545000000007,0.0003213513,271408,7.397984587146076e-16,1.0376218290980336e-14,1.0120359955005627,2.2174353205849267,36.47817772778403,38.336557930258714,18.70764904386952,0
20260225_124912,orthonormal_rows,square,128,128,128,1.4901161193847656e-8,dgeqp3,0.00017116600000000002,0.00017875050000000002,0.00017185045000000002,0.00019608247499999998,330176,8.590211117368265e-16,1.1132043268435656e-14,NaN,NaN,NaN,NaN,NaN,NaN
20260225_124912,orthonormal_rows,square,128,128,128,1.0e-10,bsqr_full,0.000288041,0.0003002295,0.000290122475,0.000309808,271408,7.397984587146076e-16,1.0376218290980336e-14,1.2620757652507415,2.2614923294015483,35.66353390259787,38.7974663506766,18.665650553585643,0
20260225_124912,orthonormal_rows,square,128,128,128,1.0e-10,dgeqp3,0.00016716700000000002,0.00017633350000000002,0.00016722325,0.000195068075,330176,8.590211117368265e-16,1.1132043268435656e-14,NaN,NaN,NaN,NaN,NaN,NaN
20260225_124912,orthonormal_rows,square,128,128,128,1.0e-12,bsqr_full,0.000288791,0.0002946665,0.000289063025,0.00031489680000000006,271408,7.397984587146076e-16,1.0376218290980336e-14,1.0393820489705152,2.265624381421202,35.8190350905967,38.46867319018689,19.011224059279503,0
20260225_124912,orthonormal_rows,square,128,128,128,1.0e-12,dgeqp3,0.000177292,0.000187875,0.000178051375,0.0002378282,330176,8.590211117368265e-16,1.1132043268435656e-14,NaN,NaN,NaN,NaN,NaN,NaN
20260225_124912,orthonormal_rows,square,128,128,128,0.0,bsqr_full,0.00028575000000000003,0.000292875,0.000286190775,0.00030621927500000003,271408,7.397984587146076e-16,1.0376218290980336e-14,1.0817352218421603,2.262371308196872,35.58590062090883,38.87095850766341,18.708204281363418,0
20260225_124912,orthonormal_rows,square,128,128,128,0.0,dgeqp3,0.00016754200000000002,0.0001768545,0.00016778567500000003,0.00020209192500000002,330176,8.590211117368265e-16,1.1132043268435656e-14,NaN,NaN,NaN,NaN,NaN,NaN
